case_id,experiment,pattern,arrival_mode,shuttles,policy,buffer_slots,length_m,read_s,seed,config_sha256,requests,returned,p99_s,mean_s,read_span_s,drain_span_s,throughput_req_s,reader_busy_fraction,reader_optical_fraction,reader_idle_demand_s,restricted_idle_s,input_occupancy_s,max_input,max_output,max_dock,pair_evaluations,route_queries,reservation_checks,prefetch_hit_fraction,prefetch_lead_mean_s,route_motion_s,movement_s,traffic_wait_s,delivery_wait_s,output_block_s,queue_mean_s,fetch_delivery_mean_s,delivery_wait_mean_s,handoff_mean_s,buffer_wait_mean_s,load_read_mean_s,workload_sha256,cpu_wall_s
E1-101-000,E1,uniform,batch,1,zone,4,16,2,101,98f5d941f697deef5fb38ecc622beee3a2489fd008695aaedefa9ce612256cf6,384,384,18643.096715889085,9417.65376633749,18830.00771588908,18870.25771588908,0.020392981553373143,0.1019594930323329,0.04078379721293316,16911.00771588908,0.0,384.0,1,1,1,384,2688,9129,0.0,0.0,14958.034436847782,17334.25771588908,0.0,0.0,0.0,9384.998729855468,27.65503648202207,0.0,1.0,0.0,4.0,5b073b8326870880ca0e70552657d4ad4070853782331d635e60f5e5bff2cc81,0.35818124999059364
E1-101-001,E1,uniform,batch,1,zone,4,16,8,101,7a6e5d01ecc378b1325581efb9d570f554c5a3f055f7065d94deee1022c6c396,384,384,18732.52870163385,9546.687866663682,18925.946701633846,18960.196701633846,0.020289605907367895,0.22317387302809746,0.1623082712931618,14702.946701633846,0.0,394.0122775476175,1,2,1,384,2688,9121,0.018229166666666668,1.4303253639453553,15102.558596208992,17424.196701633846,0.0,0.0,0.0,9507.630391543877,28.03140148035857,0.0,1.0,0.026073639446920538,10.0,5b073b8326870880ca0e70552657d4ad4070853782331d635e60f5e5bff2cc81,0.3586566249723546
E1-101-002,E1,uniform,batch,1,zone,4,16,24,101,3349372476008a312478952c3f173dd55a9cb7197e645d56518b875aa7f05343,384,384,17758.565356310584,8990.572238476641,17969.59135631058,17980.34135631058,0.021369434195015597,0.5769426166579186,0.5128378814737055,7602.591356310579,0.0,691.5078986617066,1,2,1,384,2688,8179,0.1015625,7.884817914402733,15960.545225925247,16417.34135631058,0.0,0.0,0.0,8932.505694995298,30.265741661911314,0.0,1.0,0.8008018194315275,26.0,5b073b8326870880ca0e70552657d4ad4070853782331d635e60f5e5bff2cc81,0.35629675001837313
E1-101-003,E1,uniform,batch,1,zone,4,64,2,101,9cba61902823d10fa3308c47faf5ce03bcbe72e8cf63541b84b4e2d938f14cd2,384,384,36040.816419551265,18127.530970629534,36444.51041955125,36538.01041955125,0.010536566291586044,0.052681385934713464,0.021072554373885385,34525.51041955125,0.0,384.0,1,1,1,384,2688,9129,0.0,0.0,30370.02875130128,35002.01041955125,0.0,0.0,0.0,18066.598405327855,55.93256530167934,0.0,1.0,0.0,4.0,5b073b8326870880ca0e70552657d4ad4070853782331d635e60f5e5bff2cc81,0.3553633749834262
E1-101-004,E1,uniform,batch,1,zone,4,64,8,101,ffb058f7c20336633872ad5d7a8877cfe34ea36de862992bfa1bec3593281aa7,384,384,36166.32413727682,18155.580417286033,36496.8261372768,36584.3261372768,0.010521462840512412,0.1157329202049611,0.08416939651269899,32273.826137276803,0.0,384.40000000000146,1,2,1,384,2688,9145,0.0026041666666666665,0.4000000000014552,30419.33332340886,35048.3261372768,0.0,0.0,0.0,18088.51841299449,56.06096262487611,0.0,1.0,0.0010416666666704562,10.0,5b073b8326870880ca0e70552657d4ad4070853782331d635e60f5e5bff2cc81,0.3578815420041792
E1-101-005,E1,uniform,batch,1,zone,4,64,24,101,426177a8a8a9ce6b6432033e15d58e46db09e0fcc3f2509c82b027d6e4ab461f,384,384,36156.79827463465,18277.51904582279,36487.30027463464,36558.80027463464,0.010524209714330397,0.2841458747588597,0.2525741108967642,26120.300274634636,0.0,438.30483996910743,1,2,1,384,2688,8905,0.033854166666666664,4.177295382239033,30736.352694619214,35022.80027463464,0.0,0.0,0.0,18193.491093064633,56.886533904069736,0.0,1.0,0.14141885408621727,26.000000000000004,5b073b8326870880ca0e70552657d4ad4070853782331d635e60f5e5bff2cc81,0.3604445409728214
E1-101-006,E1,uniform,batch,2,zone,4,16,2,101,78964e47fc3ad38b741607f33cfab6d96cb15e7051abb91f1ac886ea77c59cb1,384,384,9414.496199923567,4564.058754442274,9631.32919992356,9671.57919992356,0.039869886287662935,0.19932873556846836,0.07973149422738735,7712.329199923562,1029.9144899578332,467.98953616136646,1,2,2,384,2688,9544,0.10677083333333333,2.04852527222845,14339.808393137468,16645.297073474845,58.11111230530355,5.499999940000983,0.0,4532.720765883273,26.104942892070518,0.014322916510419226,1.0,0.21872275042022515,3.9999999999999987,5b073b8326870880ca0e70552657d4ad4070853782331d635e60f5e5bff2cc81,0.35743933403864503
E1-101-007,E1,uniform,batch,2,zone,4,16,8,101,98602105688b9684f4ec177f1c3b29b393471c063496588fca918671d596407a,384,384,9274.789340247404,4527.948705885305,9491.622340247397,9525.872340247397,0.04045672975964519,0.4449771463140199,0.32361974277383265,5268.622340247398,929.4144899378334,969.3756804636737,2,3,2,384,2688,9269,0.2760416666666667,5.522412079845978,14258.051994366682,16464.749741267104,50.14650677936527,7.783942510493837,0.0,4489.511772764223,25.892246602920224,0.0202706836210777,1.0,1.524415834540817,9.999999999999998,5b073b8326870880ca0e70552657d4ad4070853782331d635e60f5e5bff2cc81,0.3640648330328986
E1-101-008,E1,uniform,batch,2,zone,4,16,24,101,d5b9eeb9f5a20a2e290465dd1e072d3dea05f4ace136654eb0c473d96a0eb394,384,384,10281.49,5214.4,10384.9,10421.199999999999,0.03697676434053289,0.9982765094984547,0.8873568973319597,17.9,15.399999999999636,40480.644125180916,4,2,2,384,2688,7286,0.9973958333333334,104.6909768281486,14274.10332505496,14523.085375862518,30.103874865370017,4565.410749272107,0.0,5045.197704385407,25.894861045704786,11.889090492896113,1.0,104.41834407599197,26.0,5b073b8326870880ca0e70552657d4ad4070853782331d635e60f5e5bff2cc81,0.35229720803909004
E1-101-009,E1,uniform,batch,2,zone,4,64,2,101,3a79a5775a428c44047a6579d4451496d0a649b52e0d0eab9929fec80bcdabc0,384,384,17588.363060006825,8869.460056610695,17780.725060016823,17874.225060016823,0.021596419645647267,0.1079760255835484,0.04319041023341936,15861.725060016823,0.0,437.49365547218895,1,2,2,384,2688,9363,0.0625,2.228902311341661,29519.02317849226,34139.910419551234,31.836473876367698,5.103226606061881,0.0,8810.540613830479,53.7668467331372,0.013289652619952816,0.9999999999999716,0.13930639445885382,4.0,5b073b8326870880ca0e70552657d4ad4070853782331d635e60f5e5bff2cc81,0.3586665840120986
E1-101-010,E1,uniform,batch,2,zone,4,64,8,101,31de17be00c43c19ee195ba9e6770de4b4e5aaf254bc991fec8708cba613a7f3,384,384,17543.8166256677,8851.58461047809,17780.888625669395,17868.388625669395,0.021596220981084043,0.23754507121939578,0.17276005179592419,13557.888625669395,32.800000009985524,681.2742569069017,1,2,2,384,2688,9320,0.13020833333333334,5.945485138138038,29230.766799021745,33995.210419551244,35.46683184756298,7.799999939998898,0.0,8786.76909675161,53.021049515941414,0.02031249984374713,0.9999999999999994,0.774151710695057,10.0,5b073b8326870880ca0e70552657d4ad4070853782331d635e60f5e5bff2cc81,0.36177408299408853
E1-101-011,E1,uniform,batch,2,zone,4,64,24,101,2aec19aeedb32131a98fa0fd0a65c60b1f7eb9cc877d10692382fe9c0503dd4f,384,384,17531.823672949762,8807.022822067212,17791.433672959793,17815.933672959793,0.02158342082255126,0.5827196093897408,0.5179729861242139,7424.433672959793,86.00000001002991,2970.1065666972204,2,4,2,384,2688,8900,0.4348958333333333,15.485668064055213,29842.22713797823,33828.76518569871,21.84047586285046,4.663297671029696,0.0,8718.68688146496,54.58914408046055,0.012144004351639833,1.0,6.734652517440678,26.0,5b073b8326870880ca0e70552657d4ad4070853782331d635e60f5e5bff2cc81,0.37995012500323355
E1-101-012,E1,uniform,batch,4,zone,4,16,2,101,3fd6794ef0fd041c874b0bb88a99cd0999bc25fe40213708b4d3212aa1b28971,384,384,5344.384205616499,2304.1346772486886,5588.0830943763185,5644.433094376318,0.06871766105025286,0.3435268303546758,0.13741073214187033,3669.0830943763185,3803.502128447058,691.2976657072388,3,5,2,384,2688,13029,0.2760416666666667,2.899034582143767,13460.94429061121,15828.081270398081,1098.2870841389222,12.51189452121563,0.0,2273.3698260471456,24.932013805115034,0.03258305864899904,0.9999999999999988,0.800254337779269,4.0,5b073b8326870880ca0e70552657d4ad4070853782331d635e60f5e5bff2cc81,0.38050329202087596
E1-101-013,E1,uniform,batch,4,zone,4,16,8,101,4dcdb7dfcfe4d7dccab89ae36c45d19f1c92078cdda2ed6f193266581f53b31b,384,384,4973.261027953755,2202.2857365119203,5216.959916713575,5267.309916713574,0.07360608594476242,0.8095117761388247,0.5887358371918725,993.959916713575,3013.680924169922,7477.520925766514,4,4,2,384,2688,11798,0.8619791666666666,21.43057681500456,13357.97482438149,15036.426479087155,1007.1857219267448,174.13244009533665,0.0,2147.8882274522407,24.47132841941435,0.45346989608160587,1.0,18.47271074418362,10.0,5b073b8326870880ca0e70552657d4ad4070853782331d635e60f5e5bff2cc81,0.3826101250015199
E1-101-014,E1,uniform,batch,4,zone,4,16,24,101,46bae53b46234d40f99ab18fabb186174c2510882cd9fb04a18a603ebd5dfad9,384,384,10281.49,5214.4,10384.9,10398.9,0.03697676434053289,0.9982765094984547,0.8873568973319597,17.9,406.0611455880007,41130.01218215708,4,4,4,384,2688,7232,0.9973958333333334,106.38645478369995,13032.49033103641,13218.773546993025,292.7980646362346,25623.96724278274,0.0,4991.7835898885405,22.777922025678457,66.72908136141338,1.0,106.1094067243674,26.0,5b073b8326870880ca0e70552657d4ad4070853782331d635e60f5e5bff2cc81,0.35070262500084937
E1-101-015,E1,uniform,batch,4,zone,4,64,2,101,7e33578804a6fdaa0043876d9d6e489fc8f9d4f772fb3ef41dd9b892b499695b,384,384,9037.73827305999,4275.76688412957,9512.744273059985,9616.644273059987,0.04036690033679186,0.20181328664013526,0.0807253146560541,7593.744273059985,3387.200000059989,520.713452792043,2,4,2,384,2688,11708,0.14583333333333334,2.4413116570007674,27788.43658881383,32316.22382987279,663.5421166291618,5.488854322002254,0.0,4220.366023416191,50.03054220526955,0.014293891463547537,1.0,0.35602461664594526,4.0,5b073b8326870880ca0e70552657d4ad4070853782331d635e60f5e5bff2cc81,0.3835780000081286
E1-101-016,E1,uniform,batch,4,zone,4,64,8,101,92107ef65404257ea973c25da1222807fd67e39c2a2ce45655f102f6ef0a51c1,384,384,8933.217676626413,4304.888709727734,9408.223676626409,9506.12367662641,0.04081535613933175,0.4489212017026336,0.32648814669282444,5185.223676626408,2744.800000139996,1439.5661794170046,3,5,2,384,2688,11996,0.3619791666666667,7.594001290769817,27661.265798320343,32411.71499165882,762.8462778928179,13.233436814000044,0.0,4241.326678900706,49.77869849309304,0.03446207503645845,1.0,2.748870258898449,10.0,5b073b8326870880ca0e70552657d4ad4070853782331d635e60f5e5bff2cc81,0.37042925000423566
E1-101-017,E1,uniform,batch,4,zone,4,64,24,101,cc291f60bce9a29f91a5f7e47751dd117e8af8d574dc8a6cd402a8e364a6b9d1,384,384,10331.566000021703,5234.999479186719,10849.400000029998,10931.30000003,0.035393662322242544,0.9555408095527663,0.8493696084913478,482.4000000299979,1764.99999990998,39673.033436464,4,4,4,384,2688,8867,0.984375,103.93924189540739,28073.99427498697,30383.987088854934,369.04096953613794,9107.97032856591,0.0,5031.630689257275,50.3349259580122,23.718672730640392,1.0,102.31519124079165,26.0,5b073b8326870880ca0e70552657d4ad4070853782331d635e60f5e5bff2cc81,0.3580775840091519
E1-101-018,E1,uniform,batch,8,zone,4,16,2,101,15f55a041c1f29c90866e7d585f3702e8db84c4240384cdf9baeb80906c7eeb4,384,384,3183.9521969553866,1329.3597906615387,3319.698197023686,3371.2481970236863,0.11567316581497669,0.5781916591278544,0.23127666365114177,1400.6981970236861,5204.562647020968,1485.4498536330004,4,7,3,384,2688,20786,0.5989583333333334,4.788912407056523,12657.654254159928,14984.09891053957,4543.839537778622,30.252430072759296,0.0,1295.1774781429494,26.235171154772054,0.078782369981144,1.0,2.868358993835938,4.0,5b073b8326870880ca0e70552657d4ad4070853782331d635e60f5e5bff2cc81,0.4689376250025816
E1-101-019,E1,uniform,batch,8,zone,4,16,8,101,f0d15778e3c1d093f0a453bdca6c13aaec502d7e2c45f59d76ee665fad20a4da,384,384,4236.7330001,2135.8723958741148,4424.600000099998,4443.850000099998,0.08678750621328965,0.9544468546422082,0.6941431670125151,201.60000009999882,3271.7961272804996,16456.550201808364,4,5,7,384,2688,8428,0.984375,42.519974078858105,11203.665507860003,11415.603325642922,975.0376208758403,17966.012927030722,0.0,2017.573387800509,18.656916592253836,46.78649199747584,1.0,41.85559948387594,9.999999999999998,5b073b8326870880ca0e70552657d4ad4070853782331d635e60f5e5bff2cc81,0.3615535000571981
E1-101-020,E1,uniform,batch,8,zone,4,16,24,101,bdd0a15dd05958b5ad88c8798dd201b55827b6ff77dc7499d64fa600570e42ea,384,384,10281.59000004,5214.50000004,10385.00000004,10415.90000004,0.03697640828103235,0.9982668977431225,0.8873483535494422,18.000000040000003,5111.430533296554,41153.23508897594,4,5,8,384,2688,6421,0.9973958333333334,106.4470890051591,11152.921393456247,11307.159211239165,256.8603259674115,63908.614840880924,0.0,4896.910997469842,17.990435044488265,166.42868448146075,0.9999999999999988,106.16988304420816,26.0,5b073b8326870880ca0e70552657d4ad4070853782331d635e60f5e5bff2cc81,0.36869066703366116
E1-101-021,E1,uniform,batch,8,zone,4,64,2,101,a19462e4dd266635b7e40d169650b9d583bb26fae96a3858f016c50478a5d35a,384,384,4799.755855580287,2175.7449879064498,5016.688855651986,5085.588855651986,0.07654451193786345,0.38264628501970355,0.15305851400788142,3097.6888556519857,4996.300001099973,784.7952800791802,3,8,2,384,2688,18186,0.3515625,2.9688539265124456,25661.945120407374,30303.033974789374,2857.640434829087,15.599999980001954,0.0,2123.05781368738,46.60281151058199,0.04062499994792176,1.0,1.0437377085395316,4.0,5b073b8326870880ca0e70552657d4ad4070853782331d635e60f5e5bff2cc81,0.4307670000125654
E1-101-022,E1,uniform,batch,8,zone,4,64,8,101,722554b148988ed7c284a2703083a0190ce32adcf38edc31a95d091d6e73c02e,384,384,4580.678911324066,2159.026580722469,4750.964911364062,4811.864911374061,0.08082568639509248,0.8888954524682069,0.6464694199768777,527.9649113640619,3976.29473394219,14812.777057022699,4,6,5,384,2688,10752,0.9375,40.07993626950755,24040.2518790815,25406.9518790815,1372.5010457710216,5376.671632167787,0.0,2055.9337514990916,40.51613992861043,14.001749042103613,0.9999999999999994,37.574940252663325,10.0,5b073b8326870880ca0e70552657d4ad4070853782331d635e60f5e5bff2cc81,0.3758982499712147
E1-101-023,E1,uniform,batch,8,zone,4,64,24,101,9b93d92d5c5fc99b14e34592b0dc8c1f92ab964e8b86c67a0ad7290c91be193f,384,384,10287.390000039999,5220.31663768162,10397.188854421996,10493.888854421997,0.036933060020034374,0.9970967199341491,0.8863081954970214,30.18885442199759,5026.299999889985,40904.500000090025,4,5,8,384,2688,6958,0.9947916666666666,106.07460733007854,23433.89615099149,23829.19615099149,352.7245564803541,52083.46814734015,0.0,4914.036737705183,38.12373292583649,135.6340316336983,1.0,105.52213541690104,25.999999999999996,5b073b8326870880ca0e70552657d4ad4070853782331d635e60f5e5bff2cc81,0.3631067500100471
E2-101-024,E2,uniform,batch,2,zone,4,32,8,101,221d0b204dbea754aafb94df35ae59d40093acc76078b7a305e13220d1d0f6bb,384,384,12035.681703026716,5983.849969773582,12324.697703026713,12376.697703026713,0.031156950803401598,0.3426986529908769,0.249235383993365,8101.6977030267135,664.9649110740665,792.1827586914594,2,3,2,384,2688,9259,0.19010416666666666,5.591544639609032,19309.081633457543,22426.700238889516,35.23025615984752,5.999999939997792,0.0,5936.692471485149,35.07889735449731,0.01562499984374425,1.0,1.0629759340923421,10.0,5b073b8326870880ca0e70552657d4ad4070853782331d635e60f5e5bff2cc81,0.36343637498794124
E2-101-025,E2,hotspot,batch,2,zone,4,32,8,101,221d0b204dbea754aafb94df35ae59d40093acc76078b7a305e13220d1d0f6bb,384,384,20508.3417535706,9102.4151684864,20784.217753570592,20800.217753570592,0.01847555700930969,0.20322134942629502,0.14779734503730546,16561.217753570592,16962.446863975325,493.54602553995744,1,2,1,384,2688,9302,0.0546875,5.216477406664639,19650.678589206345,23027.066134109664,10.422509056195445,0.0,0.0,9056.31751922829,34.812373149932135,0.0,1.0,0.2852761081769724,10.0,c2374d88fadb5c8c74795826ab6fb40167ad57a3b92d42b505bf26bfbf6b86a9,0.494437083019875
E2-101-026,E2,uniform,batch,2,nonzone_fifo,4,32,8,101,d01bcb689deffcbf186932322a7c74d2fc6f28c0f74f43649add40a548a9d93c,384,384,13687.145337650754,6925.553479883202,13826.209337667351,13862.109337677353,0.027773339070879817,0.30548463517459035,0.22217064376333845,9603.209337667351,0.0,675.2440131407968,1,2,2,385,2690,13633,0.1640625,4.622920843345983,20051.048995530677,23816.28584293231,2334.632832452396,3.399999960000059,0.0,6873.327673898358,40.4585038673943,0.008854166562500154,1.0,0.7584479508874917,10.0,5b073b8326870880ca0e70552657d4ad4070853782331d635e60f5e5bff2cc81,0.3751654159859754
E2-101-027,E2,hotspot,batch,2,nonzone_fifo,4,32,8,101,d01bcb689deffcbf186932322a7c74d2fc6f28c0f74f43649add40a548a9d93c,384,384,15582.697376587315,7789.4784489437325,15755.873376667321,15787.873376687323,0.024371863800877004,0.26807348761556166,0.1949625364476812,11532.873376667321,0.0,539.1314378074198,1,2,2,385,2690,18990,0.08333333333333333,4.84785743148187,20206.667234341694,25132.521437486892,4890.225315867753,0.0,0.0,7734.783184377864,43.29127644657834,0.0,1.0,0.4039881192901558,10.0,c2374d88fadb5c8c74795826ab6fb40167ad57a3b92d42b505bf26bfbf6b86a9,0.3582493750145659
E2-101-028,E2,uniform,batch,2,nonzone_local,4,32,8,101,ee4971ac8203c9100dcb15b740e5192bfa552b30a6188c7754530e84d9647103,384,384,13641.13499587279,6877.646519877413,13780.198995889386,13816.098995899389,0.027866070737769946,0.3065045357272558,0.22291238961982238,9557.198995889386,0.0,681.4036574470676,1,2,2,490,2900,13895,0.17447916666666666,4.438860558762205,19996.468366741025,23724.035036270787,2334.727866632054,3.5350888859329643,0.0,6825.608893682073,40.25393154343113,0.009205960640450428,1.0,0.7744886912684052,10.0,5b073b8326870880ca0e70552657d4ad4070853782331d635e60f5e5bff2cc81,0.3816956660011783
E2-101-029,E2,hotspot,batch,2,nonzone_local,4,32,8,101,ee4971ac8203c9100dcb15b740e5192bfa552b30a6188c7754530e84d9647103,384,384,15687.397376707318,7887.47454281001,15860.573376787324,15892.573376807326,0.02421097843549601,0.2663039724786463,0.19367561634810637,11637.573376787324,0.0,551.7314377874198,1,2,2,475,2870,19725,0.08854166666666667,4.933277581982936,20287.978379959695,25232.832583104893,4999.314170489755,0.0,0.0,7832.441517827267,43.59622436350543,0.0,1.0,0.43680061923807245,9.999999999999996,c2374d88fadb5c8c74795826ab6fb40167ad57a3b92d42b505bf26bfbf6b86a9,0.36076608300209045
E2-101-030,E2,uniform,batch,4,zone,4,32,8,101,a8661222f33a49fe0e3f31998b88b80fc83c112d1b490746322059b7710ae9df,384,384,6506.576906936096,2939.0589839299573,6827.384906936093,6893.584906936094,0.056244082505131035,0.61859430268926,0.4498867655921891,2604.384906936093,3675.4248542569712,2478.0069939307687,3,5,2,384,2688,12175,0.5755208333333334,9.475144768872257,18336.093009838125,20983.96282154908,983.2807618003026,8.282335766013375,0.0,2889.0761538527977,33.508118281074,0.021568582723993163,1.0,5.453143213361376,10.0,5b073b8326870880ca0e70552657d4ad4070853782331d635e60f5e5bff2cc81,0.3840926249977201
E2-101-031,E2,hotspot,batch,4,zone,4,32,8,101,a8661222f33a49fe0e3f31998b88b80fc83c112d1b490746322059b7710ae9df,384,384,18514.501813367897,7445.765517991787,18790.37781336789,18806.37781336789,0.02043599143210489,0.22478394303770066,0.16347923130014594,14567.37781336789,50718.18247833503,1127.600550511631,3,4,2,384,2688,10207,0.19791666666666666,9.784217769889878,19333.271052998716,22493.297366784736,295.5678922512072,8.463516080679142,0.0,7398.4915623987745,34.3154554195949,0.02204040646010193,1.0,1.9364597669573718,10.0,c2374d88fadb5c8c74795826ab6fb40167ad57a3b92d42b505bf26bfbf6b86a9,0.7764933750149794
E2-101-032,E2,uniform,batch,4,nonzone_fifo,4,32,8,101,f7a1895c1d3567a773d961969601985e177f0856a74ac231dbcab448371e8f3e,384,384,8125.238130421906,4146.961372920235,8188.368130431906,8215.368130431907,0.04689579094189374,0.5157907097012168,0.3751205161463395,3965.368130431906,0.0,1172.0299226241468,3,4,2,390,2703,21646,0.3307291666666667,6.204960020583837,20129.680527124365,23649.532096865663,7577.240424891964,4.900000000001683,0.0,4085.4299953446844,48.46645590204953,0.012760416666671048,1.0,2.0521612568337155,10.0,5b073b8326870880ca0e70552657d4ad4070853782331d635e60f5e5bff2cc81,0.3693489999859594
E2-101-033,E2,hotspot,batch,4,nonzone_fifo,4,32,8,101,f7a1895c1d3567a773d961969601985e177f0856a74ac231dbcab448371e8f3e,384,384,10533.247865127663,5210.913280471226,10625.323865179367,10653.32386521937,0.03614007486947483,0.3975034126186687,0.2890933909953954,6402.323865179367,0.0,1118.9405129479958,2,4,2,390,2701,32655,0.3125,6.124504274483299,20572.82156289841,24306.126300529897,16697.758626711984,1.2105336355963345,0.0,5135.646664915046,62.349555539035755,0.003152431342698788,1.0,1.9139075858020722,10.0,c2374d88fadb5c8c74795826ab6fb40167ad57a3b92d42b505bf26bfbf6b86a9,0.3644190419581719
E2-101-034,E2,uniform,batch,4,nonzone_local,4,32,8,101,490d7e4127a98700b649dcb4602cbeff5a126585e085f7445978c30c9ce6d1dd,384,384,7992.787541561832,4030.7234419342544,8061.64354161163,8098.64354161163,0.04763296690283,0.5238976494743647,0.3810164723449925,3838.643541611631,0.0,1598.399501134535,4,4,2,675,3275,23833,0.4166666666666667,7.589996882090845,20179.514475531738,23566.917992463113,7122.65617396341,6.399999930001606,0.0,3968.743294565823,47.800982001076086,0.016666666484379183,1.0,3.1624987008711853,9.999999999999998,5b073b8326870880ca0e70552657d4ad4070853782331d635e60f5e5bff2cc81,0.3705531249870546
E2-101-035,E2,hotspot,batch,4,nonzone_local,4,32,8,101,490d7e4127a98700b649dcb4602cbeff5a126585e085f7445978c30c9ce6d1dd,384,384,10471.534899543,5201.805191042685,10566.066899616404,10585.066899636406,0.03634275683167792,0.3997324934276072,0.29071454067462343,6343.066899616404,0.0,1037.6031009250635,3,4,2,615,3152,35736,0.28125,6.051880564120954,20456.691447058747,24320.920219945387,16372.654566749115,1.2928117711139748,0.0,5128.495047362735,60.60468557396956,0.0033666973206093096,1.000000000000001,1.7020914086590184,10.0,c2374d88fadb5c8c74795826ab6fb40167ad57a3b92d42b505bf26bfbf6b86a9,0.36876204097643495
E2-101-036,E2,uniform,batch,8,zone,4,32,8,101,15b44aae6c24be5b94a57ee49285143fe2dd4ac777f7c1c4ad4450f1536ef2b8,384,384,4303.46119364188,2140.3046455376034,4538.849193658477,4565.849193658477,0.08460294308445222,0.930427382015316,0.6766744596475025,315.8491936584768,3663.1983875169403,15769.908493083862,4,4,7,384,2688,9265,0.96875,41.35996906742975,15378.376568577316,15758.173935173418,1369.363721918159,13672.1575046693,0.0,2028.03980971323,25.59278895522428,35.6045768350763,1.0,40.06747003407257,10.0,5b073b8326870880ca0e70552657d4ad4070853782331d635e60f5e5bff2cc81,0.3692643749527633
E2-101-037,E2,hotspot,batch,8,zone,4,32,8,101,15b44aae6c24be5b94a57ee49285143fe2dd4ac777f7c1c4ad4450f1536ef2b8,384,384,10234.541365691544,3984.6179233955068,10500.179162948318,10553.979162948319,0.03657080455874599,0.4022405421767956,0.29253857612857864,6277.179162948318,57001.23817728899,5688.318005260179,4,5,6,384,2688,12870,0.4322916666666667,31.95372292325409,17657.14087992864,20074.31018286229,1644.6365153816746,3397.0484280532214,0.0,3919.9468697422476,31.011245233172282,8.846480281388597,1.0,13.813328138698383,10.0,c2374d88fadb5c8c74795826ab6fb40167ad57a3b92d42b505bf26bfbf6b86a9,1.2615552500355989
E2-101-038,E2,uniform,batch,8,nonzone_fifo,4,32,8,101,a54805ea661717aff27f531b541f8eb3a9308c48aa12e37272e27ea226b87e50,384,384,5235.947580544259,2648.4001443695693,5323.161580579158,5350.161580579158,0.07213758105727479,0.7933643515643484,0.5769922556831625,1100.1615805791582,0.0,4275.714605898206,4,4,2,414,2768,36029,0.7708333333333334,13.14768447938583,20153.302906769553,23398.37012520671,17390.42251953655,6.799999920001937,0.0,2564.0980323068893,63.14973027669502,0.017708333125005044,1.0,10.13467345285991,10.0,5b073b8326870880ca0e70552657d4ad4070853782331d635e60f5e5bff2cc81,0.39350258297054097
E2-101-039,E2,hotspot,batch,8,nonzone_fifo,4,32,8,101,a54805ea661717aff27f531b541f8eb3a9308c48aa12e37272e27ea226b87e50,384,384,8670.348435327294,4324.02770536091,8821.9704354373,8837.9704354373,0.043527690645787716,0.47875032914474935,0.3481820575598177,4598.9704354373025,0.0,1683.9632884164807,3,4,2,412,2757,70884,0.4166666666666667,8.124770552603005,20690.78914712709,24056.34670688686,44490.41677628152,4.599999979999552,0.0,4207.053918144347,102.57648698636343,0.011979166614582168,1.0,3.3853210635845854,9.999999999999995,c2374d88fadb5c8c74795826ab6fb40167ad57a3b92d42b505bf26bfbf6b86a9,0.3863052090164274
E2-101-040,E2,uniform,batch,8,nonzone_local,4,32,8,101,033ef4bf09aeeeb6025d6e272acfa1b9c4a15b30924e5ee23550c5fb6311be4e,384,384,5327.464736592174,2708.364136858415,5388.708950334545,5403.308950344545,0.07126011138088285,0.7837157885376745,0.5699751189364906,1165.7089503345446,0.0,4457.4837880529285,4,4,5,1133,4194,43064,0.734375,14.444977971818897,20339.595735703257,23245.490305880056,17872.275526335114,336.84174998712024,0.0,2620.559955367301,65.31895873580119,0.8771920572581257,0.9999999999999994,10.608030698054502,10.0,5b073b8326870880ca0e70552657d4ad4070853782331d635e60f5e5bff2cc81,0.40306595800211653
E2-101-041,E2,hotspot,batch,8,nonzone_local,4,32,8,101,033ef4bf09aeeeb6025d6e272acfa1b9c4a15b30924e5ee23550c5fb6311be4e,384,384,8733.512320716276,4243.321616709239,8819.64232079628,8864.642320836283,0.04353918061898576,0.47887669019762275,0.348273956507362,4596.64232079628,0.0,2253.7312439297975,4,5,3,1104,4142,81937,0.4401041666666667,11.063498484791703,20576.233020452353,24265.232694421542,44451.34979889938,108.15607303931472,0.0,4124.729396348117,102.44147213984778,0.28165644020654873,0.9999999999999988,4.869091781067182,9.999999999999998,c2374d88fadb5c8c74795826ab6fb40167ad57a3b92d42b505bf26bfbf6b86a9,0.3868574170046486
E3-101-042,E3,uniform,batch,4,zone,0,32,2,101,e3be303d8ce8ffa7454624e636fe3448fd407aa8eeb2c5d472577b2681115092,384,384,6612.08467415285,3008.5140649122145,6932.892674152848,7005.092674152848,0.05538813566689494,0.27690073818954475,0.1107602952758179,4629.892674152848,3499.583587784193,0.0,0,4,3,384,2688,12486,0.0,0.0,18230.58792326833,21299.206510999888,938.006498333763,360.1252944546757,0.0,2969.40337361425,33.17286501032204,0.9378262876423847,1.0,0.0,4.0,5b073b8326870880ca0e70552657d4ad4070853782331d635e60f5e5bff2cc81,0.3818677089875564
E3-101-043,E3,uniform,batch,4,zone,0,32,8,101,914bff391be128133f5b2f13df03c5abf3bd6925fcbe9bdb82b23d2370e790da,384,384,7018.143618353565,3230.6044068545016,7338.9516183535625,7405.151618353563,0.052323549734225865,0.5754806325205033,0.41853136910582056,2731.9516183535648,3424.1515874916877,0.0,0,4,4,384,2688,12101,0.0,0.0,18150.732561721823,21318.75833774227,893.2791749183662,2062.568179963444,0.0,3181.1690461148823,33.06408943763098,5.371271301988136,0.9999999999999988,0.0,9.999999999999996,5b073b8326870880ca0e70552657d4ad4070853782331d635e60f5e5bff2cc81,0.3699176670052111
E3-101-044,E3,uniform,batch,4,zone,0,32,24,101,460a7ce817c0d21974c43a4acb907807cd94b40dcc8cf620151ed760ca69be7b,384,384,10712.862000053407,5413.467187504037,10992.000000070007,11043.400000070007,0.03493449781637139,0.9431456381273513,0.8383516783354233,241.00000007000637,1134.1000000900058,0.0,0,4,4,384,2688,7691,0.0,0.0,18129.792257358393,18933.592257358407,314.36876634573355,21926.438976495883,0.0,5297.273541318644,32.09354468410217,57.10010150129136,1.0,0.0,26.000000000000004,5b073b8326870880ca0e70552657d4ad4070853782331d635e60f5e5bff2cc81,0.3604009170085192
E3-101-045,E3,uniform,batch,4,zone,1,32,2,101,7ffbb63a094c38666490537ef1e7ad30845dfa97707b5124ef1cb9384a7bb01d,384,384,6584.610845182474,2965.3872495056894,6905.418845182471,6977.618845182472,0.05560850233840567,0.27800225312707233,0.11120090125082893,4986.418845182471,3698.1380076619707,522.7141713648208,1,4,2,384,2688,12346,0.18229166666666666,1.9816310194974396,18191.713173288877,21334.537027828235,942.1950784718806,12.805266847799906,0.0,2926.995285593045,32.99738204229906,0.033347049082812254,1.0,0.36123482126255413,4.0,5b073b8326870880ca0e70552657d4ad4070853782331d635e60f5e5bff2cc81,0.37896216701483354
E3-101-046,E3,uniform,batch,4,zone,1,32,8,101,02f609786b5c1de414bdb04d30b340b7a10ab6e577ab9f9f1ee868c2500f612f,384,384,6591.417602107001,2991.414671110537,6912.225602106998,6978.425602106999,0.05555374232619786,0.6110027710816524,0.44436565169574715,2689.225602106999,3565.4435306171063,1819.3417880359839,1,4,3,384,2688,11829,0.5416666666666666,6.900681673249923,18366.082292679836,21224.715794754746,867.3832079286013,331.12478623160797,0.0,2942.450374058997,33.36412368105098,0.8623041308114792,1.0,3.737869239677041,9.999999999999998,5b073b8326870880ca0e70552657d4ad4070853782331d635e60f5e5bff2cc81,0.38135199999669567
E3-101-047,E3,uniform,batch,4,zone,1,32,24,101,9a118d3842daea92bcf868a95a2cc048f86a386623b8dd83ba4f26668d44287e,384,384,10286.39,5219.3,10389.8,10426.8,0.03695932549230977,0.997805751241483,0.8869384455479848,22.8,132.60000006000155,10306.799999949999,1,4,4,384,2688,7164,0.9973958333333334,25.908093994647516,18054.383033221493,18139.58303322151,317.8091531640575,21304.207813664434,0.0,5079.102961128339,31.87670602370672,55.479707848084466,1.0000000000000007,25.84062499986979,25.999999999999996,5b073b8326870880ca0e70552657d4ad4070853782331d635e60f5e5bff2cc81,0.36929033300839365
E3-101-048,E3,uniform,batch,4,zone,2,32,2,101,affe5a60a0b3f893fc69fdf080225cdbf30c0108321484692010845284e70a72,384,384,6584.610845182474,2965.3872495056894,6905.418845182471,6977.618845182472,0.05560850233840567,0.27800225312707233,0.11120090125082893,4986.418845182471,3698.1380076619707,527.2141713648213,2,4,2,384,2688,12357,0.18229166666666666,2.0459167337831605,18191.713173288877,21334.537027828235,946.6950784718811,8.305266847799452,0.0,2926.991379343045,33.00128829229906,0.02162829908281107,1.0,0.3729535712625553,4.0,5b073b8326870880ca0e70552657d4ad4070853782331d635e60f5e5bff2cc81,0.3782175419619307
E3-101-049,E3,uniform,batch,4,zone,2,32,8,101,12398dc35ad96dde59e600d8ecb8df77a4806dfcf7d5b175871c92a85ddf2f49,384,384,6409.549346496382,2935.0175866508494,6730.357346496379,6796.55734649638,0.057054920003601114,0.6275108841456114,0.45637155210589925,2507.3573464963797,3327.9724629352413,2291.071953020839,2,5,2,384,2688,12190,0.5807291666666666,8.551892166012731,18183.18749997808,20975.835401060474,932.1883548649581,28.235088715931575,0.0,2885.8839273379363,33.09379722505697,0.07352887686440514,1.0,4.966333210991769,9.999999999999998,5b073b8326870880ca0e70552657d4ad4070853782331d635e60f5e5bff2cc81,0.38578758301446214
E3-101-050,E3,uniform,batch,4,zone,2,32,24,101,7d8e3f28fd46b4d827391aeb67596f1d254b1c483d4de78f3d2e8a9227017567,384,384,10286.39,5219.3,10389.8,10409.8,0.03695932549230977,0.997805751241483,0.8869384455479848,22.8,53.399999999999636,20612.99999995,2,3,4,384,2688,7184,0.9973958333333334,52.81723237584856,18080.43383988301,18195.833839883024,312.9787017409315,21204.38745837604,0.0,5052.451390131858,31.949163362085045,55.21975900618761,1.0000000000000007,52.679687499869786,25.999999999999996,5b073b8326870880ca0e70552657d4ad4070853782331d635e60f5e5bff2cc81,0.3582299580448307
E3-101-051,E3,uniform,batch,4,zone,4,32,2,101,bddd0860493b2933491986721125b981e221ff4a65dce9be3d4762c6b46bed71,384,384,6584.610845182474,2965.3872495056894,6905.418845182471,6977.618845182472,0.05560850233840567,0.27800225312707233,0.11120090125082893,4986.418845182471,3698.1380076619707,527.2141713648213,2,4,2,384,2688,12357,0.18229166666666666,2.0459167337831605,18191.713173288877,21334.537027828235,946.6950784718811,8.305266847799452,0.0,2926.991379343045,33.00128829229906,0.02162829908281107,1.0,0.3729535712625553,4.0,5b073b8326870880ca0e70552657d4ad4070853782331d635e60f5e5bff2cc81,0.38155729096615687
E3-101-052,E3,uniform,batch,4,zone,4,32,8,101,a8661222f33a49fe0e3f31998b88b80fc83c112d1b490746322059b7710ae9df,384,384,6506.576906936096,2939.0589839299573,6827.384906936093,6893.584906936094,0.056244082505131035,0.61859430268926,0.4498867655921891,2604.384906936093,3675.4248542569712,2478.0069939307687,3,5,2,384,2688,12175,0.5755208333333334,9.475144768872257,18336.093009838125,20983.96282154908,983.2807618003026,8.282335766013375,0.0,2889.0761538527977,33.508118281074,0.021568582723993163,1.0,5.453143213361376,10.0,5b073b8326870880ca0e70552657d4ad4070853782331d635e60f5e5bff2cc81,0.3833749999757856
E3-101-053,E3,uniform,batch,4,zone,4,32,24,101,f3726455d44e4b4c49a1f65ee9e47af4dc7916be971926e18a552b6f483b5751,384,384,10286.39,5220.1421875,10563.600000000002,10615.000000000002,0.03635124389412699,0.9813906820892412,0.8723472729682145,196.60000000000292,1131.7999999800013,40754.99999988999,4,4,4,384,2688,8197,0.9921875,105.96062992097112,18169.218790172272,19261.41879017228,352.68798655091064,19783.093223326814,0.0,5004.16122898942,32.32967407511943,51.518471935746916,1.0000000000000007,105.13281249971352,26.0,5b073b8326870880ca0e70552657d4ad4070853782331d635e60f5e5bff2cc81,0.3582928329706192
E3-101-054,E3,uniform,batch,4,nonzone_fifo,0,32,2,101,24fd4d60da3ae86021e5145af221a7122238cba8fd3346c792c846233a36f8da,384,384,8175.028912797418,4137.168455715548,8243.196912795716,8276.39691280572,0.046583868378047115,0.23289108936978345,0.09315643574791338,5940.196912795716,0.0,0.0,0,3,2,390,2702,20525,0.0,0.0,20673.978362737067,23268.757833125404,7998.733164084182,230.49665409329498,0.0,4079.8553393284415,51.71286468373827,0.6002517033679556,1.0,0.0,4.0,5b073b8326870880ca0e70552657d4ad4070853782331d635e60f5e5bff2cc81,0.36451054201461375
E3-101-055,E3,uniform,batch,4,nonzone_fifo,0,32,8,101,4296a69771efb66f7042ce2451880f839f9887e54d7b27b0c995245e7f26b9a7,384,384,8191.5761611784765,4139.573088887547,8256.136161188477,8283.136161188477,0.04651086083162695,0.5115575082622866,0.37204182419075393,3649.136161188477,0.0,0.0,0,3,3,390,2702,19604,0.0,0.0,20897.868546979003,23138.47733071818,7081.895992681263,1269.5713214144698,0.0,4074.254704067589,51.01220950377413,3.306175316183515,1.0,0.0,9.999999999999998,5b073b8326870880ca0e70552657d4ad4070853782331d635e60f5e5bff2cc81,0.36140454199630767
E3-101-056,E3,uniform,batch,4,nonzone_fifo,0,32,24,101,abfcf7fe2e76d041ede1ccbe6ff2e05701dd278e9ca98dbbf73cc5bb115fe367,384,384,10701.155445355009,5435.037069870706,10808.395445355009,10835.395445355009,0.03552793769819247,0.9591655752084929,0.8525916224075493,57.395445355009514,0.0,0.0,0,2,3,390,2705,13471,0.0,0.0,21781.48586231171,22088.285862311728,4017.2019127449853,15451.494006423327,0.0,5319.568680144483,48.2301240844961,40.23826564172741,1.0,0.0,25.999999999999996,5b073b8326870880ca0e70552657d4ad4070853782331d635e60f5e5bff2cc81,0.35741799999959767
E3-101-057,E3,uniform,batch,4,nonzone_fifo,1,32,2,101,8dfc2170a7542a202b3109446b0e9903fad7a05b4389b939dd72fc0e4b5358a5,384,384,8216.968693615063,4139.263630939823,8293.998693635065,8306.998693635065,0.04629853634950379,0.23146477424683118,0.09258590969873248,6374.998693635065,0.0,530.5064760360845,1,4,2,390,2703,21918,0.171875,2.219795091455825,20406.723110350387,23699.76749180279,7924.62728281747,10.799999949999801,0.0,4083.9365839603847,49.91739469822484,0.02812499986979115,1.0,0.3815272813439699,4.0,5b073b8326870880ca0e70552657d4ad4070853782331d635e60f5e5bff2cc81,0.36939549999078736
E3-101-058,E3,uniform,batch,4,nonzone_fifo,1,32,8,101,a2551495f61038a1c6b689dbfd5bb2042aa4e0b1445d83813a616f828c6d5ca8,384,384,7990.755354606961,4068.3396449943725,8032.885354606961,8082.485354606962,0.04780349563681637,0.525772999433927,0.38238036322467417,3809.8853546069618,0.0,1205.5639444387884,1,3,2,391,2704,20674,0.3619791666666667,5.910531974307831,20198.778780054952,23469.486863013153,7084.503585583072,86.47061345719544,0.0,4006.838761928018,48.13620973850074,0.22518388921144647,1.0,2.139489438642678,9.999999999999998,5b073b8326870880ca0e70552657d4ad4070853782331d635e60f5e5bff2cc81,0.36642458400456235
E3-101-059,E3,uniform,batch,4,nonzone_fifo,1,32,24,101,c88671f2b98ea5b8b7280fe126dc715ba730999674129bdfd854f7a4002f89a6,384,384,10310.380890450018,5237.709196138268,10413.790890450018,10431.790890450018,0.03687418002143175,0.9955072654898022,0.8848953471020464,46.79089045001933,0.0,10111.899999729998,1,2,4,390,2709,13983,0.9895833333333334,25.599736841394733,21917.858979588673,22219.65897958869,4469.394458594241,13199.910123677146,0.0,5101.9525151222915,49.04884215293741,34.3747659470759,1.0,25.333072915963537,26.0,5b073b8326870880ca0e70552657d4ad4070853782331d635e60f5e5bff2cc81,0.3597533749998547
E3-101-060,E3,uniform,batch,4,nonzone_fifo,2,32,2,101,f2afdd75f3f68e23fae6d9408609f3fe7c474c51707a827e172c8014e622e617,384,384,8235.008314856284,4153.8486979413665,8312.038314876288,8325.038314876288,0.046198054611074686,0.23096248655129323,0.09238499462051729,6393.0383148762885,0.0,533.050726039972,2,4,2,390,2702,21958,0.17447916666666666,2.224637701939889,20479.86589635251,23665.467491802792,8037.285767712358,4.600000029998682,0.0,4098.0206243959765,50.427941446249115,0.011979166744788236,1.0,0.38815293239576043,4.0,5b073b8326870880ca0e70552657d4ad4070853782331d635e60f5e5bff2cc81,0.3685435420484282
E3-101-061,E3,uniform,batch,4,nonzone_fifo,2,32,8,101,922ac8bf067680bd7d2b9c42bdf664a362fc3f313f87092b0fc1ce689f63fc02,384,384,8137.287563741143,4154.408883047102,8222.346563804542,8236.346563814543,0.046701996445929456,0.5136594897498472,0.3735705379998889,3999.3465638045423,0.0,1343.0455459923,2,4,2,390,2702,21776,0.3697916666666667,6.753841873114783,20292.45028778675,23842.335036270757,7474.351218907405,9.600000030002548,0.0,4091.944907486178,48.941461118156944,0.025000000078131634,1.0000000000000024,2.4975144426882787,9.999999999999998,5b073b8326870880ca0e70552657d4ad4070853782331d635e60f5e5bff2cc81,0.3686155409668572
E3-101-062,E3,uniform,batch,4,nonzone_fifo,2,32,24,101,027e881a2c79189b6295b43c2906d9155ebd5348f5877d5b298da0bf611ade0f,384,384,10300.89000019,5231.404166818229,10404.30000019,10441.30000019,0.03690781695962126,0.9964152883444669,0.885702478528415,37.30000018999931,0.0,20174.007899171713,2,3,3,390,2712,13711,0.9921875,51.94227795058194,21677.303908977632,21976.703908977644,4287.101906198795,13505.994185603562,0.0,5068.924427177251,48.771400878542394,35.17185985834261,1.0,51.536478904093016,26.0,5b073b8326870880ca0e70552657d4ad4070853782331d635e60f5e5bff2cc81,0.36034454096807167
E3-101-063,E3,uniform,batch,4,nonzone_fifo,4,32,2,101,48f4fe10dd05288b4dd2eaf04ca03a32c7c9c30609c3fde07619286ac7f8a0db,384,384,8235.008314856284,4153.8486979413665,8312.038314876288,8325.038314876288,0.046198054611074686,0.23096248655129323,0.09238499462051729,6393.0383148762885,0.0,533.050726039972,2,4,2,390,2702,21958,0.17447916666666666,2.224637701939889,20479.86589635251,23665.467491802792,8037.285767712358,4.600000029998682,0.0,4098.0206243959765,50.427941446249115,0.011979166744788236,1.0,0.38815293239576043,4.0,5b073b8326870880ca0e70552657d4ad4070853782331d635e60f5e5bff2cc81,0.3647206670138985
E3-101-064,E3,uniform,batch,4,nonzone_fifo,4,32,8,101,f7a1895c1d3567a773d961969601985e177f0856a74ac231dbcab448371e8f3e,384,384,8125.238130421906,4146.961372920235,8188.368130431906,8215.368130431907,0.04689579094189374,0.5157907097012168,0.3751205161463395,3965.368130431906,0.0,1172.0299226241468,3,4,2,390,2703,21646,0.3307291666666667,6.204960020583837,20129.680527124365,23649.532096865663,7577.240424891964,4.900000000001683,0.0,4085.4299953446844,48.46645590204953,0.012760416666671048,1.0,2.0521612568337155,10.0,5b073b8326870880ca0e70552657d4ad4070853782331d635e60f5e5bff2cc81,0.369460333022289
E3-101-065,E3,uniform,batch,4,nonzone_fifo,4,32,24,101,0061e964fe5127ebd2fb7449254cc6879a1880eb7ec4cc19a2a9b2bbea0574a9,384,384,10290.99000003,5223.90000003,10394.40000003,10433.40000003,0.036942969291050155,0.9973642187862015,0.8865459722544013,27.40000003,0.0,40624.53508768596,4,2,3,391,2717,14073,0.9973958333333334,105.0666712472218,21796.604502219805,22246.604502219816,3890.4120586355953,13447.58343928459,0.0,5008.740331265223,48.34686010079143,35.01974853980362,1.0,104.79306012418216,26.0,5b073b8326870880ca0e70552657d4ad4070853782331d635e60f5e5bff2cc81,0.3538208339596167
E3-101-066,E3,uniform,batch,8,zone,0,32,2,101,c7c2fe9a76fa4f6c391a3ab9c346af2bcfe67f85d4d285801e1c8c1a87b8b889,384,384,3776.45613486621,1672.7726450672676,3881.46513484961,3941.6651348796095,0.09893171435504299,0.49453116340074293,0.19781246536029717,1578.4651348496104,4463.354461636274,0.0,0,8,5,384,2688,18545,0.0,0.0,17011.060558142002,20147.437049364544,3547.7877420723225,1178.6821844661276,0.0,1632.3065838592267,32.39657635266033,3.0694848553805403,0.9999999999999994,0.0,3.999999999999999,5b073b8326870880ca0e70552657d4ad4070853782331d635e60f5e5bff2cc81,0.4191678339848295
E3-101-067,E3,uniform,batch,8,zone,0,32,8,101,80902243f5eea0861936c3725fb62b84ec44c39f9c44f2af68d75b69090f1e83,384,384,4816.997175862858,2353.7591056482524,4988.659175929656,5036.2591759296565,0.0769745910590174,0.8465508065915142,0.6156733138847376,381.6591759296562,3779.9775388554035,0.0,0,8,7,384,2688,15094,0.0,0.0,16950.40314136802,20103.97963259056,2054.2192587110294,12044.027951498781,0.0,2280.271621160231,31.1228283643267,31.364656123694743,1.0,0.0,10.0,5b073b8326870880ca0e70552657d4ad4070853782331d635e60f5e5bff2cc81,0.3925618749926798
E3-101-068,E3,uniform,batch,8,zone,0,32,24,101,91d2e7a532c3165b82dd94d3d909452306bc12fa16278f0b1bd342b7c13b743f,384,384,10665.260000070002,5409.472916715156,10848.200000070003,10890.000000070002,0.03539757747806291,0.9556464992748869,0.8494635549110106,97.20000007000169,5068.900000010004,0.0,0,8,8,384,2688,7309,0.0,0.0,15640.935494830004,16491.53549483001,387.44213977659797,62875.82236594341,0.0,5192.99937216877,25.73442380174305,163.73912074464428,1.0,0.0,26.000000000000004,5b073b8326870880ca0e70552657d4ad4070853782331d635e60f5e5bff2cc81,0.37343758303904906
E3-101-069,E3,uniform,batch,8,zone,1,32,2,101,22d3d64fa944ac46b16bef2c500fb333d60a372afb5d565ff28d3d34720d28b3,384,384,3719.9871323083194,1620.5678135048538,3850.8121323449172,3917.4121323849167,0.0997192246213701,0.49846667854777665,0.19938667141911065,1931.8121323449172,5006.525817542735,897.4773204695923,1,8,3,384,2688,19514,0.4713541666666667,2.8368912733126646,16960.92810260997,20108.90196042861,3706.2132545349396,209.88314589757405,0.0,1580.9370283898097,32.747033900546306,0.5465706924415991,1.0,1.3371805220562298,4.0,5b073b8326870880ca0e70552657d4ad4070853782331d635e60f5e5bff2cc81,0.4417892920318991
E3-101-070,E3,uniform,batch,8,zone,1,32,8,101,017fc03be5fdadd5db1fc81bdd8e8f340715c30d87eafac2959f34625bc42db5,384,384,4501.3720003799945,2155.0228744596197,4634.400000449994,4661.400000449994,0.08285862246735588,0.911248220129858,0.6627259782762603,411.4000004499934,4362.567545797946,3874.89582584007,1,7,6,384,2688,14096,0.9427083333333334,9.64335863491732,16451.08610187408,18814.997682032554,2274.872867955768,9792.072003498395,0.0,2079.725001580215,29.706810823835415,25.500187509110404,1.0,9.090874546458515,10.000000000000002,5b073b8326870880ca0e70552657d4ad4070853782331d635e60f5e5bff2cc81,0.4085209170007147
E3-101-071,E3,uniform,batch,8,zone,1,32,24,101,d8f9f37e00039d40c7c6cec2fa5b7d1f6615f9500d7e54796fa00b1ac58cb362,384,384,10283.990000040001,5217.192447956667,10496.20000004,10523.20000004,0.036584668737117874,0.9876919559463945,0.877948405285684,129.20000003999928,5803.799999969984,10263.700000039998,1,7,8,384,2688,6372,0.9921875,25.93097112871391,15223.206390705458,15375.006390705457,274.1026966387452,60541.79091300581,0.0,4982.245345189616,24.557803514327034,157.66091383595264,1.0,25.72838541677083,26.000000000000004,5b073b8326870880ca0e70552657d4ad4070853782331d635e60f5e5bff2cc81,0.3757718339911662
E3-101-072,E3,uniform,batch,8,zone,2,32,2,101,51e7a4718eaaea5f8ab651bb39a691c419feb5688e5656bc4c628abf436c3a02,384,384,3701.1312085896793,1602.333841263565,3831.956208626277,3898.5562086662767,0.10020991344722611,0.500918845792951,0.20036753831718038,1912.9562086262777,5085.1701800218525,1051.018745467109,2,8,2,384,2688,19054,0.4947916666666667,3.5106249761426804,17004.760558142003,20134.537049364546,3632.8362717958007,27.632419309205773,0.0,1562.8231848631713,32.70166899212213,0.07195942528439003,0.9999999999999993,1.7370279829872637,3.9999999999999987,5b073b8326870880ca0e70552657d4ad4070853782331d635e60f5e5bff2cc81,0.4437052499852143
E3-101-073,E3,uniform,batch,8,zone,2,32,8,101,adb0b64731fc559c9a0cba9a7b8de10b063d03134de27d3cb9dbe141cc487241,384,384,4325.806427494396,2140.3075513242916,4442.294427520997,4485.394427540996,0.08644181655791094,0.9506459832680173,0.6913788969221945,219.29442752099692,2983.409110819963,8035.3501543310085,2,6,7,384,2688,9497,0.9713541666666666,20.513003094721206,15527.063973653487,16182.032738821566,1226.6277384320576,13352.585832194383,0.0,2048.6235706561843,25.986230703197513,34.77235893800621,1.0,19.92539102690367,10.0,5b073b8326870880ca0e70552657d4ad4070853782331d635e60f5e5bff2cc81,0.3801240000175312
E3-101-074,E3,uniform,batch,8,zone,2,32,24,101,48f7d90635175af8c158ec2c6dbabfa5bfd9cf5b572d9a817cc726c596fa4330,384,384,10283.990000040001,5217.113020873334,10469.20000004,10496.20000004,0.03667902036435762,0.9902389639128565,0.8802124123669836,102.20000003999928,5730.699999959981,20534.200000060002,2,6,8,384,2688,6472,0.9947916666666666,52.749214659842934,15223.206390705454,15375.006390705455,290.8106769920163,60382.182932662545,0.0,4955.768397030382,24.624876622320052,157.2452680538087,1.0,52.47447916682292,26.000000000000004,5b073b8326870880ca0e70552657d4ad4070853782331d635e60f5e5bff2cc81,0.37067345896502957
E3-101-075,E3,uniform,batch,8,zone,4,32,2,101,cc45b27e8c5c48e6f8c164879d9948e31bfff75fb0212600d759fefca2937e6c,384,384,3701.1312085896793,1602.333841263565,3831.956208626277,3898.5562086662767,0.10020991344722611,0.500918845792951,0.20036753831718038,1912.9562086262777,5085.1701800218525,1057.3256255179415,3,8,2,384,2688,19062,0.4947916666666667,3.5438190816733774,17004.760558142003,20134.537049364546,3639.143151846633,21.325539258373368,0.0,1562.8209692208495,32.70388463444379,0.055535258485347315,0.9999999999999993,1.7534521497863065,3.9999999999999987,5b073b8326870880ca0e70552657d4ad4070853782331d635e60f5e5bff2cc81,0.44340833398746327
E3-101-076,E3,uniform,batch,8,zone,4,32,8,101,15b44aae6c24be5b94a57ee49285143fe2dd4ac777f7c1c4ad4450f1536ef2b8,384,384,4303.46119364188,2140.3046455376034,4538.849193658477,4565.849193658477,0.08460294308445222,0.930427382015316,0.6766744596475025,315.8491936584768,3663.1983875169403,15769.908493083862,4,4,7,384,2688,9265,0.96875,41.35996906742975,15378.376568577316,15758.173935173418,1369.363721918159,13672.1575046693,0.0,2028.03980971323,25.59278895522428,35.6045768350763,1.0,40.06747003407257,10.0,5b073b8326870880ca0e70552657d4ad4070853782331d635e60f5e5bff2cc81,0.37329079204937443
E3-101-077,E3,uniform,batch,8,zone,4,32,24,101,b355af8ce5d204793283981a34d51b49bb310ed72ea2bf9ce7d3b1334d8a1e8c,384,384,10283.990000040001,5216.90000004,10387.400000040001,10444.40000004,0.03696786491311794,0.9980362712217548,0.8871433521971154,20.400000040000002,4836.699999969991,41080.00000009002,4,4,8,384,2688,6714,0.9973958333333334,106.25587467386424,15277.055584043932,15523.855584043933,350.5498480100443,60035.194568296036,0.0,4902.803755736136,24.775425115359486,156.34165252160426,1.0,105.97916666690105,26.000000000000004,5b073b8326870880ca0e70552657d4ad4070853782331d635e60f5e5bff2cc81,0.37260362500092015
E3-101-078,E3,uniform,batch,8,nonzone_fifo,0,32,2,101,f938f822847d353827151becbebff4940b72f1a211def8a9d580ebe1858deb2e,384,384,5336.999150546116,2683.504513596011,5424.64406173018,5451.64406173018,0.0707880545949634,0.35387503827291844,0.1415500153091674,3121.64406173018,0.0,0.0,0,4,4,413,2753,34850,0.0,0.0,20995.50964326443,23101.206134922315,17921.081841139763,555.8527519097445,0.0,2608.7684975695943,68.28848281831817,1.447533208098293,1.0,0.0,4.0,5b073b8326870880ca0e70552657d4ad4070853782331d635e60f5e5bff2cc81,0.3686625830014236
E3-101-079,E3,uniform,batch,8,nonzone_fifo,0,32,8,101,44f886f544719fbc30bf1a3d3f9f5144be82f0351b524cb7ab045c58d93db3de,384,384,5495.672458712006,2794.2706403940315,5581.432458772006,5608.432458772006,0.0687995425612452,0.7566594009323981,0.5502977461326531,974.432458772005,0.0,0.0,0,4,5,412,2762,30971,0.0,0.0,21377.185896787876,22660.005214142646,15482.670954700536,4615.778946477879,0.0,2703.929260593107,67.32112212780558,12.020257673119477,1.0,0.0,10.000000000000002,5b073b8326870880ca0e70552657d4ad4070853782331d635e60f5e5bff2cc81,0.3648736249888316
E3-101-080,E3,uniform,batch,8,nonzone_fifo,0,32,24,101,01356907d899086a314320f40ab92b84c326e1a3b4300d115fa29022e7137513,384,384,10670.16000003,5415.40000003,10777.40000003,10790.40000003,0.035630114869906575,0.9619238476927134,0.8550434201713007,26.40000003,0.0,0.0,0,2,8,412,2772,13227,0.0,0.0,21886.207135623703,22062.00713562371,3611.129036435445,58202.463828280845,0.0,5189.018305609783,47.81277820073605,151.56891621948137,1.0,0.0,26.0,5b073b8326870880ca0e70552657d4ad4070853782331d635e60f5e5bff2cc81,0.3598379159811884
E3-101-081,E3,uniform,batch,8,nonzone_fifo,1,32,2,101,de7fd157d7f5353713a7471e7359ad40b27a3491cc9905b5f50d3382c47e60de,384,384,5356.021064445667,2717.104303277402,5396.951064453968,5423.951064453968,0.07115128438520517,0.35569051610033786,0.14227620644013514,3477.9510644539687,0.0,640.3038427721822,1,5,2,413,2757,37165,0.2786458333333333,2.3953630165624507,20371.888346795124,23373.870450587365,18167.707004855733,44.83106029864609,0.0,2646.2378873251096,65.08221047554535,0.11674755286105754,1.0,0.6674579238858911,3.9999999999999996,5b073b8326870880ca0e70552657d4ad4070853782331d635e60f5e5bff2cc81,0.37487975001567975
E3-101-082,E3,uniform,batch,8,nonzone_fifo,1,32,8,101,629f1a8e153d32734f5b57b82de1018aac424b876536b339a7d163f4c24f0867,384,384,5290.75089358509,2684.802232286159,5340.69089360999,5367.69089360999,0.07190080977340346,0.7907608441089262,0.5750987957155828,1117.6908936099899,0.0,2487.100384278049,1,5,3,412,2760,34575,0.7057291666666666,7.760518023166233,21010.248283607863,23154.750753996366,16912.7470790834,957.608440646592,0.0,2597.914135251046,67.9175011368717,2.4937719808505,1.0,5.476823917390753,10.0,5b073b8326870880ca0e70552657d4ad4070853782331d635e60f5e5bff2cc81,0.3749823750113137
E3-101-083,E3,uniform,batch,8,nonzone_fifo,1,32,24,101,bf0b35bdb71e44fcf7e2adcc513da71f0aca6d8560c18c7fa1260598afa55991,384,384,10290.99000003,5223.90000003,10394.40000003,10412.40000003,0.036942969291050155,0.9973642187862015,0.8865459722544013,27.40000003,0.0,10335.599999990001,1,2,8,412,2776,14422,0.9973958333333334,25.983289817206266,21903.70875110359,22218.908751103598,4196.376879181956,54297.371224433955,0.0,4980.285122501332,49.299848298397166,141.39940423029677,1.0,25.915624999973957,26.0,5b073b8326870880ca0e70552657d4ad4070853782331d635e60f5e5bff2cc81,0.3548232920002192
E3-101-084,E3,uniform,batch,8,nonzone_fifo,2,32,2,101,248aee508c39219f868c6ec3b0b40c715d93d4befbfae5ee7d4e802074cd9347,384,384,5380.914786476571,2707.812420569222,5448.711583738441,5475.711583738441,0.07047537644422941,0.3523122224906628,0.14092488899626512,3529.711583738442,0.0,624.6837014311383,2,5,2,412,2760,38244,0.2604166666666667,2.406837014311383,20483.612848910034,23472.9832095284,18343.295246756756,7.799999989999492,0.0,2636.3399080660847,65.82541953068625,0.02031249997395701,1.0,0.6267804724769226,3.999999999999999,5b073b8326870880ca0e70552657d4ad4070853782331d635e60f5e5bff2cc81,0.37626245903084055
E3-101-085,E3,uniform,batch,8,nonzone_fifo,2,32,8,101,7471aa4d1b1e90e9ea2302cfe9f032fc106728a48cba6bd0d5e08c988176d972,384,384,5321.060181907181,2711.450665543698,5389.99018197718,5416.99018197718,0.07124317244287436,0.7835295293472081,0.5698396577070605,1166.9901819771806,0.0,3521.751089289455,2,5,3,412,2756,36011,0.7291666666666666,11.206253890319482,20496.488831355273,23356.144978411263,17614.536308737548,327.9401685586369,0.0,2624.920965985835,66.50446190721664,0.8540108556214503,1.0,8.171226795024623,10.0,5b073b8326870880ca0e70552657d4ad4070853782331d635e60f5e5bff2cc81,0.3755060409894213
E3-101-086,E3,uniform,batch,8,nonzone_fifo,2,32,24,101,959298af57ce05d0fa2f080ebfe31459f38cb312122541e805da45a1a29c1d54,384,384,10290.99000003,5223.90000003,10394.40000003,10431.40000003,0.036942969291050155,0.9973642187862015,0.8865459722544013,27.40000003,0.0,20633.771572785245,2,2,8,412,2785,13802,0.9973958333333334,52.87146624748107,21510.096495624355,21824.09649562437,4226.602361408499,54471.41485195614,0.0,4954.238164894798,48.07541215410567,141.85264284363578,1.0,52.733780137461586,26.0,5b073b8326870880ca0e70552657d4ad4070853782331d635e60f5e5bff2cc81,0.35319658397929743
E3-101-087,E3,uniform,batch,8,nonzone_fifo,4,32,2,101,c14160e94e2c1a03f6800085ca82aaff9dd284123d1adeeb5bc9c24ea1052d89,384,384,5380.914786476571,2707.812420569222,5448.711583738441,5475.711583738441,0.07047537644422941,0.3523122224906628,0.14092488899626512,3529.711583738442,0.0,624.6837014311383,2,5,2,412,2760,38244,0.2604166666666667,2.406837014311383,20483.612848910034,23472.9832095284,18343.295246756756,7.799999989999492,0.0,2636.3399080660847,65.82541953068625,0.02031249997395701,1.0,0.6267804724769226,3.999999999999999,5b073b8326870880ca0e70552657d4ad4070853782331d635e60f5e5bff2cc81,0.374958666972816
E3-101-088,E3,uniform,batch,8,nonzone_fifo,4,32,8,101,a54805ea661717aff27f531b541f8eb3a9308c48aa12e37272e27ea226b87e50,384,384,5235.947580544259,2648.4001443695693,5323.161580579158,5350.161580579158,0.07213758105727479,0.7933643515643484,0.5769922556831625,1100.1615805791582,0.0,4275.714605898206,4,4,2,414,2768,36029,0.7708333333333334,13.14768447938583,20153.302906769553,23398.37012520671,17390.42251953655,6.799999920001937,0.0,2564.0980323068893,63.14973027669502,0.017708333125005044,1.0,10.13467345285991,10.0,5b073b8326870880ca0e70552657d4ad4070853782331d635e60f5e5bff2cc81,0.3825531670008786
E3-101-089,E3,uniform,batch,8,nonzone_fifo,4,32,24,101,c080bef778d38fac7a1599b25344ce24e6acddf5bc5112801cc9ea2530208162,384,384,10290.99000003,5223.90000003,10394.40000003,10422.40000003,0.036942969291050155,0.9973642187862015,0.8865459722544013,27.40000003,0.0,41098.99999997,4,2,8,412,2797,14280,0.9973958333333334,106.3054830286423,21625.584501784455,22063.184501784464,4280.2728111349625,53773.94268740058,0.0,4901.941073158988,48.893971955984696,140.03630908177234,1.0,106.02864583325521,26.0,5b073b8326870880ca0e70552657d4ad4070853782331d635e60f5e5bff2cc81,0.3490250839968212
E4-101-090,E4,uniform,poisson,4,zone,0,32,8,101,914bff391be128133f5b2f13df03c5abf3bd6925fcbe9bdb82b23d2370e790da,384,384,834.2899811813636,258.84135955254226,7429.924652292669,7457.524652292669,0.05168289289199026,0.5684353156099848,0.41340750226180717,2822.9246522926687,4062.94443172515,0.0,0,4,3,384,2688,11370,0.0,0.0,18223.156276434034,21130.174881865998,753.4394307501159,1839.095281126041,0.0,210.09381774137597,32.95823118323392,4.789310627932398,1.0,0.0,10.0,1ce3b908359356269bb5f556f762bdacc91c5109c65c983bf598f930c605c667,0.06616583303548396
E4-101-091,E4,hotspot,poisson,4,zone,0,32,8,101,914bff391be128133f5b2f13df03c5abf3bd6925fcbe9bdb82b23d2370e790da,384,384,11950.744547221433,4632.3426537492405,18930.49261586954,18946.49261586954,0.02028473361956205,0.2231202835247752,0.1622692971089274,14323.492615869542,51252.928279156666,0.0,0,3,4,384,2688,9355,0.0,0.0,19267.056789894476,22214.573445003105,152.63252704343978,280.1853302238002,0.0,4586.695137257181,33.9178671946015,0.7296492974578129,1.0,0.0,10.0,641da08e8301a2642c3b64e56cca9e5dc7be28fba5e2f4a1e6a6ad0ee152ac31,0.5731939160032198
E4-101-092,E4,uniform,poisson,4,zone,4,32,8,101,a8661222f33a49fe0e3f31998b88b80fc83c112d1b490746322059b7710ae9df,384,384,742.9296316251385,188.69497123385625,7095.834522823529,7162.03452282353,0.0541162563423479,0.595194940281551,0.4328690474774916,2872.8345228235294,4772.508909133042,1815.291688625925,3,5,2,384,2688,11438,0.5026041666666666,7.4160191120514245,18301.693284694204,20983.911890126165,821.3990443175846,11.366567919458817,0.0,140.83889931135857,33.099149379410754,0.029600437290257336,1.0,3.7273221057966794,10.0,1ce3b908359356269bb5f556f762bdacc91c5109c65c983bf598f930c605c667,0.058776959020178765
E4-101-093,E4,hotspot,poisson,4,zone,4,32,8,101,a8661222f33a49fe0e3f31998b88b80fc83c112d1b490746322059b7710ae9df,384,384,11863.594421540385,4577.932945646237,18843.342490188494,18859.342490188494,0.020378550153718443,0.22415215612851816,0.16301974991164958,14620.342490188492,51248.92185357839,544.6549776221134,1,3,2,384,2688,9242,0.0859375,4.868332655215556,19260.556789894476,22200.07344500311,108.07777475079078,1.8978173062478163,0.0,4532.640758044154,33.868873031957826,0.004942232568353688,1.0,0.4183723375575869,10.000000000000002,641da08e8301a2642c3b64e56cca9e5dc7be28fba5e2f4a1e6a6ad0ee152ac31,0.575661625014618
E4-101-094,E4,uniform,poisson,4,nonzone_fifo,0,32,8,101,4296a69771efb66f7042ce2451880f839f9887e54d7b27b0c995245e7f26b9a7,384,384,1470.968617183154,706.180300127818,8256.00068584127,8283.00068584127,0.04651162404316966,0.511565901555891,0.37204792840428436,3634.3377960626995,0.0,0.0,0,3,3,409,2760,19401,0.0,0.0,20655.575694857034,22839.787783792814,6766.042364525941,962.9167325875911,0.0,642.9512907982222,49.72141367181557,2.5075956577801852,1.0,0.0,9.999999999999998,1ce3b908359356269bb5f556f762bdacc91c5109c65c983bf598f930c605c667,0.10318879201076925
E4-101-095,E4,hotspot,poisson,4,nonzone_fifo,0,32,8,101,4296a69771efb66f7042ce2451880f839f9887e54d7b27b0c995245e7f26b9a7,384,384,3421.346915636675,1488.4713650664223,10228.945932964767,10250.94593300477,0.03754052494915291,0.4129054080714806,0.30029484223380404,5621.945932964767,0.0,0.0,0,3,3,393,2713,28270,0.0,0.0,20677.6236240606,23466.655204654435,14748.974833512375,933.5437658544208,0.0,1413.995663147726,61.0445983617839,2.4311035569125545,1.0,0.0,10.0,641da08e8301a2642c3b64e56cca9e5dc7be28fba5e2f4a1e6a6ad0ee152ac31,0.14824733301065862
E4-101-096,E4,uniform,poisson,4,nonzone_fifo,4,32,8,101,f7a1895c1d3567a773d961969601985e177f0856a74ac231dbcab448371e8f3e,384,384,1439.3915732796177,681.9694400796078,8207.096724301824,8234.096724301824,0.04678877475184951,0.5146138187545897,0.3742645954578834,3981.0265526221924,0.0,1282.809357033073,2,3,2,403,2744,21386,0.3567708333333333,6.56065224111732,20025.529337698557,23282.963551696277,7328.303241951296,2.9999999500014383,0.0,620.4954954460802,48.12548276638422,0.0078124998697954124,1.0,2.3406493672736275,10.000000000000002,1ce3b908359356269bb5f556f762bdacc91c5109c65c983bf598f930c605c667,0.0962145000230521
E4-101-097,E4,hotspot,poisson,4,nonzone_fifo,4,32,8,101,f7a1895c1d3567a773d961969601985e177f0856a74ac231dbcab448371e8f3e,384,384,3774.218036837537,1733.1948887290441,10572.622105559058,10591.62210557906,0.03632022370288765,0.39948467590677766,0.29053430975038375,6349.622105559057,0.0,1001.465100078286,3,4,2,393,2713,33189,0.2890625,5.562748649353928,20450.991447058746,24259.552675477422,16246.80944214926,1.2928117711139748,0.0,1660.5428108273552,60.04072917291453,0.0033666973206093096,1.0,1.60798203145387,10.0,641da08e8301a2642c3b64e56cca9e5dc7be28fba5e2f4a1e6a6ad0ee152ac31,0.15793941705487669
E1-202-000,E1,uniform,batch,1,zone,4,16,2,202,98f5d941f697deef5fb38ecc622beee3a2489fd008695aaedefa9ce612256cf6,384,384,19439.816797444822,9798.430062009826,19615.904947095987,19624.588163052606,0.019575951302560162,0.09787476695115606,0.03914990678046242,17696.904947095987,0.0,384.0,1,1,1,384,2688,9384,0.0,0.0,15643.57351542742,18083.588163052606,0.0,0.0,0.0,9764.31137885923,29.118683150595345,0.0,1.0,0.0,4.0,30e66a31a4f434367f39926fc66bce12f182e2490a706e0a619154d3117a327f,0.36884233402088284
E1-202-001,E1,uniform,batch,1,zone,4,16,8,202,7a6e5d01ecc378b1325581efb9d570f554c5a3f055f7065d94deee1022c6c396,384,384,19403.283114261747,9808.21874715948,19567.94948189746,19594.53269785408,0.01962392637793975,0.21585215925399942,0.15698338854836322,15344.94948189746,0.0,406.2902400634457,1,2,1,384,2688,9338,0.018229166666666668,3.1843200090636725,15617.219689232912,18058.53269785408,0.0,0.0,0.0,9768.110646264435,29.050053394880464,0.0,1.0,0.0580475001652232,10.0,30e66a31a4f434367f39926fc66bce12f182e2490a706e0a619154d3117a327f,0.3758089159964584
E1-202-002,E1,uniform,batch,1,zone,4,16,24,202,3349372476008a312478952c3f173dd55a9cb7197e645d56518b875aa7f05343,384,384,18467.92470361627,9340.99378839627,18581.616332418263,18603.749548374883,0.02066558652005195,0.5579408095464216,0.4959473862634858,8214.616332418263,0.0,671.8388484185782,2,2,1,384,2688,8368,0.09114583333333333,8.223967097673661,16665.941764676012,17055.865980288123,0.0,0.0,0.0,9281.4631075955,31.78110046634694,0.0,1.0,0.7495803344233807,26.0,30e66a31a4f434367f39926fc66bce12f182e2490a706e0a619154d3117a327f,0.3698617090121843
E1-202-003,E1,uniform,batch,1,zone,4,64,2,202,9cba61902823d10fa3308c47faf5ce03bcbe72e8cf63541b84b4e2d938f14cd2,384,384,37843.359904125806,19098.58733945198,38219.681904125806,38229.58190412581,0.010047179381640728,0.05023458254397973,0.02009383301759189,36300.681904125806,0.0,384.0,1,1,1,384,2688,9390,0.0,0.0,31989.83432411039,36688.58190412581,0.0,0.0,0.0,19034.28343449616,59.30390495582271,0.0,1.0,0.0,4.0,30e66a31a4f434367f39926fc66bce12f182e2490a706e0a619154d3117a327f,0.3712042919942178
E1-202-004,E1,uniform,batch,1,zone,4,64,8,202,ffb058f7c20336633872ad5d7a8877cfe34ea36de862992bfa1bec3593281aa7,384,384,38034.81171148873,19194.272315391445,38411.13371148873,38421.03371148873,0.009997101436377182,0.10996525295174214,0.07997472941944883,34188.13371148873,0.0,389.0111456180025,1,2,1,384,2688,9390,0.0078125,1.6703818726675006,31995.791704282314,36874.03371148873,0.0,0.0,0.0,19123.93984656638,59.31941896668706,0.0,1.0,0.013049858380214848,10.0,30e66a31a4f434367f39926fc66bce12f182e2490a706e0a619154d3117a327f,0.37172691704472527
E1-202-005,E1,uniform,batch,1,zone,4,64,24,202,426177a8a8a9ce6b6432033e15d58e46db09e0fcc3f2509c82b027d6e4ab461f,384,384,37743.68396080785,19054.7241062935,38097.757960807845,38157.25796080785,0.010079333287670912,0.27213485569964124,0.2418976495107922,27730.757960807845,0.0,512.1016133230319,1,2,1,384,2688,9166,0.041666666666666664,8.006350832689492,32307.0087674694,36610.057960807855,0.0,0.0,0.0,18967.260628273398,60.12988006873677,0.0,1.0,0.33359795136206216,26.0,30e66a31a4f434367f39926fc66bce12f182e2490a706e0a619154d3117a327f,0.3692075000144541
E1-202-006,E1,uniform,batch,2,zone,4,16,2,202,78964e47fc3ad38b741607f33cfab6d96cb15e7051abb91f1ac886ea77c59cb1,384,384,10442.223725538697,4755.994353320618,10638.443636602762,10654.893636602763,0.036095505425136135,0.1804605640650837,0.07218422562603348,8719.44363660276,2487.7717265706888,463.4298633552893,1,2,2,384,2688,9633,0.09635416666666667,2.146753063656467,14818.402421678722,17188.78827294738,46.69268822925175,2.199999989999924,0.0,4723.769408383153,27.012367168336045,0.005729166640624801,1.0,0.2068486024877325,4.000000000000001,30e66a31a4f434367f39926fc66bce12f182e2490a706e0a619154d3117a327f,0.3769103329977952
E1-202-007,E1,uniform,batch,2,zone,4,16,8,202,98602105688b9684f4ec177f1c3b29b393471c063496588fca918671d596407a,384,384,10423.440340726636,4726.742265848826,10619.660251790701,10636.110251790702,0.03615934887702734,0.397715386789424,0.28924755402867197,6396.660251790701,2536.9041596265934,923.0857368755716,2,3,2,384,2688,9285,0.2526041666666667,5.557584916243006,14878.483946610639,17099.43507081813,37.700163853369524,6.082761385241838,0.0,4687.137388759321,27.18516745861708,0.015840524440733954,1.0,1.403869106446801,10.0,30e66a31a4f434367f39926fc66bce12f182e2490a706e0a619154d3117a327f,0.37931416602805257
E1-202-008,E1,uniform,batch,2,zone,4,16,24,202,d5b9eeb9f5a20a2e290465dd1e072d3dea05f4ace136654eb0c473d96a0eb394,384,384,10692.092251159533,5227.667223423618,10869.944251159533,10899.444251159533,0.03532676811650046,0.9537349985852528,0.8477644431868914,502.94425115953413,1255.845885511746,37730.24979248111,4,2,2,384,2688,7480,0.9453125,102.88223083328135,14733.730853671965,15110.731934058238,27.183114152305784,3780.827568596776,0.0,5066.79383972379,26.77161973868785,9.845905126554104,1.0,97.25585883458628,26.0,30e66a31a4f434367f39926fc66bce12f182e2490a706e0a619154d3117a327f,0.3652107500238344
E1-202-009,E1,uniform,batch,2,zone,4,64,2,202,3a79a5775a428c44047a6579d4451496d0a649b52e0d0eab9929fec80bcdabc0,384,384,19627.616360915865,9364.073198759363,20040.286360915867,20080.586360915866,0.019161402840475714,0.09580223372010428,0.03832089348804171,18121.286360915867,2931.4999999900137,437.01114560800397,1,2,2,384,2688,9488,0.0546875,2.5243402670478083,30843.84089762073,35572.93928429769,23.033437594031618,4.599999970002955,0.0,9302.570745999197,56.352423735221976,0.011979166588549361,1.0,0.13804985835417702,4.0,30e66a31a4f434367f39926fc66bce12f182e2490a706e0a619154d3117a327f,0.3726824589539319
E1-202-010,E1,uniform,batch,2,zone,4,64,8,202,31de17be00c43c19ee195ba9e6770de4b4e5aaf254bc991fec8708cba613a7f3,384,384,19743.486883427817,9347.874724449453,20156.15688342782,20196.456883427818,0.01905125080246427,0.20955336233319474,0.15240244533323252,15933.156883427819,3180.400000000005,645.2526490571452,2,3,2,384,2688,9378,0.12239583333333333,5.558567001215854,30723.80580868479,35547.79304974376,16.48562823594795,5.035088905941848,0.0,9280.150902625976,56.03036417253219,0.013112210692556895,1.0,0.6803454402529822,10.0,30e66a31a4f434367f39926fc66bce12f182e2490a706e0a619154d3117a327f,0.3729591660085134
E1-202-011,E1,uniform,batch,2,zone,4,64,24,202,2aec19aeedb32131a98fa0fd0a65c60b1f7eb9cc877d10692382fe9c0503dd4f,384,384,19044.868811361343,9093.814198251443,19473.602811361343,19513.902811361342,0.01971900134349899,0.532385697435194,0.47323173105350586,9106.602811361343,2564.5000000100154,2499.4688208364178,2,3,2,384,2688,8743,0.3619791666666667,15.219200149902285,30972.12548589635,34763.025485896345,21.580136886332234,6.099999929999967,0.0,9004.59682039236,56.692459055002914,0.015885416484374915,1.0,5.509033387594838,26.0,30e66a31a4f434367f39926fc66bce12f182e2490a706e0a619154d3117a327f,0.37516104098176584
E1-202-012,E1,uniform,batch,4,zone,4,16,2,202,3fd6794ef0fd041c874b0bb88a99cd0999bc25fe40213708b4d3212aa1b28971,384,384,6209.152138262862,2416.752860811922,6418.699316160576,6474.249316160575,0.05982520462256118,0.29907942809201427,0.1196317712368057,4499.699316160576,6543.384205021796,698.2136336669748,2,5,2,384,2688,13355,0.3151041666666667,2.5968068898097094,13969.667685374025,16399.648655217723,1132.6044486940932,12.968932692110883,0.0,2384.8665165003554,26.03430637833976,0.03377326221903876,1.0,0.818264671007747,4.0,30e66a31a4f434367f39926fc66bce12f182e2490a706e0a619154d3117a327f,0.40118920896202326
E1-202-013,E1,uniform,batch,4,zone,4,16,8,202,4dcdb7dfcfe4d7dccab89ae36c45d19f1c92078cdda2ed6f193266581f53b31b,384,384,5897.712629933514,2301.3132182085265,6137.492629933513,6153.742629933513,0.06256626657719666,0.6881168154217937,0.5004485930340318,1914.492629933513,6233.389757886741,8385.344598728396,4,4,3,384,2688,11475,0.8203125,25.401093964217093,13759.570139277375,15496.75743797361,911.7855084631237,252.03163790842402,0.0,2243.7783615081107,25.041689417507396,0.6563323903865209,1.0,20.836834892521836,10.0,30e66a31a4f434367f39926fc66bce12f182e2490a706e0a619154d3117a327f,0.3950893330038525
E1-202-014,E1,uniform,batch,4,zone,4,16,24,202,46bae53b46234d40f99ab18fabb186174c2510882cd9fb04a18a603ebd5dfad9,384,384,10394.229855822954,5212.10159796734,10573.095164217266,10610.495164217265,0.0363185986729391,0.9805094278974629,0.8715639359088558,206.0951642172665,2426.8871270140153,40215.599999939994,4,4,4,384,2688,7320,0.9791666666666666,105.93510638281913,13344.540474667987,13693.92304949357,262.9712795477271,24241.999200813752,0.0,4994.921908591552,23.321358123825558,63.13020625211915,1.0,103.72812499984373,26.0,30e66a31a4f434367f39926fc66bce12f182e2490a706e0a619154d3117a327f,0.3644858750049025
E1-202-015,E1,uniform,batch,4,zone,4,64,2,202,7e33578804a6fdaa0043876d9d6e489fc8f9d4f772fb3ef41dd9b892b499695b,384,384,10424.018788806829,4546.481690116291,10734.98078880683,10835.68078880683,0.03577090705186821,0.1788378759024758,0.07153515036099031,8815.98078880683,6847.014263449773,526.6782937906281,2,4,2,384,2688,11770,0.16666666666666666,2.2293483404785643,29042.51756692436,33920.55957413081,601.5860199057017,5.715717685583698,0.0,4488.788304978984,52.306942399087795,0.014884681472874214,1.0,0.3715580567464274,3.999999999999998,30e66a31a4f434367f39926fc66bce12f182e2490a706e0a619154d3117a327f,0.37566049996530637
E1-202-016,E1,uniform,batch,4,zone,4,64,8,202,92107ef65404257ea973c25da1222807fd67e39c2a2ce45655f102f6ef0a51c1,384,384,10306.368594656935,4521.025816073679,10617.330594656936,10712.030594656937,0.03616728296971784,0.39780264537303867,0.2893110148167554,6394.330594656936,6545.279174543831,1367.513760041652,3,5,2,384,2688,11537,0.3645833333333333,7.0250982860118,29042.372945693467,33682.02052570892,635.909307072355,16.024516890637543,0.0,4455.074770000734,52.34808181010032,0.041730512736035265,1.0,2.5612337501084688,10.0,30e66a31a4f434367f39926fc66bce12f182e2490a706e0a619154d3117a327f,0.3788670829962939
E1-202-017,E1,uniform,batch,4,zone,4,64,24,202,cc291f60bce9a29f91a5f7e47751dd117e8af8d574dc8a6cd402a8e364a6b9d1,384,384,11477.20677338394,5261.87330726874,11869.296773383943,11890.796773383943,0.03235238003830967,0.8734406727932487,0.7763917091495544,1502.2967733839428,5977.090320101834,38176.29999943002,4,5,4,384,2688,8873,0.9479166666666666,103.82499999843411,29000.80215519999,31259.702155199986,382.4144127029634,8052.180205610988,0.0,5063.648869138804,51.837770929308704,20.969219285445284,1.0,98.41744791518234,26.0,30e66a31a4f434367f39926fc66bce12f182e2490a706e0a619154d3117a327f,0.3832911250065081
E1-202-018,E1,uniform,batch,8,zone,4,16,2,202,15f55a041c1f29c90866e7d585f3702e8db84c4240384cdf9baeb80906c7eeb4,384,384,3919.699758337637,1348.144084014594,4144.5106210477825,4168.660621047782,0.09265267606020036,0.46315162968144025,0.1852606518725761,2225.5106210477825,11934.85030292824,1464.048065200947,4,7,2,384,2688,19838,0.5677083333333334,4.954348922894254,12952.516082708162,15278.670982994421,4183.203897444948,22.805691050883595,0.0,1313.675394057433,26.596674966921917,0.059389820445009366,1.0,2.8126251697941322,4.0,30e66a31a4f434367f39926fc66bce12f182e2490a706e0a619154d3117a327f,0.4579563339939341
E1-202-019,E1,uniform,batch,8,zone,4,16,8,202,f0d15778e3c1d093f0a453bdca6c13aaec502d7e2c45f59d76ee665fad20a4da,384,384,4774.07136301329,2146.9801539593864,5001.581431356984,5056.831431356984,0.07677571689476954,0.8443640664244444,0.614082957399596,778.5814313569836,7402.906689587902,16043.822217679828,4,4,7,384,2688,8093,0.9583333333333334,42.55386472195606,11561.482316838603,11829.256556191483,805.5277172369374,18112.110487839553,0.0,2028.804427953834,19.22798458492919,47.166954395415495,1.0,40.780787025207886,10.0,30e66a31a4f434367f39926fc66bce12f182e2490a706e0a619154d3117a327f,0.37488304200815037
E1-202-020,E1,uniform,batch,8,zone,4,16,24,202,bdd0a15dd05958b5ad88c8798dd201b55827b6ff77dc7499d64fa600570e42ea,384,384,10276.69000001,5210.701375357158,10539.809377779638,10584.009377779637,0.0364332964891719,0.9836056822976113,0.8743161620423211,172.8093777796391,7331.693482093717,40679.290879828026,4,5,8,384,2688,6748,0.9895833333333334,106.04023915744222,11510.911697345959,11721.00269700142,338.39928261954344,63031.27956052243,0.0,4896.001494848094,18.620269987318828,164.1439571888605,1.0,104.93565333288552,26.0,30e66a31a4f434367f39926fc66bce12f182e2490a706e0a619154d3117a327f,0.37628183304332197
E1-202-021,E1,uniform,batch,8,zone,4,64,2,202,a19462e4dd266635b7e40d169650b9d583bb26fae96a3858f016c50478a5d35a,384,384,6111.1180010099915,2238.4759347582417,6451.70000100999,6495.80000100999,0.05951919648152986,0.29754986280153695,0.11901994512061478,4532.70000100999,16118.20000090007,798.1341694239135,3,8,2,384,2688,16933,0.3489583333333333,3.0905535031635334,26505.147695672924,31204.095275688374,2403.277868217964,13.561952189517797,0.0,2184.9843337295442,47.377809045329414,0.03531758382686926,1.0,1.0784743995414412,3.9999999999999987,30e66a31a4f434367f39926fc66bce12f182e2490a706e0a619154d3117a327f,0.40039675001753494
E1-202-022,E1,uniform,batch,8,zone,4,64,8,202,722554b148988ed7c284a2703083a0190ce32adcf38edc31a95d091d6e73c02e,384,384,5566.699000140004,2195.806250046745,5934.900000140001,6043.400000140001,0.06470201688165625,0.7116022843882772,0.5175289341005653,1711.9000001400009,12868.400000250032,15110.977057172715,4,6,5,384,2688,10444,0.9270833333333334,41.3679130819458,24456.685315935505,25827.585315935507,1297.0644451379733,5396.05023989652,0.0,2091.8038925749056,40.59864055238817,14.052214166397187,1.0,38.35150275305392,10.0,30e66a31a4f434367f39926fc66bce12f182e2490a706e0a619154d3117a327f,0.38225066696759313
E1-202-023,E1,uniform,batch,8,zone,4,64,24,202,9b93d92d5c5fc99b14e34592b0dc8c1f92ab964e8b86c67a0ad7290c91be193f,384,384,10762.118000060005,5234.629947927839,11069.700000060011,11162.200000060013,0.034689286972358624,0.9365261455864398,0.8324676849657242,702.7000000600106,10101.800000210067,40064.09999983001,4,5,7,384,2688,7120,0.9739583333333334,106.09652406371659,24382.355493807365,24809.955493807363,474.85376708608067,51052.39073934657,0.0,4931.664553624663,39.682866336570186,132.94893421704836,1.0,103.3335937495573,26.0,30e66a31a4f434367f39926fc66bce12f182e2490a706e0a619154d3117a327f,0.37222616700455546
E2-202-024,E2,uniform,batch,2,zone,4,32,8,202,221d0b204dbea754aafb94df35ae59d40093acc76078b7a305e13220d1d0f6bb,384,384,13542.77668729915,6293.236977400289,13811.225541681151,13835.625541681151,0.027803470361201427,0.30581603140299407,0.2224116592021775,9588.225541681151,2669.3476684389225,705.2707191602497,2,3,2,384,2688,9440,0.15885416666666666,5.266733100987707,20212.27588731166,23358.72290216796,31.64012890827572,4.440355733728666,0.0,6244.468704195982,36.9200672801035,0.0115634263899184,0.9999999999999988,0.8366424978131515,10.0,30e66a31a4f434367f39926fc66bce12f182e2490a706e0a619154d3117a327f,0.37776458298321813
E2-202-025,E2,hotspot,batch,2,zone,4,32,8,202,221d0b204dbea754aafb94df35ae59d40093acc76078b7a305e13220d1d0f6bb,384,384,19960.958115441816,8754.101709972214,20238.940755547952,20254.11407560102,0.018973324969822687,0.20869626304820893,0.1517791003986974,16015.940755547952,15074.381414828827,530.7510875319131,1,3,2,384,2688,9610,0.078125,4.891702917730438,20409.11074740532,23805.455139999558,15.971636234455154,1.799999989998355,0.0,8706.40638931667,36.30846886512278,0.00468749997395405,1.0,0.38216429044769046,10.0,60ab4867ad536746d1ff5c0ee6590229c165996f93be5c2072c7e15866c067c2,0.481379457982257
E2-202-026,E2,uniform,batch,2,nonzone_fifo,4,32,8,202,d01bcb689deffcbf186932322a7c74d2fc6f28c0f74f43649add40a548a9d93c,384,384,14093.052940894297,7074.653321849217,14216.491581050439,14259.918261027373,0.027010883649510573,0.29709882196307347,0.21607187051859886,9993.491581050443,0.0,654.8123548602672,1,2,2,385,2690,13852,0.14583333333333334,4.835934908219057,20769.930010457636,24587.171932663387,2362.144629252153,2.3999999799998477,0.0,7021.167248590568,41.77458275125185,0.00624999994791627,1.0,0.7052405074486126,9.999999999999991,30e66a31a4f434367f39926fc66bce12f182e2490a706e0a619154d3117a327f,0.3667420000419952
E2-202-027,E2,hotspot,batch,2,nonzone_fifo,4,32,8,202,d01bcb689deffcbf186932322a7c74d2fc6f28c0f74f43649add40a548a9d93c,384,384,15516.924346177137,7883.406557546599,15694.574986351583,15726.348306414651,0.024467053127207112,0.26912043704503136,0.19572395421456826,11471.574986351583,0.0,676.9280848067611,1,2,1,385,2690,17233,0.15104166666666666,5.050484220806227,21273.359601190816,25518.649227745966,4383.67406504027,0.0,0.0,7826.338568244154,45.30515574826106,0.0,1.0,0.7628335541842738,10.0,60ab4867ad536746d1ff5c0ee6590229c165996f93be5c2072c7e15866c067c2,0.37235016602789983
E2-202-028,E2,uniform,batch,2,nonzone_local,4,32,8,202,ee4971ac8203c9100dcb15b740e5192bfa552b30a6188c7754530e84d9647103,384,384,14131.558207852093,7108.135459543678,14254.996848008235,14298.42352798517,0.026937922476893007,0.29629636180721747,0.2154882631325218,10031.996848008239,0.0,651.5965544268738,1,2,2,520,2960,14501,0.14322916666666666,4.865391898670432,20737.030010457634,24608.069299259485,2419.257796561649,2.3999999799998477,0.0,7054.699955122861,41.732388393715645,0.00624999994791627,1.0,0.6968660271533171,9.99999999999999,30e66a31a4f434367f39926fc66bce12f182e2490a706e0a619154d3117a327f,0.37231183296535164
E2-202-029,E2,hotspot,batch,2,nonzone_local,4,32,8,202,ee4971ac8203c9100dcb15b740e5192bfa552b30a6188c7754530e84d9647103,384,384,15514.50349306328,7873.636649973054,15692.154133237726,15723.927453300794,0.024470827697686538,0.2691619520293673,0.19575414693044896,11469.154133237726,0.0,632.7333517045588,1,2,1,505,2930,18555,0.12760416666666666,5.076190851113446,21102.894690126748,25713.58623816299,4183.895348395533,0.0,0.0,7817.635049863896,44.35385700576084,0.0,1.0,0.6477431033972887,10.000000000000002,60ab4867ad536746d1ff5c0ee6590229c165996f93be5c2072c7e15866c067c2,0.37185804202454165
E2-202-030,E2,uniform,batch,4,zone,4,32,8,202,a8661222f33a49fe0e3f31998b88b80fc83c112d1b490746322059b7710ae9df,384,384,7523.303729695363,3058.3033098183987,7820.735537771277,7838.735537771277,0.04910024103812502,0.5400335999091559,0.39275170902484063,3597.7355377712784,6873.134361726192,2374.112374907364,4,4,2,384,2688,12088,0.5963541666666666,8.690447051997223,18980.956641035023,21830.929438324307,883.1668000044103,13.311551050200947,0.0,3007.495880002632,34.59018000858537,0.03466549752656497,1.0,5.182584309654595,9.999999999999998,30e66a31a4f434367f39926fc66bce12f182e2490a706e0a619154d3117a327f,0.39819729095324874
E2-202-031,E2,hotspot,batch,4,zone,4,32,8,202,a8661222f33a49fe0e3f31998b88b80fc83c112d1b490746322059b7710ae9df,384,384,18388.308824179847,7215.115735554902,18646.50746428598,18701.48078433905,0.020593668853831352,0.22651820936872533,0.1647405159045275,14423.50746428598,49333.50104406864,982.6572517359181,3,5,2,384,2688,10191,0.17447916666666666,8.935182861730121,20035.885690302264,23371.17762707517,285.3917740630752,3.8928116911126835,0.0,7166.984249979296,35.56234478543183,0.010137530445605947,1.0,1.5590032597289534,10.0,60ab4867ad536746d1ff5c0ee6590229c165996f93be5c2072c7e15866c067c2,0.7944400410051458
E2-202-032,E2,uniform,batch,4,nonzone_fifo,4,32,8,202,f7a1895c1d3567a773d961969601985e177f0856a74ac231dbcab448371e8f3e,384,384,8049.267877398657,4043.5088686768495,8133.045877366956,8157.445877366956,0.047214783463673096,0.519298767634605,0.3776718310069855,3910.0458773669566,0.0,1463.5876044324282,3,4,2,390,2702,20640,0.3645833333333333,7.7113400316602005,20997.492219368814,24314.17661924628,6635.698423386,5.82842704474956,0.0,3979.7321533631907,49.95011106502014,0.015178195429035313,1.0,2.8114260532094484,9.999999999999998,30e66a31a4f434367f39926fc66bce12f182e2490a706e0a619154d3117a327f,0.37345395801821724
E2-202-033,E2,hotspot,batch,4,nonzone_fifo,4,32,8,202,f7a1895c1d3567a773d961969601985e177f0856a74ac231dbcab448371e8f3e,384,384,10379.224666776357,5252.869263361923,10494.208666842964,10525.208666862965,0.03659161087708017,0.4024693680788541,0.2927049949664393,6271.208666842964,0.0,1050.378062597821,2,3,2,390,2704,31513,0.3046875,5.695538996562578,21163.28069073674,25234.54385177834,15177.164135766587,2.8999999900001967,0.0,5179.252411548652,60.87394019194814,0.007552083307292179,0.9999999999999988,1.7353595380151605,10.0,60ab4867ad536746d1ff5c0ee6590229c165996f93be5c2072c7e15866c067c2,0.37003954098327085
E2-202-034,E2,uniform,batch,4,nonzone_local,4,32,8,202,490d7e4127a98700b649dcb4602cbeff5a126585e085f7445978c30c9ce6d1dd,384,384,8045.494808486682,4005.104504538147,8127.14480852498,8155.14480854498,0.047249065821640415,0.5196757808214457,0.37794602241559694,3904.144808524982,0.0,1666.1330617981243,4,4,2,675,3272,23028,0.4244791666666667,7.865847004896468,20805.82244741856,24467.353690693704,6459.942870321523,6.602633283900445,0.0,3942.957982382817,47.79043961605411,0.01719435751015741,1.0,3.3388881817659484,9.999999999999996,30e66a31a4f434367f39926fc66bce12f182e2490a706e0a619154d3117a327f,0.3798891670303419
E2-202-035,E2,hotspot,batch,4,nonzone_local,4,32,8,202,490d7e4127a98700b649dcb4602cbeff5a126585e085f7445978c30c9ce6d1dd,384,384,10602.892217339047,5426.461717426453,10717.876217405654,10748.876217425655,0.035827993551221494,0.39407116140971327,0.28659720829797325,6494.876217405655,0.0,1092.2477130859563,2,4,2,615,3153,34807,0.3125,5.902064275716302,21372.185356830014,25601.976204085277,15705.10198575041,0.9999999999990905,0.0,5351.5013671852175,62.11335098840731,0.002604166666664298,1.0,1.8443950861613445,9.999999999999998,60ab4867ad536746d1ff5c0ee6590229c165996f93be5c2072c7e15866c067c2,0.37528908299282193
E2-202-036,E2,uniform,batch,8,zone,4,32,8,202,15b44aae6c24be5b94a57ee49285143fe2dd4ac777f7c1c4ad4450f1536ef2b8,384,384,5031.644000090003,2161.2161875796182,5295.491834115608,5326.291834115608,0.07251451083846894,0.7975090177223525,0.5800065583435291,1072.491834115608,9548.425511673946,15881.926679976936,4,4,6,384,2688,8489,0.9479166666666666,42.57672164828828,15862.239395319417,16176.750975477895,951.3925551167829,13866.065630656234,0.0,2047.5395515889015,26.20790601510962,36.10954591316728,1.0,40.35918406243993,10.0,30e66a31a4f434367f39926fc66bce12f182e2490a706e0a619154d3117a327f,0.37540679197991267
E2-202-037,E2,hotspot,batch,8,zone,4,32,8,202,15b44aae6c24be5b94a57ee49285143fe2dd4ac777f7c1c4ad4450f1536ef2b8,384,384,9623.502333343575,3911.7631954312574,9775.978797024512,9791.152117077581,0.03927995426062882,0.4320353033071439,0.3142074933142865,5552.9787970245125,50135.70461887309,5642.590157690813,4,6,6,384,2688,13202,0.4713541666666667,29.05298429663434,18095.230702439905,20694.76227174585,1540.4474784371541,4114.176086821892,0.0,3844.6379853845624,31.71696461827683,10.714000226098674,1.0,13.69424520231983,10.0,60ab4867ad536746d1ff5c0ee6590229c165996f93be5c2072c7e15866c067c2,1.1824016249738634
E2-202-038,E2,uniform,batch,8,nonzone_fifo,4,32,8,202,a54805ea661717aff27f531b541f8eb3a9308c48aa12e37272e27ea226b87e50,384,384,5287.395078779441,2640.6173632566483,5347.454392120275,5375.454392140275,0.0718098691156379,0.7897608711449607,0.5743715426508805,1124.4543921202744,0.0,5085.405658054889,4,5,3,413,2767,36373,0.7161458333333334,17.096020574708696,20977.793597596465,24130.11586512876,16679.981392505746,143.3139068266261,0.0,2551.8179451516235,65.18296090481282,0.37321329902767214,0.9999999999999997,12.243243901184613,10.000000000000002,30e66a31a4f434367f39926fc66bce12f182e2490a706e0a619154d3117a327f,0.37745874997926876
E2-202-039,E2,hotspot,batch,8,nonzone_fifo,4,32,8,202,a54805ea661717aff27f531b541f8eb3a9308c48aa12e37272e27ea226b87e50,384,384,8238.900445545229,4177.813132890283,8359.24298119111,8390.242981211111,0.045937174079522185,0.5052484729813671,0.36745343489553967,4136.24298119111,0.0,1919.1412357459214,4,6,2,413,2767,62645,0.4296875,9.303886277248008,21124.021747153034,24852.389989557338,39937.527179984594,3.9999998900000264,0.0,4066.1185751847092,96.68637740443815,0.010416666380208403,1.0,3.9977636347550036,10.0,60ab4867ad536746d1ff5c0ee6590229c165996f93be5c2072c7e15866c067c2,0.37911608401918784
E2-202-040,E2,uniform,batch,8,nonzone_local,4,32,8,202,033ef4bf09aeeeb6025d6e272acfa1b9c4a15b30924e5ee23550c5fb6311be4e,384,384,5406.551997860423,2685.2185798436303,5472.557997910221,5512.757997940221,0.07016828330492544,0.7717101018410152,0.5612437104298292,1249.5579979102217,0.0,4469.8016237650145,4,5,4,1117,4172,44262,0.7161458333333334,14.857460450018234,20750.15363007394,24242.340114447896,17547.237545490672,279.12982144813674,0.0,2597.3626984299353,65.48887244178599,0.7269005766878561,1.0,10.640108395221391,9.999999999999998,30e66a31a4f434367f39926fc66bce12f182e2490a706e0a619154d3117a327f,0.3992348749889061
E2-202-041,E2,hotspot,batch,8,nonzone_local,4,32,8,202,033ef4bf09aeeeb6025d6e272acfa1b9c4a15b30924e5ee23550c5fb6311be4e,384,384,8494.612641021033,4346.477274506588,8592.640352375533,8635.2937122894,0.044689406777491725,0.4915262713818787,0.35747365191409364,4369.6403523755325,0.0,2091.080364068146,4,5,2,1091,4123,75692,0.4505208333333333,9.867516555307203,21434.706701047813,24871.95809648583,42039.74530820115,47.47969312285427,0.0,4230.255962096656,100.65214559433137,0.12364503417409967,1.0,4.4455217814274635,10.0,60ab4867ad536746d1ff5c0ee6590229c165996f93be5c2072c7e15866c067c2,0.3860922919702716
E3-202-042,E3,uniform,batch,4,zone,0,32,2,202,e3be303d8ce8ffa7454624e636fe3448fd407aa8eeb2c5d472577b2681115092,384,384,7687.143134806687,3169.1126707578887,7930.865156444974,8001.465156444974,0.048418425029953326,0.24206160368723859,0.09682464147489543,5627.865156444975,6711.09499099451,0.0,0,4,3,384,2688,12206,0.0,0.0,18953.119296143977,22201.674545686008,862.6607120119598,371.5877363303028,0.0,3128.7193904568203,34.425603904374995,0.9676763966934968,1.0,0.0,4.0,30e66a31a4f434367f39926fc66bce12f182e2490a706e0a619154d3117a327f,0.3813577910186723
E3-202-043,E3,uniform,batch,4,zone,0,32,8,202,914bff391be128133f5b2f13df03c5abf3bd6925fcbe9bdb82b23d2370e790da,384,384,7868.01748629085,3306.688228147649,8111.739507929136,8176.339507929137,0.047338798247237135,0.5206625944135881,0.37866370502806407,3504.7395079291364,6300.06450607198,0.0,0,4,3,384,2688,11672,0.0,0.0,18965.2820002154,22198.147968964175,674.9383539864627,1669.707202713926,0.0,3256.8901083555634,34.44992395168513,4.348195840400849,1.0,0.0,10.0,30e66a31a4f434367f39926fc66bce12f182e2490a706e0a619154d3117a327f,0.3777248749975115
E3-202-044,E3,uniform,batch,4,zone,0,32,24,202,460a7ce817c0d21974c43a4acb907807cd94b40dcc8cf620151ed760ca69be7b,384,384,11318.097559673184,5426.354165783877,11599.459400963267,11617.459400963267,0.033104991079852486,0.8937577074869183,0.7944512955439275,848.4594009632667,4144.658242610598,0.0,0,4,4,384,2688,7860,0.0,0.0,18719.2935637976,19735.066883850664,242.1470719627001,20526.765405429112,0.0,5312.739992354106,33.15905518646558,53.45511824330498,1.0,0.0,26.0,30e66a31a4f434367f39926fc66bce12f182e2490a706e0a619154d3117a327f,0.36609666602453217
E3-202-045,E3,uniform,batch,4,zone,1,32,2,202,7ffbb63a094c38666490537ef1e7ad30845dfa97707b5124ef1cb9384a7bb01d,384,384,7659.347297280341,3113.958716063541,7903.069318918628,7973.669318918628,0.04858871718115494,0.24291284938562244,0.09716513975424898,5984.069318918628,6950.675639423607,561.7499924974048,1,4,2,384,2688,12506,0.21614583333333334,2.1415661746675276,18953.119296143974,22201.674545686004,868.4688414420189,12.35824918288074,0.0,3073.9820978785874,34.48154463891139,0.032182940580418595,1.0,0.4628906054619917,4.000000000000001,30e66a31a4f434367f39926fc66bce12f182e2490a706e0a619154d3117a327f,0.39062050002394244
E3-202-046,E3,uniform,batch,4,zone,1,32,8,202,02f609786b5c1de414bdb04d30b340b7a10ab6e577ab9f9f1ee868c2500f612f,384,384,7611.087032565142,3072.446595251795,7854.809054203429,7919.409054203429,0.048887248225914025,0.5376912767170496,0.3910482012487634,3631.809054203429,6982.355752506386,1764.8455886991223,1,4,2,384,2688,11793,0.5364583333333334,6.703133925723896,18758.098826322614,21803.74495495284,785.304884024131,243.76850417307108,0.0,3023.259723974013,33.95610541092748,0.6348138129507059,1.0,3.595952053903965,10.0,30e66a31a4f434367f39926fc66bce12f182e2490a706e0a619154d3117a327f,0.4064595829695463
E3-202-047,E3,uniform,batch,4,zone,1,32,24,202,9a118d3842daea92bcf868a95a2cc048f86a386623b8dd83ba4f26668d44287e,384,384,10412.98069024721,5217.723532385459,10694.342531537293,10712.342531537293,0.03590683568135167,0.9693939179065971,0.8616834825836419,327.3425315372936,2456.3076344226774,10097.599999980002,1,3,4,384,2688,7006,0.9765625,25.902933333280004,18482.75188412867,18574.32520418172,199.75985150789003,19804.577436036885,0.0,5081.371910550681,32.481368095152135,51.57442040634606,1.0,25.29583333328125,26.0,30e66a31a4f434367f39926fc66bce12f182e2490a706e0a619154d3117a327f,0.37214262498309836
E3-202-048,E3,uniform,batch,4,zone,2,32,2,202,affe5a60a0b3f893fc69fdf080225cdbf30c0108321484692010845284e70a72,384,384,7616.103556023176,3109.2409532777133,7859.825577661462,7930.425577661463,0.04885604600328188,0.24424915437077868,0.09769966174831148,5940.825577661462,6779.187104193848,575.1185338621391,2,4,2,384,2688,12445,0.2109375,2.3594880723720886,18978.916662740074,22218.874545686005,853.3082052639637,8.73245557203245,0.0,3069.193474280804,34.52703371192479,0.022740769718834503,0.9999999999999997,0.49770451526598747,4.0,30e66a31a4f434367f39926fc66bce12f182e2490a706e0a619154d3117a327f,0.3911157089751214
E3-202-049,E3,uniform,batch,4,zone,2,32,8,202,12398dc35ad96dde59e600d8ecb8df77a4806dfcf7d5b175871c92a85ddf2f49,384,384,7589.724841082659,3068.509226140642,7887.156649158574,7905.156649158574,0.04868674695854638,0.5354863230879894,0.38944459860944686,3664.1566491585727,7074.460051668887,2028.9074343611953,2,4,2,384,2688,11807,0.5416666666666666,7.908208819044209,19130.13121077648,21914.98804732557,850.5887994016628,24.961271143431773,0.0,3018.200938581028,34.95967113902914,0.06500331026935358,1.0,4.2836131103156125,10.000000000000002,30e66a31a4f434367f39926fc66bce12f182e2490a706e0a619154d3117a327f,0.3988029580214061
E3-202-050,E3,uniform,batch,4,zone,2,32,24,202,7d8e3f28fd46b4d827391aeb67596f1d254b1c483d4de78f3d2e8a9227017567,384,384,10526.315779203145,5220.093442861271,10807.677620493228,10825.677620493228,0.035530297394499394,0.9592292752207074,0.8526482446406288,440.67762049322874,2909.4448480252104,20104.953359853862,2,3,4,384,2688,7173,0.9765625,52.589208959610296,18488.986973064602,18734.76029311766,237.78457052906444,19605.320770300983,0.0,5058.159473567661,32.521797079665184,51.055522839325484,1.0,51.35664937461943,26.0,30e66a31a4f434367f39926fc66bce12f182e2490a706e0a619154d3117a327f,0.36740983300842345
E3-202-051,E3,uniform,batch,4,zone,4,32,2,202,bddd0860493b2933491986721125b981e221ff4a65dce9be3d4762c6b46bed71,384,384,7616.103556023176,3109.2409532777133,7859.825577661462,7930.425577661463,0.04885604600328188,0.24424915437077868,0.09769966174831148,5940.825577661462,6779.187104193848,575.1185338621391,2,4,2,384,2688,12445,0.2109375,2.3594880723720886,18978.916662740074,22218.874545686005,853.3082052639637,8.73245557203245,0.0,3069.193474280804,34.52703371192479,0.022740769718834503,0.9999999999999997,0.49770451526598747,4.0,30e66a31a4f434367f39926fc66bce12f182e2490a706e0a619154d3117a327f,0.3920537499943748
E3-202-052,E3,uniform,batch,4,zone,4,32,8,202,a8661222f33a49fe0e3f31998b88b80fc83c112d1b490746322059b7710ae9df,384,384,7523.303729695363,3058.3033098183987,7820.735537771277,7838.735537771277,0.04910024103812502,0.5400335999091559,0.39275170902484063,3597.7355377712784,6873.134361726192,2374.112374907364,4,4,2,384,2688,12088,0.5963541666666666,8.690447051997223,18980.956641035023,21830.929438324307,883.1668000044103,13.311551050200947,0.0,3007.495880002632,34.59018000858537,0.03466549752656497,1.0,5.182584309654595,9.999999999999998,30e66a31a4f434367f39926fc66bce12f182e2490a706e0a619154d3117a327f,0.3963487080181949
E3-202-053,E3,uniform,batch,4,zone,4,32,24,202,f3726455d44e4b4c49a1f65ee9e47af4dc7916be971926e18a552b6f483b5751,384,384,10786.811224298152,5228.024799075685,11068.173065588235,11086.173065588235,0.03469407261022005,0.9366553344650436,0.8325825195244831,701.173065588235,3537.1992365754995,39658.199999939985,4,4,4,384,2688,7868,0.9635416666666666,106.14648648632432,18682.501542705886,19650.648182812016,246.9928258804005,19091.652017085024,0.0,5015.843288331652,33.18710444969719,49.71784379449225,1.0,102.27656249984375,26.0,30e66a31a4f434367f39926fc66bce12f182e2490a706e0a619154d3117a327f,0.3643432919634506
E3-202-054,E3,uniform,batch,4,nonzone_fifo,0,32,2,202,24fd4d60da3ae86021e5145af221a7122238cba8fd3346c792c846233a36f8da,384,384,7911.675915279776,3920.9174628006394,8033.997275260239,8058.3972752602385,0.047796879541207135,0.23895465477153066,0.09558186190861227,5730.99727526024,0.0,0.0,0,3,3,390,2703,19043,0.0,0.0,21212.82306755018,24020.80745613976,6190.75991482651,267.34841000162106,0.0,3865.3163664618864,49.904876521040634,0.6962198177125549,1.0,0.0,3.999999999999998,30e66a31a4f434367f39926fc66bce12f182e2490a706e0a619154d3117a327f,0.36620554100954905
E3-202-055,E3,uniform,batch,4,nonzone_fifo,0,32,8,202,4296a69771efb66f7042ce2451880f839f9887e54d7b27b0c995245e7f26b9a7,384,384,8123.728228323167,4073.2910711432523,8242.78822840317,8267.188228403169,0.046586178045531355,0.5123857967926225,0.37264421584918,3635.7882284031707,0.0,0.0,0,3,3,390,2706,19122,0.0,0.0,21534.03631772753,23879.10876284238,6141.478369201929,1250.2391015614305,0.0,4008.312013554406,50.72322659519673,3.255830993649558,0.9999999999999977,0.0,10.0,30e66a31a4f434367f39926fc66bce12f182e2490a706e0a619154d3117a327f,0.3665719999698922
E3-202-056,E3,uniform,batch,4,nonzone_fifo,0,32,24,202,abfcf7fe2e76d041ede1ccbe6ff2e05701dd278e9ca98dbbf73cc5bb115fe367,384,384,10718.504006982244,5437.694508811979,10825.744006982244,10834.917327035313,0.03547100317099063,0.9576286271582299,0.851225446362871,74.74400698224582,0.0,0.0,0,2,4,390,2708,13736,0.0,0.0,22669.9255065836,23041.525506583577,3838.9125398473398,14697.311301611131,0.0,5322.5781727757585,49.84208785494089,38.27424818127899,1.0,0.0,25.999999999999996,30e66a31a4f434367f39926fc66bce12f182e2490a706e0a619154d3117a327f,0.3608565829927102
E3-202-057,E3,uniform,batch,4,nonzone_fifo,1,32,2,202,8dfc2170a7542a202b3109446b0e9903fad7a05b4389b939dd72fc0e4b5358a5,384,384,7859.9330186160305,3936.1551596933205,7962.58701869093,7986.987018690929,0.04822553261881094,0.2410973843186074,0.09643895372744296,6043.58701869093,0.0,522.6604646518572,1,3,2,390,2705,19967,0.16666666666666666,2.1665697600290423,20676.133430021153,24137.231494553576,6101.02864030765,11.007900071699517,0.0,3883.2984834111658,47.46691491568738,0.02866640643671749,0.9999999999999986,0.36109496003087943,4.0,30e66a31a4f434367f39926fc66bce12f182e2490a706e0a619154d3117a327f,0.37050295900553465
E3-202-058,E3,uniform,batch,4,nonzone_fifo,1,32,8,202,a2551495f61038a1c6b689dbfd5bb2042aa4e0b1445d83813a616f828c6d5ca8,384,384,7982.388516672083,3986.5180088451048,8101.982516683781,8126.3825166837805,0.0473958070397287,0.5212895364519077,0.37911966287411464,3878.982516683781,0.0,1138.1390694264896,1,3,2,390,2704,20212,0.3567708333333333,5.504664740339341,21006.957130432886,24413.471515453883,6244.280982134983,66.55088918932844,0.0,3924.4948702097377,48.88592520147169,0.17330960726387618,1.0,1.9639038266314837,10.0,30e66a31a4f434367f39926fc66bce12f182e2490a706e0a619154d3117a327f,0.3730850419960916
E3-202-059,E3,uniform,batch,4,nonzone_fifo,1,32,24,202,c88671f2b98ea5b8b7280fe126dc715ba730999674129bdfd854f7a4002f89a6,384,384,10281.79000001,5214.70000001,10385.20000001,10415.773320063068,0.036975696182994094,0.9982476747982918,0.8873312664873705,18.200000009999997,0.0,10200.971572535254,1,2,3,390,2708,12702,0.9973958333333334,25.631779562755234,22293.98166252735,22531.06919614278,3384.393242097694,13835.805909342684,0.0,5078.284533365169,47.819691952439825,36.03074455557991,1.0,25.56503013681056,26.0,30e66a31a4f434367f39926fc66bce12f182e2490a706e0a619154d3117a327f,0.3583767500240356
E3-202-060,E3,uniform,batch,4,nonzone_fifo,2,32,2,202,f2afdd75f3f68e23fae6d9408609f3fe7c474c51707a827e172c8014e622e617,384,384,7899.782769228032,3953.60219945865,7999.23876926803,8028.83876928803,0.04800456781903734,0.23999283713574307,0.09599713485429723,6080.23876926803,0.0,539.3408287002408,2,4,2,390,2702,20240,0.17708333333333334,2.2844239514741362,20806.25401068138,24272.36101068051,6158.164753110783,3.602633383899395,0.0,3900.481404702767,47.706879490038524,0.009381857770571342,0.9999999999999986,0.404533408073545,4.0,30e66a31a4f434367f39926fc66bce12f182e2490a706e0a619154d3117a327f,0.36857004201738164
E3-202-061,E3,uniform,batch,4,nonzone_fifo,2,32,8,202,922ac8bf067680bd7d2b9c42bdf664a362fc3f313f87092b0fc1ce689f63fc02,384,384,8074.349591374972,3993.2761584347204,8156.636662571828,8184.636662591828,0.0470782279370187,0.5177970256238791,0.3765796549991848,3933.636662571831,0.0,1489.4997624376251,2,4,2,390,2704,20812,0.3958333333333333,7.273024752813335,20987.938587815166,24400.389271184344,6623.515294011829,10.895445015009216,0.0,3930.4638446894965,48.905034559149186,0.028373554726586498,0.9999999999999977,2.878905631347984,9.999999999999995,30e66a31a4f434367f39926fc66bce12f182e2490a706e0a619154d3117a327f,0.3810471670003608
E3-202-062,E3,uniform,batch,4,nonzone_fifo,2,32,24,202,027e881a2c79189b6295b43c2906d9155ebd5348f5877d5b298da0bf611ade0f,384,384,10281.79000001,5214.70000001,10385.20000001,10415.773320063068,0.036975696182994094,0.9982476747982918,0.8873312664873705,18.200000009999997,0.0,20455.545547669906,2,3,4,390,2712,13028,0.9973958333333334,52.40612414535224,22243.44094376818,22529.183028989322,3724.88035075763,13417.947470832274,0.0,5052.516769328052,47.9710092795981,34.942571538625714,1.0,52.269649863723714,26.0,30e66a31a4f434367f39926fc66bce12f182e2490a706e0a619154d3117a327f,0.3585040830075741
E3-202-063,E3,uniform,batch,4,nonzone_fifo,4,32,2,202,48f4fe10dd05288b4dd2eaf04ca03a32c7c9c30609c3fde07619286ac7f8a0db,384,384,7899.782769228032,3953.60219945865,7999.23876926803,8028.83876928803,0.04800456781903734,0.23999283713574307,0.09599713485429723,6080.23876926803,0.0,539.3408287002408,2,4,2,390,2702,20240,0.17708333333333334,2.2844239514741362,20806.25401068138,24272.36101068051,6158.164753110783,3.602633383899395,0.0,3900.481404702767,47.706879490038524,0.009381857770571342,0.9999999999999986,0.404533408073545,4.0,30e66a31a4f434367f39926fc66bce12f182e2490a706e0a619154d3117a327f,0.40877774998079985
E3-202-064,E3,uniform,batch,4,nonzone_fifo,4,32,8,202,f7a1895c1d3567a773d961969601985e177f0856a74ac231dbcab448371e8f3e,384,384,8049.267877398657,4043.5088686768495,8133.045877366956,8157.445877366956,0.047214783463673096,0.519298767634605,0.3776718310069855,3910.0458773669566,0.0,1463.5876044324282,3,4,2,390,2702,20640,0.3645833333333333,7.7113400316602005,20997.492219368814,24314.17661924628,6635.698423386,5.82842704474956,0.0,3979.7321533631907,49.95011106502014,0.015178195429035313,1.0,2.8114260532094484,9.999999999999998,30e66a31a4f434367f39926fc66bce12f182e2490a706e0a619154d3117a327f,0.380368540994823
E3-202-065,E3,uniform,batch,4,nonzone_fifo,4,32,24,202,0061e964fe5127ebd2fb7449254cc6879a1880eb7ec4cc19a2a9b2bbea0574a9,384,384,10281.79000001,5214.70000001,10385.20000001,10409.373320063069,0.036975696182994094,0.9982476747982918,0.8873312664873705,18.200000009999997,0.0,40923.282291131996,4,2,4,390,2716,13631,0.9973958333333334,105.84669005517492,22459.459402328073,22822.032722381122,4011.8259032218357,12680.461334616251,0.0,4999.516345968322,49.59057168295833,33.02203472556315,1.0,105.57104763315623,26.0,30e66a31a4f434367f39926fc66bce12f182e2490a706e0a619154d3117a327f,0.35672591702314094
E3-202-066,E3,uniform,batch,8,zone,0,32,2,202,c7c2fe9a76fa4f6c391a3ab9c346af2bcfe67f85d4d285801e1c8c1a87b8b889,384,384,4736.379176505886,1718.848865317487,5000.227010531491,5031.027010531491,0.07679651327654088,0.3839057887108303,0.1535623154843321,2697.227010531491,12973.036898602206,0.0,0,8,4,384,2688,17871,0.0,0.0,17468.396162824873,20638.69845891009,3178.707940024482,1423.7281312190605,0.0,1677.1626431703169,32.97859680545369,3.7076253417163034,1.0,0.0,4.0,30e66a31a4f434367f39926fc66bce12f182e2490a706e0a619154d3117a327f,0.41311575000872836
E3-202-067,E3,uniform,batch,8,zone,0,32,8,202,80902243f5eea0861936c3725fb62b84ec44c39f9c44f2af68d75b69090f1e83,384,384,5643.8853738683365,2371.239368667301,5907.733207893942,5938.533207893942,0.06499954999438656,0.7148740434509424,0.519908395237049,1300.733207893942,11125.911317894015,0.0,0,8,7,384,2688,14491,0.0,0.0,17437.111342784887,20643.98521174536,1984.459436418633,11659.449675658465,0.0,2298.0719450860624,31.804273384210916,30.363150197027252,1.0,0.0,9.999999999999998,30e66a31a4f434367f39926fc66bce12f182e2490a706e0a619154d3117a327f,0.3896148329949938
E3-202-068,E3,uniform,batch,8,zone,0,32,24,202,91d2e7a532c3165b82dd94d3d909452306bc12fa16278f0b1bd342b7c13b743f,384,384,11071.367000010001,5416.0768216113975,11316.442640697118,11373.442640697118,0.033932925053587755,0.9161080227362535,0.8143182424322253,565.4426406971181,9283.759744885396,0.0,0,8,8,384,2688,7420,0.0,0.0,16134.300026832403,17100.897393428502,358.8227810011136,61813.06120627194,0.0,5201.579403738376,26.525904315021435,160.97151355799986,1.0,0.0,26.0,30e66a31a4f434367f39926fc66bce12f182e2490a706e0a619154d3117a327f,0.3850491670309566
E3-202-069,E3,uniform,batch,8,zone,1,32,2,202,22d3d64fa944ac46b16bef2c500fb333d60a372afb5d565ff28d3d34720d28b3,384,384,4692.859921899324,1662.682800118406,4956.707755924929,4987.507755924929,0.07747077675519423,0.38727575212665943,0.1549103008506638,3037.7077559249296,13476.764058835595,904.923670225905,1,8,4,384,2688,18580,0.4895833333333333,2.7708705863080074,17528.907002441676,20668.204031719095,3557.5314997265536,165.56245732817194,0.0,1622.6155177723938,33.279558055506854,0.4311522326254478,0.9999999999999989,1.356572057879962,3.999999999999999,30e66a31a4f434367f39926fc66bce12f182e2490a706e0a619154d3117a327f,0.4261112079839222
E3-202-070,E3,uniform,batch,8,zone,1,32,8,202,017fc03be5fdadd5db1fc81bdd8e8f340715c30d87eafac2959f34625bc42db5,384,384,5346.364527203053,2184.0238394082494,5610.212361228658,5641.012361228658,0.06844660687958389,0.7527784956395934,0.547475269556068,1387.2123612286573,11735.786552924945,3785.9057371818567,1,7,6,384,2688,13380,0.9088541666666666,9.747580908830534,16954.102583223375,19384.09258722731,1878.6246996777802,10038.723969000263,0.0,2107.687312926721,30.33488662167909,26.14251033593818,1.0,8.859129523911085,10.0,30e66a31a4f434367f39926fc66bce12f182e2490a706e0a619154d3117a327f,0.39076466695405543
E3-202-071,E3,uniform,batch,8,zone,1,32,24,202,d8f9f37e00039d40c7c6cec2fa5b7d1f6615f9500d7e54796fa00b1ac58cb362,384,384,10448.455854392,5218.306566352736,10693.531495079116,10750.531495079116,0.035909558986823645,0.9694674334046925,0.86174882969306,326.5314950791165,7729.779092135481,10121.199999969998,1,7,8,384,2688,6248,0.9765625,25.965866666586667,15735.447035371386,15912.64440196749,179.60805208672173,59756.52041444325,0.0,4984.9360225874025,25.397313519465666,155.6159385792793,1.0,25.35729166658854,26.0,30e66a31a4f434367f39926fc66bce12f182e2490a706e0a619154d3117a327f,0.3848097919835709
E3-202-072,E3,uniform,batch,8,zone,2,32,2,202,51e7a4718eaaea5f8ab651bb39a691c419feb5688e5656bc4c628abf436c3a02,384,384,4690.379722117775,1663.901642903544,4954.22755614338,4985.02755614338,0.07750956040035531,0.38746959211179455,0.1549878368447178,3035.22755614338,13487.283846096956,1021.5147985860697,2,8,3,384,2688,18971,0.4609375,3.601778523028643,17496.222739546705,20645.322402228026,3687.032413943432,30.590299232709427,0.0,1623.6062508653604,33.5555350126138,0.0796622375851808,0.9999999999999999,1.6601947879845567,4.0,30e66a31a4f434367f39926fc66bce12f182e2490a706e0a619154d3117a327f,0.42766424996079877
E3-202-073,E3,uniform,batch,8,zone,2,32,8,202,adb0b64731fc559c9a0cba9a7b8de10b063d03134de27d3cb9dbe141cc487241,384,384,5300.755580368475,2174.8464718723453,5564.603414394081,5595.403414394081,0.06900761319426625,0.7589473567368545,0.5519617139904397,1341.6034143940806,11307.547074351993,7750.576127520248,2,6,6,384,2688,9971,0.921875,20.809537083390524,16113.692729383663,16993.20430954214,1327.706322678817,13063.219605440401,0.0,2083.3330636653063,27.31081515245364,34.01880105583438,1.0,19.18379199875064,10.0,30e66a31a4f434367f39926fc66bce12f182e2490a706e0a619154d3117a327f,0.38726841600146145
E3-202-074,E3,uniform,batch,8,zone,2,32,24,202,48f7d90635175af8c158ec2c6dbabfa5bfd9cf5b572d9a817cc726c596fa4330,384,384,10473.96700001,5218.89140494473,10719.042640697116,10776.042640697116,0.03582409482560155,0.9671603320530987,0.8596980729360877,352.0426406971167,8082.040264455205,20225.19999994,2,6,8,384,2688,6591,0.9791666666666666,52.76914893601064,15769.158180989387,15965.155547585488,313.2611572203093,59421.18415631594,0.0,4959.996358868682,25.482587335798332,154.74266707373943,1.0,51.66979166651041,26.0,30e66a31a4f434367f39926fc66bce12f182e2490a706e0a619154d3117a327f,0.38136900000972673
E3-202-075,E3,uniform,batch,8,zone,4,32,2,202,cc45b27e8c5c48e6f8c164879d9948e31bfff75fb0212600d759fefca2937e6c,384,384,4690.379722117775,1663.9065908202367,4954.22755614338,4985.02755614338,0.07750956040035531,0.38746959211179455,0.1549878368447178,3035.22755614338,13487.283846096956,1038.819353351059,4,8,2,384,2688,19043,0.4609375,3.6995443691585264,17496.222739546705,20645.322402228026,3701.5369686484214,14.085744527720081,0.0,1623.5963550322874,33.56829542888985,0.03668162637427105,0.9999999999999999,1.7052587326850497,4.0,30e66a31a4f434367f39926fc66bce12f182e2490a706e0a619154d3117a327f,0.4278938330244273
E3-202-076,E3,uniform,batch,8,zone,4,32,8,202,15b44aae6c24be5b94a57ee49285143fe2dd4ac777f7c1c4ad4450f1536ef2b8,384,384,5031.644000090003,2161.2161875796182,5295.491834115608,5326.291834115608,0.07251451083846894,0.7975090177223525,0.5800065583435291,1072.491834115608,9548.425511673946,15881.926679976936,4,4,6,384,2688,8489,0.9479166666666666,42.57672164828828,15862.239395319417,16176.750975477895,951.3925551167829,13866.065630656234,0.0,2047.5395515889015,26.20790601510962,36.10954591316728,1.0,40.35918406243993,10.0,30e66a31a4f434367f39926fc66bce12f182e2490a706e0a619154d3117a327f,0.37675762502476573
E3-202-077,E3,uniform,batch,8,zone,4,32,24,202,b355af8ce5d204793283981a34d51b49bb310ed72ea2bf9ce7d3b1334d8a1e8c,384,384,10486.731911094066,5218.797627513753,10731.807551781183,10788.807551781183,0.035781483980885084,0.9660100537514398,0.8586756033346132,364.80755178118335,8526.949211399782,40325.24035558372,4,4,8,384,2688,6878,0.9817708333333334,105.94493463019558,15832.518519945867,16117.11588654197,368.8416769501346,58869.85363935759,0.0,4908.678961183064,25.798109052195425,153.3069105191604,1.0,104.01364675933263,26.0,30e66a31a4f434367f39926fc66bce12f182e2490a706e0a619154d3117a327f,0.37466645799577236
E3-202-078,E3,uniform,batch,8,nonzone_fifo,0,32,2,202,f938f822847d353827151becbebff4940b72f1a211def8a9d580ebe1858deb2e,384,384,5127.435131826999,2555.1037746201646,5199.746131870199,5245.946131900198,0.07384975925005136,0.369177797053817,0.14767111882152678,2896.7461318702008,0.0,0.0,0,4,4,412,2761,33200,0.0,0.0,21482.925947127325,23715.71402965017,15566.242311265765,561.1915957174948,0.0,2482.8271474133285,65.81519075965473,1.461436447180976,1.0,0.0,3.999999999999996,30e66a31a4f434367f39926fc66bce12f182e2490a706e0a619154d3117a327f,0.3676356669748202
E3-202-079,E3,uniform,batch,8,nonzone_fifo,0,32,8,202,44f886f544719fbc30bf1a3d3f9f5144be82f0351b524cb7ab045c58d93db3de,384,384,5355.705476583855,2678.201983735689,5433.045056245089,5463.045056255089,0.07067859662945476,0.7773214900280516,0.5653247200204012,826.0450562450892,0.0,0.0,0,3,5,412,2766,28563,0.0,0.0,21970.0067238357,23096.40216895071,13911.776894348695,4540.0830683163695,0.0,2589.2372289191912,66.14162182609016,11.823132990407212,1.0,0.0,9.999999999999998,30e66a31a4f434367f39926fc66bce12f182e2490a706e0a619154d3117a327f,0.3676406249869615
E3-202-080,E3,uniform,batch,8,nonzone_fifo,0,32,24,202,01356907d899086a314320f40ab92b84c326e1a3b4300d115fa29022e7137513,384,384,10676.56000003,5421.80000003,10783.80000003,10792.973320083069,0.0356089690089701,0.9613530153522698,0.854536013646462,32.80000003,0.0,0.0,0,2,8,412,2771,13183,0.0,0.0,22622.609600145854,22837.409600145824,3658.9882584869897,57404.148781713324,0.0,5195.771373199858,49.53865604442934,149.4899707857118,1.0,0.0,26.0,30e66a31a4f434367f39926fc66bce12f182e2490a706e0a619154d3117a327f,0.3572315000346862
E3-202-081,E3,uniform,batch,8,nonzone_fifo,1,32,2,202,de7fd157d7f5353713a7471e7359ad40b27a3491cc9905b5f50d3382c47e60de,384,384,5316.982110361497,2626.8699213521813,5395.732110401495,5429.732110421495,0.07116735822739477,0.3557708555330088,0.14230834221320351,3476.7321104014954,0.0,671.3830527333289,1,4,2,412,2763,37627,0.2994791666666667,2.4989830672463382,20978.057892880257,24129.507349136788,17088.11086783272,72.48530625860087,0.0,2555.096592135938,65.83617203136878,0.1887638183817731,1.0,0.748393366493044,4.0,30e66a31a4f434367f39926fc66bce12f182e2490a706e0a619154d3117a327f,0.38050195801770315
E3-202-082,E3,uniform,batch,8,nonzone_fifo,1,32,8,202,629f1a8e153d32734f5b57b82de1018aac424b876536b339a7d163f4c24f0867,384,384,5255.120872340288,2628.459673131995,5299.250872460287,5339.450872490286,0.072463072468528,0.796943409216268,0.5795952067027405,1076.2508724602862,0.0,2468.6742278941865,1,4,4,412,2762,33958,0.71875,7.553167492334008,21472.363160212055,23840.84892137533,15728.152068779844,1127.9526297932566,0.0,2544.151921488697,64.94153586806998,2.937376640086606,1.000000000000001,5.42883913514111,10.000000000000002,30e66a31a4f434367f39926fc66bce12f182e2490a706e0a619154d3117a327f,0.38035933300852776
E3-202-083,E3,uniform,batch,8,nonzone_fifo,1,32,24,202,bf0b35bdb71e44fcf7e2adcc513da71f0aca6d8560c18c7fa1260598afa55991,384,384,10297.39000003,5230.30000003,10400.80000003,10431.373320083068,0.03692023690474698,0.9967505623997863,0.8860004999109212,33.80000003,0.0,10335.60000001,1,2,8,412,2779,14091,0.9973958333333334,25.983289817258484,22351.88331004576,22648.45663009882,4381.694845320355,53661.768485080036,0.0,4987.532677274859,50.10750899188513,139.74418876322926,1.0,25.91562500002604,26.0,30e66a31a4f434367f39926fc66bce12f182e2490a706e0a619154d3117a327f,0.3860617919708602
E3-202-084,E3,uniform,batch,8,nonzone_fifo,2,32,2,202,248aee508c39219f868c6ec3b0b40c715d93d4befbfae5ee7d4e802074cd9347,384,384,5174.707266562948,2563.168735163276,5288.137741071588,5322.1377410915875,0.07261535512162856,0.3630081298678762,0.14520325194715045,3369.1377410715886,0.0,719.3840273779878,2,5,2,412,2762,36461,0.2890625,3.0214777241260165,20961.51710953257,24133.327640449563,16225.54760810621,8.127900627047715,0.0,2492.8232555634736,64.45091728728914,0.02116640788293676,0.9999999999999999,0.8733959046301767,3.999999999999998,30e66a31a4f434367f39926fc66bce12f182e2490a706e0a619154d3117a327f,0.3764519999967888
E3-202-085,E3,uniform,batch,8,nonzone_fifo,2,32,8,202,7471aa4d1b1e90e9ea2302cfe9f032fc106728a48cba6bd0d5e08c988176d972,384,384,5179.455452408917,2553.6212441007024,5242.788085752814,5282.988085782814,0.07324347154971099,0.8055245427397147,0.585836031083429,1019.7880857528148,0.0,3769.8273786360896,2,4,3,412,2769,34073,0.7526041666666666,11.715665670021071,20877.639479975966,23811.87526684823,15835.952648874632,444.31885581080155,0.0,2469.8043211864933,62.84258376200361,1.1570803536739624,1.0,8.817258798531483,10.0,30e66a31a4f434367f39926fc66bce12f182e2490a706e0a619154d3117a327f,0.3789970829966478
E3-202-086,E3,uniform,batch,8,nonzone_fifo,2,32,24,202,959298af57ce05d0fa2f080ebfe31459f38cb312122541e805da45a1a29c1d54,384,384,10297.39000003,5230.30000003,10400.80000003,10432.60000003,0.03692023690474698,0.9967505623997863,0.8860004999109212,33.80000003,0.0,20637.0,2,1,8,412,2784,13652,0.9973958333333334,52.8798955613577,22458.902558651553,22643.675878704613,3845.0938636240817,54002.75021812052,0.0,4960.741193472661,49.18445703098334,140.6321620263555,1.0,52.7421875,26.0,30e66a31a4f434367f39926fc66bce12f182e2490a706e0a619154d3117a327f,0.3571219160221517
E3-202-087,E3,uniform,batch,8,nonzone_fifo,4,32,2,202,c14160e94e2c1a03f6800085ca82aaff9dd284123d1adeeb5bc9c24ea1052d89,384,384,5174.707266562948,2563.168735163276,5288.137741071588,5322.1377410915875,0.07261535512162856,0.3630081298678762,0.14520325194715045,3369.1377410715886,0.0,719.3840273779878,2,5,2,412,2762,36461,0.2890625,3.0214777241260165,20961.51710953257,24133.327640449563,16225.54760810621,8.127900627047715,0.0,2492.8232555634736,64.45091728728914,0.02116640788293676,0.9999999999999999,0.8733959046301767,3.999999999999998,30e66a31a4f434367f39926fc66bce12f182e2490a706e0a619154d3117a327f,0.38853695802390575
E3-202-088,E3,uniform,batch,8,nonzone_fifo,4,32,8,202,a54805ea661717aff27f531b541f8eb3a9308c48aa12e37272e27ea226b87e50,384,384,5287.395078779441,2640.6173632566483,5347.454392120275,5375.454392140275,0.0718098691156379,0.7897608711449607,0.5743715426508805,1124.4543921202744,0.0,5085.405658054889,4,5,3,413,2767,36373,0.7161458333333334,17.096020574708696,20977.793597596465,24130.11586512876,16679.981392505746,143.3139068266261,0.0,2551.8179451516235,65.18296090481282,0.37321329902767214,0.9999999999999997,12.243243901184613,10.000000000000002,30e66a31a4f434367f39926fc66bce12f182e2490a706e0a619154d3117a327f,0.3845068750088103
E3-202-089,E3,uniform,batch,8,nonzone_fifo,4,32,24,202,c080bef778d38fac7a1599b25344ce24e6acddf5bc5112801cc9ea2530208162,384,384,10297.390000029998,5230.30000003,10400.800000029998,10422.146640136136,0.03692023690474699,0.9967505623997865,0.8860004999109213,33.80000003,0.0,41148.60000002998,4,2,7,413,2799,13356,0.9973958333333334,106.43498694524803,22054.859680820606,22406.833000873656,3714.115780589812,54003.77117893573,0.0,4909.0905693877385,47.41679736370476,140.63482077847846,1.0,106.15781250007811,26.0,30e66a31a4f434367f39926fc66bce12f182e2490a706e0a619154d3117a327f,0.3556955410167575
E4-202-090,E4,uniform,poisson,4,zone,0,32,8,202,914bff391be128133f5b2f13df03c5abf3bd6925fcbe9bdb82b23d2370e790da,384,384,960.1719230560504,233.85168087753917,8203.622235901028,8221.622235901028,0.04680859124881732,0.5148317470994594,0.3744230887996069,3596.622235901028,7072.346247120894,0.0,0,4,3,384,2688,11187,0.0,0.0,19119.243445396663,21893.26012934753,717.2567681954001,1254.5877096235586,0.0,184.93744813840348,34.64707724532434,3.2671554938113503,1.0,0.0,10.0,0ba7ddd20b737520e0c9b019c057a77224f196d6085e5a02ceb9383da11e327d,0.06319895898923278
E4-202-091,E4,hotspot,poisson,4,zone,0,32,8,202,914bff391be128133f5b2f13df03c5abf3bd6925fcbe9bdb82b23d2370e790da,384,384,11278.503839498686,4437.481289952661,18887.25918625955,18942.232506312623,0.02033116590465171,0.22363098464218398,0.16264071610340652,14280.259186259551,50569.069399499705,0.0,0,3,3,384,2688,9183,0.0,0.0,20120.816831040105,22894.74050013436,75.39333556198059,334.5872490339252,0.0,4390.006273465148,35.60369552648705,0.8713209610258469,1.0,0.0,10.000000000000002,5d2eac81aa31e5c67445aa5a02a84d8a243e8b202362282cb595788045100ecd,0.5463390000513755
E4-202-092,E4,uniform,poisson,4,zone,4,32,8,202,a8661222f33a49fe0e3f31998b88b80fc83c112d1b490746322059b7710ae9df,384,384,780.0997403380773,194.253483663086,8019.040846244515,8037.040846244515,0.04788602619225157,0.5266806093609787,0.38304044317162084,3796.0408462445143,7877.184375478989,1493.982166490132,3,4,3,384,2688,11054,0.421875,6.851741768457604,18970.904428119888,21635.46073819128,693.1882219186487,9.064523283614733,0.0,146.0509784187528,34.28832115638074,0.023605529384413366,1.0,2.890578558568052,10.0,0ba7ddd20b737520e0c9b019c057a77224f196d6085e5a02ceb9383da11e327d,0.06362666602944955
E4-202-093,E4,hotspot,poisson,4,zone,4,32,8,202,a8661222f33a49fe0e3f31998b88b80fc83c112d1b490746322059b7710ae9df,384,384,11069.384524937568,4317.363489924367,18678.139871698433,18733.113191751505,0.020558792397836468,0.22613460946346697,0.16446153415524872,14455.139871698433,50144.33225463071,759.3424912326899,2,3,3,384,2688,9255,0.140625,6.950786874679443,20017.17159718759,22779.560889268716,115.17189109866293,5.532631482937177,0.0,4269.97621852099,35.39540910463801,0.014407894486815565,1.0,0.9774544042517966,10.0,5d2eac81aa31e5c67445aa5a02a84d8a243e8b202362282cb595788045100ecd,0.5527944999630563
E4-202-094,E4,uniform,poisson,4,nonzone_fifo,0,32,8,202,4296a69771efb66f7042ce2451880f839f9887e54d7b27b0c995245e7f26b9a7,384,384,604.4786741092115,371.05870540273116,8029.087163445439,8053.4871634454385,0.04782610926784584,0.5260216874392711,0.38256122722856084,3416.689228849637,0.0,0.0,0,2,2,396,2722,17547,0.0,0.0,21351.249289730735,23388.80734697995,5546.65734092674,1191.475542588978,0.0,308.32384150545965,48.632063005112734,3.102800892158797,1.0,0.0,10.0,0ba7ddd20b737520e0c9b019c057a77224f196d6085e5a02ceb9383da11e327d,0.06675470800837502
E4-202-095,E4,hotspot,poisson,4,nonzone_fifo,0,32,8,202,4296a69771efb66f7042ce2451880f839f9887e54d7b27b0c995245e7f26b9a7,384,384,2867.3653724577593,1643.6120806365807,10321.306994327568,10352.30699434757,0.037204590485588745,0.4092108481486959,0.2976078895626879,5714.306994327567,0.0,0.0,0,3,2,390,2703,27923,0.0,0.0,21483.36308645306,24357.545190245295,14251.427865100664,1021.6012148107857,0.0,1567.2762759700133,62.67538483633107,2.660419830236421,1.0,0.0,10.000000000000002,5d2eac81aa31e5c67445aa5a02a84d8a243e8b202362282cb595788045100ecd,0.1517981250071898
E4-202-096,E4,uniform,poisson,4,nonzone_fifo,4,32,8,202,f7a1895c1d3567a773d961969601985e177f0856a74ac231dbcab448371e8f3e,384,384,828.7858012926258,499.10141205382166,8209.56619183653,8237.566191856531,0.04677470051728724,0.5144590398893284,0.3741520290104206,3986.56619183653,0.0,1372.2115471587624,3,3,2,396,2724,20986,0.3776041666666667,6.815252049370776,21010.56607923592,24436.775186161245,6496.404125363641,2.4000000100008947,0.0,436.72261565111836,48.799078831951284,0.006250000026043996,1.0,2.573467570725944,9.999999999999998,0ba7ddd20b737520e0c9b019c057a77224f196d6085e5a02ceb9383da11e327d,0.07943354203598574
E4-202-097,E4,hotspot,poisson,4,nonzone_fifo,4,32,8,202,f7a1895c1d3567a773d961969601985e177f0856a74ac231dbcab448371e8f3e,384,384,2987.703202786833,1616.3700026980234,10452.420521546062,10483.420521566064,0.03673790192505581,0.40407826235381084,0.2938750998936806,6229.420521546063,0.0,1092.5614354826293,2,3,2,390,2703,30666,0.3098958333333333,5.954297777164952,21418.337361761936,25172.577014026072,14982.247336607374,1.17157284525274,0.0,1541.8643587781771,61.65738087732595,0.0030509709511790106,1.0,1.8452120715693472,9.999999999999998,5d2eac81aa31e5c67445aa5a02a84d8a243e8b202362282cb595788045100ecd,0.15133149997564033
E1-303-000,E1,uniform,batch,1,zone,4,16,2,303,98f5d941f697deef5fb38ecc622beee3a2489fd008695aaedefa9ce612256cf6,384,384,18860.415932869102,9474.87152622056,19029.204932869096,19072.654932869093,0.02017950835858191,0.10089223982468856,0.04035689592987542,17110.204932869096,0.0,384.0,1,1,1,384,2688,9410,0.0,0.0,15100.998956953721,17536.654932869093,0.0,0.0,0.0,9441.824124845041,28.047401375518344,0.0,1.0,0.0,4.0,f747aa6930b2af5d61a1e4bef0152b31476cb33badbd1755d04c859095ce619d,0.3786432920023799
E1-303-001,E1,uniform,batch,1,zone,4,16,8,303,7a6e5d01ecc378b1325581efb9d570f554c5a3f055f7065d94deee1022c6c396,384,384,18792.43900200369,9435.395075638231,18951.623447118694,18989.07344711869,0.02026211638657169,0.22287152022967885,0.16208837834885736,14728.623447118696,0.0,394.9030345583842,1,2,1,384,2688,9292,0.010416666666666666,2.7257586395960516,15151.539985232035,17453.07344711869,0.0,0.0,0.0,9396.187663682409,28.179018636659755,0.0,1.0,0.02839331916245887,9.999999999999995,f747aa6930b2af5d61a1e4bef0152b31476cb33badbd1755d04c859095ce619d,0.3733693329850212
E1-303-002,E1,uniform,batch,1,zone,4,16,24,303,3349372476008a312478952c3f173dd55a9cb7197e645d56518b875aa7f05343,384,384,17732.316053443068,8884.799217480147,17905.774053443063,17933.37405344306,0.021445596200079464,0.5789987615332909,0.5146655658073697,7538.774053443065,0.0,770.4156898058764,2,2,1,384,2688,8310,0.12760416666666666,7.8860344858342115,15860.801421719803,16381.019498558071,0.0,0.0,0.0,8826.766872993765,30.026053627513324,0.0,1.0,1.0062908588694697,25.999999999999993,f747aa6930b2af5d61a1e4bef0152b31476cb33badbd1755d04c859095ce619d,0.3733264590264298
E1-303-003,E1,uniform,batch,1,zone,4,64,2,303,9cba61902823d10fa3308c47faf5ce03bcbe72e8cf63541b84b4e2d938f14cd2,384,384,35581.97126497173,17789.971259460704,35943.461264971746,35961.961264971746,0.010683445235537804,0.05341574007317395,0.02136629602926958,34024.461264971746,0.0,384.0,1,1,1,384,2688,9416,0.0,0.0,29923.97402391279,34420.961264971746,0.0,0.0,0.0,17729.555228415742,55.41603104496175,0.0,1.0,0.0,4.0,f747aa6930b2af5d61a1e4bef0152b31476cb33badbd1755d04c859095ce619d,0.3747227090061642
E1-303-004,E1,uniform,batch,1,zone,4,64,8,303,ffb058f7c20336633872ad5d7a8877cfe34ea36de862992bfa1bec3593281aa7,384,384,35624.66641058975,17808.50919104036,35991.87241058975,36065.17241058975,0.010669075385114368,0.11735656859543178,0.08535023170576857,31768.87241058975,0.0,384.0,1,1,1,384,2688,9420,0.0,0.0,29883.624830574303,34529.17241058975,0.0,0.0,0.0,17742.198236019718,55.31095502064282,0.0,1.0,0.0,10.0,f747aa6930b2af5d61a1e4bef0152b31476cb33badbd1755d04c859095ce619d,0.3726441250182688
E1-303-005,E1,uniform,batch,1,zone,4,64,24,303,426177a8a8a9ce6b6432033e15d58e46db09e0fcc3f2509c82b027d6e4ab461f,384,384,35040.020176035825,17509.682543461968,35407.22617603582,35464.526176035826,0.010845243795457135,0.29281331260296317,0.2602785000915228,25040.226176035823,0.0,595.2255178820628,1,2,1,384,2688,9046,0.078125,7.040850596068761,29791.98416882938,33928.526176035826,0.0,0.0,0.0,17427.060169545133,55.072307464015424,0.0,1.0,0.5500664528178719,26.0,f747aa6930b2af5d61a1e4bef0152b31476cb33badbd1755d04c859095ce619d,0.3760668330360204
E1-303-006,E1,uniform,batch,2,zone,4,16,2,303,78964e47fc3ad38b741607f33cfab6d96cb15e7051abb91f1ac886ea77c59cb1,384,384,10677.395695786916,4608.071693492089,10867.318266188144,10920.268266188143,0.0353353044968557,0.17666026637931753,0.07066410655172702,8948.318266188144,3484.301114606962,463.7440013998555,1,2,2,384,2688,9648,0.08072916666666667,2.5723871419308226,14349.013506817928,16670.599077147588,46.18634067173489,4.299999960002879,0.0,4576.699928990642,26.152899914573364,0.011197916562507496,1.0,0.2076666703121237,4.0,f747aa6930b2af5d61a1e4bef0152b31476cb33badbd1755d04c859095ce619d,0.384559000027366
E1-303-007,E1,uniform,batch,2,zone,4,16,8,303,98602105688b9684f4ec177f1c3b29b393471c063496588fca918671d596407a,384,384,10580.516348310837,4557.83623627333,10796.261918712065,10818.111918712066,0.03556786625697286,0.3912102931095566,0.2845165768069502,6573.261918712065,3504.9465597319804,986.4368684059722,2,3,2,384,2688,9347,0.265625,5.906243807901692,14337.093658909927,16463.19984173798,49.6432267463724,2.8342092077973575,0.0,4519.150842997111,26.10916651159959,0.0073807531453056185,0.9999999999999988,1.5688460114738871,10.0,f747aa6930b2af5d61a1e4bef0152b31476cb33badbd1755d04c859095ce619d,0.384859542013146
E1-303-008,E1,uniform,batch,2,zone,4,16,24,303,d5b9eeb9f5a20a2e290465dd1e072d3dea05f4ace136654eb0c473d96a0eb394,384,384,11172.612017871868,5284.7700547832765,11334.257588273098,11373.157588273098,0.03387958999602256,0.914668230453468,0.8130384270697494,967.2575882730983,2166.0575882730955,36015.96006324267,4,2,2,384,2688,7477,0.8958333333333334,103.58127925361241,14345.850763493021,14658.744549552972,24.302830208691937,4248.610208511435,0.0,5127.821036751297,26.093366282620448,11.064089084665197,1.0,92.79156266469445,26.0,f747aa6930b2af5d61a1e4bef0152b31476cb33badbd1755d04c859095ce619d,0.371566082991194
E1-303-009,E1,uniform,batch,2,zone,4,64,2,303,3a79a5775a428c44047a6579d4451496d0a649b52e0d0eab9929fec80bcdabc0,384,384,19970.78468952788,8746.352802859676,20277.90668952789,20377.20668952789,0.01893686591418773,0.09467966046668068,0.03787186418667227,18358.90668952789,5693.693546717879,419.82690211249655,1,2,2,384,2688,9428,0.044270833333333336,2.1074648301468564,28991.468412344784,33328.49927393322,24.624517890638536,1.4960405240353793,0.0,8688.240300163714,53.0153075328463,0.003895938864675467,1.0,0.09329922425129311,4.0,f747aa6930b2af5d61a1e4bef0152b31476cb33badbd1755d04c859095ce619d,0.3838810420129448
E1-303-010,E1,uniform,batch,2,zone,4,64,8,303,31de17be00c43c19ee195ba9e6770de4b4e5aaf254bc991fec8708cba613a7f3,384,384,19886.893083271312,8687.849077498568,20231.947083271316,20266.847083271317,0.018979883568275468,0.20876840050120135,0.15183156400087372,16008.947083271316,5720.293546717883,576.0484604085932,1,3,2,384,2688,9230,0.1015625,4.924319497656236,28502.68255550623,33121.38255550623,17.218064338519945,2.399999990001106,0.0,8624.6073446742,51.73535662541234,0.006249999973961214,1.0,0.5001261989807114,10.0,f747aa6930b2af5d61a1e4bef0152b31476cb33badbd1755d04c859095ce619d,0.3819718339946121
E1-303-011,E1,uniform,batch,2,zone,4,64,24,303,2aec19aeedb32131a98fa0fd0a65c60b1f7eb9cc877d10692382fe9c0503dd4f,384,384,19478.40109222288,8496.588342304452,19785.785092222886,19863.08509222289,0.019407872783927953,0.5239860822097421,0.4657654064086596,9418.785092222886,5644.393546717871,2623.4571867066365,2,4,2,384,2688,8645,0.375,15.551786018796088,28983.8982344729,32354.83070938439,17.288548191582656,3.2350889159315557,0.0,8410.767031766443,52.98096607024239,0.00842471071857176,1.0,5.831919757048532,26.0,f747aa6930b2af5d61a1e4bef0152b31476cb33badbd1755d04c859095ce619d,0.385568208002951
E1-303-012,E1,uniform,batch,4,zone,4,16,2,303,3fd6794ef0fd041c874b0bb88a99cd0999bc25fe40213708b4d3212aa1b28971,384,384,5999.9830903233105,2372.275633082153,6223.963019766171,6245.813019766171,0.061697024673907294,0.3084355672320317,0.12337422689281269,4304.963019766171,6260.616228676336,710.6818941829453,3,5,2,384,2688,13031,0.2786458333333333,3.053101814793881,13508.734605521962,15831.950289558024,1147.1243734367422,11.372332991581644,0.0,2341.2810358302463,25.114247701973127,0.02961545049891053,1.0,0.8507340994347533,4.0,f747aa6930b2af5d61a1e4bef0152b31476cb33badbd1755d04c859095ce619d,0.4284863749635406
E1-303-013,E1,uniform,batch,4,zone,4,16,8,303,4dcdb7dfcfe4d7dccab89ae36c45d19f1c92078cdda2ed6f193266581f53b31b,384,384,5895.977579677732,2374.3896568899872,6116.637505357007,6163.587505357008,0.0627795908558729,0.6904626167047634,0.502154630330737,1893.6375053570068,6013.082964429667,8254.596769255812,4,4,3,384,2688,12223,0.7447916666666666,27.519569123272056,13339.91876147348,15412.409607043634,1023.0946242690167,371.5289712351895,0.0,2317.3640611805013,24.561726593624275,0.9675233625916394,1.0,20.496345753270333,10.000000000000002,f747aa6930b2af5d61a1e4bef0152b31476cb33badbd1755d04c859095ce619d,0.4321889170096256
E1-303-014,E1,uniform,batch,4,zone,4,16,24,303,46bae53b46234d40f99ab18fabb186174c2510882cd9fb04a18a603ebd5dfad9,384,384,10290.69000002,5223.60000002,10394.10000002,10419.80000002,0.03694403555856314,0.9973930024703997,0.8865715577514665,27.100000020000003,2416.1457502738376,41045.16671843699,4,4,4,384,2688,7494,0.9973958333333334,106.16492615779894,12735.189830021927,13075.120259574052,347.20910621831746,23870.424884043798,0.0,5006.4542103987615,22.09476982311205,62.16256480219739,1.0,105.88845499592968,26.0,f747aa6930b2af5d61a1e4bef0152b31476cb33badbd1755d04c859095ce619d,0.36973383295116946
E1-303-015,E1,uniform,batch,4,zone,4,64,2,303,7e33578804a6fdaa0043876d9d6e489fc8f9d4f772fb3ef41dd9b892b499695b,384,384,10142.489241978968,4309.8155403039445,10491.587241978965,10526.487241978964,0.03660075364607733,0.18298632698696307,0.07319453079478523,8572.587241978965,7727.500000409988,510.06494985296433,2,4,2,384,2688,11732,0.13802083333333334,2.3785839594898937,27238.575598476822,31817.357266726787,654.1385479546284,7.753152834454454,0.0,4255.41686109869,49.050194562840005,0.020190502173058473,1.0,0.3282941402420947,4.000000000000001,f747aa6930b2af5d61a1e4bef0152b31476cb33badbd1755d04c859095ce619d,0.4226413330179639
E1-303-016,E1,uniform,batch,4,zone,4,64,8,303,92107ef65404257ea973c25da1222807fd67e39c2a2ce45655f102f6ef0a51c1,384,384,10192.745085966455,4291.388098673514,10541.843085966451,10576.743085966451,0.03642626786118547,0.4006509406957365,0.29138250232417195,6318.843085966451,7956.408997041944,1279.8742455621616,3,5,2,384,2688,11703,0.328125,7.110113060017155,27268.330709384398,31748.4195637664,671.8651123809394,8.37867068651964,0.0,4228.78143612111,49.25183724967273,0.021819454912811564,1.0,2.333005847818129,10.0,f747aa6930b2af5d61a1e4bef0152b31476cb33badbd1755d04c859095ce619d,0.4279653749545105
E1-303-017,E1,uniform,batch,4,zone,4,64,24,303,cc291f60bce9a29f91a5f7e47751dd117e8af8d574dc8a6cd402a8e364a6b9d1,384,384,11320.583773603947,5307.209390687969,11640.79677360394,11718.096773603942,0.032987432687660884,0.8905841771356044,0.7916303796760928,1273.7967736039404,6594.844353679382,32946.510679629544,4,4,3,384,2688,9216,0.890625,95.21201953108059,27045.68670077513,29658.181127966134,404.02333307635007,8205.438279713899,0.0,5125.777949736927,48.26490720275163,21.368328853421612,1.0,84.79820489486865,26.0,f747aa6930b2af5d61a1e4bef0152b31476cb33badbd1755d04c859095ce619d,0.38914858299540356
E1-303-018,E1,uniform,batch,8,zone,4,16,2,303,15f55a041c1f29c90866e7d585f3702e8db84c4240384cdf9baeb80906c7eeb4,384,384,3469.3128972937857,1359.1504289465472,3649.636237025793,3669.686237025793,0.10521596538972719,0.5259357206085923,0.2103742882434369,1730.636237025793,8237.260344750055,1792.0382149654702,4,7,3,384,2688,20503,0.5625,6.518695439608657,12559.936686735087,14748.662529935908,4444.891955956772,49.797242106024896,0.0,1324.4569121844443,25.897070259312702,0.12968031798443982,1.0,3.666766184805911,4.0,f747aa6930b2af5d61a1e4bef0152b31476cb33badbd1755d04c859095ce619d,0.5314812920405529
E1-303-019,E1,uniform,batch,8,zone,4,16,8,303,f0d15778e3c1d093f0a453bdca6c13aaec502d7e2c45f59d76ee665fad20a4da,384,384,4411.3555862139465,2137.4629375832365,4533.639586272246,4546.389586272246,0.0847001603662415,0.9314963007837166,0.6774518551154303,310.63958627224577,4935.4598807301545,15647.17563027907,4,4,7,384,2688,9598,0.9557291666666666,41.58903441492936,11271.438864106907,11681.255101562649,1382.3449797623218,16557.75672813284,0.0,2024.3123170828937,19.28360915031177,43.119158146179274,1.0,39.747853203851754,10.0,f747aa6930b2af5d61a1e4bef0152b31476cb33badbd1755d04c859095ce619d,0.410082958987914
E1-303-020,E1,uniform,batch,8,zone,4,16,24,303,bdd0a15dd05958b5ad88c8798dd201b55827b6ff77dc7499d64fa600570e42ea,384,384,10277.484427231,5210.394427231,10380.894427231,10407.894427231002,0.03699103219783232,0.99866166745112,0.8876992599565511,13.894427230999916,6771.139767429599,41091.40949158526,4,5,8,384,2688,7039,0.9973958333333334,106.28566446889104,11134.664890702526,11319.795320254649,512.9758046338286,62047.3921057554,0.0,4897.731762618448,18.072035452810752,161.5817502754047,1.0,106.00887888433664,26.0,f747aa6930b2af5d61a1e4bef0152b31476cb33badbd1755d04c859095ce619d,0.38465616694884375
E1-303-021,E1,uniform,batch,8,zone,4,64,2,303,a19462e4dd266635b7e40d169650b9d583bb26fae96a3858f016c50478a5d35a,384,384,5222.2849107823195,2164.207471640196,5497.4689108389175,5616.168910838917,0.06985032680092071,0.3491881160253864,0.13967524641015458,3578.468910838918,9650.868031315727,856.5088371939735,3,8,2,384,2688,18049,0.4010416666666667,3.0682392025582668,25018.541466922612,29489.334280790576,2895.461733456037,8.000000010000349,0.0,2112.3071357564404,45.64901078687061,0.02083333335937591,1.000000000000001,1.2304917635259716,4.0,f747aa6930b2af5d61a1e4bef0152b31476cb33badbd1755d04c859095ce619d,0.46658066601958126
E1-303-022,E1,uniform,batch,8,zone,4,64,8,303,722554b148988ed7c284a2703083a0190ce32adcf38edc31a95d091d6e73c02e,384,384,5017.422000373397,2207.255286469024,5182.700000399996,5291.000000399996,0.07409265440221569,0.8148619711160096,0.5926268880843706,959.7000003999956,7465.600001299978,13626.76856435882,4,5,6,384,2688,10490,0.8776041666666666,39.29604915240009,23138.498803774855,24447.89161764282,1242.1699805857368,6623.938403661432,0.0,2105.835932653373,38.68313775309799,17.249839592868312,1.0,34.48637646968445,10.0,f747aa6930b2af5d61a1e4bef0152b31476cb33badbd1755d04c859095ce619d,0.41591558302752674
E1-303-023,E1,uniform,batch,8,zone,4,64,24,303,9b93d92d5c5fc99b14e34592b0dc8c1f92ab964e8b86c67a0ad7290c91be193f,384,384,10297.954217296345,5213.122439769692,10647.738047800485,10664.238047800485,0.0360639976562274,0.9736364960298303,0.865454663137627,280.7380478004846,8855.595160160901,40481.3950786815,4,5,8,384,2688,7416,0.9869791666666666,105.79787619704885,22675.512908177403,23118.512908177403,556.0124536406672,50711.38386042492,0.0,4912.803666865699,36.83757775007041,132.06089546985655,1.0,104.42029968406644,26.0,f747aa6930b2af5d61a1e4bef0152b31476cb33badbd1755d04c859095ce619d,0.3910547500126995
E2-303-024,E2,uniform,batch,2,zone,4,32,8,303,221d0b204dbea754aafb94df35ae59d40093acc76078b7a305e13220d1d0f6bb,384,384,13786.182858512955,5988.718122266211,14015.481209907188,14077.88120990719,0.027398274397354275,0.30135951646796877,0.21917055743125002,9792.481209907188,4262.676046957105,763.2923824878699,1,3,2,384,2688,9496,0.18489583333333334,5.342146232223518,19094.76795241588,22192.902634914764,39.51773790625611,3.866000036251421,0.0,5941.963606315299,34.75670766308898,0.010067708427738076,1.0,0.9877405793954943,10.0,f747aa6930b2af5d61a1e4bef0152b31476cb33badbd1755d04c859095ce619d,0.3815978330094367
E2-303-025,E2,hotspot,batch,2,zone,4,32,8,303,221d0b204dbea754aafb94df35ae59d40093acc76078b7a305e13220d1d0f6bb,384,384,19449.037295474325,8498.134261472018,19676.274295474326,19714.07429547433,0.01951588975806881,0.21466387755602404,0.1561191836771084,15453.274295474326,15251.18942409106,486.39594275048273,1,2,2,384,2688,9373,0.057291666666666664,4.654361034112853,19446.512451769835,22545.239945979825,14.407234282244069,1.1999999999989086,0.0,8451.98311453094,34.88136584016504,0.003124999999997158,1.0,0.2666561009127155,10.0,c815af12e880f435c2d3d1cdd8370b75c3eec66afadc85b6d387c2111d48d352,0.4883532500243746
E2-303-026,E2,uniform,batch,2,nonzone_fifo,4,32,8,303,d01bcb689deffcbf186932322a7c74d2fc6f28c0f74f43649add40a548a9d93c,384,384,13387.893213109328,6691.649180368086,13509.62321310933,13535.82321310933,0.028424182817132757,0.31264286875393443,0.22737663182104323,9286.62321310933,0.0,654.5838132325033,2,2,2,385,2691,13868,0.13802083333333334,5.105354966651006,19778.482824326227,23329.762763215735,2141.941966091388,1.7908902600197507,0.0,6640.431020067786,39.50885117662079,0.004663776718801434,1.0,0.704645346959644,10.0,f747aa6930b2af5d61a1e4bef0152b31476cb33badbd1755d04c859095ce619d,0.36712187505327165
E2-303-027,E2,hotspot,batch,2,nonzone_fifo,4,32,8,303,d01bcb689deffcbf186932322a7c74d2fc6f28c0f74f43649add40a548a9d93c,384,384,14577.393935781158,7360.893119754601,14727.277935842863,14745.277935842863,0.026074064852502774,0.28679523963357845,0.20857835609714795,10504.277935842863,0.0,581.2664979311171,1,2,2,385,2690,16837,0.10677083333333333,4.811377998319928,19946.22681064724,24017.508213658493,3910.6529248150277,0.5947332022042247,0.0,7307.64021182257,41.73764430928801,0.0015487843807401684,1.0,0.5137148383622839,10.0,c815af12e880f435c2d3d1cdd8370b75c3eec66afadc85b6d387c2111d48d352,0.3659438749891706
E2-303-028,E2,uniform,batch,2,nonzone_local,4,32,8,303,ee4971ac8203c9100dcb15b740e5192bfa552b30a6188c7754530e84d9647103,384,384,13413.475828577482,6713.538081626675,13535.205828577484,13561.405828577484,0.028370458851038945,0.3120519925223314,0.22694690365260467,9312.205828577484,0.0,692.6785463847073,2,3,2,505,2931,14440,0.171875,4.676947672495557,19764.7996712925,23255.98944316267,2266.8805170807605,1.7908902600197507,0.0,6662.079404144466,39.65016332428013,0.004663776718801434,1.000000000000001,0.8038503812101739,10.000000000000002,f747aa6930b2af5d61a1e4bef0152b31476cb33badbd1755d04c859095ce619d,0.37062429095385596
E2-303-029,E2,hotspot,batch,2,nonzone_local,4,32,8,303,ee4971ac8203c9100dcb15b740e5192bfa552b30a6188c7754530e84d9647103,384,384,14493.588668893359,7276.202266758399,14643.472668955064,14661.472668955064,0.02622328792364261,0.2884364698876793,0.2097719781001304,10420.472668955064,0.0,578.8664979411158,1,2,2,505,2930,17515,0.10416666666666667,4.871662448527896,19874.496988519106,23930.37839153036,3830.172213167564,0.5947332022042247,0.0,7223.2828886303,41.41036450533055,0.0015487843807401684,1.0,0.5074648383883225,10.0,c815af12e880f435c2d3d1cdd8370b75c3eec66afadc85b6d387c2111d48d352,0.3635920420056209
E2-303-030,E2,uniform,batch,4,zone,4,32,8,303,a8661222f33a49fe0e3f31998b88b80fc83c112d1b490746322059b7710ae9df,384,384,7378.97578774731,2955.8369320669804,7645.054481098716,7671.254481098716,0.05022854983563349,0.5524417868643049,0.40177584499222174,3422.0544810987158,7131.443319510171,2253.1932154937504,4,4,2,384,2688,11848,0.5104166666666666,9.536700079049748,18098.94391428281,20877.76349699323,853.4912927118154,10.919815249647172,0.0,2906.9703080330705,32.97049634968209,0.02843701887928951,1.0,4.8676906653483085,10.0,f747aa6930b2af5d61a1e4bef0152b31476cb33badbd1755d04c859095ce619d,0.42154245800338686
E2-303-031,E2,hotspot,batch,4,zone,4,32,8,303,a8661222f33a49fe0e3f31998b88b80fc83c112d1b490746322059b7710ae9df,384,384,17299.300057622513,6712.88454879735,17558.461250961,17576.461250961,0.021869797957322887,0.24055407735068338,0.17494841989140608,13335.461250961001,46497.026527752205,1046.7344414243312,3,4,2,384,2688,10134,0.19791666666666666,8.720190018741174,18805.710036743643,21865.61879149453,248.67006953865666,3.5003059812021533,0.0,6666.635190922075,33.51437155390666,0.009115380159380607,1.0000000000000047,1.7258709412091908,10.0,c815af12e880f435c2d3d1cdd8370b75c3eec66afadc85b6d387c2111d48d352,0.8039072080282494
E2-303-032,E2,uniform,batch,4,nonzone_fifo,4,32,8,303,f7a1895c1d3567a773d961969601985e177f0856a74ac231dbcab448371e8f3e,384,384,7715.031591179983,3857.639167137925,7769.714951113846,7804.314951113845,0.049422662532162875,0.5435793265579169,0.3953304193148486,3546.714951113846,0.0,1508.9911724294368,3,4,2,390,2703,21675,0.4114583333333333,7.120197293857195,19746.024389628226,23199.895218747744,6358.943172608503,6.448092956069331,0.0,3797.7327686638646,45.95994205378583,0.016791908739763883,1.0,2.9296645115349915,10.0,f747aa6930b2af5d61a1e4bef0152b31476cb33badbd1755d04c859095ce619d,0.40382716699969023
E2-303-033,E2,hotspot,batch,4,nonzone_fifo,4,32,8,303,f7a1895c1d3567a773d961969601985e177f0856a74ac231dbcab448371e8f3e,384,384,9771.574917533886,4948.091232761448,9832.90491758389,9856.10491758389,0.039052548887491455,0.42953435439945276,0.3123886213814202,5609.904917583891,0.0,1218.1474556154633,3,4,2,390,2703,30868,0.3411458333333333,6.367537829125674,20189.351056699277,23614.39312793395,14159.826542441619,1.9999999800002115,0.0,4876.882661550962,58.03110387820516,0.0052083332812505505,1.0,2.1722589989986023,9.999999999999998,c815af12e880f435c2d3d1cdd8370b75c3eec66afadc85b6d387c2111d48d352,0.4009032500325702
E2-303-034,E2,uniform,batch,4,nonzone_local,4,32,8,303,490d7e4127a98700b649dcb4602cbeff5a126585e085f7445978c30c9ce6d1dd,384,384,7904.756601711006,3915.4048175014937,7959.324312993997,7985.524312993997,0.04824530134713831,0.5306316468921968,0.38591392501250676,3736.324312993998,0.0,1486.8859355315228,3,4,2,675,3271,24251,0.3958333333333333,7.255828523233703,19982.177894837092,23529.497354662213,6783.579236553594,7.302447958793778,0.0,3853.8883971189002,47.62530480058741,0.019016791559358797,1.0,2.872098790446674,9.999999999999998,f747aa6930b2af5d61a1e4bef0152b31476cb33badbd1755d04c859095ce619d,0.41354879102436826
E2-303-035,E2,hotspot,batch,4,nonzone_local,4,32,8,303,490d7e4127a98700b649dcb4602cbeff5a126585e085f7445978c30c9ce6d1dd,384,384,9545.592672744931,4765.097846000553,9606.922672794935,9630.122672794936,0.039971176315118935,0.43963717692694987,0.31973612867414536,5383.922672794937,0.0,1379.726774933443,3,4,2,660,3243,32139,0.3697916666666667,7.012160386855232,20004.666651201096,23475.28204248883,13394.008648740917,1.9999999800002115,0.0,4695.550691989447,55.94890720143515,0.0052083332812505505,1.0,2.5930384763891743,9.999999999999995,c815af12e880f435c2d3d1cdd8370b75c3eec66afadc85b6d387c2111d48d352,0.39276429201709107
E2-303-036,E2,uniform,batch,8,zone,4,32,8,303,15b44aae6c24be5b94a57ee49285143fe2dd4ac777f7c1c4ad4450f1536ef2b8,384,384,4544.689043219946,2149.333923845423,4672.219897630244,4712.019897630244,0.08218791247277665,0.9038735802143527,0.6573626037922565,449.2198976302438,5510.932680805686,15363.408667755692,4,5,6,384,2688,9837,0.9401041666666666,41.494206835888335,15175.668673922248,15685.45885222946,1454.1276873569566,13017.639960649853,0.0,2039.9480488951813,25.47689414710255,33.90010406419233,1.0,39.0088767389471,10.000000000000002,f747aa6930b2af5d61a1e4bef0152b31476cb33badbd1755d04c859095ce619d,0.4036218330147676
E2-303-037,E2,hotspot,batch,8,zone,4,32,8,303,15b44aae6c24be5b94a57ee49285143fe2dd4ac777f7c1c4ad4450f1536ef2b8,384,384,9402.269901861633,3798.589577692942,9612.739095200115,9630.739095200115,0.039946990779323344,0.4393711913930482,0.3195426846494896,5389.739095200115,49488.970496752554,6190.23605726202,4,4,6,384,2688,12420,0.4557291666666667,33.17849175572583,16940.489305707713,19208.033675872248,1578.6133119536541,4892.3509236528425,0.0,3730.0168237314333,29.711850365376097,12.740497197012612,1.0,15.120406399119844,10.0,c815af12e880f435c2d3d1cdd8370b75c3eec66afadc85b6d387c2111d48d352,1.1341809160076082
E2-303-038,E2,uniform,batch,8,nonzone_fifo,4,32,8,303,a54805ea661717aff27f531b541f8eb3a9308c48aa12e37272e27ea226b87e50,384,384,5194.68543778246,2556.1560695581647,5236.81543778246,5271.01543778246,0.07332700656767953,0.8064430773048238,0.58650405622169,1013.8154377824603,0.0,5073.028984099757,4,5,3,412,2771,39034,0.7708333333333334,15.841314135472146,19770.503261631256,22884.08130802793,17035.822715641563,192.10526589780034,0.0,2471.232042572136,61.21273987666015,0.5002741299421885,1.0,12.211012979426446,10.0,f747aa6930b2af5d61a1e4bef0152b31476cb33badbd1755d04c859095ce619d,0.3828391669667326
E2-303-039,E2,hotspot,batch,8,nonzone_fifo,4,32,8,303,a54805ea661717aff27f531b541f8eb3a9308c48aa12e37272e27ea226b87e50,384,384,7841.962247003587,3959.8522157660955,7915.052247068486,7933.052247068486,0.048515156693024086,0.5335993078575566,0.3880722238964048,3692.0522470684864,0.0,1849.8676415458535,3,5,2,413,2756,62995,0.4661458333333333,8.189204701373484,19919.908248267446,23303.08752665211,38291.55887689053,1.9999999800002115,0.0,3852.2521553985725,92.77748838438232,0.0052083332812505505,1.0,3.817363649858994,10.0,c815af12e880f435c2d3d1cdd8370b75c3eec66afadc85b6d387c2111d48d352,0.38127133302623406
E2-303-040,E2,uniform,batch,8,nonzone_local,4,32,8,303,033ef4bf09aeeeb6025d6e272acfa1b9c4a15b30924e5ee23550c5fb6311be4e,384,384,5133.211643856107,2506.3032355894147,5189.9474581391705,5201.9474581391705,0.07398918834867767,0.8137242832957131,0.5917994787605186,966.9474581391712,0.0,4818.848539781749,4,5,4,1132,4206,44728,0.7682291666666666,15.03338488061611,19721.217687947952,22939.0113429104,16535.659913993964,254.73772164983166,0.0,2422.149422967387,60.941348399549575,0.6633794834631033,0.9999999999999988,11.54908473901498,9.999999999999998,f747aa6930b2af5d61a1e4bef0152b31476cb33badbd1755d04c859095ce619d,0.39112837496213615
E2-303-041,E2,hotspot,batch,8,nonzone_local,4,32,8,303,033ef4bf09aeeeb6025d6e272acfa1b9c4a15b30924e5ee23550c5fb6311be4e,384,384,7939.697122731139,3963.728546121395,7981.827122731139,8019.527122871136,0.048109285517650605,0.5291358481222949,0.384826071361669,3758.827122731139,0.0,2577.1070842273375,4,5,3,1117,4170,73785,0.4947916666666667,11.54266886435441,19965.192428942406,23437.252956580105,38598.07857560143,206.78545074755735,0.0,3853.3090837225855,93.1697422556462,0.5385037779884306,1.0,5.711216365175359,10.0,c815af12e880f435c2d3d1cdd8370b75c3eec66afadc85b6d387c2111d48d352,0.41311879199929535
E3-303-042,E3,uniform,batch,4,zone,0,32,2,303,e3be303d8ce8ffa7454624e636fe3448fd407aa8eeb2c5d472577b2681115092,384,384,7461.047227827434,3040.7296999858836,7727.125921178839,7753.325921178839,0.04969506177549356,0.24844315679927811,0.09937726271971124,5424.12592117884,6925.970527623855,0.0,0,4,2,384,2688,12462,0.0,0.0,18102.400701831786,21157.323292696277,860.6269178260794,276.7061068960948,0.0,3002.007834390792,33.00127677504951,0.7205888200419136,1.0,0.0,3.9999999999999987,f747aa6930b2af5d61a1e4bef0152b31476cb33badbd1755d04c859095ce619d,0.4546194159775041
E3-303-043,E3,uniform,batch,4,zone,0,32,8,303,914bff391be128133f5b2f13df03c5abf3bd6925fcbe9bdb82b23d2370e790da,384,384,7743.895318169853,3239.3312304338087,8009.974011521259,8036.174011521259,0.047940230448646676,0.527276707417239,0.38347396903071923,3402.974011521259,6780.604955884957,0.0,0,4,3,384,2688,11931,0.0,0.0,18082.37943167844,21145.43626822753,839.4415604389413,1564.6283323537928,0.0,3191.3696875938267,32.886989891144026,4.074552948838003,1.0,0.0,10.0,f747aa6930b2af5d61a1e4bef0152b31476cb33badbd1755d04c859095ce619d,0.42616170801920816
E3-303-044,E3,uniform,batch,4,zone,0,32,24,303,460a7ce817c0d21974c43a4acb907807cd94b40dcc8cf620151ed760ca69be7b,384,384,11130.567226869429,5442.727126759316,11366.034001303398,11414.8340013034,0.03378487165848394,0.9121112859177826,0.8107655874824734,615.0340013033986,4932.014762761219,0.0,0,4,4,384,2688,8045,0.0,0.0,17362.796783235284,18352.396783235272,331.609912447366,20174.51454678974,0.0,5332.752076239628,30.437252220756058,52.53779829893161,1.0,0.0,26.0,f747aa6930b2af5d61a1e4bef0152b31476cb33badbd1755d04c859095ce619d,0.3841513749794103
E3-303-045,E3,uniform,batch,4,zone,1,32,2,303,7ffbb63a094c38666490537ef1e7ad30845dfa97707b5124ef1cb9384a7bb01d,384,384,7375.759282102869,3009.981761902301,7641.837975454275,7668.037975454275,0.05024969140060482,0.2512155832906924,0.10048623331627694,5722.837975454276,6800.825923575733,570.3968352867114,1,4,2,384,2688,12578,0.203125,2.389703016496299,18088.013302071126,21121.935892935617,941.4119702453876,19.13186335383378,0.0,2971.4486288180483,32.99790209820995,0.049822560817275464,1.0,0.48540842522581074,3.9999999999999987,f747aa6930b2af5d61a1e4bef0152b31476cb33badbd1755d04c859095ce619d,0.4223012499860488
E3-303-046,E3,uniform,batch,4,zone,1,32,8,303,02f609786b5c1de414bdb04d30b340b7a10ab6e577ab9f9f1ee868c2500f612f,384,384,7330.007585976957,2992.5499167904386,7594.34768046399,7656.747680463991,0.0505639215054398,0.5561299071093952,0.4044581142613784,3371.3476804639904,6843.342272501846,1708.5496210676465,1,4,2,384,2688,11672,0.5,6.898695943060658,17855.95925708587,20731.65453918547,851.7825693508411,298.2113408178035,0.0,2945.089160354985,32.23481643054332,0.7765920333796965,1.0,3.449347971530329,10.0,f747aa6930b2af5d61a1e4bef0152b31476cb33badbd1755d04c859095ce619d,0.4198904170189053
E3-303-047,E3,uniform,batch,4,zone,1,32,24,303,9a118d3842daea92bcf868a95a2cc048f86a386623b8dd83ba4f26668d44287e,384,384,10378.762456522736,5234.707158688312,10579.519096638875,10605.719096638875,0.036296545853582066,0.97991411435509,0.8710347683156355,212.51909663887528,3182.9848333738883,9846.610533505596,1,3,4,384,2688,7395,0.9661458333333334,25.505688769556865,17315.98442223267,17473.753187400736,378.4439175279899,19515.094448252887,0.0,5101.889378510956,30.355006787359425,50.82055845899189,1.0,24.64221493100416,25.999999999999996,f747aa6930b2af5d61a1e4bef0152b31476cb33badbd1755d04c859095ce619d,0.38424808299168944
E3-303-048,E3,uniform,batch,4,zone,2,32,2,303,affe5a60a0b3f893fc69fdf080225cdbf30c0108321484692010845284e70a72,384,384,7387.509184441867,3012.624386038579,7653.587877793272,7679.787877793272,0.050172547324395154,0.250829963762009,0.10033198550480361,5734.587877793272,6820.68254579246,563.241699972142,2,4,2,384,2688,12574,0.20052083333333334,2.327814285352493,18090.46005185253,21144.626140641954,957.186416915336,6.910156086814823,0.0,2974.0494189813694,33.09019659872259,0.017995198142746933,1.0,0.46677526034411965,4.0,f747aa6930b2af5d61a1e4bef0152b31476cb33badbd1755d04c859095ce619d,0.4523184999707155
E3-303-049,E3,uniform,batch,4,zone,2,32,8,303,12398dc35ad96dde59e600d8ecb8df77a4806dfcf7d5b175871c92a85ddf2f49,384,384,7205.671708963179,2925.800145333071,7470.011803450213,7532.4118034502135,0.05140554126335382,0.56538526656447,0.41118928477415995,3247.011803450213,6788.018063488857,2276.0729906238666,2,5,2,384,2688,11575,0.5416666666666666,9.096504762614746,17939.776519213166,20478.131405292897,844.9580598872459,112.27074575049795,0.0,2877.1358869895407,32.44461319672219,0.29237173372525505,0.999999999999999,4.927273413082987,10.0,f747aa6930b2af5d61a1e4bef0152b31476cb33badbd1755d04c859095ce619d,0.432569540978875
E3-303-050,E3,uniform,batch,4,zone,2,32,24,303,7d8e3f28fd46b4d827391aeb67596f1d254b1c483d4de78f3d2e8a9227017567,384,384,10393.070356754431,5234.419769279071,10496.480356754431,10545.280356754432,0.03658369157551921,0.9876655776096671,0.8779249578752597,129.48035675443208,3160.237581275337,19665.858667316337,2,3,4,384,2688,7494,0.9817708333333334,51.145513706409375,17352.675993864217,17615.066884094227,343.1795878343602,19213.19110939676,0.0,5076.757598046285,30.414645772595847,50.03435184738739,1.0,50.213173612802954,25.999999999999996,f747aa6930b2af5d61a1e4bef0152b31476cb33badbd1755d04c859095ce619d,0.37458025000523776
E3-303-051,E3,uniform,batch,4,zone,4,32,2,303,bddd0860493b2933491986721125b981e221ff4a65dce9be3d4762c6b46bed71,384,384,7387.509184441867,3012.624386038579,7653.587877793272,7679.787877793272,0.050172547324395154,0.250829963762009,0.10033198550480361,5734.587877793272,6820.68254579246,563.241699972142,2,4,2,384,2688,12574,0.20052083333333334,2.327814285352493,18090.46005185253,21144.626140641954,957.186416915336,6.910156086814823,0.0,2974.0494189813694,33.09019659872259,0.017995198142746933,1.0,0.46677526034411965,4.0,f747aa6930b2af5d61a1e4bef0152b31476cb33badbd1755d04c859095ce619d,0.46198179200291634
E3-303-052,E3,uniform,batch,4,zone,4,32,8,303,a8661222f33a49fe0e3f31998b88b80fc83c112d1b490746322059b7710ae9df,384,384,7378.97578774731,2955.8369320669804,7645.054481098716,7671.254481098716,0.05022854983563349,0.5524417868643049,0.40177584499222174,3422.0544810987158,7131.443319510171,2253.1932154937504,4,4,2,384,2688,11848,0.5104166666666666,9.536700079049748,18098.94391428281,20877.76349699323,853.4912927118154,10.919815249647172,0.0,2906.9703080330705,32.97049634968209,0.02843701887928951,1.0,4.8676906653483085,10.0,f747aa6930b2af5d61a1e4bef0152b31476cb33badbd1755d04c859095ce619d,0.5469823330058716
E3-303-053,E3,uniform,batch,4,zone,4,32,24,303,f3726455d44e4b4c49a1f65ee9e47af4dc7916be971926e18a552b6f483b5751,384,384,10393.912987280692,5235.187767766793,10660.582360603932,10709.382360603933,0.036020546252620106,0.9724635283324583,0.8644120251844074,293.58236060393284,3963.206094466198,39369.2096103778,4,4,4,384,2688,8440,0.9791666666666666,103.68406811270688,17715.345737814827,18767.20538207109,403.27425649926846,17834.143709379172,0.0,5028.738182040902,31.482519789023392,46.44308257650826,1.0,101.52398336035883,25.999999999999996,f747aa6930b2af5d61a1e4bef0152b31476cb33badbd1755d04c859095ce619d,0.3984875829773955
E3-303-054,E3,uniform,batch,4,nonzone_fifo,0,32,2,303,24fd4d60da3ae86021e5145af221a7122238cba8fd3346c792c846233a36f8da,384,384,7620.4527137821015,3807.8688530745076,7673.662713782101,7694.8627137821,0.05004129244699873,0.25017386061176067,0.10006954424470427,5370.662713782101,0.0,0.0,0,2,2,390,2703,20190,0.0,0.0,20293.291744249367,22690.12434225176,6185.5881001550415,282.9384127616033,0.0,3753.7816333121673,48.350400979107334,0.7368187832333418,1.0,0.0,4.0,f747aa6930b2af5d61a1e4bef0152b31476cb33badbd1755d04c859095ce619d,0.41994920902652666
E3-303-055,E3,uniform,batch,4,nonzone_fifo,0,32,8,303,4296a69771efb66f7042ce2451880f839f9887e54d7b27b0c995245e7f26b9a7,384,384,7736.628223833573,3855.2388323563664,7814.832223843571,7830.032223843571,0.04913733129527599,0.5404414883822538,0.39304835518709363,3207.8322238435712,0.0,0.0,0,2,3,390,2704,18932,0.0,0.0,20248.804276991348,22215.90866886094,6117.745644884751,1321.4110655579202,0.0,3792.7554219922176,48.04223571425842,3.441174649890417,1.0,0.0,10.0,f747aa6930b2af5d61a1e4bef0152b31476cb33badbd1755d04c859095ce619d,0.37636699998984113
E3-303-056,E3,uniform,batch,4,nonzone_fifo,0,32,24,303,abfcf7fe2e76d041ede1ccbe6ff2e05701dd278e9ca98dbbf73cc5bb115fe367,384,384,10709.760000080007,5431.72187503323,10817.000000080006,10829.000000080006,0.035499676434978256,0.9584026622225292,0.8519134775311371,66.00000008000592,0.0,0.0,0,2,4,390,2705,12739,0.0,0.0,21373.87484342754,21515.47484342754,3131.643894146776,16928.081262755713,0.0,5314.853848065146,45.784482012991916,44.083544955093004,1.0,0.0,26.0,f747aa6930b2af5d61a1e4bef0152b31476cb33badbd1755d04c859095ce619d,0.4212024169974029
E3-303-057,E3,uniform,batch,4,nonzone_fifo,1,32,2,303,8dfc2170a7542a202b3109446b0e9903fad7a05b4389b939dd72fc0e4b5358a5,384,384,7693.362629815923,3828.252408289962,7779.666629948922,7812.866629978921,0.04935944151150873,0.2467654882693007,0.09870619530772028,5860.666629948922,0.0,512.9080568645759,1,4,2,391,2704,20981,0.15104166666666666,2.222552704561654,19878.962183046227,23096.160026586716,6484.226830866958,16.794224384899707,0.0,3776.292007854881,46.58096741099412,0.04373495933567632,1.0,0.3356980647514999,4.0,f747aa6930b2af5d61a1e4bef0152b31476cb33badbd1755d04c859095ce619d,0.375167166988831
E3-303-058,E3,uniform,batch,4,nonzone_fifo,1,32,8,303,a2551495f61038a1c6b689dbfd5bb2042aa4e0b1445d83813a616f828c6d5ca8,384,384,7756.184549031719,3886.4104238343257,7828.427189179554,7854.627189179554,0.049051998660824804,0.5395030693736655,0.3923658686353931,3605.4271891795543,0.0,1345.4749526027558,1,4,2,390,2706,21592,0.4114583333333333,6.0852845101440245,19897.425893791435,23223.2597414822,6423.0151474002005,107.7378963531072,0.0,3825.197957644399,47.428057729104246,0.28056743841955,1.0,2.50384102240301,10.0,f747aa6930b2af5d61a1e4bef0152b31476cb33badbd1755d04c859095ce619d,0.3801745420205407
E3-303-059,E3,uniform,batch,4,nonzone_fifo,1,32,24,303,c88671f2b98ea5b8b7280fe126dc715ba730999674129bdfd854f7a4002f89a6,384,384,10300.79000002,5233.7000000200005,10404.20000002,10424.60000002,0.03690817169981948,0.9964248644889162,0.8857109906568145,37.20000002,0.0,10291.067543837977,1,2,4,390,2708,13503,0.9973958333333334,25.867017085738844,21363.97892929591,21781.17892929591,3460.501883038682,14613.119187755414,0.0,5096.4183011142995,46.42704595884293,38.05499788477972,1.0,25.799655062078063,26.0,f747aa6930b2af5d61a1e4bef0152b31476cb33badbd1755d04c859095ce619d,0.36402924999129027
E3-303-060,E3,uniform,batch,4,nonzone_fifo,2,32,2,303,f2afdd75f3f68e23fae6d9408609f3fe7c474c51707a827e172c8014e622e617,384,384,7641.889951477096,3828.6198361282045,7721.918631370629,7733.918631370629,0.04972857373036584,0.24861067319820346,0.09944426927928138,5802.91863137063,0.0,541.2887649434319,2,3,2,390,2704,20869,0.171875,2.383163105203515,19923.9633036799,22980.95695864234,6324.596662718341,5.267544407966284,0.0,3775.870228108639,47.326284297296475,0.013717563562412197,1.0,0.40960615870685413,4.0,f747aa6930b2af5d61a1e4bef0152b31476cb33badbd1755d04c859095ce619d,0.37029854097636417
E3-303-061,E3,uniform,batch,4,nonzone_fifo,2,32,8,303,922ac8bf067680bd7d2b9c42bdf664a362fc3f313f87092b0fc1ce689f63fc02,384,384,7700.25954489185,3851.9033616886654,7776.437544866951,7789.437544906949,0.04937993750794921,0.5431094721921371,0.39498870704882694,3553.4375448669507,0.0,1495.444880656207,2,4,2,390,2703,21270,0.4296875,6.736029579734588,19899.995962503475,23187.721898694683,6342.819171323135,17.409109629982368,0.0,3791.032585298856,46.93105245677259,0.045336222994745747,1.0,2.894387710042206,10.0,f747aa6930b2af5d61a1e4bef0152b31476cb33badbd1755d04c859095ce619d,0.37469266599509865
E3-303-062,E3,uniform,batch,4,nonzone_fifo,2,32,24,303,027e881a2c79189b6295b43c2906d9155ebd5348f5877d5b298da0bf611ade0f,384,384,10300.79000002,5233.7000000200005,10404.20000002,10430.20000002,0.03690817169981948,0.9964248644889162,0.8857109906568145,37.20000002,0.0,20601.930013821802,2,2,4,390,2710,12867,0.9973958333333334,52.7883290178115,21254.856924681655,21561.23024473473,3334.952510685848,14871.790564772495,0.0,5069.59768596938,45.7228333771979,38.728621262428376,1.0,52.65085941099428,26.0,f747aa6930b2af5d61a1e4bef0152b31476cb33badbd1755d04c859095ce619d,0.3620772919966839
E3-303-063,E3,uniform,batch,4,nonzone_fifo,4,32,2,303,48f4fe10dd05288b4dd2eaf04ca03a32c7c9c30609c3fde07619286ac7f8a0db,384,384,7641.889951477096,3828.6198361282045,7721.918631370629,7733.918631370629,0.04972857373036584,0.24861067319820346,0.09944426927928138,5802.91863137063,0.0,541.2887649434319,2,3,2,390,2704,20869,0.171875,2.383163105203515,19923.9633036799,22980.95695864234,6324.596662718341,5.267544407966284,0.0,3775.870228108639,47.326284297296475,0.013717563562412197,1.0,0.40960615870685413,4.0,f747aa6930b2af5d61a1e4bef0152b31476cb33badbd1755d04c859095ce619d,0.37148979102494195
E3-303-064,E3,uniform,batch,4,nonzone_fifo,4,32,8,303,f7a1895c1d3567a773d961969601985e177f0856a74ac231dbcab448371e8f3e,384,384,7715.031591179983,3857.639167137925,7769.714951113846,7804.314951113845,0.049422662532162875,0.5435793265579169,0.3953304193148486,3546.714951113846,0.0,1508.9911724294368,3,4,2,390,2703,21675,0.4114583333333333,7.120197293857195,19746.024389628226,23199.895218747744,6358.943172608503,6.448092956069331,0.0,3797.7327686638646,45.95994205378583,0.016791908739763883,1.0,2.9296645115349915,10.0,f747aa6930b2af5d61a1e4bef0152b31476cb33badbd1755d04c859095ce619d,0.38183016696712
E3-303-065,E3,uniform,batch,4,nonzone_fifo,4,32,24,303,0061e964fe5127ebd2fb7449254cc6879a1880eb7ec4cc19a2a9b2bbea0574a9,384,384,10300.79000002,5233.7000000200005,10404.20000002,10439.400000020001,0.03690817169981948,0.9964248644889162,0.8857109906568145,37.20000002,0.0,40980.2853060286,4,2,3,390,2716,13780,0.9973958333333334,105.99552299224177,21354.555912245516,21677.751357360514,3839.857067508929,14102.764895393642,0.0,5017.380296729612,46.8742600575176,36.72595024842094,1.0,105.71949298444949,26.0,f747aa6930b2af5d61a1e4bef0152b31476cb33badbd1755d04c859095ce619d,0.35771399998338893
E3-303-066,E3,uniform,batch,8,zone,0,32,2,303,c7c2fe9a76fa4f6c391a3ab9c346af2bcfe67f85d4d285801e1c8c1a87b8b889,384,384,4197.720813614498,1709.0048171797298,4387.766133684166,4464.366133684166,0.08751605903789962,0.4374805905613952,0.1749922362245581,2084.7661336841657,8507.03347608658,0.0,0,8,4,384,2688,18556,0.0,0.0,16763.313121346768,19815.63606067177,3542.493115532764,1406.6451876996953,0.0,1668.4185634054763,31.923115264618836,3.6631385096346234,1.0,0.0,4.0,f747aa6930b2af5d61a1e4bef0152b31476cb33badbd1755d04c859095ce619d,0.4653572090319358
E3-303-067,E3,uniform,batch,8,zone,0,32,8,303,80902243f5eea0861936c3725fb62b84ec44c39f9c44f2af68d75b69090f1e83,384,384,5107.585511795753,2377.6179972052078,5252.18704743843,5322.787047438431,0.07311239994532992,0.8040833044503366,0.584787857782063,645.1870474384305,6737.204650572647,0.0,0,8,7,384,2688,15505,0.0,0.0,16746.829231695272,19737.978850967207,2325.6963033865004,11327.645250150497,0.0,2306.1745200388086,30.944400994132042,29.49907617226692,1.0,0.0,10.0,f747aa6930b2af5d61a1e4bef0152b31476cb33badbd1755d04c859095ce619d,0.43454870901769027
E3-303-068,E3,uniform,batch,8,zone,0,32,24,303,91d2e7a532c3165b82dd94d3d909452306bc12fa16278f0b1bd342b7c13b743f,384,384,10695.620356239078,5405.24733270947,10854.660356249082,10880.260356249082,0.035376509941089894,0.9550777806005731,0.8489580272005094,103.6603562490823,7214.126030713953,0.0,0,8,8,384,2688,7924,0.0,0.0,15324.695070406091,16351.66839045916,546.5997856510775,60793.05256485136,0.0,5194.70227250994,25.229819145230373,158.3152410543004,1.0,0.0,26.0,f747aa6930b2af5d61a1e4bef0152b31476cb33badbd1755d04c859095ce619d,0.38924645900260657
E3-303-069,E3,uniform,batch,8,zone,1,32,2,303,22d3d64fa944ac46b16bef2c500fb333d60a372afb5d565ff28d3d34720d28b3,384,384,4111.98720330508,1635.59135158804,4298.6105233581475,4375.210523358148,0.08933119153582043,0.4465520747912795,0.17862082991651182,2379.6105233581475,8824.826786691607,892.1788941769291,1,8,3,384,2688,19506,0.4895833333333333,2.7030792242389854,16768.91079987879,19779.774632713103,3776.9568920012703,177.83460779041621,0.0,1596.5079518814118,32.296906211921645,0.4631109577875422,1.0,1.3233825369190861,4.0,f747aa6930b2af5d61a1e4bef0152b31476cb33badbd1755d04c859095ce619d,0.4844240000238642
E3-303-070,E3,uniform,batch,8,zone,1,32,8,303,017fc03be5fdadd5db1fc81bdd8e8f340715c30d87eafac2959f34625bc42db5,384,384,4746.005175059974,2176.7457868986476,4895.89871072075,4959.49871075075,0.07843299518414044,0.8625867614440181,0.6273358265047405,672.8987107207508,6913.091883678456,3629.786591424729,1,7,7,384,2688,14385,0.8802083333333334,9.60291890954062,16244.728387041798,18659.573614444147,2229.272555077551,9510.206588254709,0.0,2102.994782350333,29.53227230956587,24.766162990246638,1.0,8.452569248501899,9.999999999999998,f747aa6930b2af5d61a1e4bef0152b31476cb33badbd1755d04c859095ce619d,0.43598833301803097
E3-303-071,E3,uniform,batch,8,zone,1,32,24,303,d8f9f37e00039d40c7c6cec2fa5b7d1f6615f9500d7e54796fa00b1ac58cb362,384,384,10277.854911104067,5211.304436387385,10479.153765496067,10510.553765496066,0.036644180302456135,0.9892984618350437,0.8793764105200389,112.15376549606756,7351.49946728244,10237.099999999999,1,8,8,384,2688,6863,0.9921875,25.861154855643044,14942.39110929911,15100.49688488421,442.1472641440285,59052.88650765785,0.0,4980.702159803688,24.159603386670703,153.78355861369232,1.0,25.65911458333333,25.999999999999996,f747aa6930b2af5d61a1e4bef0152b31476cb33badbd1755d04c859095ce619d,0.39052337501198053
E3-303-072,E3,uniform,batch,8,zone,2,32,2,303,51e7a4718eaaea5f8ab651bb39a691c419feb5688e5656bc4c628abf436c3a02,384,384,4105.480926331929,1632.1856494503259,4294.926246431596,4371.5262464315965,0.089407821687053,0.44693504726596384,0.17877401890638553,2375.9262464315957,8751.564788642012,1036.2143596113046,2,7,2,384,2688,19686,0.4661458333333333,3.6436556402866183,16758.530645562667,19773.96205185321,3969.6737674534775,37.61199709795295,0.0,1593.0262740570308,32.362952589364696,0.09794790910925248,1.0,1.698474894821106,4.000000000000001,f747aa6930b2af5d61a1e4bef0152b31476cb33badbd1755d04c859095ce619d,0.48557370802154765
E3-303-073,E3,uniform,batch,8,zone,2,32,8,303,adb0b64731fc559c9a0cba9a7b8de10b063d03134de27d3cb9dbe141cc487241,384,384,4701.631827833731,2169.164909479524,4853.804363491308,4879.404363491309,0.07911320095394027,0.8700659560589031,0.6327752407701114,630.8043634913083,6524.584021024736,7311.844713563538,2,6,6,384,2688,11219,0.9036458333333334,19.964970356090888,15491.275930455202,16498.666108762412,1807.8778395597585,12190.380258646626,0.0,2081.8044300299175,26.573435251142307,31.745781923558923,1.0,18.041262274905048,10.0,f747aa6930b2af5d61a1e4bef0152b31476cb33badbd1755d04c859095ce619d,0.41451291600242257
E3-303-074,E3,uniform,batch,8,zone,2,32,24,303,48f7d90635175af8c158ec2c6dbabfa5bfd9cf5b572d9a817cc726c596fa4330,384,384,10277.854911104067,5211.041213187426,10487.364911114066,10501.364911114066,0.03661548952044694,0.9885239584878935,0.8786879631003498,120.3649111140667,7606.726679936919,20512.470483903067,2,7,8,384,2688,7035,0.9947916666666666,52.692331109693896,14945.696682108108,15104.60245769321,511.6974778533784,58797.59267342902,0.0,4954.28946067234,24.21512970953358,153.1187309203881,1.0,52.41789188516424,25.999999999999996,f747aa6930b2af5d61a1e4bef0152b31476cb33badbd1755d04c859095ce619d,0.3869907499756664
E3-303-075,E3,uniform,batch,8,zone,4,32,2,303,cc45b27e8c5c48e6f8c164879d9948e31bfff75fb0212600d759fefca2937e6c,384,384,4137.34334425864,1629.0153444243103,4323.788664348307,4400.388664348307,0.08881100114033383,0.44395232900688353,0.1775809316027534,2404.788664348307,9047.063857850102,1063.2435206372256,4,8,2,384,2688,19713,0.4609375,3.8375340148995796,16797.302358742865,19805.40972977825,3897.6448081244916,17.176937115599927,0.0,1589.5409332589327,32.66081622331301,0.04473160707187481,1.0,1.7688633349927751,4.0,f747aa6930b2af5d61a1e4bef0152b31476cb33badbd1755d04c859095ce619d,0.48883695900440216
E3-303-076,E3,uniform,batch,8,zone,4,32,8,303,15b44aae6c24be5b94a57ee49285143fe2dd4ac777f7c1c4ad4450f1536ef2b8,384,384,4544.689043219946,2149.333923845423,4672.219897630244,4712.019897630244,0.08218791247277665,0.9038735802143527,0.6573626037922565,449.2198976302438,5510.932680805686,15363.408667755692,4,5,6,384,2688,9837,0.9401041666666666,41.494206835888335,15175.668673922248,15685.45885222946,1454.1276873569566,13017.639960649853,0.0,2039.9480488951813,25.47689414710255,33.90010406419233,1.0,39.0088767389471,10.000000000000002,f747aa6930b2af5d61a1e4bef0152b31476cb33badbd1755d04c859095ce619d,0.40855254203779623
E3-303-077,E3,uniform,batch,8,zone,4,32,24,303,b355af8ce5d204793283981a34d51b49bb310ed72ea2bf9ce7d3b1334d8a1e8c,384,384,10277.854911104067,5210.764911104067,10381.264911104066,10432.264911124068,0.036989712071528374,0.9986260309069162,0.8876675830283699,14.264911104067352,6634.599065662895,41057.12572885577,4,5,8,384,2688,7485,0.9973958333333334,106.19615072808296,14988.197700032119,15260.103475617221,651.0275613941159,58135.14629400628,0.0,4901.938514946331,24.513187764865783,151.39361014064136,1.0,105.91959825222858,25.999999999999996,f747aa6930b2af5d61a1e4bef0152b31476cb33badbd1755d04c859095ce619d,0.381325000023935
E3-303-078,E3,uniform,batch,8,nonzone_fifo,0,32,2,303,f938f822847d353827151becbebff4940b72f1a211def8a9d580ebe1858deb2e,384,384,5057.118673021522,2474.143008618226,5091.24245207342,5117.44245207342,0.07542363256411314,0.37704410543496986,0.15081764217398794,2788.24245207342,0.0,0.0,0,3,4,412,2758,35258,0.0,0.0,20253.841730447482,22359.42890904385,16073.997676766334,651.6636534671834,0.0,2403.7655347503865,63.68043310360191,1.6970407642374568,1.0,0.0,4.000000000000001,f747aa6930b2af5d61a1e4bef0152b31476cb33badbd1755d04c859095ce619d,0.3663667919463478
E3-303-079,E3,uniform,batch,8,nonzone_fifo,0,32,8,303,44f886f544719fbc30bf1a3d3f9f5144be82f0351b524cb7ab045c58d93db3de,384,384,5308.131401947307,2610.991058123793,5354.091401947307,5369.291401947306,0.07172085255405568,0.7887820548616592,0.5736596762630249,747.0914019473067,0.0,0.0,0,3,5,412,2763,29482,0.0,0.0,20864.16773215154,21763.763177266548,14093.883610615194,5209.354402583069,0.0,2522.408951415904,64.01607961782871,13.566027090060075,1.0,0.0,10.0,f747aa6930b2af5d61a1e4bef0152b31476cb33badbd1755d04c859095ce619d,0.364743834012188
E3-303-080,E3,uniform,batch,8,nonzone_fifo,0,32,24,303,01356907d899086a314320f40ab92b84c326e1a3b4300d115fa29022e7137513,384,384,10680.160000140017,5425.2369792088575,10787.400000140016,10813.600000140017,0.03559708548816358,0.9610322197791553,0.8542508620259159,36.40000014001583,0.0,0.0,0,2,8,412,2771,13440,0.0,0.0,21472.727154252265,21578.23292983735,3527.1462159155026,58851.36749551342,0.0,5198.093391556817,46.88481813247489,153.2587695195662,1.0,0.0,26.0,f747aa6930b2af5d61a1e4bef0152b31476cb33badbd1755d04c859095ce619d,0.3526371250045486
E3-303-081,E3,uniform,batch,8,nonzone_fifo,1,32,2,303,de7fd157d7f5353713a7471e7359ad40b27a3491cc9905b5f50d3382c47e60de,384,384,5172.866725955757,2543.542752076037,5224.834725978956,5251.034725978956,0.0734951477203045,0.36740541955052475,0.1469621678202099,3305.8347259789566,0.0,675.5649398023443,1,4,3,414,2758,38849,0.3125,2.42970783160287,20120.024135325762,22992.691444815304,17178.22005720888,83.71294605359606,0.0,2474.0033339797883,63.56213193516526,0.2180024636812397,1.0,0.7592836974019384,3.999999999999999,f747aa6930b2af5d61a1e4bef0152b31476cb33badbd1755d04c859095ce619d,0.37686654197750613
E3-303-082,E3,uniform,batch,8,nonzone_fifo,1,32,8,303,629f1a8e153d32734f5b57b82de1018aac424b876536b339a7d163f4c24f0867,384,384,5170.210675307337,2512.7318296887565,5212.340675307337,5232.7406753073365,0.07367131657743343,0.8102290379768797,0.5892574821650034,989.3406753073368,0.0,2868.611467700315,1,4,5,412,2767,32608,0.7864583333333334,8.227190290398394,20429.847289084144,22209.742356750372,15443.043381948037,2285.7396637502893,0.0,2424.932669147833,64.37637113610398,5.952447041016378,1.0,6.470342363802903,10.0,f747aa6930b2af5d61a1e4bef0152b31476cb33badbd1755d04c859095ce619d,0.3734697499894537
E3-303-083,E3,uniform,batch,8,nonzone_fifo,1,32,24,303,bf0b35bdb71e44fcf7e2adcc513da71f0aca6d8560c18c7fa1260598afa55991,384,384,10300.79000002,5233.7000000200005,10404.20000002,10438.80000002,0.03690817169981948,0.9964248644889162,0.8857109906568145,37.20000002,0.0,10339.999999990001,1,2,8,412,2778,13951,0.9973958333333334,25.99477806785901,21155.788610683754,21389.985977279845,3632.815332020249,55709.57201094299,0.0,4989.426273200752,46.26963304077713,145.07701044516403,1.0,25.927083333307294,26.0,f747aa6930b2af5d61a1e4bef0152b31476cb33badbd1755d04c859095ce619d,0.35466033301781863
E3-303-084,E3,uniform,batch,8,nonzone_fifo,2,32,2,303,248aee508c39219f868c6ec3b0b40c715d93d4befbfae5ee7d4e802074cd9347,384,384,5252.250818063035,2523.0504157627497,5291.200818103035,5309.200818123035,0.07257331808050126,0.3627980241097909,0.14511920964391636,3372.200818103035,0.0,822.999570984996,2,5,2,413,2759,39781,0.375,3.0486081318402505,19928.244865384317,22879.364979301747,17791.62998561407,26.67331990306915,0.0,2452.748896361862,64.0888295808664,0.06946177058090924,1.0,1.143228049440094,3.9999999999999996,f747aa6930b2af5d61a1e4bef0152b31476cb33badbd1755d04c859095ce619d,0.3767276249709539
E3-303-085,E3,uniform,batch,8,nonzone_fifo,2,32,8,303,7471aa4d1b1e90e9ea2302cfe9f032fc106728a48cba6bd0d5e08c988176d972,384,384,5156.804900462233,2546.611364630192,5207.508220575301,5233.7082205753,0.07373968196205315,0.8109807686035374,0.5898041953480272,984.5082205753015,0.0,4245.019030193077,2,4,5,413,2766,36792,0.7760416666666666,12.956439698600931,19878.021744828067,22345.022588079395,16845.81987541103,680.450925581534,0.0,2460.169206732945,63.615413220750305,1.7720076187019111,0.9999999999999994,10.054737057794473,10.0,f747aa6930b2af5d61a1e4bef0152b31476cb33badbd1755d04c859095ce619d,0.3764371249708347
E3-303-086,E3,uniform,batch,8,nonzone_fifo,2,32,24,303,959298af57ce05d0fa2f080ebfe31459f38cb312122541e805da45a1a29c1d54,384,384,10300.79000002,5233.7000000200005,10404.20000002,10427.20000002,0.03690817169981948,0.9964248644889162,0.8857109906568145,37.20000002,0.0,20646.8,2,2,8,412,2784,14322,0.9973958333333334,52.90548302872063,21134.9997756812,21372.1997756812,4195.609069096049,54972.76447547583,0.0,4963.560694880084,47.21335598503086,143.15824082155163,1.0,52.76770833333334,26.0,f747aa6930b2af5d61a1e4bef0152b31476cb33badbd1755d04c859095ce619d,0.3591740420088172
E3-303-087,E3,uniform,batch,8,nonzone_fifo,4,32,2,303,c14160e94e2c1a03f6800085ca82aaff9dd284123d1adeeb5bc9c24ea1052d89,384,384,5205.330523529536,2564.7341976621456,5245.430523574434,5270.830523604433,0.07320657442209871,0.36596310412815475,0.1463852416512619,3326.430523574434,0.0,760.4368640420149,4,5,2,412,2757,39011,0.3098958333333333,3.1633349919497054,19946.208740823975,23000.795033194256,17326.3614075624,18.08774781881914,0.0,2496.4445606008308,62.2622292179272,0.047103509944841505,1.0,0.9803043334427473,3.9999999999999996,f747aa6930b2af5d61a1e4bef0152b31476cb33badbd1755d04c859095ce619d,0.3782201249850914
E3-303-088,E3,uniform,batch,8,nonzone_fifo,4,32,8,303,a54805ea661717aff27f531b541f8eb3a9308c48aa12e37272e27ea226b87e50,384,384,5194.68543778246,2556.1560695581647,5236.81543778246,5271.01543778246,0.07332700656767953,0.8064430773048238,0.58650405622169,1013.8154377824603,0.0,5073.028984099757,4,5,3,412,2771,39034,0.7708333333333334,15.841314135472146,19770.503261631256,22884.08130802793,17035.822715641563,192.10526589780034,0.0,2471.232042572136,61.21273987666015,0.5002741299421885,1.0,12.211012979426446,10.0,f747aa6930b2af5d61a1e4bef0152b31476cb33badbd1755d04c859095ce619d,0.3805072089890018
E3-303-089,E3,uniform,batch,8,nonzone_fifo,4,32,24,303,c080bef778d38fac7a1599b25344ce24e6acddf5bc5112801cc9ea2530208162,384,384,10300.79000002,5233.7000000200005,10404.20000002,10430.20000002,0.03690817169981948,0.9964248644889162,0.8857109906568145,37.20000002,0.0,41175.399999999994,4,2,7,412,2798,14814,0.9973958333333334,106.50496083550914,21390.564801839813,21676.56480183981,3982.742744336798,54510.66314073257,0.0,4911.378895150719,47.13864877362376,141.95485192899108,1.0,106.22760416666667,26.0,f747aa6930b2af5d61a1e4bef0152b31476cb33badbd1755d04c859095ce619d,0.35401329200249165
E4-303-090,E4,uniform,poisson,4,zone,0,32,8,303,914bff391be128133f5b2f13df03c5abf3bd6925fcbe9bdb82b23d2370e790da,384,384,1105.5976201548667,265.0379440882877,8195.695601076028,8221.895601076028,0.04685386313634976,0.5153296164182907,0.3747851755769387,3588.695601076028,7834.79245762635,0.0,0,4,3,384,2688,11196,0.0,0.0,17985.572267170708,20787.659608782473,695.8348001183847,1606.9265947391416,0.0,217.32735988620908,32.52587952827877,4.184704673799848,1.0,0.0,9.999999999999998,81644c32c6abe7a840ce032e76b980ea5c402784d530ef40c0ae844a7af609d4,0.06879908300470561
E4-303-091,E4,hotspot,poisson,4,zone,0,32,8,303,914bff391be128133f5b2f13df03c5abf3bd6925fcbe9bdb82b23d2370e790da,384,384,10340.778906341904,4058.527768930481,17795.860141464982,17813.860141464982,0.021578052251897982,0.23734523766686708,0.17261471830317607,13188.860141464982,47564.59890922602,0.0,0,3,3,384,2688,9175,0.0,0.0,18875.87797915004,21480.710751455685,125.26222551837242,339.7193563276282,0.0,4013.121328710212,33.521754396499496,0.884685823769865,1.0,0.0,9.999999999999998,3ec59e59b711f9c99d7328767724fefa89ca56d4c64adc95578033b1eafaf52c,0.5355219999910332
E4-303-092,E4,uniform,poisson,4,zone,4,32,8,303,a8661222f33a49fe0e3f31998b88b80fc83c112d1b490746322059b7710ae9df,384,384,898.0353565351073,198.06573150630874,7973.742112060867,7999.942112060867,0.04815806613800213,0.5296723004511573,0.38521621850993254,3731.077232754864,8515.295610010066,1613.4614140465148,3,4,2,384,2688,11019,0.4166666666666667,7.684133837790718,17888.687900431436,20464.314388374685,731.6101266216468,4.607705589068246,0.0,151.6065767141231,32.24543312646797,0.011999233304865223,1.0,3.201722432412799,10.0,81644c32c6abe7a840ce032e76b980ea5c402784d530ef40c0ae844a7af609d4,0.06206600001314655
E4-303-093,E4,hotspot,poisson,4,zone,4,32,8,303,a8661222f33a49fe0e3f31998b88b80fc83c112d1b490746322059b7710ae9df,384,384,10162.379735623734,3951.484344371888,17617.46097074681,17635.46097074681,0.02179655744023607,0.23974852326848575,0.17436256237708053,13394.460970746812,47233.11299359687,626.800929865283,2,3,2,384,2688,9116,0.11197916666666667,5.6465332526809995,18878.01306808598,21489.57829592366,106.15468343171705,2.585305512616685,0.0,3906.358398040165,33.486919677092956,0.006732566439105951,1.0,0.6322940881908411,9.999999999999998,3ec59e59b711f9c99d7328767724fefa89ca56d4c64adc95578033b1eafaf52c,0.5364495419780724
E4-303-094,E4,uniform,poisson,4,nonzone_fifo,0,32,8,303,4296a69771efb66f7042ce2451880f839f9887e54d7b27b0c995245e7f26b9a7,384,384,857.1069536192807,425.97114607025327,7919.996627647649,7931.996627647649,0.04848486912980586,0.5332662288046485,0.3878299845851989,3312.99662764765,0.0,0.0,0,3,3,392,2714,19840,0.0,0.0,20295.829211636566,22511.763894135445,6049.7100439108835,1341.5735150455,0.0,363.5890868288383,47.88837821265069,3.493681028764323,1.0,0.0,10.0,81644c32c6abe7a840ce032e76b980ea5c402784d530ef40c0ae844a7af609d4,0.07158462499501184
E4-303-095,E4,hotspot,poisson,4,nonzone_fifo,0,32,8,303,4296a69771efb66f7042ce2451880f839f9887e54d7b27b0c995245e7f26b9a7,384,384,2250.8317194446113,1281.4113822271543,9481.197266523093,9504.397266523094,0.0405012140561462,0.4454663704279636,0.3239755421294281,4874.197266523093,0.0,0.0,0,3,3,394,2711,26216,0.0,0.0,20117.5939082587,22688.218068283815,12522.051228589145,1029.3854364028844,0.0,1211.050619370957,56.680071615564806,2.6806912406325116,1.0,0.0,10.0,3ec59e59b711f9c99d7328767724fefa89ca56d4c64adc95578033b1eafaf52c,0.13397166598588228
E4-303-096,E4,uniform,poisson,4,nonzone_fifo,4,32,8,303,f7a1895c1d3567a773d961969601985e177f0856a74ac231dbcab448371e8f3e,384,384,948.5121942343768,466.54649339797834,7986.7954850019205,8012.99548500192,0.04807935807560091,0.5288067287064478,0.38458671178650755,3763.7954850019214,0.0,1307.260832866736,2,4,2,392,2710,22250,0.3697916666666667,6.501836851174198,19912.864124908563,23359.383759036962,6906.381573168352,3.989343457222475,0.0,405.32809769686287,47.80368170027182,0.010388915253183528,1.0,2.4043250855904583,9.999999999999998,81644c32c6abe7a840ce032e76b980ea5c402784d530ef40c0ae844a7af609d4,0.07610704097896814
E4-303-097,E4,hotspot,poisson,4,nonzone_fifo,4,32,8,303,f7a1895c1d3567a773d961969601985e177f0856a74ac231dbcab448371e8f3e,384,384,2337.6751176908774,1267.219554675688,9607.221655180329,9630.42165518033,0.03996993238861546,0.43962349658353334,0.3197261793334788,5384.2216551803285,0.0,1393.6100328240618,3,4,2,394,2715,29444,0.3802083333333333,6.915137211123711,20053.170922622987,23546.939644816313,13162.976406706694,2.9999999999997726,0.0,1197.5159611344538,56.06658824742142,0.007812499999999408,1.0,2.6291927938126607,10.0,3ec59e59b711f9c99d7328767724fefa89ca56d4c64adc95578033b1eafaf52c,0.13371912500588223
E1-404-000,E1,uniform,batch,1,zone,4,16,2,404,98f5d941f697deef5fb38ecc622beee3a2489fd008695aaedefa9ce612256cf6,384,384,19221.612188757947,9698.997161263978,19442.145188757946,19483.795188757947,0.019750906922659992,0.09874945546928007,0.03949978218771203,17523.145188757946,0.0,384.0,1,1,1,384,2688,9349,0.0,0.0,15518.290787297996,17947.795188757947,0.0,0.0,0.0,9665.101396685675,28.89576457830227,0.0,1.0,0.0,4.0,c9b54c1a6762db10b986b65280a30224d16f716832af81bdcdf62bfd52b87ba6,0.37226329202530906
E1-404-001,E1,uniform,batch,1,zone,4,16,8,404,7a6e5d01ecc378b1325581efb9d570f554c5a3f055f7065d94deee1022c6c396,384,384,19277.205234267185,9745.246893889562,19497.738234267184,19533.388234267186,0.01969459202837803,0.21662940182338158,0.15754865587155026,15274.738234267184,0.0,393.7335206051612,1,2,1,384,2688,9307,0.013020833333333334,1.946704121032235,15565.783508099941,17997.388234267186,0.0,0.0,0.0,9705.202102640927,29.01944353872401,0.0,1.0,0.025347709909273892,10.000000000000004,c9b54c1a6762db10b986b65280a30224d16f716832af81bdcdf62bfd52b87ba6,0.3719915419933386
E1-404-002,E1,uniform,batch,1,zone,4,16,24,404,3349372476008a312478952c3f173dd55a9cb7197e645d56518b875aa7f05343,384,384,17939.441461976963,9056.548446155663,18145.648655315446,18175.148655315446,0.021162098269080835,0.5713451666439271,0.5078623703501575,7778.648655315446,0.0,527.460527927298,1,2,1,384,2688,8063,0.0625,5.977521996970751,16366.517886769972,16629.298655315448,0.0,0.0,0.0,8998.07016171434,31.104689316510463,0.0,1.0,0.3735951248106719,26.0,c9b54c1a6762db10b986b65280a30224d16f716832af81bdcdf62bfd52b87ba6,0.36870499997166917
E1-404-003,E1,uniform,batch,1,zone,4,64,2,404,9cba61902823d10fa3308c47faf5ce03bcbe72e8cf63541b84b4e2d938f14cd2,384,384,37468.93662352234,19019.183776740523,37950.05862352234,38040.15862352234,0.010118561444381743,0.0505914741152957,0.02023658964611828,36031.05862352234,0.0,384.0,1,1,1,384,2688,9349,0.0,0.0,31605.027761933878,36504.15862352234,0.0,0.0,0.0,18955.78868689871,58.395089841811284,0.0,1.0,0.0,4.0,c9b54c1a6762db10b986b65280a30224d16f716832af81bdcdf62bfd52b87ba6,0.3797393750282936
E1-404-004,E1,uniform,batch,1,zone,4,64,8,404,ffb058f7c20336633872ad5d7a8877cfe34ea36de862992bfa1bec3593281aa7,384,384,37463.09100159003,19004.792520598057,37944.213001590026,38028.313001590024,0.010120120293018299,0.1113183894849398,0.08095882871631985,33721.213001590026,0.0,384.0,1,1,1,384,2688,9333,0.0,0.0,31553.521801045095,36492.313001590024,0.0,0.0,0.0,18935.531560862724,58.26095973533009,0.0,1.0,0.0,10.0,c9b54c1a6762db10b986b65280a30224d16f716832af81bdcdf62bfd52b87ba6,0.3732316669775173
E1-404-005,E1,uniform,batch,1,zone,4,64,24,404,426177a8a8a9ce6b6432033e15d58e46db09e0fcc3f2509c82b027d6e4ab461f,384,384,37073.19857580186,18950.234228973153,37554.32057580186,37622.42057580186,0.010225188316878527,0.2760727332648692,0.24539798512432817,27187.32057580186,0.0,529.9415034691692,1,2,1,384,2688,8985,0.052083333333333336,7.297075173458461,31662.184141404367,36086.42057580186,0.0,0.0,0.0,18864.31023839452,58.54393458001576,0.0,1.0,0.3800559986176282,26.0,c9b54c1a6762db10b986b65280a30224d16f716832af81bdcdf62bfd52b87ba6,0.3756696659838781
E1-404-006,E1,uniform,batch,2,zone,4,16,2,404,78964e47fc3ad38b741607f33cfab6d96cb15e7051abb91f1ac886ea77c59cb1,384,384,9622.936564783839,4616.727644873073,9823.442768569257,9869.092768569257,0.039090165133208996,0.19543093132391584,0.07817237252956633,7904.442768569257,1143.9742003819938,465.10095240979723,1,2,2,384,2688,9522,0.09114583333333333,2.3171700688513495,14507.226927700247,16920.92812693196,48.327655911275166,7.156360584797653,0.0,4585.181202288008,26.31660583247474,0.018636355689577222,1.0,0.21120039690051362,4.0,c9b54c1a6762db10b986b65280a30224d16f716832af81bdcdf62bfd52b87ba6,0.3756599170155823
E1-404-007,E1,uniform,batch,2,zone,4,16,8,404,98602105688b9684f4ec177f1c3b29b393471c063496588fca918671d596407a,384,384,9565.36391788567,4579.4414414618595,9789.973223841369,9807.32322384137,0.039223804929808266,0.43141778691768956,0.31375839048559245,5566.973223841369,1195.3410911790397,880.8784003435613,2,3,2,384,2688,9292,0.23177083333333334,5.582903374646757,14491.037504852307,16751.588825489038,50.499949498151175,9.122041625768361,0.0,4540.829871789808,26.293860187756813,0.023755316733771775,1.0,1.2939541675613577,10.0,c9b54c1a6762db10b986b65280a30224d16f716832af81bdcdf62bfd52b87ba6,0.3759881660225801
E1-404-008,E1,uniform,batch,2,zone,4,16,24,404,d5b9eeb9f5a20a2e290465dd1e072d3dea05f4ace136654eb0c473d96a0eb394,384,384,10410.05075165658,5234.014629520789,10587.017057612282,10620.017057612282,0.03627083983244328,0.979220182928011,0.8704179403804543,220.0170576122826,469.4170576122833,39536.462268359086,4,3,2,384,2688,7487,0.9817708333333334,103.85268506196053,14737.016478267109,15178.837412915935,22.10433219758044,3943.7753125087634,0.0,5067.90129938758,26.883544766364793,10.270248209658238,1.0,101.9595371571852,25.999999999999996,c9b54c1a6762db10b986b65280a30224d16f716832af81bdcdf62bfd52b87ba6,0.3670368330203928
E1-404-009,E1,uniform,batch,2,zone,4,64,2,404,3a79a5775a428c44047a6579d4451496d0a649b52e0d0eab9929fec80bcdabc0,384,384,18021.935735473256,9126.275904719056,18393.94873547326,18482.048735473258,0.02087643091336038,0.10437648006582514,0.04175059202633006,16474.94873547326,311.9999999899992,434.9141858519247,1,2,2,384,2688,9399,0.0625,2.1214244100801998,30246.142746819474,34928.41957510033,26.803413758252155,1.999999979999302,0.0,9066.244648691667,54.89345866845115,0.005208333281248183,1.0,0.13258902565605388,4.0,c9b54c1a6762db10b986b65280a30224d16f716832af81bdcdf62bfd52b87ba6,0.3744245410198346
E1-404-010,E1,uniform,batch,2,zone,4,64,8,404,31de17be00c43c19ee195ba9e6770de4b4e5aaf254bc991fec8708cba613a7f3,384,384,18207.017138308234,9137.351889937956,18605.527138308236,18640.427138308238,0.020639028238514955,0.22701710902855024,0.16510335202076382,14382.527138308238,451.5111456180057,622.3728025510002,1,2,2,384,2688,9299,0.11458333333333333,5.417563694340914,30211.122801746405,35128.515615614364,24.949806630109343,2.6999999899990144,0.0,9070.918888213995,54.80520796734349,0.0070312499739557666,1.0,0.6207625066432297,9.999999999999995,c9b54c1a6762db10b986b65280a30224d16f716832af81bdcdf62bfd52b87ba6,0.3719272090238519
E1-404-011,E1,uniform,batch,2,zone,4,64,24,404,2aec19aeedb32131a98fa0fd0a65c60b1f7eb9cc877d10692382fe9c0503dd4f,384,384,17714.80924401362,8997.100824532288,17900.643244013623,17966.74324401362,0.021451743089088055,0.5791647089977116,0.5148130746646326,7533.643244013624,57.79999999999927,2251.0434615923155,2,3,2,384,2688,8560,0.3489583333333333,13.933160161062057,30463.566996138587,34179.25262387451,19.68628414725722,3.44596667241467,0.0,8909.780016903853,55.449741408995116,0.008973871542746537,1.0000000000000002,4.862092347896655,25.999999999999996,c9b54c1a6762db10b986b65280a30224d16f716832af81bdcdf62bfd52b87ba6,0.3765430000494234
E1-404-012,E1,uniform,batch,4,zone,4,16,2,404,3fd6794ef0fd041c874b0bb88a99cd0999bc25fe40213708b4d3212aa1b28971,384,384,5369.336210165497,2390.858341551706,5589.046260981363,5635.160362596501,0.06870581885872146,0.3434676405813739,0.13738705623254957,3670.0462609813635,3481.9928106691136,653.3956563258888,2,5,2,384,2688,13081,0.2838541666666667,2.471519782806319,13811.759092723949,16186.600786739496,1061.7228200254874,16.682728146493787,0.0,2359.6098157152173,25.503530043591777,0.0434446045481609,1.0,0.7015511883486687,3.9999999999999987,c9b54c1a6762db10b986b65280a30224d16f716832af81bdcdf62bfd52b87ba6,0.41057229199213907
E1-404-013,E1,uniform,batch,4,zone,4,16,8,404,4dcdb7dfcfe4d7dccab89ae36c45d19f1c92078cdda2ed6f193266581f53b31b,384,384,5118.693195313932,2293.5434960309058,5338.652246138098,5378.766347753236,0.07192826621696138,0.7910627518964379,0.5753183650155912,1115.6522461380982,3204.7271895929193,5929.851974829014,4,4,2,384,2688,11626,0.765625,18.863442091255177,13605.13404363011,15570.190310213862,932.6331825417026,20.30536261872743,0.0,2243.200453956424,24.847840674878192,0.05287854848626935,1.0,14.442322851117245,10.0,c9b54c1a6762db10b986b65280a30224d16f716832af81bdcdf62bfd52b87ba6,0.41597533301683143
E1-404-014,E1,uniform,batch,4,zone,4,16,24,404,46bae53b46234d40f99ab18fabb186174c2510882cd9fb04a18a603ebd5dfad9,384,384,10275.09000002,5208.00000002,10378.50000002,10423.50000002,0.036999566411259815,0.99889204682114,0.8879040416187911,11.50000002,1652.7856174671233,41086.26676033257,4,4,4,384,2688,7220,0.9973958333333334,106.27223697214772,13211.470768997937,13518.206680877802,227.8560850716551,24210.779002654104,0.0,4988.959142010005,22.99646800221673,63.04890365274507,1.0,105.99548635503275,26.0,c9b54c1a6762db10b986b65280a30224d16f716832af81bdcdf62bfd52b87ba6,0.3662715410464443
E1-404-015,E1,uniform,batch,4,zone,4,64,2,404,7e33578804a6fdaa0043876d9d6e489fc8f9d4f772fb3ef41dd9b892b499695b,384,384,9504.05457115244,4524.565617394907,9968.70857115244,9991.60857115244,0.0385205362619611,0.19258336252230684,0.07703334500892274,8049.70857115244,3839.4108350559936,514.2279796924906,2,4,2,384,2688,11550,0.140625,2.4116292535646413,29115.102352936065,33757.035560687444,619.345881869872,8.142007046448725,0.0,4466.7396655907405,52.465613297033805,0.02120314335012689,1.0,0.3391353637825277,4.0,c9b54c1a6762db10b986b65280a30224d16f716832af81bdcdf62bfd52b87ba6,0.3837481670198031
E1-404-016,E1,uniform,batch,4,zone,4,64,8,404,92107ef65404257ea973c25da1222807fd67e39c2a2ce45655f102f6ef0a51c1,384,384,9394.270158533622,4488.071988697737,9794.971907662377,9879.071907662377,0.03920378778213808,0.4311976432574292,0.31359828600540307,5571.971907662378,3595.7649499129675,1422.7471934649116,3,6,2,384,2688,11483,0.3645833333333333,7.419622810463654,28490.79024537554,33339.025066449954,629.5048391375194,6.2927751690662035,0.0,4423.422162551284,50.928367894801966,0.016387435336109906,1.0,2.705070816314874,9.999999999999996,c9b54c1a6762db10b986b65280a30224d16f716832af81bdcdf62bfd52b87ba6,0.39054712501820177
E1-404-017,E1,uniform,batch,4,zone,4,64,24,404,cc291f60bce9a29f91a5f7e47751dd117e8af8d574dc8a6cd402a8e364a6b9d1,384,384,10393.69000015,5228.0453689561255,10684.466563185995,10752.566563185996,0.035940025431227075,0.9702898735110226,0.8624798875653533,317.46656318599435,2272.2996891879775,36521.28682217187,4,4,3,384,2688,9097,0.9661458333333334,97.40508577404813,28648.242664740865,31176.633865285803,394.70880133508643,7219.323896935119,0.0,5036.969859142218,51.167669399565575,18.800322648268537,1.0,94.10751776607253,26.000000000000004,c9b54c1a6762db10b986b65280a30224d16f716832af81bdcdf62bfd52b87ba6,0.37457195803290233
E1-404-018,E1,uniform,batch,8,zone,4,16,2,404,15f55a041c1f29c90866e7d585f3702e8db84c4240384cdf9baeb80906c7eeb4,384,384,3115.0150034256503,1342.908336906103,3279.3650034556504,3331.5150034556505,0.11709584007738014,0.5853007204922029,0.2341202881968812,1360.3650034556504,4829.095690489401,1630.3599546110754,4,8,3,384,2688,20564,0.5807291666666666,5.589058092426347,12874.602408051576,15158.203168028043,4463.429431940528,24.18111670008969,0.0,1308.0602230098793,26.539413189684126,0.06297165807315024,1.0,3.245729048466342,4.0,c9b54c1a6762db10b986b65280a30224d16f716832af81bdcdf62bfd52b87ba6,0.47472499997820705
E1-404-019,E1,uniform,batch,8,zone,4,16,8,404,f0d15778e3c1d093f0a453bdca6c13aaec502d7e2c45f59d76ee665fad20a4da,384,384,4200.742105301741,2133.2884248856517,4366.822094199417,4381.172094199417,0.08793580130275491,0.9670723552613518,0.7033253492809831,143.822094199417,2860.272593586712,16510.944582501998,4,4,7,384,2688,8547,0.984375,42.6638745568836,11357.806528027231,11538.603741622732,1140.2945827293133,17661.205835666577,0.0,2015.3940891426198,18.904360695717763,45.99272353038171,1.0000000000000002,41.997251516932295,10.0,c9b54c1a6762db10b986b65280a30224d16f716832af81bdcdf62bfd52b87ba6,0.38231791596626863
E1-404-020,E1,uniform,batch,8,zone,4,16,24,404,bdd0a15dd05958b5ad88c8798dd201b55827b6ff77dc7499d64fa600570e42ea,384,384,10276.59000007,5209.50000007,10380.00000007,10415.40000007,0.03699421965292971,0.9987477121597232,0.8877757441419762,13.000000069999999,4954.167949202437,41101.70000009,4,4,8,384,2688,6754,0.9973958333333334,106.3125326373107,11343.756528027248,11509.13976772467,447.888360430379,63632.17040270737,0.0,4892.455703852473,18.299842043576106,165.7087770903838,1.0,106.03567708356769,26.0,c9b54c1a6762db10b986b65280a30224d16f716832af81bdcdf62bfd52b87ba6,0.3802401659777388
E1-404-021,E1,uniform,batch,8,zone,4,64,2,404,a19462e4dd266635b7e40d169650b9d583bb26fae96a3858f016c50478a5d35a,384,384,4789.66922301839,2227.089476967383,5044.675095819538,5067.575095819538,0.07611986752491082,0.3805239068188845,0.1522095627275538,3125.6750958195385,4828.997727214051,750.139622134628,2,8,2,384,2688,17576,0.3307291666666667,2.8829891505876226,26462.230479662576,31158.203348457475,2529.672827931194,14.626863043587718,0.0,2173.614415621057,47.483481957840354,0.038090789176009686,1.0,0.953488599308927,3.9999999999999987,c9b54c1a6762db10b986b65280a30224d16f716832af81bdcdf62bfd52b87ba6,0.4140522080124356
E1-404-022,E1,uniform,batch,8,zone,4,64,8,404,722554b148988ed7c284a2703083a0190ce32adcf38edc31a95d091d6e73c02e,384,384,4504.87000025,2168.6123208010886,4655.70000027,4686.80000027,0.08247954120276876,0.9070801210632183,0.6596946335005224,432.7000002699997,3021.100000640004,14734.540588387936,4,6,5,384,2688,11027,0.9401041666666666,39.752189995534444,24332.59369594423,25720.880937003196,1536.8399848186284,5127.966320797133,0.0,2066.4659928859674,40.421049505785064,13.354078960409202,1.0,37.371199448926916,10.0,c9b54c1a6762db10b986b65280a30224d16f716832af81bdcdf62bfd52b87ba6,0.38266566704260185
E1-404-023,E1,uniform,batch,8,zone,4,64,24,404,9b93d92d5c5fc99b14e34592b0dc8c1f92ab964e8b86c67a0ad7290c91be193f,384,384,10284.99000005,5218.508854216589,10513.900000049998,10582.000000049999,0.036523078971473374,0.9860293488241163,0.8764705322881033,146.9000000499982,5903.199999919991,40694.500000069995,4,4,8,384,2688,6916,0.9895833333333334,106.08026315807896,23950.064179817284,24253.364179817283,419.7337827641167,51591.4020378986,0.0,4913.472830155268,38.70815417077741,134.3526094736943,1.0,104.97526041684897,26.0,c9b54c1a6762db10b986b65280a30224d16f716832af81bdcdf62bfd52b87ba6,0.3820838750107214
E2-404-024,E2,uniform,batch,2,zone,4,32,8,404,221d0b204dbea754aafb94df35ae59d40093acc76078b7a305e13220d1d0f6bb,384,384,12436.662786090073,6089.258168863048,12694.371786090074,12748.171786090074,0.030249626091837806,0.3327196769950531,0.24197794690549318,8471.371786090072,1048.2570108523669,771.9813589318481,2,3,2,384,2688,9279,0.20052083333333334,5.038718947166859,19670.88067600965,22753.970153535865,42.88131890598324,6.1350888859313955,0.0,6041.608069670097,35.62375427675805,0.015976793973779675,1.0,1.0103681222183545,10.000000000000002,c9b54c1a6762db10b986b65280a30224d16f716832af81bdcdf62bfd52b87ba6,0.3782740000169724
E2-404-025,E2,hotspot,batch,2,zone,4,32,8,404,221d0b204dbea754aafb94df35ae59d40093acc76078b7a305e13220d1d0f6bb,384,384,21326.921300736132,9564.225824627087,21648.84130073613,21669.04130073613,0.01773766986720637,0.1951053562621901,0.14189480455432008,17425.84130073613,17964.76109899394,461.7019358576151,1,2,2,384,2688,9430,0.044270833333333336,4.570702109271492,20319.1640742525,23752.658106663745,13.871908028681752,0.0,0.0,9516.774360549085,36.24911528670551,0.0,0.9999999999999994,0.20234879129587333,10.0,85f90c9be9005ab65fd8f418aff6eeea281d7bcf69658bc529268452cfc85da2,0.520446875016205
E2-404-026,E2,uniform,batch,2,nonzone_fifo,4,32,8,404,d01bcb689deffcbf186932322a7c74d2fc6f28c0f74f43649add40a548a9d93c,384,384,13952.618095392318,7086.739453524803,14123.058095412316,14144.858095422316,0.027189578730454786,0.29906419043773347,0.2175012294092607,9900.058095412316,0.0,697.5602466045694,1,2,2,385,2690,13762,0.140625,5.806671233417952,20350.020394067385,24321.165001095,2403.760299529612,5.399999959998922,0.0,7033.944208005213,40.96461987749531,0.014062499895830527,1.0,0.8165631421993996,10.0,c9b54c1a6762db10b986b65280a30224d16f716832af81bdcdf62bfd52b87ba6,0.3673730419832282
E2-404-027,E2,hotspot,batch,2,nonzone_fifo,4,32,8,404,d01bcb689deffcbf186932322a7c74d2fc6f28c0f74f43649add40a548a9d93c,384,384,15533.262199927072,8003.331349795394,15714.884199983679,15736.88420000368,0.024435433001816127,0.2687726599566308,0.1954710254230042,11491.884199983679,0.0,592.0543773484504,1,2,2,385,2690,17577,0.10416666666666667,5.201359433711255,20741.417113457304,25047.88308220609,4870.294427581246,1.3908902100201885,0.0,7947.296030805634,44.48988860549318,0.0036221099219275743,1.0000000000000007,0.5418082743449224,10.0,85f90c9be9005ab65fd8f418aff6eeea281d7bcf69658bc529268452cfc85da2,0.3658475420088507
E2-404-028,E2,uniform,batch,2,nonzone_local,4,32,8,404,ee4971ac8203c9100dcb15b740e5192bfa552b30a6188c7754530e84d9647103,384,384,13837.027205012299,6975.206532644155,14007.467205032297,14029.267205042297,0.027413949601255882,0.30153191910122773,0.21929594116452925,9784.467205032297,0.0,710.8863663362254,1,2,2,520,2960,14206,0.15625,5.448106105603757,20423.16297729341,24220.170573904004,2272.7729460005708,5.790890170019452,0.0,6922.659252360636,40.680933261367606,0.015080443151092323,1.0,0.851266579000587,9.999999999999998,c9b54c1a6762db10b986b65280a30224d16f716832af81bdcdf62bfd52b87ba6,0.3692858340218663
E2-404-029,E2,hotspot,batch,2,nonzone_local,4,32,8,404,ee4971ac8203c9100dcb15b740e5192bfa552b30a6188c7754530e84d9647103,384,384,15450.127110891135,7918.765531594485,15631.749110947741,15653.749110967743,0.024565389149641896,0.27020199518470484,0.19651054195251258,11408.749110947741,0.0,585.9894662943829,1,2,2,505,2930,18537,0.1015625,5.179217084471355,20683.61711345731,25012.083082206096,4739.824249509369,1.3908902100201885,0.0,7863.150525105168,44.08537014425376,0.0036221099219275743,1.0,0.526014235141622,10.0,85f90c9be9005ab65fd8f418aff6eeea281d7bcf69658bc529268452cfc85da2,0.3690264580072835
E2-404-030,E2,uniform,batch,4,zone,4,32,8,404,a8661222f33a49fe0e3f31998b88b80fc83c112d1b490746322059b7710ae9df,384,384,6650.88584606946,3049.4208035900238,6791.268846079461,6808.4688460794605,0.056543189307205796,0.6218835113451257,0.45227891734190956,2568.2688460794607,3026.968053705268,1973.8002135573784,3,4,2,384,2688,11689,0.484375,8.547312976114938,18823.987212420467,21734.764437995513,754.1238123837705,11.236650440239615,0.0,3000.0409643406488,34.210472416047914,0.02926211052145733,1.0,4.140104722805673,10.0,c9b54c1a6762db10b986b65280a30224d16f716832af81bdcdf62bfd52b87ba6,0.3984673750237562
E2-404-031,E2,hotspot,batch,4,zone,4,32,8,404,a8661222f33a49fe0e3f31998b88b80fc83c112d1b490746322059b7710ae9df,384,384,19201.788029213323,7709.909569476121,19513.856029213322,19574.65602921332,0.019678324951518077,0.2164504823236596,0.15741853259902516,15290.856029213324,53170.04728641108,1006.1997564971595,3,4,2,384,2688,9997,0.17447916666666666,9.28656352980835,19705.115036196697,23050.812911570116,216.16391891197324,1.9999999800002115,0.0,7662.400055566117,34.88399371084484,0.0052083332812505505,1.0,1.6203118658780193,10.0,85f90c9be9005ab65fd8f418aff6eeea281d7bcf69658bc529268452cfc85da2,0.8122129160328768
E2-404-032,E2,uniform,batch,4,nonzone_fifo,4,32,8,404,f7a1895c1d3567a773d961969601985e177f0856a74ac231dbcab448371e8f3e,384,384,8030.858375957206,4029.9618633605664,8140.0903759755065,8160.290375995506,0.047173923416542106,0.5188494175749595,0.37734503096360694,3917.090375975509,0.0,1462.072168055761,3,3,2,391,2706,20485,0.3776041666666667,7.434980469350083,20854.49254483831,24229.92727875517,6713.027505419131,7.206719747726197,0.0,3966.9140450973787,49.2215711595328,0.01876749934303697,0.9999999999999977,2.80747960431188,9.999999999999996,c9b54c1a6762db10b986b65280a30224d16f716832af81bdcdf62bfd52b87ba6,0.37328191701089963
E2-404-033,E2,hotspot,batch,4,nonzone_fifo,4,32,8,404,f7a1895c1d3567a773d961969601985e177f0856a74ac231dbcab448371e8f3e,384,384,10462.22667189817,5531.67272508893,10606.750672009677,10628.750672029679,0.036203358773516166,0.3981994044360158,0.28959956686255695,6383.750672009676,0.0,1122.7785745390238,3,4,2,390,2703,30458,0.3072916666666667,6.260835377449354,20766.455096830563,24317.497579231574,16508.965465066216,4.939643710917039,0.0,5456.700524936504,62.03543395906624,0.01286365549717979,1.0000000000000002,1.9239025378620411,10.000000000000002,85f90c9be9005ab65fd8f418aff6eeea281d7bcf69658bc529268452cfc85da2,0.3795094999950379
E2-404-034,E2,uniform,batch,4,nonzone_local,4,32,8,404,490d7e4127a98700b649dcb4602cbeff5a126585e085f7445978c30c9ce6d1dd,384,384,8131.6586376550595,4052.149859179219,8251.054637746558,8268.254637746559,0.04653950517347127,0.5118725196848036,0.3722709234071299,4028.0546377465607,0.0,1663.4801322217977,4,4,2,690,3303,24290,0.40625,8.201795719370498,20517.783272811495,24279.114175054034,7062.310354572807,10.794021209392206,0.0,3989.516824852653,48.27294538533914,0.028109430232792203,1.0,3.331979510994265,9.999999999999993,c9b54c1a6762db10b986b65280a30224d16f716832af81bdcdf62bfd52b87ba6,0.377252165984828
E2-404-035,E2,hotspot,batch,4,nonzone_local,4,32,8,404,490d7e4127a98700b649dcb4602cbeff5a126585e085f7445978c30c9ce6d1dd,384,384,10739.931568836957,5603.443640630059,10874.823568930165,10895.023568930166,0.03531091769590675,0.3883843805693059,0.28246136768676794,6651.8235689301655,0.0,1321.7919333221919,3,4,2,615,3153,35475,0.3203125,7.624324661156032,21137.523747631712,24948.097476006486,16889.343439760312,1.0533598838619582,0.0,5526.785453995664,63.213277016670745,0.002743124697557183,1.0,2.442166493026541,10.0,85f90c9be9005ab65fd8f418aff6eeea281d7bcf69658bc529268452cfc85da2,0.37743845902150497
E2-404-036,E2,uniform,batch,8,zone,4,32,8,404,15b44aae6c24be5b94a57ee49285143fe2dd4ac777f7c1c4ad4450f1536ef2b8,384,384,4261.051649000516,2141.2635846581907,4403.181649010516,4420.3816490105155,0.08720966578480645,0.95908850647634,0.6975189138009746,180.18164901051549,2750.5282090550977,16183.903226586066,4,4,6,384,2688,8773,0.9739583333333334,42.24573055236918,15643.343003345199,15904.140369941299,1147.023118027107,13654.76149510062,0.0,2027.9732770616524,25.58545155047913,35.55927472682453,1.0000000000000007,41.145581319234566,10.0,c9b54c1a6762db10b986b65280a30224d16f716832af81bdcdf62bfd52b87ba6,0.38502770802006125
E2-404-037,E2,hotspot,batch,8,zone,4,32,8,404,15b44aae6c24be5b94a57ee49285143fe2dd4ac777f7c1c4ad4450f1536ef2b8,384,384,9979.533431877053,4101.064695437806,10280.353431877053,10300.553431877053,0.03735280139389982,0.41084085164348155,0.2987933466498048,6057.353431877053,54397.30191448213,5761.185708820283,4,5,7,384,2688,12707,0.4609375,30.3795802758208,17849.618087071056,20361.56334346168,1470.2805522821368,4217.181644870419,0.0,4033.791878246894,31.287485540676027,10.982243866850052,1.0,14.00308778338615,10.0,85f90c9be9005ab65fd8f418aff6eeea281d7bcf69658bc529268452cfc85da2,1.2054968330194242
E2-404-038,E2,uniform,batch,8,nonzone_fifo,4,32,8,404,a54805ea661717aff27f531b541f8eb3a9308c48aa12e37272e27ea226b87e50,384,384,5284.549250551414,2621.43135893889,5353.971250644412,5383.17125069441,0.0717224620796724,0.788799753031669,0.5736725476593957,1130.971250644412,0.0,4250.216007542696,4,5,2,412,2749,36586,0.7447916666666666,13.518237788610827,20671.906069666136,23896.955740356043,17370.142166006284,27.672099092959016,0.0,2535.5774327120594,64.71359261580014,0.07206275805458077,1.0,10.068270852975772,10.0,c9b54c1a6762db10b986b65280a30224d16f716832af81bdcdf62bfd52b87ba6,0.3832079169806093
E2-404-039,E2,hotspot,batch,8,nonzone_fifo,4,32,8,404,a54805ea661717aff27f531b541f8eb3a9308c48aa12e37272e27ea226b87e50,384,384,8486.323499876815,4503.757324842399,8598.88549994832,8633.085499988323,0.044656950020128525,0.491169330106242,0.3572140582590851,4375.885499948319,0.0,1601.7518848170125,3,4,2,413,2761,64926,0.4088541666666667,7.756381431891801,20772.276284140044,24193.2968334828,42801.981899315964,2.2052668077994895,0.0,4389.573670080349,100.00668301302655,0.005742882311977837,1.0,3.1712288667109703,10.0,85f90c9be9005ab65fd8f418aff6eeea281d7bcf69658bc529268452cfc85da2,0.3799895420088433
E2-404-040,E2,uniform,batch,8,nonzone_local,4,32,8,404,033ef4bf09aeeeb6025d6e272acfa1b9c4a15b30924e5ee23550c5fb6311be4e,384,384,5404.826150447664,2724.9109701722095,5464.156150455963,5486.356150465963,0.07027617612427797,0.7728964889040888,0.5621065373847919,1241.1561504559631,0.0,4207.192046722344,4,5,3,1102,4143,43417,0.7161458333333334,13.902516533535794,20823.10612880629,23802.610543105566,17973.62236355327,195.01629706887076,0.0,2636.9682617762396,66.47862416734696,0.5078549402835176,0.9999999999999997,9.956229288339435,10.0,c9b54c1a6762db10b986b65280a30224d16f716832af81bdcdf62bfd52b87ba6,0.3864364579785615
E2-404-041,E2,hotspot,batch,8,nonzone_local,4,32,8,404,033ef4bf09aeeeb6025d6e272acfa1b9c4a15b30924e5ee23550c5fb6311be4e,384,384,8624.040929207564,4411.152036481409,8702.524929225865,8752.92492927587,0.044125124963492496,0.48532060680565015,0.3529604413132001,4479.524929225865,0.0,1895.9684461944653,4,4,2,1087,4106,77931,0.3880208333333333,10.147439236204466,20824.76635023718,24114.88164391397,43802.85216704609,26.665622946875494,0.0,4295.01107453333,101.13410239302253,0.06944172642415493,1.0,3.9374178286314203,10.0,85f90c9be9005ab65fd8f418aff6eeea281d7bcf69658bc529268452cfc85da2,0.3875445000012405
E3-404-042,E3,uniform,batch,4,zone,0,32,2,404,e3be303d8ce8ffa7454624e636fe3448fd407aa8eeb2c5d472577b2681115092,384,384,6772.6215981184105,3122.607007357253,6907.569598118411,6933.369598128411,0.05559118797798285,0.2779157063891957,0.11116628255567829,4604.569598118411,2828.8841997466043,0.0,0,4,2,384,2688,12245,0.0,0.0,18945.089411653284,22075.799438522266,886.2719798820165,278.0019214188967,0.0,3082.3423231087518,34.54072091147312,0.7239633370283768,1.0,0.0,4.0,c9b54c1a6762db10b986b65280a30224d16f716832af81bdcdf62bfd52b87ba6,0.38915695797186345
E3-404-043,E3,uniform,batch,4,zone,0,32,8,404,914bff391be128133f5b2f13df03c5abf3bd6925fcbe9bdb82b23d2370e790da,384,384,7035.256653868545,3328.011368195231,7168.727406218292,7220.5274062182925,0.05356599271258536,0.5891437373667139,0.4284681726303373,2561.727406218293,2504.8049122047505,0.0,0,4,3,384,2688,12086,0.0,0.0,18703.65534027196,21915.081828215214,823.6003476068798,1871.3549925283578,0.0,3278.178258400963,33.95978950122547,4.873320293042599,1.0,0.0,9.999999999999998,c9b54c1a6762db10b986b65280a30224d16f716832af81bdcdf62bfd52b87ba6,0.3863297079806216
E3-404-044,E3,uniform,batch,4,zone,0,32,24,404,460a7ce817c0d21974c43a4acb907807cd94b40dcc8cf620151ed760ca69be7b,384,384,10711.719644296265,5405.793123746354,10922.759644296268,10961.759644296268,0.035155950740023846,0.9491237758433789,0.843665578527448,171.75964429626765,2176.459644256267,0.0,0,4,4,384,2688,7676,0.0,0.0,18588.375275239294,19500.175275239297,233.29748080522012,20105.906176904286,0.0,5293.480883906332,32.95310917100084,52.359130669021575,1.0,0.0,26.0,c9b54c1a6762db10b986b65280a30224d16f716832af81bdcdf62bfd52b87ba6,0.37500016595004126
E3-404-045,E3,uniform,batch,4,zone,1,32,2,404,7ffbb63a094c38666490537ef1e7ad30845dfa97707b5124ef1cb9384a7bb01d,384,384,6761.855585031405,3095.076508965447,6905.805585051406,6923.005585051405,0.05560538814345171,0.2779866866609812,0.11119467466439248,4986.805585051406,3002.3947336021874,559.4699544970065,1,4,2,384,2688,12394,0.20572916666666666,2.2211386645190694,18994.238714151594,22108.76242810525,880.6733935137117,15.583772939310222,0.0,3054.968525587497,34.61044762941761,0.0405827420294537,1.0,0.45695300650262105,3.999999999999999,c9b54c1a6762db10b986b65280a30224d16f716832af81bdcdf62bfd52b87ba6,0.39417362498352304
E3-404-046,E3,uniform,batch,4,zone,1,32,8,404,02f609786b5c1de414bdb04d30b340b7a10ab6e577ab9f9f1ee868c2500f612f,384,384,6756.352222573557,3103.3648937899034,6897.655152810074,6943.455152810074,0.055671092783401925,0.6122932522985166,0.44530418348983025,2674.655152810073,3118.014021834748,1678.6835363337268,1,4,2,384,2688,11966,0.5078125,6.639402750429369,18714.88011811725,21708.935727407665,850.6062111464486,299.35644252167583,0.0,3054.2214829833574,33.992265028276755,0.7795740690668642,1.0,3.371571709202414,10.0,c9b54c1a6762db10b986b65280a30224d16f716832af81bdcdf62bfd52b87ba6,0.4038425000035204
E3-404-047,E3,uniform,batch,4,zone,1,32,24,404,9a118d3842daea92bcf868a95a2cc048f86a386623b8dd83ba4f26668d44287e,384,384,10339.356455552033,5212.471685407302,10591.232455552035,10630.232455552035,0.0362564037388022,0.978830482007171,0.8700715395619298,224.23245555203562,2306.9973665961006,10096.800000000001,1,4,4,384,2688,7112,0.9791666666666666,25.83191489361702,18437.721106647685,18574.121106647697,296.6129467828351,19517.798402181503,0.0,5076.847490926753,32.50284447486779,50.827600005681,1.0,25.29375,26.0,c9b54c1a6762db10b986b65280a30224d16f716832af81bdcdf62bfd52b87ba6,0.3746678330353461
E3-404-048,E3,uniform,batch,4,zone,2,32,2,404,affe5a60a0b3f893fc69fdf080225cdbf30c0108321484692010845284e70a72,384,384,6761.770347551182,3095.0405407116587,6905.720347571182,6922.920347571182,0.05560607448215841,0.2779901173608669,0.11119604694434673,4986.720347571182,3002.3947336021874,566.087647539264,2,4,2,384,2688,12424,0.20572916666666666,2.3049069308767605,18994.238714151594,22108.76242810525,886.7648991148527,9.15131741727555,0.0,3054.919498056262,34.62302451748936,0.023831555774155078,1.0,0.47418658213350023,3.999999999999999,c9b54c1a6762db10b986b65280a30224d16f716832af81bdcdf62bfd52b87ba6,0.39524141600122675
E3-404-049,E3,uniform,batch,4,zone,2,32,8,404,12398dc35ad96dde59e600d8ecb8df77a4806dfcf7d5b175871c92a85ddf2f49,384,384,6706.727339847061,3035.813264824258,6858.992428792993,6881.792428792994,0.055984899237973666,0.615744119814314,0.4478139053195011,2635.9924287929944,3308.054377908461,1869.877255497078,2,4,2,384,2688,11828,0.4869791666666667,7.945867676454963,18703.148388680376,21615.02612303273,817.0000907796245,22.12805553927423,0.0,2987.0799630570064,33.80620460309468,0.05762514463352664,1.0,3.869472019523641,9.999999999999998,c9b54c1a6762db10b986b65280a30224d16f716832af81bdcdf62bfd52b87ba6,0.4048360420274548
E3-404-050,E3,uniform,batch,4,zone,2,32,24,404,7d8e3f28fd46b4d827391aeb67596f1d254b1c483d4de78f3d2e8a9227017567,384,384,10295.417034900893,5212.176197010251,10589.16491108407,10628.16491108407,0.03626348283593667,0.9790215815382116,0.8702414058117436,222.16491108407013,2334.294733182205,20229.705266827797,2,3,4,384,2688,7218,0.9869791666666666,52.363338434901856,18458.664707797718,18672.06470779773,307.1480357387694,19373.352167617566,0.0,5050.484456377749,32.55877856363333,50.45143793650408,1.0,51.68152413236407,26.0,c9b54c1a6762db10b986b65280a30224d16f716832af81bdcdf62bfd52b87ba6,0.36361800000304356
E3-404-051,E3,uniform,batch,4,zone,4,32,2,404,bddd0860493b2933491986721125b981e221ff4a65dce9be3d4762c6b46bed71,384,384,6761.770347551182,3095.0405407116587,6905.720347571182,6922.920347571182,0.05560607448215841,0.2779901173608669,0.11119604694434673,4986.720347571182,3002.3947336021874,566.087647539264,2,4,2,384,2688,12424,0.20572916666666666,2.3049069308767605,18994.238714151594,22108.76242810525,886.7648991148527,9.15131741727555,0.0,3054.919498056262,34.62302451748936,0.023831555774155078,1.0,0.47418658213350023,3.999999999999999,c9b54c1a6762db10b986b65280a30224d16f716832af81bdcdf62bfd52b87ba6,0.39704258396523073
E3-404-052,E3,uniform,batch,4,zone,4,32,8,404,a8661222f33a49fe0e3f31998b88b80fc83c112d1b490746322059b7710ae9df,384,384,6650.88584606946,3049.4208035900238,6791.268846079461,6808.4688460794605,0.056543189307205796,0.6218835113451257,0.45227891734190956,2568.2688460794607,3026.968053705268,1973.8002135573784,3,4,2,384,2688,11689,0.484375,8.547312976114938,18823.987212420467,21734.764437995513,754.1238123837705,11.236650440239615,0.0,3000.0409643406488,34.210472416047914,0.02926211052145733,1.0,4.140104722805673,10.0,c9b54c1a6762db10b986b65280a30224d16f716832af81bdcdf62bfd52b87ba6,0.4005134589970112
E3-404-053,E3,uniform,batch,4,zone,4,32,24,404,f3726455d44e4b4c49a1f65ee9e47af4dc7916be971926e18a552b6f483b5751,384,384,10277.59000002,5210.50000002,10381.00000002,10466.100000020002,0.036990656006093844,0.9986515122307866,0.8876902330940326,14.00000002,1871.7999999900003,40869.499999989974,4,4,4,384,2688,7934,0.9973958333333334,105.70626631851171,18498.857014259578,19429.14454787503,372.0557064382523,18124.099745786723,0.0,4998.145458917631,32.7253750977424,47.19817642131959,1.0,105.43098958330725,26.0,c9b54c1a6762db10b986b65280a30224d16f716832af81bdcdf62bfd52b87ba6,0.36847654200391844
E3-404-054,E3,uniform,batch,4,nonzone_fifo,0,32,2,404,24fd4d60da3ae86021e5145af221a7122238cba8fd3346c792c846233a36f8da,384,384,7932.4098604759765,4052.9278585271986,8035.331860505975,8060.331860525975,0.04778894097546582,0.2389149718213746,0.09556598872854985,5732.331860505976,0.0,0.0,0,3,3,391,2706,19187,0.0,0.0,20930.642195905522,23558.5613325445,6754.400955554428,239.22216480734483,0.0,3997.3195186029675,49.98536553671202,0.6229743875191271,1.0,0.0,3.999999999999998,c9b54c1a6762db10b986b65280a30224d16f716832af81bdcdf62bfd52b87ba6,0.36735195899382234
E3-404-055,E3,uniform,batch,4,nonzone_fifo,0,32,8,404,4296a69771efb66f7042ce2451880f839f9887e54d7b27b0c995245e7f26b9a7,384,384,8106.399535123371,4107.526535800095,8218.759535183372,8237.759535203373,0.046722379253967605,0.5138836460993585,0.3737335607995335,3611.7595351833716,0.0,0.0,0,2,3,391,2705,18825,0.0,0.0,21305.64444061042,23651.589719430736,6409.061332719567,1189.9013021555554,0.0,4042.7398346169884,50.6879998754102,3.098701307696759,1.0,0.0,10.0,c9b54c1a6762db10b986b65280a30224d16f716832af81bdcdf62bfd52b87ba6,0.3642517079715617
E3-404-056,E3,uniform,batch,4,nonzone_fifo,0,32,24,404,abfcf7fe2e76d041ede1ccbe6ff2e05701dd278e9ca98dbbf73cc5bb115fe367,384,384,10749.786883013046,5466.911553289967,10857.026883013046,10874.226883013047,0.03536879885604853,0.9548696196562495,0.8487729952499996,106.0268830130461,0.0,0.0,0,2,4,390,2706,12900,0.0,0.0,22275.953838254394,22683.553838254393,3651.0965597712884,15415.257134056505,0.0,5351.277378963561,48.490275539800166,40.14389878660548,1.0,0.0,26.0,c9b54c1a6762db10b986b65280a30224d16f716832af81bdcdf62bfd52b87ba6,0.3601581249968149
E3-404-057,E3,uniform,batch,4,nonzone_fifo,1,32,2,404,8dfc2170a7542a202b3109446b0e9903fad7a05b4389b939dd72fc0e4b5358a5,384,384,8195.730737857813,4123.348554240549,8263.777737902918,8304.77773793292,0.04646785189281324,0.23231114748491416,0.09292445899396568,6344.777737902919,0.0,522.1242556277049,1,4,2,390,2701,20598,0.1640625,2.192448502027061,20841.066462447267,23963.39086589402,7612.324448708968,11.395637068684891,0.0,4066.8750616734687,51.08411784651621,0.029676138199700237,1.0,0.35969858236381475,3.9999999999999964,c9b54c1a6762db10b986b65280a30224d16f716832af81bdcdf62bfd52b87ba6,0.37176050001289696
E3-404-058,E3,uniform,batch,4,nonzone_fifo,1,32,8,404,a2551495f61038a1c6b689dbfd5bb2042aa4e0b1445d83813a616f828c6d5ca8,384,384,8094.908930944162,4098.437419537555,8156.938931004162,8188.138931044162,0.04707648337790456,0.5177778401780788,0.3765657019476937,3933.938931004162,0.0,1299.6625056893072,1,3,2,390,2704,20892,0.3697916666666667,6.4483275048542765,20519.810798058206,23971.515212357484,7059.512682300291,94.69274048294113,0.0,4035.7593478802532,49.04693820372793,0.24659567834099252,0.9999999999999994,2.384537775232571,10.000000000000002,c9b54c1a6762db10b986b65280a30224d16f716832af81bdcdf62bfd52b87ba6,0.3690845829551108
E3-404-059,E3,uniform,batch,4,nonzone_fifo,1,32,24,404,c88671f2b98ea5b8b7280fe126dc715ba730999674129bdfd854f7a4002f89a6,384,384,10365.190000120007,5263.722395865392,10468.600000120006,10505.600000120006,0.03668112259476893,0.9902957132919269,0.8802628562594906,101.60000012000702,0.0,10155.817009141665,1,2,4,390,2709,13775,0.9947916666666666,25.58067279880017,22200.02138272236,22700.02138272236,3823.674271413362,13605.904346364301,0.0,5127.013876846457,48.82903632230493,35.43204256865704,1.0,25.447440127973085,26.0,c9b54c1a6762db10b986b65280a30224d16f716832af81bdcdf62bfd52b87ba6,0.3639787499560043
E3-404-060,E3,uniform,batch,4,nonzone_fifo,2,32,2,404,f2afdd75f3f68e23fae6d9408609f3fe7c474c51707a827e172c8014e622e617,384,384,8106.905193573812,4093.542665078443,8213.511193587212,8238.511193607213,0.046752234330649255,0.23373271455261738,0.09349308582104694,6294.511193587212,0.0,515.606617001786,2,4,2,390,2704,20585,0.140625,2.4371595741071483,20785.542542036834,24077.66042898741,7184.184345411437,4.999999970000317,0.0,4038.541017832996,49.6459008470829,0.01302083325520916,1.0,0.34272556510881774,4.0,c9b54c1a6762db10b986b65280a30224d16f716832af81bdcdf62bfd52b87ba6,0.3701148339896463
E3-404-061,E3,uniform,batch,4,nonzone_fifo,2,32,8,404,922ac8bf067680bd7d2b9c42bdf664a362fc3f313f87092b0fc1ce689f63fc02,384,384,8139.014008077744,4059.745685667921,8258.410008169245,8275.610008169246,0.04649805466429325,0.5114166745351195,0.37193939966190515,4035.4100081692495,0.0,1284.9099549399318,2,3,2,390,2703,21066,0.3359375,6.983798100309549,20909.12964719257,24423.44105777707,6938.579250952052,19.219723797859274,0.0,3996.6840242431954,49.66549038634589,0.050051364056925195,1.0,2.3461196743227393,9.99999999999999,c9b54c1a6762db10b986b65280a30224d16f716832af81bdcdf62bfd52b87ba6,0.37333954201312736
E3-404-062,E3,uniform,batch,4,nonzone_fifo,2,32,24,404,027e881a2c79189b6295b43c2906d9155ebd5348f5877d5b298da0bf611ade0f,384,384,10322.19000001,5255.10000001,10425.60000001,10462.60000001,0.03683241252298493,0.994379759460424,0.8838931195203769,58.60000001,0.0,20573.69999945999,2,2,4,390,2713,12944,0.9973958333333334,52.71462140851172,22133.693678916698,22513.821579563748,3639.4765817864904,13719.501838689757,0.0,5091.239044996984,48.55574189283393,35.72786937158791,1.0,52.57734374859372,26.0,c9b54c1a6762db10b986b65280a30224d16f716832af81bdcdf62bfd52b87ba6,0.36048420798033476
E3-404-063,E3,uniform,batch,4,nonzone_fifo,4,32,2,404,48f4fe10dd05288b4dd2eaf04ca03a32c7c9c30609c3fde07619286ac7f8a0db,384,384,8106.905193573812,4093.542665078443,8213.511193587212,8238.511193607213,0.046752234330649255,0.23373271455261738,0.09349308582104694,6294.511193587212,0.0,515.606617001786,2,4,2,390,2704,20585,0.140625,2.4371595741071483,20785.542542036834,24077.66042898741,7184.184345411437,4.999999970000317,0.0,4038.541017832996,49.6459008470829,0.01302083325520916,1.0,0.34272556510881774,4.0,c9b54c1a6762db10b986b65280a30224d16f716832af81bdcdf62bfd52b87ba6,0.37135391600895673
E3-404-064,E3,uniform,batch,4,nonzone_fifo,4,32,8,404,f7a1895c1d3567a773d961969601985e177f0856a74ac231dbcab448371e8f3e,384,384,8030.858375957206,4029.9618633605664,8140.0903759755065,8160.290375995506,0.047173923416542106,0.5188494175749595,0.37734503096360694,3917.090375975509,0.0,1462.072168055761,3,3,2,391,2706,20485,0.3776041666666667,7.434980469350083,20854.49254483831,24229.92727875517,6713.027505419131,7.206719747726197,0.0,3966.9140450973787,49.2215711595328,0.01876749934303697,0.9999999999999977,2.80747960431188,9.999999999999996,c9b54c1a6762db10b986b65280a30224d16f716832af81bdcdf62bfd52b87ba6,0.3729205839917995
E3-404-065,E3,uniform,batch,4,nonzone_fifo,4,32,24,404,0061e964fe5127ebd2fb7449254cc6879a1880eb7ec4cc19a2a9b2bbea0574a9,384,384,10322.19000001,5255.10000001,10425.60000001,10462.60000001,0.03683241252298493,0.994379759460424,0.8838931195203769,58.60000001,0.0,40652.38282585351,4,2,4,390,2714,14959,0.9973958333333334,105.1393807463538,22084.612673812928,22832.545129344955,4492.541221134227,12443.080213386851,0.0,5041.1384059769225,49.692159035056044,32.403854722361594,1.0,104.86558027566016,26.0,c9b54c1a6762db10b986b65280a30224d16f716832af81bdcdf62bfd52b87ba6,0.3607111250166781
E3-404-066,E3,uniform,batch,8,zone,0,32,2,404,c7c2fe9a76fa4f6c391a3ab9c346af2bcfe67f85d4d285801e1c8c1a87b8b889,384,384,3709.9860954655182,1691.0910444621995,3895.977095475518,3965.7770954755183,0.09856320778834851,0.4926895778343591,0.19707583113374363,1592.9770954755181,4236.490891580008,0.0,0,8,4,384,2688,18427,0.0,0.0,17425.402939284293,20575.211745453165,3356.2176286646372,1194.4076440443312,0.0,1649.9694122435806,33.011195645586724,3.1104365730321124,1.0,0.0,4.0,c9b54c1a6762db10b986b65280a30224d16f716832af81bdcdf62bfd52b87ba6,0.42361145798349753
E3-404-067,E3,uniform,batch,8,zone,0,32,8,404,80902243f5eea0861936c3725fb62b84ec44c39f9c44f2af68d75b69090f1e83,384,384,4796.074527697596,2348.792537788683,4874.886527689297,4931.186527709295,0.07877106427378046,0.8663039994906878,0.6300392723568639,267.88652768929694,3185.645540403713,0.0,0,7,6,384,2688,15516,0.0,0.0,17401.579722061506,20566.479581475804,2278.6045562125914,11301.553434122277,0.0,2276.1989462084275,32.16246284556243,29.431128734693434,1.0,0.0,10.0,c9b54c1a6762db10b986b65280a30224d16f716832af81bdcdf62bfd52b87ba6,0.40329612500499934
E3-404-068,E3,uniform,batch,8,zone,0,32,24,404,91d2e7a532c3165b82dd94d3d909452306bc12fa16278f0b1bd342b7c13b743f,384,384,10657.560000020001,5403.031770853334,10832.900000020001,10871.900000020001,0.03544757174895836,0.9569960955870793,0.8506631960774038,81.90000002000055,4969.000000000001,0.0,0,8,8,384,2688,7210,0.0,0.0,15867.039483606808,16712.039483606808,355.91288996860845,62749.680082146624,0.0,5186.635553823878,25.985591815532295,163.4106252139235,1.0,0.0,26.000000000000004,c9b54c1a6762db10b986b65280a30224d16f716832af81bdcdf62bfd52b87ba6,0.3857434999663383
E3-404-069,E3,uniform,batch,8,zone,1,32,2,404,22d3d64fa944ac46b16bef2c500fb333d60a372afb5d565ff28d3d34720d28b3,384,384,3654.94653089715,1645.5586546550371,3881.9555309288503,3951.7555309288505,0.09891921660115433,0.4944687068153759,0.19778748272615038,1962.9555309288503,4770.680780809398,894.9783485120324,1,7,3,384,2688,19876,0.46875,2.8387686028446244,17461.14258310521,20596.637175711712,3745.220854971875,144.20543613781368,0.0,1605.0986493158814,33.7537975666301,0.3755349899422231,1.0,1.3306727825834177,4.0,c9b54c1a6762db10b986b65280a30224d16f716832af81bdcdf62bfd52b87ba6,0.44058720901375636
E3-404-070,E3,uniform,batch,8,zone,1,32,8,404,017fc03be5fdadd5db1fc81bdd8e8f340715c30d87eafac2959f34625bc42db5,384,384,4340.321427600997,2149.559371543143,4510.394427620996,4533.194427620996,0.08513667843513643,0.9362958765339993,0.6809424556610904,287.39442762099566,3326.1888552219875,3809.652419305337,1,7,6,384,2688,13991,0.9270833333333334,9.62261915535207,16969.042692265033,19475.132169791268,2108.6978022729027,9364.340702469894,0.0,2074.781976090042,30.47012169847742,24.386303912682013,1.0000000000000007,8.92096984194098,10.0,c9b54c1a6762db10b986b65280a30224d16f716832af81bdcdf62bfd52b87ba6,0.39733145799255
E3-404-071,E3,uniform,batch,8,zone,1,32,24,404,d8f9f37e00039d40c7c6cec2fa5b7d1f6615f9500d7e54796fa00b1ac58cb362,384,384,10277.59000002,5210.826822936667,10489.40000002,10506.60000002,0.03660838560825861,0.9883321894284521,0.8785175017141796,122.40000001999964,5669.143092332717,10245.999999970001,1,7,8,384,2688,6920,0.9921875,25.8845144356168,15521.93743053619,15682.737430536192,556.4059412578684,60102.01353603321,0.0,4976.654039296149,24.974831723842833,156.51566025008648,1.0,25.682291666588544,26.0,c9b54c1a6762db10b986b65280a30224d16f716832af81bdcdf62bfd52b87ba6,0.3828341669868678
E3-404-072,E3,uniform,batch,8,zone,2,32,2,404,51e7a4718eaaea5f8ab651bb39a691c419feb5688e5656bc4c628abf436c3a02,384,384,3665.3952806203088,1637.156894149321,3827.4452806803088,3897.245280680309,0.1003280182575846,0.5015090615736367,0.2006036246294547,1908.4452806803088,4468.433169065418,1157.0266442027753,2,8,2,384,2688,19603,0.5052083333333334,3.9846734236741,17460.574713256592,20589.846509008446,3724.9425140019757,40.625370847650565,0.0,1596.410380380446,33.62762831301461,0.10579523658242335,1.0,2.0130902192780606,4.0,c9b54c1a6762db10b986b65280a30224d16f716832af81bdcdf62bfd52b87ba6,0.4428707500337623
E3-404-073,E3,uniform,batch,8,zone,2,32,8,404,adb0b64731fc559c9a0cba9a7b8de10b063d03134de27d3cb9dbe141cc487241,384,384,4333.419366794401,2144.661371463033,4471.497366836099,4494.297366836099,0.0858772729797462,0.9444387896840979,0.6868645743157076,248.49736683609834,3444.1454603021593,7784.153063626336,2,6,7,384,2688,10053,0.953125,20.218997441602006,15903.019752570626,16628.125528155724,1472.4998748584783,12437.754711618567,0.0,2055.1578943905174,26.84225890781498,32.389986228173356,1.0000000000000007,19.271231936526913,10.000000000000002,c9b54c1a6762db10b986b65280a30224d16f716832af81bdcdf62bfd52b87ba6,0.39318975002970546
E3-404-074,E3,uniform,batch,8,zone,2,32,24,404,48f7d90635175af8c158ec2c6dbabfa5bfd9cf5b572d9a817cc726c596fa4330,384,384,10277.59000002,5210.723697936666,10466.90000002,10484.10000002,0.03668708022425611,0.9904565385588505,0.8804058120523116,99.90000001999964,5606.550806651505,20490.199999930006,2,6,8,384,2688,6521,0.9947916666666666,52.63403141342933,15511.03743053619,15676.83743053619,340.7303913350059,60204.18137163729,0.0,4949.686575581041,24.895504200502053,156.7817223219721,1.0,52.35989583315104,26.0,c9b54c1a6762db10b986b65280a30224d16f716832af81bdcdf62bfd52b87ba6,0.3782616669777781
E3-404-075,E3,uniform,batch,8,zone,4,32,2,404,cc45b27e8c5c48e6f8c164879d9948e31bfff75fb0212600d759fefca2937e6c,384,384,3658.2517672517174,1632.3012775049974,3875.288767273418,3945.0887672734184,0.09908938999407142,0.4953191352022332,0.19812765408089328,1956.2887672734187,4868.111909729969,1026.9500246801863,3,8,2,384,2688,19382,0.46875,3.5719445815565907,17472.573695332583,20587.845491084434,3739.456632013095,16.749465273707415,0.0,1592.0537841209937,33.529525962248805,0.04361839915027973,1.0,1.674349022604652,3.999999999999999,c9b54c1a6762db10b986b65280a30224d16f716832af81bdcdf62bfd52b87ba6,0.44660337502136827
E3-404-076,E3,uniform,batch,8,zone,4,32,8,404,15b44aae6c24be5b94a57ee49285143fe2dd4ac777f7c1c4ad4450f1536ef2b8,384,384,4261.051649000516,2141.2635846581907,4403.181649010516,4420.3816490105155,0.08720966578480645,0.95908850647634,0.6975189138009746,180.18164901051549,2750.5282090550977,16183.903226586066,4,4,6,384,2688,8773,0.9739583333333334,42.24573055236918,15643.343003345199,15904.140369941299,1147.023118027107,13654.76149510062,0.0,2027.9732770616524,25.58545155047913,35.55927472682453,1.0000000000000007,41.145581319234566,10.0,c9b54c1a6762db10b986b65280a30224d16f716832af81bdcdf62bfd52b87ba6,0.37752112495945767
E3-404-077,E3,uniform,batch,8,zone,4,32,24,404,b355af8ce5d204793283981a34d51b49bb310ed72ea2bf9ce7d3b1334d8a1e8c,384,384,10277.59000002,5210.50000002,10381.00000002,10447.40000002,0.036990656006093844,0.9986515122307866,0.8876902330940326,14.00000002,5094.150806621499,40981.299999939976,4,4,8,384,2688,6592,0.9973958333333334,105.99817232360314,15555.637430536191,15764.63743053619,327.87547949565254,59727.236283506645,0.0,4897.221535784936,25.016650996921065,155.5396778216319,1.0,105.72213541651043,26.0,c9b54c1a6762db10b986b65280a30224d16f716832af81bdcdf62bfd52b87ba6,0.3763967090053484
E3-404-078,E3,uniform,batch,8,nonzone_fifo,0,32,2,404,f938f822847d353827151becbebff4940b72f1a211def8a9d580ebe1858deb2e,384,384,5313.549428266283,2660.148369868141,5372.941428286282,5413.941428316281,0.07146923247262685,0.35727966626020274,0.1429118665040811,3069.9414282862817,0.0,0.0,0,4,4,412,2762,34677,0.0,0.0,21179.788776221365,23444.96792327751,17293.350602392522,538.1083457852425,0.0,2584.5519972110123,69.19504883997948,1.401323817149069,1.0,0.0,4.0,c9b54c1a6762db10b986b65280a30224d16f716832af81bdcdf62bfd52b87ba6,0.3645889170002192
E3-404-079,E3,uniform,batch,8,nonzone_fifo,0,32,8,404,44f886f544719fbc30bf1a3d3f9f5144be82f0351b524cb7ab045c58d93db3de,384,384,5482.32300450013,2754.2133476515546,5537.28300450013,5570.28300455013,0.06934808997263181,0.762691252246913,0.554684547088664,930.2830045001301,0.0,0.0,0,3,5,412,2763,29930,0.0,0.0,21502.060487244707,22770.88697518797,15290.125284963657,4455.651776149415,0.0,2664.7448386664564,66.86524915137576,11.603259833722435,1.0,0.0,10.0,c9b54c1a6762db10b986b65280a30224d16f716832af81bdcdf62bfd52b87ba6,0.36102529196068645
E3-404-080,E3,uniform,batch,8,nonzone_fifo,0,32,24,404,01356907d899086a314320f40ab92b84c326e1a3b4300d115fa29022e7137513,384,384,10677.16000005,5422.348958383255,10784.40000005,10801.60000005,0.03560698787120467,0.9612995345515173,0.8544884751569043,33.40000005,0.0,0.0,0,2,8,413,2773,13140,0.0,0.0,22152.798043041068,22386.59804304108,3480.9237442415483,58062.67821313738,0.0,5195.960199117864,48.18386808534581,151.20489118004525,1.0,0.0,26.0,c9b54c1a6762db10b986b65280a30224d16f716832af81bdcdf62bfd52b87ba6,0.3882821659790352
E3-404-081,E3,uniform,batch,8,nonzone_fifo,1,32,2,404,de7fd157d7f5353713a7471e7359ad40b27a3491cc9905b5f50d3382c47e60de,384,384,5405.438057220587,2723.621784143278,5516.3880572905855,5541.388057310585,0.06961076632244839,0.3479907485323501,0.13919629941294007,3597.388057290586,0.0,668.758434287988,1,5,3,413,2762,37876,0.296875,2.497881002526219,20780.165013141428,23813.91801801621,18345.414341305517,76.67209904295491,0.0,2649.993743512208,67.68681528385444,0.19966692459102842,0.9999999999999977,0.7415584226249713,4.0,c9b54c1a6762db10b986b65280a30224d16f716832af81bdcdf62bfd52b87ba6,0.37739354197401553
E3-404-082,E3,uniform,batch,8,nonzone_fifo,1,32,8,404,629f1a8e153d32734f5b57b82de1018aac424b876536b339a7d163f4c24f0867,384,384,5269.409578019613,2656.6706613329534,5339.427578036212,5362.627578036212,0.07191782159937664,0.790947904128915,0.5752348393664837,1116.4275780362125,0.0,2409.4892068863037,1,4,4,412,2762,34533,0.7083333333333334,7.446651495905527,21152.29712226141,23248.880824202537,16777.240528478495,959.2271724257048,0.0,2570.403005707165,67.4949567213302,2.4979874281919394,1.0,5.274711476266416,10.0,c9b54c1a6762db10b986b65280a30224d16f716832af81bdcdf62bfd52b87ba6,0.3714731669751927
E3-404-083,E3,uniform,batch,8,nonzone_fifo,1,32,24,404,bf0b35bdb71e44fcf7e2adcc513da71f0aca6d8560c18c7fa1260598afa55991,384,384,10298.99000005,5231.846354216588,10402.40000005,10429.60000005,0.036914558178704364,0.9965972662735423,0.8858642366875932,35.40000005000001,0.0,10315.0,1,2,8,412,2780,14121,0.9947916666666666,25.99738219895288,22061.95635729136,22323.551802406382,4298.571861049126,54104.07633694449,0.0,4988.497613227,49.59072969546236,140.89603212745962,1.0,25.861979166666668,26.0,c9b54c1a6762db10b986b65280a30224d16f716832af81bdcdf62bfd52b87ba6,0.35676041699480265
E3-404-084,E3,uniform,batch,8,nonzone_fifo,2,32,2,404,248aee508c39219f868c6ec3b0b40c715d93d4befbfae5ee7d4e802074cd9347,384,384,5375.346918675929,2668.4953429354628,5449.820918734229,5474.820918754229,0.070461030871669,0.35224052094631203,0.14089620837852482,3530.8209187342304,0.0,695.44247527681,2,5,2,412,2759,37222,0.3125,2.5953539606400833,20656.245255758324,23841.13650289208,17973.601024683623,8.029822178134552,0.0,2596.044754346826,66.61862948068138,0.02091099525555873,1.0,0.8110481127000261,3.9999999999999964,c9b54c1a6762db10b986b65280a30224d16f716832af81bdcdf62bfd52b87ba6,0.37315754196606576
E3-404-085,E3,uniform,batch,8,nonzone_fifo,2,32,8,404,7471aa4d1b1e90e9ea2302cfe9f032fc106728a48cba6bd0d5e08c988176d972,384,384,5406.983862173265,2668.114372328466,5458.313862203265,5489.513862243264,0.07035139599777379,0.7737236045804632,0.5627080760585187,1235.3138622032648,0.0,3662.9255179210777,2,5,3,412,2765,36378,0.7213541666666666,11.83727623798223,20874.28452417893,23619.87647209365,17693.30490541357,567.5249653939097,0.0,2579.980078557069,67.1174956377636,1.4779295973799733,1.0,8.538868536252807,10.0,c9b54c1a6762db10b986b65280a30224d16f716832af81bdcdf62bfd52b87ba6,0.4090429170173593
E3-404-086,E3,uniform,batch,8,nonzone_fifo,2,32,24,404,959298af57ce05d0fa2f080ebfe31459f38cb312122541e805da45a1a29c1d54,384,384,10298.99000005,5231.846354216588,10402.40000005,10431.60000005,0.036914558178704364,0.9965972662735423,0.8858642366875932,35.40000005000001,0.0,20595.40000001,2,2,8,412,2785,14348,0.9947916666666666,52.90942408379581,22022.30114862023,22315.096593735252,4285.094962113172,53949.20844467158,0.0,4962.619756277022,49.10001344820788,140.4927303246656,1.0,52.63385416669271,26.0,c9b54c1a6762db10b986b65280a30224d16f716832af81bdcdf62bfd52b87ba6,0.35425104101886973
E3-404-087,E3,uniform,batch,8,nonzone_fifo,4,32,2,404,c14160e94e2c1a03f6800085ca82aaff9dd284123d1adeeb5bc9c24ea1052d89,384,384,5375.346918675929,2668.4953429354628,5449.820918734229,5474.820918754229,0.070461030871669,0.35224052094631203,0.14089620837852482,3530.8209187342304,0.0,695.44247527681,2,5,2,412,2759,37222,0.3125,2.5953539606400833,20656.245255758324,23841.13650289208,17973.601024683623,8.029822178134552,0.0,2596.044754346826,66.61862948068138,0.02091099525555873,1.0,0.8110481127000261,3.9999999999999964,c9b54c1a6762db10b986b65280a30224d16f716832af81bdcdf62bfd52b87ba6,0.3746208330267109
E3-404-088,E3,uniform,batch,8,nonzone_fifo,4,32,8,404,a54805ea661717aff27f531b541f8eb3a9308c48aa12e37272e27ea226b87e50,384,384,5284.549250551414,2621.43135893889,5353.971250644412,5383.17125069441,0.0717224620796724,0.788799753031669,0.5736725476593957,1130.971250644412,0.0,4250.216007542696,4,5,2,412,2749,36586,0.7447916666666666,13.518237788610827,20671.906069666136,23896.955740356043,17370.142166006284,27.672099092959016,0.0,2535.5774327120594,64.71359261580014,0.07206275805458077,1.0,10.068270852975772,10.0,c9b54c1a6762db10b986b65280a30224d16f716832af81bdcdf62bfd52b87ba6,0.43768041697330773
E3-404-089,E3,uniform,batch,8,nonzone_fifo,4,32,24,404,c080bef778d38fac7a1599b25344ce24e6acddf5bc5112801cc9ea2530208162,384,384,10298.99000005,5231.846354216588,10402.40000005,10441.60000005,0.036914558178704364,0.9965972662735423,0.8858642366875932,35.40000005000001,0.0,41032.93508892594,4,2,8,412,2796,14075,0.9947916666666666,106.41082484012024,21834.341059933915,22251.94105993392,4346.5543592464865,53627.50458163961,0.0,4910.703800283869,48.63099229062214,139.65495984801981,1.0,105.85660179407795,26.0,c9b54c1a6762db10b986b65280a30224d16f716832af81bdcdf62bfd52b87ba6,0.35670566704357043
E4-404-090,E4,uniform,poisson,4,zone,0,32,8,404,914bff391be128133f5b2f13df03c5abf3bd6925fcbe9bdb82b23d2370e790da,384,384,1197.1049437685033,294.50273835335474,8211.67202063922,8234.47202063922,0.046762705455704295,0.5143271263462962,0.3740560918882154,3604.672020639221,7077.971266804981,0.0,0,4,3,384,2688,10980,0.0,0.0,18845.212433822144,21720.311021118356,685.359127011054,1466.9745240909695,0.0,245.54922046469127,34.133271732176546,3.8202461564869,0.9999999999999999,0.0,10.0,6fbaa092d5f7d0318d5b7e1d8edb1cb012cdce37017f1cddec6588b79ea9dc15,0.06967274995986372
E4-404-091,E4,hotspot,poisson,4,zone,0,32,8,404,914bff391be128133f5b2f13df03c5abf3bd6925fcbe9bdb82b23d2370e790da,384,384,12177.221283372774,4828.184506313349,19574.50082389969,19635.300823899688,0.019617358493819227,0.21577991991106185,0.1569308508444086,14967.500823899689,53657.52300702766,0.0,0,3,3,384,2688,9196,0.0,0.0,19612.410945121213,22527.102344128547,145.48683113184586,239.36054035120605,0.0,4782.035431237991,34.525740334859584,0.6233347404979325,1.0,0.0,10.0,cab92c4a0697b685fe7861bb6b4fbd5f2e9368aa07ad9192d2a73efd9b07d332,0.6375503329909407
E4-404-092,E4,uniform,poisson,4,zone,4,32,8,404,a8661222f33a49fe0e3f31998b88b80fc83c112d1b490746322059b7710ae9df,384,384,1081.5558213234835,206.87843728067176,8082.760459777721,8105.560459777721,0.04750852161348849,0.5225290903926844,0.380021156649225,3848.2669955888837,8100.362740347895,1636.7696237740247,3,4,2,384,2688,10907,0.4505208333333333,7.241442911988583,18930.040034548754,21482.49128095785,641.8509257177864,14.315823809837752,0.0,158.28236554655888,34.29637004769659,0.03728079117145248,1.0,3.262420895244856,10.0,6fbaa092d5f7d0318d5b7e1d8edb1cb012cdce37017f1cddec6588b79ea9dc15,0.06248008302645758
E4-404-093,E4,hotspot,poisson,4,zone,4,32,8,404,a8661222f33a49fe0e3f31998b88b80fc83c112d1b490746322059b7710ae9df,384,384,12189.53701607248,4825.051058756992,19586.816556599395,19647.616556599394,0.01960502355706286,0.21564424946469485,0.15683218142886898,15363.816556599393,53886.448162969056,619.2243745498281,2,3,2,384,2688,9223,0.1015625,6.031394219226361,19718.204354388203,22627.469073448596,124.432047792876,1.7271403166869277,0.0,4778.644047357746,34.78995016261417,0.004497761241372207,1.0,0.6125634753901773,10.0,cab92c4a0697b685fe7861bb6b4fbd5f2e9368aa07ad9192d2a73efd9b07d332,0.5986615419969894
E4-404-094,E4,uniform,poisson,4,nonzone_fifo,0,32,8,404,4296a69771efb66f7042ce2451880f839f9887e54d7b27b0c995245e7f26b9a7,384,384,1144.965637779005,580.2078127799002,8374.006026835672,8393.006026855674,0.04585618863533396,0.5043578460081364,0.36680570618773556,3756.54821838359,0.0,0.0,0,2,3,410,2761,18916,0.0,0.0,21326.11846144446,23582.39164091183,6113.066384818798,1148.38099980736,0.0,515.9768424044996,50.24039485506898,2.9905755203316664,1.0,0.0,10.0,6fbaa092d5f7d0318d5b7e1d8edb1cb012cdce37017f1cddec6588b79ea9dc15,0.0850916660274379
E4-404-095,E4,hotspot,poisson,4,nonzone_fifo,0,32,8,404,4296a69771efb66f7042ce2451880f839f9887e54d7b27b0c995245e7f26b9a7,384,384,3360.056717522448,1801.8489785504137,10610.593631655061,10632.593631675063,0.03619024659038826,0.3980551976094842,0.289494689170534,6003.5936316550615,0.0,0.0,0,3,3,391,2704,29600,0.0,0.0,20977.3802608486,23862.733977646196,16057.009112305068,819.6097095799533,0.0,1726.145241489376,62.56933677567318,2.1344002853644617,1.0,0.0,10.0,cab92c4a0697b685fe7861bb6b4fbd5f2e9368aa07ad9192d2a73efd9b07d332,0.1617465000017546
E4-404-096,E4,uniform,poisson,4,nonzone_fifo,4,32,8,404,f7a1895c1d3567a773d961969601985e177f0856a74ac231dbcab448371e8f3e,384,384,1118.1488616583079,558.2574460697283,8343.036521315096,8363.236521335099,0.04602640765372927,0.5062298072653041,0.36816713255658484,4086.0752701810557,0.0,1485.7945431389476,2,4,2,405,2750,20355,0.3958333333333333,7.248648310124661,20764.172566941063,23969.98467830654,6824.861575555552,8.66562288687524,0.0,495.6554064417213,48.71021627898142,0.022566726267904274,0.9999999999999977,2.8692566227576783,10.0,6fbaa092d5f7d0318d5b7e1d8edb1cb012cdce37017f1cddec6588b79ea9dc15,0.08538349997252226
E4-404-097,E4,hotspot,poisson,4,nonzone_fifo,4,32,8,404,f7a1895c1d3567a773d961969601985e177f0856a74ac231dbcab448371e8f3e,384,384,3390.277256926008,1782.011060046284,10635.282550101469,10657.28255012147,0.03610623396144152,0.39713123265606587,0.288822714658957,6412.28255010147,0.0,1025.0733080812224,2,3,2,391,2705,31473,0.2708333333333333,6.164166423857908,20771.261387643124,24364.563688457652,16458.08301586633,4.0266798969305455,0.0,1706.8902540262009,62.44085813472336,0.010486145564923296,1.0,1.6694617397948501,9.999999999999998,cab92c4a0697b685fe7861bb6b4fbd5f2e9368aa07ad9192d2a73efd9b07d332,0.16086933395126835
E1-505-000,E1,uniform,batch,1,zone,4,16,2,505,98f5d941f697deef5fb38ecc622beee3a2489fd008695aaedefa9ce612256cf6,384,384,18904.710440830695,9507.986381003291,19083.457440830694,19098.707440830694,0.020122139879034658,0.10060542752932607,0.04024217101173043,17164.457440830694,0.0,384.0,1,1,1,384,2688,9260,0.0,0.0,15224.236898246481,17557.707440830694,0.0,0.0,0.0,9474.577308759994,28.409072243296233,0.0,1.0,0.0,3.9999999999999987,3089b45ae9ff48ca97fe5e5edee12922e010bff3f98b55c8cb432f43748d2296,0.37019204202806577
E1-505-001,E1,uniform,batch,1,zone,4,16,8,505,7a6e5d01ecc378b1325581efb9d570f554c5a3f055f7065d94deee1022c6c396,384,384,18720.79821570778,9414.911371299851,18911.581215707778,18932.381215707777,0.020305018158981506,0.22334338987487184,0.16243155627263406,14688.581215707778,0.0,393.4843747482769,1,2,1,384,2688,9120,0.010416666666666666,2.3710936870692194,15065.3624583816,17392.931215707777,0.0,0.0,0.0,9375.891335684462,27.99533672281474,0.0,1.0,0.024698892573637703,10.0,3089b45ae9ff48ca97fe5e5edee12922e010bff3f98b55c8cb432f43748d2296,0.38027737505035475
E1-505-002,E1,uniform,batch,1,zone,4,16,24,505,3349372476008a312478952c3f173dd55a9cb7197e645d56518b875aa7f05343,384,384,17836.641322128104,9058.414968728259,18022.473322128106,18043.273322128105,0.021306731497752997,0.5752498319661178,0.5113331839698825,7655.473322128107,0.0,796.9214350316706,2,2,1,384,2688,8206,0.12760416666666666,8.426968061870822,15995.613793164275,16487.823322128104,0.0,0.0,0.0,8999.92178625072,30.417866240477966,0.0,1.000000000000001,1.0753162370616411,26.0,3089b45ae9ff48ca97fe5e5edee12922e010bff3f98b55c8cb432f43748d2296,0.3816122499993071
E1-505-003,E1,uniform,batch,1,zone,4,64,2,505,9cba61902823d10fa3308c47faf5ce03bcbe72e8cf63541b84b4e2d938f14cd2,384,384,36374.20155620762,18604.035985199134,36739.38355620763,36801.28355620762,0.010451998994825755,0.052258572561243666,0.020903429024497468,34820.38355620763,0.0,384.0,1,1,1,384,2688,9198,0.0,0.0,30680.403501280696,35265.28355620762,0.0,0.0,0.0,18542.193589819384,56.84239537975076,0.0,1.0,0.0,4.0,3089b45ae9ff48ca97fe5e5edee12922e010bff3f98b55c8cb432f43748d2296,0.3735160000505857
E1-505-004,E1,uniform,batch,1,zone,4,64,8,505,ffb058f7c20336633872ad5d7a8877cfe34ea36de862992bfa1bec3593281aa7,384,384,36436.00155620762,18659.097129267073,36801.18355620763,36857.083556207624,0.010434447017539651,0.11477579838567797,0.0834733079168567,32578.18355620763,0.0,386.9016133230343,1,2,1,384,2688,9234,0.0026041666666666665,2.9016133230343257,30716.335976192164,35321.083556207624,0.0,0.0,0.0,18591.15360344921,56.93596953316602,0.0,1.0,0.00755628469540189,10.0,3089b45ae9ff48ca97fe5e5edee12922e010bff3f98b55c8cb432f43748d2296,0.37380587501684204
E1-505-005,E1,uniform,batch,1,zone,4,64,24,505,426177a8a8a9ce6b6432033e15d58e46db09e0fcc3f2509c82b027d6e4ab461f,384,384,36165.00670182566,18653.495953394304,36520.69470182567,36570.894701825666,0.010514586404644812,0.2838860596324332,0.25234316411771834,26153.69470182567,0.0,579.0255178820626,1,2,1,384,2688,8952,0.06510416666666667,7.801020715282502,30646.551081296147,35024.59470182566,0.0,0.0,0.0,18569.233836405445,56.754238036041095,0.0,1.0,0.5078789528178712,26.0,3089b45ae9ff48ca97fe5e5edee12922e010bff3f98b55c8cb432f43748d2296,0.38714112498564646
E1-505-006,E1,uniform,batch,2,zone,4,16,2,505,78964e47fc3ad38b741607f33cfab6d96cb15e7051abb91f1ac886ea77c59cb1,384,384,8989.381583215622,4529.918638252389,9167.380397490388,9190.730397490386,0.041887647653971224,0.20941539473270016,0.08376615789308006,7248.380397490388,259.9280595533164,499.90378392280456,1,2,2,384,2688,9446,0.1328125,2.272623214172638,14140.539419237062,16463.450794775094,55.84537035062257,7.293102922130856,0.0,4498.958665480447,25.639147545783906,0.01899245552638244,1.0,0.30183277063230346,4.0,3089b45ae9ff48ca97fe5e5edee12922e010bff3f98b55c8cb432f43748d2296,0.435888750012964
E1-505-007,E1,uniform,batch,2,zone,4,16,8,505,98602105688b9684f4ec177f1c3b29b393471c063496588fca918671d596407a,384,384,8934.978553069748,4479.186906533087,9112.977367344514,9133.777367344514,0.04213771026975524,0.4634639553895142,0.3370646948287376,4889.977367344514,254.26158016847694,835.4821035021087,2,3,2,384,2688,9181,0.23958333333333334,4.907414168501181,14153.894533544852,16362.273607751284,47.63317683890647,4.636369950360404,0.0,4441.318995775568,25.680102232903177,0.012073880079063551,1.0,1.1757346445367414,10.0,3089b45ae9ff48ca97fe5e5edee12922e010bff3f98b55c8cb432f43748d2296,0.37770954199368134
E1-505-008,E1,uniform,batch,2,zone,4,16,24,505,d5b9eeb9f5a20a2e290465dd1e072d3dea05f4ace136654eb0c473d96a0eb394,384,384,10558.16278737869,5228.877078207013,10730.844787378692,10751.644787378691,0.03578469427231393,0.9660967154680996,0.8587526359716441,363.8447873786924,1135.0806857535536,38283.133259749375,4,2,2,384,2688,7255,0.9479166666666666,104.11849796634438,14313.36127510064,14574.285490712724,27.234645640684384,4129.160790451412,0.0,5066.3806075465445,26.04778823807094,10.753022891800553,1.0,98.69565953059727,26.0,3089b45ae9ff48ca97fe5e5edee12922e010bff3f98b55c8cb432f43748d2296,0.36847441701684147
E1-505-009,E1,uniform,batch,2,zone,4,64,2,505,3a79a5775a428c44047a6579d4451496d0a649b52e0d0eab9929fec80bcdabc0,384,384,18173.296059926834,8998.200503572605,18506.02505992683,18567.92505992683,0.020749998919623116,0.10374438861907452,0.04149775544762981,16587.02505992683,1742.8000000000175,439.4794034764186,1,2,2,384,2688,9199,0.059895833333333336,2.412147976800853,29257.435976192184,33695.91764444216,23.31575700448513,3.2167184070003714,0.0,8939.873101056692,53.174548031841766,0.008376870851563467,1.0,0.14447761321984012,4.000000000000001,3089b45ae9ff48ca97fe5e5edee12922e010bff3f98b55c8cb432f43748d2296,0.37845070799812675
E1-505-010,E1,uniform,batch,2,zone,4,64,8,505,31de17be00c43c19ee195ba9e6770de4b4e5aaf254bc991fec8708cba613a7f3,384,384,18277.734301045817,9033.259736615522,18660.412301045817,18695.912301045817,0.02057832344778785,0.22634942799925598,0.1646177658176407,14437.412301045817,1781.6999999900218,664.799577732136,1,3,2,384,2688,9293,0.14322916666666666,5.105446867857018,29248.086782853716,33904.683556207645,30.36333713996526,2.877708753997368,0.0,8968.378179055633,53.142814626331564,0.007494033213534812,1.0,0.7312489003441042,10.0,3089b45ae9ff48ca97fe5e5edee12922e010bff3f98b55c8cb432f43748d2296,0.38247770798625425
E1-505-011,E1,uniform,batch,2,zone,4,64,24,505,2aec19aeedb32131a98fa0fd0a65c60b1f7eb9cc877d10692382fe9c0503dd4f,384,384,17926.2177377598,8941.590941199127,18292.245737759797,18342.445737759797,0.020992501713845195,0.5667665622945747,0.5037924998173997,7925.245737759797,1645.0999999900196,2334.8686138624985,2,3,2,384,2688,8475,0.359375,14.136729085960134,29693.645508487163,33324.69470182565,9.391200944926872,6.905572759007001,0.0,8855.20470590834,54.28786501312699,0.017983262393247396,1.0000000000000002,5.080387015266923,26.0,3089b45ae9ff48ca97fe5e5edee12922e010bff3f98b55c8cb432f43748d2296,0.390715750050731
E1-505-012,E1,uniform,batch,4,zone,4,16,2,505,3fd6794ef0fd041c874b0bb88a99cd0999bc25fe40213708b4d3212aa1b28971,384,384,5366.5274213688,2349.8394134402142,5573.2824213688,5589.2324213688,0.06890015092859576,0.3444389528309066,0.13777558113236266,3654.2824213688,3757.900302510616,658.3034075472553,2,4,2,384,2688,13051,0.2786458333333333,2.5635832481051897,13449.410730587515,15787.827248866783,1107.290813699139,12.097819124323507,0.0,2319.097847117996,24.995729794427724,0.0315047373029258,1.0,0.7143317904876441,4.0,3089b45ae9ff48ca97fe5e5edee12922e010bff3f98b55c8cb432f43748d2296,0.413618583988864
E1-505-013,E1,uniform,batch,4,zone,4,16,8,505,4dcdb7dfcfe4d7dccab89ae36c45d19f1c92078cdda2ed6f193266581f53b31b,384,384,5065.386716303205,2223.206937236448,5238.171880156075,5274.021880156074,0.07330801829064044,0.8062342859944819,0.5863522079959869,1015.1718801560746,3269.127928284146,7850.684897499614,4,4,3,384,2688,11253,0.8489583333333334,22.903941403342376,13308.666110642696,14967.771885385098,847.5836599183652,247.87076546368993,0.0,2167.8121611017937,24.304787429020635,0.6454967850616925,1.0,19.444491920571913,10.0,3089b45ae9ff48ca97fe5e5edee12922e010bff3f98b55c8cb432f43748d2296,0.40174729097634554
E1-505-014,E1,uniform,batch,4,zone,4,16,24,505,46bae53b46234d40f99ab18fabb186174c2510882cd9fb04a18a603ebd5dfad9,384,384,10348.329486732035,5219.347685767433,10519.563486732037,10549.963486732038,0.03650341580088622,0.9854985441678631,0.8759987059269895,152.56348673203746,2641.5316758858626,40414.37721049777,4,4,4,384,2688,7422,0.9817708333333334,106.18137191113466,12930.213723393743,13285.048968423152,308.9322299408377,24159.641072688297,0.0,5002.525634765954,22.66054505568211,62.91573196012577,1.0,104.24577398567126,26.0,3089b45ae9ff48ca97fe5e5edee12922e010bff3f98b55c8cb432f43748d2296,0.37159737502224743
E1-505-015,E1,uniform,batch,4,zone,4,64,2,505,7e33578804a6fdaa0043876d9d6e489fc8f9d4f772fb3ef41dd9b892b499695b,384,384,9790.578193497066,4470.683025562254,10186.34819349706,10206.64819349706,0.037697513643323584,0.18846906609372624,0.07538762643749049,8267.34819349706,5897.983281652985,543.6351273748309,2,4,2,384,2688,11829,0.171875,2.4187140511338012,27809.15169391779,32484.744507785752,652.3554523245432,8.909532264962763,0.0,4415.155831834453,50.08827534332202,0.023201906940007195,1.0,0.4157164775386221,3.999999999999998,3089b45ae9ff48ca97fe5e5edee12922e010bff3f98b55c8cb432f43748d2296,0.3809874999569729
E1-505-016,E1,uniform,batch,4,zone,4,64,8,505,92107ef65404257ea973c25da1222807fd67e39c2a2ce45655f102f6ef0a51c1,384,384,9743.994912194072,4499.514289460551,10139.764912194067,10160.064912194066,0.03787070048716831,0.4165366258437492,0.302935727886363,5916.764912194067,5608.000000190011,1417.0332073613831,3,5,2,384,2688,11514,0.3671875,7.326476647953073,27912.68808955633,32576.637282894822,647.6207523784032,4.801613323032825,0.0,4435.526587376096,50.28500723892195,0.012504201362064649,1.0,2.690190644170269,10.0,3089b45ae9ff48ca97fe5e5edee12922e010bff3f98b55c8cb432f43748d2296,0.38731033401563764
E1-505-017,E1,uniform,batch,4,zone,4,64,24,505,cc291f60bce9a29f91a5f7e47751dd117e8af8d574dc8a6cd402a8e364a6b9d1,384,384,11121.652854392001,5253.6397840923955,11528.488854391997,11548.788854391996,0.03330878876234572,0.8992592933597794,0.7993415940975818,1161.488854391996,5583.166563115981,37771.389083034606,4,4,3,384,2688,8603,0.9453125,102.99556221221658,27944.316604981865,30301.060225511355,331.1300213450105,8110.998607595643,0.0,5058.148898597251,50.00550088412887,21.12239220728032,1.0,97.36299240373599,26.000000000000004,3089b45ae9ff48ca97fe5e5edee12922e010bff3f98b55c8cb432f43748d2296,0.374126625014469
E1-505-018,E1,uniform,batch,8,zone,4,16,2,505,15f55a041c1f29c90866e7d585f3702e8db84c4240384cdf9baeb80906c7eeb4,384,384,3016.355634791859,1325.0296556681753,3192.930970059796,3208.880970059796,0.12026567551906973,0.6011401054056138,0.2404560421622455,1273.930970059796,4694.896083949982,1362.620396080633,4,7,2,384,2688,20282,0.5833333333333334,4.3688410538867535,12553.295166652231,14844.053514741281,4299.605644652361,23.44426016952537,0.0,1291.3169739689495,26.103138323574424,0.06105276085813899,1.000000000000001,2.548490614793314,4.0,3089b45ae9ff48ca97fe5e5edee12922e010bff3f98b55c8cb432f43748d2296,0.47750833397731185
E1-505-019,E1,uniform,batch,8,zone,4,16,8,505,f0d15778e3c1d093f0a453bdca6c13aaec502d7e2c45f59d76ee665fad20a4da,384,384,4311.658162318616,2142.9688969192202,4407.403607461924,4440.203607461925,0.08712612553791793,0.9581699808180467,0.6968508951403977,184.40360746192442,3262.355515830869,15731.425386466692,4,4,7,384,2688,8224,0.9635416666666666,41.47952807153161,11212.824228736761,11478.673587605725,874.8218264865566,17906.259172876136,0.0,2026.6810648207993,18.68969522513255,46.630883262698276,1.0,39.967253610590355,10.0,3089b45ae9ff48ca97fe5e5edee12922e010bff3f98b55c8cb432f43748d2296,0.3785251670051366
E1-505-020,E1,uniform,batch,8,zone,4,16,24,505,bdd0a15dd05958b5ad88c8798dd201b55827b6ff77dc7499d64fa600570e42ea,384,384,10286.59000005,5219.50000005,10390.00000005,10424.800000050001,0.036958614051795194,0.9977865460446647,0.8869213742619241,23.000000049999997,5572.668042514657,41167.60000013,4,4,8,384,2688,7092,0.9973958333333334,106.48459530060052,11128.390032209749,11257.67263077613,690.0782141466287,63060.91435266001,0.0,4904.027717209458,18.043860046817983,164.22113112671877,1.0,106.20729166700521,26.0,3089b45ae9ff48ca97fe5e5edee12922e010bff3f98b55c8cb432f43748d2296,0.37279366701841354
E1-505-021,E1,uniform,batch,8,zone,4,64,2,505,a19462e4dd266635b7e40d169650b9d583bb26fae96a3858f016c50478a5d35a,384,384,4944.2020490421755,2220.8444052825594,5190.638049070475,5210.938049070475,0.07397934442159103,0.3698254735504456,0.14793018942017824,3271.638049070475,6962.372137335001,854.7450692645494,3,8,2,384,2688,18110,0.3723958333333333,3.2919235612905555,25468.665410240552,30053.76379691752,2786.0724179772446,11.69604030403326,0.0,2168.1308955650816,46.457152661309635,0.030458438291753282,1.0,1.2258986178764308,4.0,3089b45ae9ff48ca97fe5e5edee12922e010bff3f98b55c8cb432f43748d2296,0.4206537089776248
E1-505-022,E1,uniform,batch,8,zone,4,64,8,505,722554b148988ed7c284a2703083a0190ce32adcf38edc31a95d091d6e73c02e,384,384,4711.8444274409985,2179.195528593674,4881.294427481001,4929.594427481001,0.07866765787331616,0.8651669953012963,0.6292123602191246,658.2944274810004,5006.672136555012,13822.131089251074,4,6,5,384,2688,11069,0.9140625,38.28527375855007,23866.647691112135,25491.447691112135,1478.9511192819111,5274.495618476948,0.0,2079.3065869092743,40.158142966358554,13.735665673117053,0.9999999999999992,34.99513304492467,10.0,3089b45ae9ff48ca97fe5e5edee12922e010bff3f98b55c8cb432f43748d2296,0.3812205829890445
E1-505-023,E1,uniform,batch,8,zone,4,64,24,505,9b93d92d5c5fc99b14e34592b0dc8c1f92ab964e8b86c67a0ad7290c91be193f,384,384,10289.590000010001,5222.50000001,10393.00000001,10464.20000001,0.03694794573266915,0.997498556858767,0.8866653838744596,26.00000001,4847.799999989997,41048.499999969994,4,5,8,384,2688,6958,0.9973958333333334,106.17362924274153,23479.004721963163,23786.504721963163,390.8951611009077,51507.20011702594,0.0,4917.115406838367,38.35412411695625,134.13333363808837,1.0,105.89713541658855,26.000000000000004,3089b45ae9ff48ca97fe5e5edee12922e010bff3f98b55c8cb432f43748d2296,0.3721662909956649
E2-505-024,E2,uniform,batch,2,zone,4,32,8,505,221d0b204dbea754aafb94df35ae59d40093acc76078b7a305e13220d1d0f6bb,384,384,12204.383801550159,6064.7066799473505,12453.107801550159,12475.107801550159,0.03083567621186093,0.33916520294406316,0.24666560214113684,8230.107801550159,825.8999999900007,759.623128822172,2,3,2,384,2688,9350,0.19270833333333334,5.075988227326648,19314.874930051417,22457.324040546035,37.70067236426295,1.1999999799991201,0.0,6017.563259699647,35.162110016448295,0.0031249999479143753,1.0,0.9781852313077395,10.000000000000002,3089b45ae9ff48ca97fe5e5edee12922e010bff3f98b55c8cb432f43748d2296,0.3753608330152929
E2-505-025,E2,hotspot,batch,2,zone,4,32,8,505,221d0b204dbea754aafb94df35ae59d40093acc76078b7a305e13220d1d0f6bb,384,384,20895.383649410862,9467.863936402247,21159.787649410864,21187.787649410864,0.018147630135158348,0.199614497814669,0.1451741802288502,16936.787649410864,17494.45961127193,493.32799202697265,2,3,2,384,2688,9470,0.0625,4.555333001123869,19750.542414784493,23230.56588058721,11.321379857843105,0.0,0.0,9421.677710216441,34.90151787323528,0.0,0.9999999999999994,0.2847083125702418,10.0,f65b34327f03fdc706f132a184c3c2edefd44e62ac6fd06df2efa2198c9696b0,0.5086166249820963
E2-505-026,E2,uniform,batch,2,nonzone_fifo,4,32,8,505,d01bcb689deffcbf186932322a7c74d2fc6f28c0f74f43649add40a548a9d93c,384,384,13622.354439825578,6990.48448024414,13763.478439825576,13785.478439825576,0.027899923822227196,0.3068768655831123,0.22318317496953619,9540.478439825578,0.0,639.4181078325184,1,2,2,385,2691,13182,0.12760416666666666,5.2126144455616,20397.322732602377,23770.03634772402,2197.820531947133,4.299999969999476,0.0,6937.476240549315,41.33189045575576,0.011197916588540302,1.0,0.6651513224805168,9.999999999999996,3089b45ae9ff48ca97fe5e5edee12922e010bff3f98b55c8cb432f43748d2296,0.4342465419904329
E2-505-027,E2,hotspot,batch,2,nonzone_fifo,4,32,8,505,d01bcb689deffcbf186932322a7c74d2fc6f28c0f74f43649add40a548a9d93c,384,384,15906.0657752313,8187.453822942476,16056.429775287905,16102.229775297905,0.023915652817851567,0.2630557977902952,0.19131330748385103,11833.429775287905,0.0,521.3660349576395,1,2,2,385,2690,19160,0.07291666666666667,4.905929819915697,20634.105518734385,25284.957005224787,5344.502545391023,0.0,0.0,8131.352167283443,44.74393160966385,0.0,1.0,0.3577240493688529,10.0,f65b34327f03fdc706f132a184c3c2edefd44e62ac6fd06df2efa2198c9696b0,0.373257500003092
E2-505-028,E2,uniform,batch,2,nonzone_local,4,32,8,505,ee4971ac8203c9100dcb15b740e5192bfa552b30a6188c7754530e84d9647103,384,384,13628.982867020324,6993.912609742791,13770.106867020322,13792.106867020322,0.02788649381652132,0.30672915697980885,0.22307575053077008,9547.106867020322,0.0,634.2363273524766,1,2,2,520,2961,14038,0.12760416666666666,5.10686382351993,20260.03694616475,23763.317579276656,2218.353514096871,3.299999979999484,0.0,6941.316375796755,40.93598309360799,0.008593749947915322,1.0,0.6516571024804078,10.0,3089b45ae9ff48ca97fe5e5edee12922e010bff3f98b55c8cb432f43748d2296,0.389727458008565
E2-505-029,E2,hotspot,batch,2,nonzone_local,4,32,8,505,ee4971ac8203c9100dcb15b740e5192bfa552b30a6188c7754530e84d9647103,384,384,15763.895234462396,8049.908678442111,15914.259234519,15960.059234529,0.024129304062552943,0.2654056674639934,0.19302230361017703,11691.259234519,0.0,525.4330529279039,1,2,2,505,2930,19672,0.078125,4.714435097596794,20533.287782383373,25199.53471398879,5145.583755089213,0.0,0.0,7994.452548007914,44.087815192197276,0.0,1.0000000000000002,0.3683152419997495,10.0,f65b34327f03fdc706f132a184c3c2edefd44e62ac6fd06df2efa2198c9696b0,0.3880573339993134
E2-505-030,E2,uniform,batch,4,zone,4,32,8,505,a8661222f33a49fe0e3f31998b88b80fc83c112d1b490746322059b7710ae9df,384,384,6731.941823318082,3018.365129979866,7001.70182331808,7019.101823318079,0.05484380936091104,0.6031957530927039,0.4386878204310574,2778.7018233180793,4395.138425391797,2093.241857818729,4,5,2,384,2688,11765,0.5286458333333334,8.41991062959965,18237.090814033556,21018.58872953706,903.8015406147207,12.862277270177515,0.0,2969.750719707125,33.12976408761392,0.03349551372442061,1.0,4.45115067140294,10.000000000000002,3089b45ae9ff48ca97fe5e5edee12922e010bff3f98b55c8cb432f43748d2296,0.40255541703663766
E2-505-031,E2,hotspot,batch,4,zone,4,32,8,505,a8661222f33a49fe0e3f31998b88b80fc83c112d1b490746322059b7710ae9df,384,384,19419.041223082546,8098.991687699413,19680.97722308255,19729.177223082548,0.01951122627943653,0.214612584504274,0.15608187963947198,15457.977223082551,54035.797284645596,968.4569901573382,4,4,2,384,2688,10056,0.15364583333333334,9.906050680632852,19504.199630939176,22810.61854185691,199.24642574179586,2.9733200330681058,0.0,8052.011408793404,34.45051247322117,0.007743020919448192,1.0,1.5220234118680682,10.0,f65b34327f03fdc706f132a184c3c2edefd44e62ac6fd06df2efa2198c9696b0,1.0274454159662127
E2-505-032,E2,uniform,batch,4,nonzone_fifo,4,32,8,505,f7a1895c1d3567a773d961969601985e177f0856a74ac231dbcab448371e8f3e,384,384,7676.656792979685,3905.90144046782,7728.386792979683,7750.386792979683,0.049686954119431255,0.5464857838187763,0.3974442064136555,3505.3867929796843,0.0,1482.989289866664,3,3,2,390,2701,20014,0.4036458333333333,7.090253483010739,19920.30064945797,23481.65870670718,5917.166340409613,5.922125021939792,0.0,3845.4708607843463,46.55320620720138,0.015422200577968207,0.9999999999999988,2.8619512756944387,10.0,3089b45ae9ff48ca97fe5e5edee12922e010bff3f98b55c8cb432f43748d2296,0.3971022500190884
E2-505-033,E2,hotspot,batch,4,nonzone_fifo,4,32,8,505,f7a1895c1d3567a773d961969601985e177f0856a74ac231dbcab448371e8f3e,384,384,10595.500523922841,5434.515917315724,10721.830524012848,10749.830524012848,0.03581477986804447,0.39392583800897707,0.28649151855198335,6498.830524012848,0.0,1097.9470320767105,2,4,2,391,2704,34252,0.2942708333333333,6.3181153281124836,20594.7547557884,24494.342929363633,16811.379166787767,1.9999999499950718,0.0,5359.942401682507,61.70907023731522,0.005208333203112166,1.0,1.8592370626997672,10.0,f65b34327f03fdc706f132a184c3c2edefd44e62ac6fd06df2efa2198c9696b0,0.42468650004593655
E2-505-034,E2,uniform,batch,4,nonzone_local,4,32,8,505,490d7e4127a98700b649dcb4602cbeff5a126585e085f7445978c30c9ce6d1dd,384,384,7802.138481324073,3959.1875151267677,7895.016481350672,7917.016481350672,0.048638277184990204,0.5349532906848053,0.38905693867985847,3672.0164813506717,0.0,1860.8366777008155,4,4,2,720,3368,23424,0.40625,9.466901780133433,20216.178939448648,23534.820647221015,6426.695431925268,29.31263272388027,0.0,3896.794712821751,47.47053847578554,0.07633498105177154,1.0,3.845928848179207,10.0,3089b45ae9ff48ca97fe5e5edee12922e010bff3f98b55c8cb432f43748d2296,0.3823034589877352
E2-505-035,E2,hotspot,batch,4,nonzone_local,4,32,8,505,490d7e4127a98700b649dcb4602cbeff5a126585e085f7445978c30c9ce6d1dd,384,384,10640.00963374283,5474.698425376268,10766.339633832837,10794.339633832837,0.03566671803602533,0.39229746099282164,0.28530724435841576,6543.3396338328375,0.0,1103.7992866072002,2,4,2,646,3214,36383,0.3020833333333333,6.205166263855178,20703.133482476413,24554.03131472903,16929.327220692325,1.7999999399953595,0.0,5399.789519660614,62.02974090693696,0.004687499843737915,0.9999999999999988,1.8744773088729183,9.999999999999998,f65b34327f03fdc706f132a184c3c2edefd44e62ac6fd06df2efa2198c9696b0,0.4123477910179645
E2-505-036,E2,uniform,batch,8,zone,4,32,8,505,15b44aae6c24be5b94a57ee49285143fe2dd4ac777f7c1c4ad4450f1536ef2b8,384,384,4469.25205468272,2148.443604148107,4581.431248041201,4598.8312480412005,0.08381660210751386,0.9217814237377996,0.6703864899911269,358.4312480412008,4168.61290691749,15740.922290946004,4,5,7,384,2688,9549,0.9479166666666666,42.18934695314835,15295.690229199512,15668.396004784616,1547.125823496859,13562.268262377365,0.0,2036.6751713425936,25.45804073956734,35.31840693327439,1.0,39.99198513267188,10.0,3089b45ae9ff48ca97fe5e5edee12922e010bff3f98b55c8cb432f43748d2296,0.3952118339948356
E2-505-037,E2,hotspot,batch,8,zone,4,32,8,505,15b44aae6c24be5b94a57ee49285143fe2dd4ac777f7c1c4ad4450f1536ef2b8,384,384,11213.652045833558,4366.13952879959,11490.449045833559,11538.249045833558,0.03341905947002468,0.3675776643269798,0.26732921041962165,7267.449045833559,64511.055443165475,4965.586439090285,4,6,6,384,2688,12777,0.3776041666666667,31.597147855795086,17886.464024278648,20526.2616963605,1438.3073105024052,3523.9679166505284,0.0,4302.491018883982,31.54029544753289,9.176999782944085,1.0,11.931214685130957,10.0,f65b34327f03fdc706f132a184c3c2edefd44e62ac6fd06df2efa2198c9696b0,1.474412250041496
E2-505-038,E2,uniform,batch,8,nonzone_fifo,4,32,8,505,a54805ea661717aff27f531b541f8eb3a9308c48aa12e37272e27ea226b87e50,384,384,5032.9235056541875,2546.1663451831864,5075.053505654188,5101.053505654188,0.07566422690365339,0.8321425286977197,0.6051945663256143,852.0535056541871,0.0,4779.591224898085,4,4,3,412,2760,36355,0.7838541666666666,14.603293105973693,20146.30728063949,23317.009170287656,15519.740300596794,80.4501478942925,0.0,2462.112570322194,61.39741711934542,0.20950559347472006,1.0,11.446852148172088,10.0,3089b45ae9ff48ca97fe5e5edee12922e010bff3f98b55c8cb432f43748d2296,0.4032734169741161
E2-505-039,E2,hotspot,batch,8,nonzone_fifo,4,32,8,505,a54805ea661717aff27f531b541f8eb3a9308c48aa12e37272e27ea226b87e50,384,384,8538.609164859752,4456.932536624798,8735.825164967859,8768.62516499786,0.04395692367332455,0.48347081694355265,0.35161513959531104,4512.82516496786,0.0,1671.9747370811258,3,5,2,412,2756,73165,0.4375,7.666516292149558,20459.08353360799,24092.413312615336,43836.21468700447,1.5733200630672854,0.0,4342.220776427774,100.3535621315438,0.0040971876642377225,1.0,3.3541008778154318,9.999999999999996,f65b34327f03fdc706f132a184c3c2edefd44e62ac6fd06df2efa2198c9696b0,0.47676858300110325
E2-505-040,E2,uniform,batch,8,nonzone_local,4,32,8,505,033ef4bf09aeeeb6025d6e272acfa1b9c4a15b30924e5ee23550c5fb6311be4e,384,384,4921.395622317548,2536.3062227567825,4963.525622317548,4996.525622317548,0.07736436340197723,0.8508365796343992,0.6187902397341085,740.5256223175479,0.0,5567.445353850073,4,5,5,1117,4177,40772,0.8072916666666666,16.720791464000236,20100.171972151726,23313.12208891309,14204.401846525161,473.08104380214417,0.0,2452.277857648143,58.29782761475354,1.231981884901417,1.0000000000000007,13.498555608984566,10.000000000000002,3089b45ae9ff48ca97fe5e5edee12922e010bff3f98b55c8cb432f43748d2296,0.44618950004223734
E2-505-041,E2,hotspot,batch,8,nonzone_local,4,32,8,505,033ef4bf09aeeeb6025d6e272acfa1b9c4a15b30924e5ee23550c5fb6311be4e,384,384,8489.921880982114,4420.102879514249,8665.38588107532,8698.185881105323,0.04431424119710962,0.48740040634745985,0.35447302279815257,4442.385881075321,0.0,2076.9924882478936,4,5,2,1117,4168,79562,0.4036458333333333,10.922532182244474,20447.338274505248,23855.276259356095,43403.89716902551,66.31362008095245,0.0,4304.240439061869,100.28091412860718,0.17269171896081367,1.0,4.408834604812223,10.0,f65b34327f03fdc706f132a184c3c2edefd44e62ac6fd06df2efa2198c9696b0,0.4487102919956669
E3-505-042,E3,uniform,batch,4,zone,0,32,2,505,e3be303d8ce8ffa7454624e636fe3448fd407aa8eeb2c5d472577b2681115092,384,384,6889.896402113006,3077.732242737435,7159.656402113003,7177.056402113003,0.05363385872633098,0.2681318432530063,0.10725273730120252,4856.656402113004,4478.078810043798,0.0,0,4,3,384,2688,12086,0.0,0.0,18257.7159392927,21376.151726164957,824.5980490783916,305.6696490555242,0.0,3038.6818035969404,33.25442442941254,0.7960147110820943,1.0,0.0,4.0,3089b45ae9ff48ca97fe5e5edee12922e010bff3f98b55c8cb432f43748d2296,0.41975745803210884
E3-505-043,E3,uniform,batch,4,zone,0,32,8,505,914bff391be128133f5b2f13df03c5abf3bd6925fcbe9bdb82b23d2370e790da,384,384,7242.194734505748,3257.7177516515235,7511.954734505745,7529.354734505745,0.05111851889044504,0.5622288632460241,0.4088937187243812,2904.9547345057454,4597.865943650761,0.0,0,4,3,384,2688,11440,0.0,0.0,18208.98074713166,21336.65390416932,675.2884686001408,1754.557779113221,0.0,3209.35079489622,32.797795872196076,4.5691608831073465,0.9999999999999999,0.0,10.0,3089b45ae9ff48ca97fe5e5edee12922e010bff3f98b55c8cb432f43748d2296,0.40463604201795533
E3-505-044,E3,uniform,batch,4,zone,0,32,24,505,460a7ce817c0d21974c43a4acb907807cd94b40dcc8cf620151ed760ca69be7b,384,384,10854.57337330834,5417.053272299744,11082.14137330834,11119.941373308338,0.0346503430216903,0.9354748487616857,0.8315331988992761,331.1413733083391,2601.424119885014,0.0,0,4,4,384,2688,7470,0.0,0.0,18173.760134705233,18873.160134705242,240.96367362495843,20913.306419420143,0.0,5303.258307074495,32.33322975800916,54.461735467239954,1.0,0.0,26.0,3089b45ae9ff48ca97fe5e5edee12922e010bff3f98b55c8cb432f43748d2296,0.4136230000294745
E3-505-045,E3,uniform,batch,4,zone,1,32,2,505,7ffbb63a094c38666490537ef1e7ad30845dfa97707b5124ef1cb9384a7bb01d,384,384,6842.796436150386,3050.4229116004117,7112.556436150384,7129.9564361503835,0.05398902679327449,0.26990718598122754,0.10796287439249103,5193.556436150384,4507.071009812499,557.34811136186,1,4,2,384,2688,12306,0.20833333333333334,2.1668513918982577,18253.841298473075,21390.648658220587,874.5953112524334,22.16163473573488,0.0,3011.7789567954783,33.1348148411377,0.05771259045764291,0.9999999999999988,0.4514273733381784,4.0,3089b45ae9ff48ca97fe5e5edee12922e010bff3f98b55c8cb432f43748d2296,0.45130474999314174
E3-505-046,E3,uniform,batch,4,zone,1,32,8,505,02f609786b5c1de414bdb04d30b340b7a10ab6e577ab9f9f1ee868c2500f612f,384,384,6734.358304393603,3015.2189553498943,7004.118304393601,7021.5183043936,0.05482488777482832,0.6029876750761958,0.43853649096450603,2781.1183043936035,4318.913146710781,1736.5899184879704,1,5,2,384,2688,11534,0.5234375,6.7293030770545785,18137.38754115623,21026.87226706449,778.078530243451,217.8770208797483,0.0,2967.2361348610443,32.89306283424639,0.5673880752076779,1.0,3.522369579395756,10.0,3089b45ae9ff48ca97fe5e5edee12922e010bff3f98b55c8cb432f43748d2296,0.4354667089646682
E3-505-047,E3,uniform,batch,4,zone,1,32,24,505,9a118d3842daea92bcf868a95a2cc048f86a386623b8dd83ba4f26668d44287e,384,384,10528.569206772967,5225.780927285735,10756.137206772966,10793.937206772966,0.035700548683797136,0.9638252074605913,0.8567335177427479,389.13720677296544,3299.1116202788926,9943.85335988387,1,3,4,384,2688,7032,0.9661458333333334,25.767798813703152,18055.144822531867,18180.11550918104,243.466332040364,19604.05536559157,0.0,5090.833679538137,31.999568775004988,51.05222751456138,1.0,24.89545145803091,26.000000000000004,3089b45ae9ff48ca97fe5e5edee12922e010bff3f98b55c8cb432f43748d2296,0.40524766698945314
E3-505-048,E3,uniform,batch,4,zone,2,32,2,505,affe5a60a0b3f893fc69fdf080225cdbf30c0108321484692010845284e70a72,384,384,6837.409040402043,3049.165212235772,7107.16904040204,7124.56904040204,0.05402995170328435,0.27011175298265055,0.10804470119306021,5188.169040402041,4485.335223855551,571.7302368939459,2,4,2,384,2688,12357,0.22135416666666666,2.2085910222817153,18252.84129847307,21390.648658220583,886.4814293527962,10.437530256157288,0.0,3010.50997771776,33.13917262439145,0.027181068375409605,1.0,0.48888082524465054,3.9999999999999987,3089b45ae9ff48ca97fe5e5edee12922e010bff3f98b55c8cb432f43748d2296,0.41157024999847636
E3-505-049,E3,uniform,batch,4,zone,2,32,8,505,12398dc35ad96dde59e600d8ecb8df77a4806dfcf7d5b175871c92a85ddf2f49,384,384,6731.941823318082,3018.3649065772165,7001.70182331808,7019.101823318079,0.05484380936091104,0.6031957530927039,0.4386878204310574,2778.7018233180793,4395.138425391797,2078.976363625843,2,5,2,384,2688,11757,0.53125,8.308707664783546,18241.290814033557,21018.58872953706,897.473113789967,19.19070409493122,0.0,2969.775406445576,33.125523392783826,0.049975791913883384,1.0,4.4140009469423,10.000000000000002,3089b45ae9ff48ca97fe5e5edee12922e010bff3f98b55c8cb432f43748d2296,0.40308283298509195
E3-505-050,E3,uniform,batch,4,zone,2,32,24,505,7d8e3f28fd46b4d827391aeb67596f1d254b1c483d4de78f3d2e8a9227017567,384,384,10523.163939985168,5225.598471031949,10750.731939985168,10788.531939985167,0.03571849825143438,0.9643097556628912,0.8571642272559032,383.73193998516683,3322.795819875493,19831.863893339454,2,2,4,384,2688,7067,0.96875,52.279204014353354,18069.54482253187,18247.515509181045,233.76633215037313,19501.05009873376,0.0,5065.179855402639,31.989152108286248,50.783984632119164,1.0,50.64547888890481,26.000000000000004,3089b45ae9ff48ca97fe5e5edee12922e010bff3f98b55c8cb432f43748d2296,0.3794660000130534
E3-505-051,E3,uniform,batch,4,zone,4,32,2,505,bddd0860493b2933491986721125b981e221ff4a65dce9be3d4762c6b46bed71,384,384,6837.409040402043,3049.165212235772,7107.16904040204,7124.56904040204,0.05402995170328435,0.27011175298265055,0.10804470119306021,5188.169040402041,4485.335223855551,571.7302368939459,2,4,2,384,2688,12357,0.22135416666666666,2.2085910222817153,18252.84129847307,21390.648658220583,886.4814293527962,10.437530256157288,0.0,3010.50997771776,33.13917262439145,0.027181068375409605,1.0,0.48888082524465054,3.9999999999999987,3089b45ae9ff48ca97fe5e5edee12922e010bff3f98b55c8cb432f43748d2296,0.404729750007391
E3-505-052,E3,uniform,batch,4,zone,4,32,8,505,a8661222f33a49fe0e3f31998b88b80fc83c112d1b490746322059b7710ae9df,384,384,6731.941823318082,3018.365129979866,7001.70182331808,7019.101823318079,0.05484380936091104,0.6031957530927039,0.4386878204310574,2778.7018233180793,4395.138425391797,2093.241857818729,4,5,2,384,2688,11765,0.5286458333333334,8.41991062959965,18237.090814033556,21018.58872953706,903.8015406147207,12.862277270177515,0.0,2969.750719707125,33.12976408761392,0.03349551372442061,1.0,4.45115067140294,10.000000000000002,3089b45ae9ff48ca97fe5e5edee12922e010bff3f98b55c8cb432f43748d2296,0.40572800004156306
E3-505-053,E3,uniform,batch,4,zone,4,32,24,505,f3726455d44e4b4c49a1f65ee9e47af4dc7916be971926e18a552b6f483b5751,384,384,10601.46283975274,5229.524475416218,10829.030839752739,10866.830839752738,0.03546023699464946,0.9573379940843005,0.8509671058527116,462.03083975273796,3413.797785956007,39134.45088916937,4,4,4,384,2688,7813,0.9557291666666666,105.58705964351317,18024.599208996242,19058.713422558623,272.0861863802812,18871.290875200117,0.0,5020.492089393962,31.97576684421066,49.14398665416697,1.0,100.91263252387847,26.000000000000004,3089b45ae9ff48ca97fe5e5edee12922e010bff3f98b55c8cb432f43748d2296,0.3939505409798585
E3-505-054,E3,uniform,batch,4,nonzone_fifo,0,32,2,505,24fd4d60da3ae86021e5145af221a7122238cba8fd3346c792c846233a36f8da,384,384,7732.993747266691,3984.3936708218944,7834.705747318189,7856.705747318189,0.04901268948504451,0.24503217220186324,0.09801286888074529,5531.705747318189,0.0,0.0,0,3,2,390,2704,19202,0.0,0.0,20722.12914817634,23263.86279257556,6222.686316258859,240.87388044833864,0.0,3929.5604800683263,49.20591502323377,0.6272757303342152,1.0,0.0,4.0,3089b45ae9ff48ca97fe5e5edee12922e010bff3f98b55c8cb432f43748d2296,0.37686495896195993
E3-505-055,E3,uniform,batch,4,nonzone_fifo,0,32,8,505,4296a69771efb66f7042ce2451880f839f9887e54d7b27b0c995245e7f26b9a7,384,384,7880.635200931096,4070.928782011176,7950.799200917695,7972.799200917695,0.04829703156830801,0.5312005362902674,0.38632766275655817,3343.799200917696,0.0,0.0,0,2,3,390,2703,18147,0.0,0.0,20999.476302886105,23160.198050499264,5872.512353428543,1226.0481398175673,0.0,4006.9699034875293,49.76604482620481,3.192833697441581,0.9999999999999988,0.0,9.999999999999998,3089b45ae9ff48ca97fe5e5edee12922e010bff3f98b55c8cb432f43748d2296,0.3740854589850642
E3-505-056,E3,uniform,batch,4,nonzone_fifo,0,32,24,505,abfcf7fe2e76d041ede1ccbe6ff2e05701dd278e9ca98dbbf73cc5bb115fe367,384,384,10732.588427404746,5448.753307782869,10839.828427404746,10861.828427404746,0.03542491493953809,0.9563844746210102,0.8501195329964535,88.82842740474473,0.0,0.0,0,1,4,390,2705,12315,0.0,0.0,21776.82480683986,21986.939020402242,3064.9224398064594,16611.65224946029,0.0,5331.857556587649,46.636240128917855,43.25951106630284,1.0,0.0,26.000000000000004,3089b45ae9ff48ca97fe5e5edee12922e010bff3f98b55c8cb432f43748d2296,0.36868349998258054
E3-505-057,E3,uniform,batch,4,nonzone_fifo,1,32,2,505,8dfc2170a7542a202b3109446b0e9903fad7a05b4389b939dd72fc0e4b5358a5,384,384,7801.232595139473,3992.054463998258,7900.714595210973,7922.714595210973,0.04860319853001171,0.24298523780695178,0.09719409512278071,5981.714595210973,0.0,520.8705832840691,1,3,2,390,2704,20482,0.1640625,2.172548941016969,20351.647078101676,23585.317518484542,6342.584360434285,12.621412979133993,0.0,3938.993128659701,47.672033264954706,0.032868262966494775,1.0,0.3564338106355965,3.9999999999999996,3089b45ae9ff48ca97fe5e5edee12922e010bff3f98b55c8cb432f43748d2296,0.3722653750446625
E3-505-058,E3,uniform,batch,4,nonzone_fifo,1,32,8,505,a2551495f61038a1c6b689dbfd5bb2042aa4e0b1445d83813a616f828c6d5ca8,384,384,7768.814667662385,3979.2481922023744,7810.944667662385,7841.544667662385,0.04916178725343875,0.5407104350707047,0.39324395277869434,3587.9446676623857,0.0,1299.1582087137856,1,3,2,391,2706,20213,0.3958333333333333,6.020777688906484,20130.4034952468,23454.819772760617,6185.482214868751,75.27141621237695,0.0,3918.704274318278,46.964674069184625,0.19601931305306497,1.0,2.3832245018588165,9.999999999999998,3089b45ae9ff48ca97fe5e5edee12922e010bff3f98b55c8cb432f43748d2296,0.37676433398155496
E3-505-059,E3,uniform,batch,4,nonzone_fifo,1,32,24,505,c88671f2b98ea5b8b7280fe126dc715ba730999674129bdfd854f7a4002f89a6,384,384,10286.590000010001,5219.50000001,10390.00000001,10420.600000010001,0.036958614051937476,0.9977865460485056,0.8869213742653382,23.00000001,0.0,10216.255631824139,1,2,4,390,2711,13085,0.9973958333333334,25.67168572277843,21744.918531093033,22018.718531093033,3769.2733372233165,13991.808131733655,0.0,5082.715351526548,47.7428157658535,36.43700034305639,1.0,25.604832374542028,26.000000000000004,3089b45ae9ff48ca97fe5e5edee12922e010bff3f98b55c8cb432f43748d2296,0.3619751250371337
E3-505-060,E3,uniform,batch,4,nonzone_fifo,2,32,2,505,f2afdd75f3f68e23fae6d9408609f3fe7c474c51707a827e172c8014e622e617,384,384,7812.583442072344,3997.792844357926,7885.431442087243,7907.431442087243,0.04869739884497134,0.2434561200587636,0.09738244802350543,5966.431442087243,0.0,550.002326773288,2,3,2,390,2701,20533,0.19270833333333334,2.2432746861255133,20290.112457666903,23466.47837215305,6545.385627583055,8.726679826932696,0.0,3944.5429358252904,47.794885077947306,0.02272572871597056,1.0,0.43229772597210414,3.9999999999999996,3089b45ae9ff48ca97fe5e5edee12922e010bff3f98b55c8cb432f43748d2296,0.3739660830469802
E3-505-061,E3,uniform,batch,4,nonzone_fifo,2,32,8,505,922ac8bf067680bd7d2b9c42bdf664a362fc3f313f87092b0fc1ce689f63fc02,384,384,7736.469113259348,3912.0600156960086,7845.060113332747,7867.060113332747,0.04894799969058092,0.5383593726005477,0.3915340891640347,3622.060113332749,0.0,1362.2694835009916,2,3,2,390,2704,20403,0.3828125,6.65489444558498,20048.283322702668,23508.758706707176,6205.586301678805,9.095445045008091,0.0,3851.5383661150017,46.95038674625162,0.023686054804708572,0.9999999999999988,2.5475767799505,9.999999999999998,3089b45ae9ff48ca97fe5e5edee12922e010bff3f98b55c8cb432f43748d2296,0.37529404199449345
E3-505-062,E3,uniform,batch,4,nonzone_fifo,2,32,24,505,027e881a2c79189b6295b43c2906d9155ebd5348f5877d5b298da0bf611ade0f,384,384,10286.590000010001,5219.50000001,10390.00000001,10423.00000001,0.036958614051937476,0.9977865460485056,0.8869213742653382,23.00000001,0.0,20422.52157504455,2,2,4,390,2714,13156,0.9973958333333334,52.31989967374557,21403.46529380372,21820.265293803728,3629.8544271514875,14249.680279084789,0.0,5056.203375687583,47.00443199395575,37.10854239344997,1.0,52.18364993501185,26.000000000000004,3089b45ae9ff48ca97fe5e5edee12922e010bff3f98b55c8cb432f43748d2296,0.39127720904070884
E3-505-063,E3,uniform,batch,4,nonzone_fifo,4,32,2,505,48f4fe10dd05288b4dd2eaf04ca03a32c7c9c30609c3fde07619286ac7f8a0db,384,384,7812.583442072344,3997.792844357926,7885.431442087243,7907.431442087243,0.04869739884497134,0.2434561200587636,0.09738244802350543,5966.431442087243,0.0,550.002326773288,2,3,2,390,2701,20533,0.19270833333333334,2.2432746861255133,20290.112457666903,23466.47837215305,6545.385627583055,8.726679826932696,0.0,3944.5429358252904,47.794885077947306,0.02272572871597056,1.0,0.43229772597210414,3.9999999999999996,3089b45ae9ff48ca97fe5e5edee12922e010bff3f98b55c8cb432f43748d2296,0.3732336250250228
E3-505-064,E3,uniform,batch,4,nonzone_fifo,4,32,8,505,f7a1895c1d3567a773d961969601985e177f0856a74ac231dbcab448371e8f3e,384,384,7676.656792979685,3905.90144046782,7728.386792979683,7750.386792979683,0.049686954119431255,0.5464857838187763,0.3974442064136555,3505.3867929796843,0.0,1482.989289866664,3,3,2,390,2701,20014,0.4036458333333333,7.090253483010739,19920.30064945797,23481.65870670718,5917.166340409613,5.922125021939792,0.0,3845.4708607843463,46.55320620720138,0.015422200577968207,0.9999999999999988,2.8619512756944387,10.0,3089b45ae9ff48ca97fe5e5edee12922e010bff3f98b55c8cb432f43748d2296,0.39408795797498897
E3-505-065,E3,uniform,batch,4,nonzone_fifo,4,32,24,505,0061e964fe5127ebd2fb7449254cc6879a1880eb7ec4cc19a2a9b2bbea0574a9,384,384,10286.590000010001,5219.50000001,10390.00000001,10426.40000001,0.036958614051937476,0.9977865460485056,0.8869213742653382,23.00000001,0.0,40820.08578420764,4,2,4,390,2718,14307,0.9973958333333334,105.57724747834895,21711.542420108522,22204.34242010854,4383.715412501636,12995.14216743983,0.0,5004.575837960776,48.78033925847586,33.841516061041226,1.0,105.30230672970742,26.000000000000004,3089b45ae9ff48ca97fe5e5edee12922e010bff3f98b55c8cb432f43748d2296,0.36158025002805516
E3-505-066,E3,uniform,batch,8,zone,0,32,2,505,c7c2fe9a76fa4f6c391a3ab9c346af2bcfe67f85d4d285801e1c8c1a87b8b889,384,384,3714.0614566491286,1684.974280874837,3918.4786500042105,3935.8786500042106,0.09799721634302827,0.48986106863930423,0.1959444274557217,1615.4786500042107,5131.546601962893,0.0,0,8,4,384,2688,18406,0.0,0.0,16887.81577478915,19966.375579216172,3443.9125729312186,1109.517514115088,0.0,1644.9867641238443,32.09814822465128,2.889368526341375,0.9999999999999994,0.0,4.0,3089b45ae9ff48ca97fe5e5edee12922e010bff3f98b55c8cb432f43748d2296,0.4292909589712508
E3-505-067,E3,uniform,batch,8,zone,0,32,8,505,80902243f5eea0861936c3725fb62b84ec44c39f9c44f2af68d75b69090f1e83,384,384,4877.578149260831,2345.8364003062147,5085.163807018335,5102.563807018335,0.07551379160490737,0.8304883916973641,0.603991557598083,478.16380701833583,5346.295580180831,0.0,0,7,6,384,2688,14806,0.0,0.0,16837.617076176255,19910.03879480115,2097.063150938633,11577.79774549311,0.0,2273.9087077864283,30.777177557564933,30.15051496222164,1.0,0.0,9.999999999999998,3089b45ae9ff48ca97fe5e5edee12922e010bff3f98b55c8cb432f43748d2296,0.43734470795607194
E3-505-068,E3,uniform,batch,8,zone,0,32,24,505,91d2e7a532c3165b82dd94d3d909452306bc12fa16278f0b1bd342b7c13b743f,384,384,10667.16000006,5412.03854172526,10789.200000059998,10834.800000059999,0.03559114670205989,0.9608719022763572,0.8541083575789842,38.200000059998686,4703.399999979996,0.0,0,8,8,384,2688,7220,0.0,0.0,15592.587685575974,16454.987685575976,366.2490500476713,62851.36326487635,0.0,5195.6913117099775,25.671804846333544,163.67542516894883,1.0,0.0,26.0,3089b45ae9ff48ca97fe5e5edee12922e010bff3f98b55c8cb432f43748d2296,0.4013404999859631
E3-505-069,E3,uniform,batch,8,zone,1,32,2,505,22d3d64fa944ac46b16bef2c500fb333d60a372afb5d565ff28d3d34720d28b3,384,384,3630.346472049294,1622.2953773570816,3829.3036653877766,3846.7036653877767,0.1002793284509898,0.5012657396722672,0.20050629586890686,1910.3036653877766,5171.938349267981,949.0579401213771,1,8,2,384,2688,18947,0.5104166666666666,2.882948674088659,16876.050863725082,19977.415223037093,3599.6874513318257,197.49483516586403,0.0,1582.966699123706,32.34286371439842,0.5143094665777709,0.9999999999999999,1.4715050523994195,4.0,3089b45ae9ff48ca97fe5e5edee12922e010bff3f98b55c8cb432f43748d2296,0.44516870798543096
E3-505-070,E3,uniform,batch,8,zone,1,32,8,505,017fc03be5fdadd5db1fc81bdd8e8f340715c30d87eafac2959f34625bc42db5,384,384,4461.157929088043,2151.4368185192166,4649.046640376133,4687.446640376133,0.08259757961235087,0.9083779855718456,0.6606385349613423,426.0466403761328,4930.055794903778,3904.375859506146,1,7,6,384,2688,13978,0.9375,9.778821831961517,16421.57645154881,18933.45028037918,2172.338905320734,9361.316997187374,0.0,2077.277541760985,29.613201610591766,24.378429680175454,1.0,9.167645467463922,10.0,3089b45ae9ff48ca97fe5e5edee12922e010bff3f98b55c8cb432f43748d2296,0.40494379098527133
E3-505-071,E3,uniform,batch,8,zone,1,32,24,505,d8f9f37e00039d40c7c6cec2fa5b7d1f6615f9500d7e54796fa00b1ac58cb362,384,384,10286.59000005,5219.50000005,10390.00000005,10435.60000005,0.036958614051795194,0.9977865460446647,0.8869213742619241,23.00000005,5096.32667989692,10331.60000005,1,7,8,384,2688,6563,0.9973958333333334,25.97284595313316,15230.077657948435,15359.877657948437,418.4075042335141,60168.18815832113,0.0,4985.226629864927,24.680171855981214,156.68798999562796,1.0,25.90520833346354,26.0,3089b45ae9ff48ca97fe5e5edee12922e010bff3f98b55c8cb432f43748d2296,0.37586775003001094
E3-505-072,E3,uniform,batch,8,zone,2,32,2,505,51e7a4718eaaea5f8ab651bb39a691c419feb5688e5656bc4c628abf436c3a02,384,384,3647.259860646836,1609.7896129287017,3855.120198341272,3872.520198341272,0.09960778918520419,0.49790979047434697,0.19916391618973878,1936.1201983412734,5580.117319230201,1094.5887018601027,2,8,2,384,2688,19132,0.5078125,3.6440446248723224,16873.300240460216,19952.66459977223,3585.9427791847406,29.520904141830457,0.0,1570.2610916078131,32.601152555258665,0.07687735453601681,0.9999999999999999,1.8504914110940176,3.9999999999999964,3089b45ae9ff48ca97fe5e5edee12922e010bff3f98b55c8cb432f43748d2296,0.44728674995712936
E3-505-073,E3,uniform,batch,8,zone,2,32,8,505,adb0b64731fc559c9a0cba9a7b8de10b063d03134de27d3cb9dbe141cc487241,384,384,4451.536615657213,2147.3788449196063,4641.417326945304,4679.817326945304,0.08273334909376168,0.9098708070649432,0.6617242233199587,418.41732694530435,4427.290956641702,7903.7666007501875,2,6,7,384,2688,10807,0.953125,20.54581038456335,15757.705235371688,16839.278555424757,1566.204773775103,12508.956252157248,0.0,2057.2419440928047,26.97876839735531,32.5754069066595,1.0,19.582725522786944,9.999999999999998,3089b45ae9ff48ca97fe5e5edee12922e010bff3f98b55c8cb432f43748d2296,0.38273083296371624
E3-505-074,E3,uniform,batch,8,zone,2,32,24,505,48f7d90635175af8c158ec2c6dbabfa5bfd9cf5b572d9a817cc726c596fa4330,384,384,10286.59000005,5219.50000005,10390.00000005,10435.60000005,0.036958614051795194,0.9977865460446647,0.8869213742619241,23.00000005,5033.8266798869245,20629.40000009,2,6,8,384,2688,6574,0.9973958333333334,52.86005221955614,15243.377657948437,15387.977657948437,400.4541444596546,59972.24151812499,0.0,4958.902011740256,24.69788018939267,156.17771228678384,1.0,52.72239583356771,26.0,3089b45ae9ff48ca97fe5e5edee12922e010bff3f98b55c8cb432f43748d2296,0.3777109999791719
E3-505-075,E3,uniform,batch,8,zone,4,32,2,505,cc45b27e8c5c48e6f8c164879d9948e31bfff75fb0212600d759fefca2937e6c,384,384,3640.4788895513943,1615.2637976596861,3848.3392272458304,3865.7392272458305,0.09978330321852114,0.49878690514209206,0.19951476205683683,1927.7392272158304,5439.971696578674,1127.0523201648193,4,8,2,384,2688,19409,0.4921875,3.931493757432907,16853.256453756676,19960.84749301562,3681.4914935551237,15.349671647868178,1.6000000300000465,1575.7400523425429,32.548740130131186,0.039973103249656715,0.9999999999999999,1.9350320837625503,4.0,3089b45ae9ff48ca97fe5e5edee12922e010bff3f98b55c8cb432f43748d2296,0.49393762496765703
E3-505-076,E3,uniform,batch,8,zone,4,32,8,505,15b44aae6c24be5b94a57ee49285143fe2dd4ac777f7c1c4ad4450f1536ef2b8,384,384,4469.25205468272,2148.443604148107,4581.431248041201,4598.8312480412005,0.08381660210751386,0.9217814237377996,0.6703864899911269,358.4312480412008,4168.61290691749,15740.922290946004,4,5,7,384,2688,9549,0.9479166666666666,42.18934695314835,15295.690229199512,15668.396004784616,1547.125823496859,13562.268262377365,0.0,2036.6751713425936,25.45804073956734,35.31840693327439,1.0,39.99198513267188,10.0,3089b45ae9ff48ca97fe5e5edee12922e010bff3f98b55c8cb432f43748d2296,0.3820280830259435
E3-505-077,E3,uniform,batch,8,zone,4,32,24,505,b355af8ce5d204793283981a34d51b49bb310ed72ea2bf9ce7d3b1334d8a1e8c,384,384,10286.59000005,5219.50000005,10390.00000005,10435.60000005,0.036958614051795194,0.9977865460446647,0.8869213742619241,23.00000005,5135.915128746725,41130.00000013001,4,5,8,384,2688,6456,0.9973958333333334,106.38642297684073,15243.374921319435,15448.948241372505,250.35209471869288,59658.48453557209,0.0,4906.267461178513,24.76252705976298,155.36063681138563,1.0,106.10937500033855,26.0,3089b45ae9ff48ca97fe5e5edee12922e010bff3f98b55c8cb432f43748d2296,0.37397995800711215
E3-505-078,E3,uniform,batch,8,nonzone_fifo,0,32,2,505,f938f822847d353827151becbebff4940b72f1a211def8a9d580ebe1858deb2e,384,384,5088.363479973501,2614.2027946752555,5147.003479985201,5169.003479985201,0.07460651648929993,0.3729601208438809,0.14918404833755236,2844.003479985201,0.0,0.0,0,4,4,413,2762,33515,0.0,0.0,20921.097726797667,22672.68876605661,16079.72263051304,649.565745920261,0.0,2542.140559425205,65.37065778671663,1.6915774633340128,1.0,0.0,4.0,3089b45ae9ff48ca97fe5e5edee12922e010bff3f98b55c8cb432f43748d2296,0.36744308401830494
E3-505-079,E3,uniform,batch,8,nonzone_fifo,0,32,8,505,44f886f544719fbc30bf1a3d3f9f5144be82f0351b524cb7ab045c58d93db3de,384,384,5179.7984862429485,2672.5791122456985,5232.690486242948,5254.690486242948,0.07338481055005233,0.8070786782487469,0.5869663114536341,625.6904862429486,0.0,0.0,0,3,5,412,2762,27323,0.0,0.0,21298.63317911844,22116.01858810729,13081.122367225771,4901.875746411627,0.0,2584.855526423427,63.958284399324384,12.765301422946946,1.0,0.0,10.0,3089b45ae9ff48ca97fe5e5edee12922e010bff3f98b55c8cb432f43748d2296,0.38605516601819545
E3-505-080,E3,uniform,batch,8,nonzone_fifo,0,32,24,505,01356907d899086a314320f40ab92b84c326e1a3b4300d115fa29022e7137513,384,384,10678.060000029998,5422.894531266484,10785.300000029998,10807.300000029998,0.03560401657802119,0.9612193245108299,0.85441717734296,34.30000002999841,0.0,0.0,0,2,8,412,2771,13056,0.0,0.0,21854.12222818494,22144.322228184956,3785.0514404470878,58027.92633167795,0.0,5196.441450815897,48.33868896184177,151.11439148874467,1.0,0.0,26.0,3089b45ae9ff48ca97fe5e5edee12922e010bff3f98b55c8cb432f43748d2296,0.35727758303983137
E3-505-081,E3,uniform,batch,8,nonzone_fifo,1,32,2,505,de7fd157d7f5353713a7471e7359ad40b27a3491cc9905b5f50d3382c47e60de,384,384,4968.527511821082,2530.9235668450924,5017.0775117910825,5040.077511851082,0.0765385822916882,0.38261664860467687,0.15304665944187076,3098.0775117910825,0.0,724.1388847134107,1,4,3,412,2753,33541,0.3359375,2.6367355404140365,20569.742277122747,23168.267021602107,15234.51228947175,102.57323917683415,0.0,2461.761721444416,63.008949244712014,0.2671178103563389,1.0,0.8857783456078403,4.0,3089b45ae9ff48ca97fe5e5edee12922e010bff3f98b55c8cb432f43748d2296,0.3725077079725452
E3-505-082,E3,uniform,batch,8,nonzone_fifo,1,32,8,505,629f1a8e153d32734f5b57b82de1018aac424b876536b339a7d163f4c24f0867,384,384,5010.334373493812,2576.9355532657755,5052.464373493812,5083.064373493812,0.07600251513192988,0.8358622299101428,0.6078998035710129,829.4643734938124,0.0,2798.519791049905,1,4,4,413,2765,31458,0.7682291666666666,8.184812851016627,20628.71391922477,22704.19512550305,14339.235455025653,1667.5077313141385,0.0,2492.900569053896,62.40470420572313,4.342468050297236,0.9999999999999997,6.287811955859128,9.999999999999998,3089b45ae9ff48ca97fe5e5edee12922e010bff3f98b55c8cb432f43748d2296,0.372455958975479
E3-505-083,E3,uniform,batch,8,nonzone_fifo,1,32,24,505,bf0b35bdb71e44fcf7e2adcc513da71f0aca6d8560c18c7fa1260598afa55991,384,384,10297.99,5230.9,10401.4,10432.0,0.036918107177879904,0.9966930708298085,0.8859493962931632,34.4,0.0,10340.39999995,1,2,8,412,2780,13814,0.9973958333333334,25.995822454177546,21667.59596555589,22086.795965555903,4024.620525056792,54603.983509387304,0.0,4987.725635685264,48.04836559250309,142.19787372236277,1.0,25.92812499986979,26.0,3089b45ae9ff48ca97fe5e5edee12922e010bff3f98b55c8cb432f43748d2296,0.35432925005443394
E3-505-084,E3,uniform,batch,8,nonzone_fifo,2,32,2,505,248aee508c39219f868c6ec3b0b40c715d93d4befbfae5ee7d4e802074cd9347,384,384,4957.181543467651,2537.267922355365,5001.33154349765,5023.33154349765,0.07677955293710682,0.38382102091888304,0.15352840836755322,3082.3315434976503,0.0,734.1396131690099,2,5,2,413,2753,34593,0.3098958333333333,2.942349690495882,19998.49042238535,23120.07408135173,15289.752113630235,15.626153109240548,0.0,2470.6788673336973,60.636540005318075,0.040693107055313926,1.0,0.9118219092942967,4.0,3089b45ae9ff48ca97fe5e5edee12922e010bff3f98b55c8cb432f43748d2296,0.4128164169960655
E3-505-085,E3,uniform,batch,8,nonzone_fifo,2,32,8,505,7471aa4d1b1e90e9ea2302cfe9f032fc106728a48cba6bd0d5e08c988176d972,384,384,5013.601619516758,2579.8736853169785,5061.375619558257,5083.575619558257,0.07586870227851504,0.8343908704997647,0.6068297239998289,838.3756195582588,0.0,3658.5885850343443,2,4,3,412,2761,33853,0.7604166666666666,11.2143444692957,20362.811598272245,23111.179782699994,15249.846477761717,440.4644827619726,0.0,2496.9606389715154,62.238428981410344,1.1470429238593036,1.0,8.527574440193606,9.999999999999998,3089b45ae9ff48ca97fe5e5edee12922e010bff3f98b55c8cb432f43748d2296,0.3847577089909464
E3-505-086,E3,uniform,batch,8,nonzone_fifo,2,32,24,505,959298af57ce05d0fa2f080ebfe31459f38cb312122541e805da45a1a29c1d54,384,384,10297.99,5230.9,10401.4,10432.0,0.036918107177879904,0.9966930708298085,0.8859493962931632,34.4,0.0,20648.799999889998,2,2,8,412,2785,13519,0.9973958333333334,52.9107049605483,21702.924057691165,21977.724057691186,4034.790220106551,54525.88572223226,0.0,4960.738663706421,48.39392555888515,141.99449406831317,1.0,52.772916666380205,26.0,3089b45ae9ff48ca97fe5e5edee12922e010bff3f98b55c8cb432f43748d2296,0.3659575419733301
E3-505-087,E3,uniform,batch,8,nonzone_fifo,4,32,2,505,c14160e94e2c1a03f6800085ca82aaff9dd284123d1adeeb5bc9c24ea1052d89,384,384,4986.828183573791,2539.632052261644,5022.97818360379,5044.97818360379,0.07644866968633637,0.3821672646322579,0.15286690585290316,3103.97818360379,0.0,754.3862532151475,3,5,2,413,2755,35141,0.3151041666666667,3.0610434150012193,20062.263742438416,23154.447401404796,15421.278594403215,12.499473212305546,0.0,2472.613761612286,61.021192403452886,0.032550711490379025,1.0,0.9645475344144467,4.0,3089b45ae9ff48ca97fe5e5edee12922e010bff3f98b55c8cb432f43748d2296,0.3960987919708714
E3-505-088,E3,uniform,batch,8,nonzone_fifo,4,32,8,505,a54805ea661717aff27f531b541f8eb3a9308c48aa12e37272e27ea226b87e50,384,384,5032.9235056541875,2546.1663451831864,5075.053505654188,5101.053505654188,0.07566422690365339,0.8321425286977197,0.6051945663256143,852.0535056541871,0.0,4779.591224898085,4,4,3,412,2760,36355,0.7838541666666666,14.603293105973693,20146.30728063949,23317.009170287656,15519.740300596794,80.4501478942925,0.0,2462.112570322194,61.39741711934542,0.20950559347472006,1.0,11.446852148172088,10.0,3089b45ae9ff48ca97fe5e5edee12922e010bff3f98b55c8cb432f43748d2296,0.3980943749775179
E3-505-089,E3,uniform,batch,8,nonzone_fifo,4,32,24,505,c080bef778d38fac7a1599b25344ce24e6acddf5bc5112801cc9ea2530208162,384,384,10297.99,5230.9,10401.4,10432.0,0.036918107177879904,0.9966930708298085,0.8859493962931632,34.4,0.0,41161.19999979,4,2,8,412,2798,13104,0.9973958333333334,106.46788511694517,21381.310562132367,21763.510562132367,3230.057205522587,55181.832232435045,0.0,4908.322560114584,45.68412678066269,143.7026881052996,1.0,106.19062499945312,26.0,3089b45ae9ff48ca97fe5e5edee12922e010bff3f98b55c8cb432f43748d2296,0.3602321249782108
E4-505-090,E4,uniform,poisson,4,zone,0,32,8,505,914bff391be128133f5b2f13df03c5abf3bd6925fcbe9bdb82b23d2370e790da,384,384,937.8957428167116,243.9362563323352,8058.89364238404,8076.293642384039,0.0476492204811382,0.5240763944808806,0.38114646871336777,3404.944710719734,6682.5594214512475,0.0,0,4,3,384,2688,10765,0.0,0.0,18435.848907130083,21077.27464287439,674.0680806202744,1548.7364037035477,0.0,195.5048943242089,33.39819429014832,4.033167717977989,1.0,0.0,10.0,d791fb35f44e77a7622ed4507d5d5878e29b791f00b54fa84c4cbc51941dbbea,0.07156874996144325
E4-505-091,E4,hotspot,poisson,4,zone,0,32,8,505,914bff391be128133f5b2f13df03c5abf3bd6925fcbe9bdb82b23d2370e790da,384,384,11915.225835741707,5081.268749756082,19807.502455880287,19855.702455880284,0.019386593582675603,0.21324176370264059,0.15508491905646588,15200.502455880287,54749.71773248978,0.0,0,3,3,384,2688,9240,0.0,0.0,19383.24425241988,22400.60405684692,63.92222198538218,256.3858770512787,0.0,5035.604419562792,33.99665863846913,0.6676715548210383,1.0,0.0,10.0,0355f1b9b922fc43c9d90834eeb29a4dd3e7f59b2ed96e20a92fdb83c540d992,0.6505415000137873
E4-505-092,E4,uniform,poisson,4,zone,4,32,8,505,a8661222f33a49fe0e3f31998b88b80fc83c112d1b490746322059b7710ae9df,384,384,634.8417044858273,165.11438714900763,7809.0344051739075,7826.434405173907,0.04917381331366388,0.5408426878634145,0.3933401366279378,3490.087182366328,6719.106551057249,1680.137895371105,3,4,2,384,2688,10502,0.4557291666666667,7.4065022592634575,18157.819822384976,20702.187701326966,573.2912840900909,11.140335945418883,0.0,118.10410644815855,32.60591030679565,0.029011291524528342,1.0,3.375359102528919,9.999999999999998,d791fb35f44e77a7622ed4507d5d5878e29b791f00b54fa84c4cbc51941dbbea,0.06703050003852695
E4-505-093,E4,hotspot,poisson,4,zone,4,32,8,505,a8661222f33a49fe0e3f31998b88b80fc83c112d1b490746322059b7710ae9df,384,384,11712.672228213936,4959.780006000885,19604.948848352517,19653.148848352514,0.019586891196212892,0.21544481385071765,0.15668713734597647,15381.948848352517,54311.21160640693,668.0142528833732,2,2,2,384,2688,9219,0.10677083333333333,6.927176899594468,19357.70746155469,22317.03922001968,63.533019437297185,0.0,0.0,4914.125157431766,33.91522811890221,0.0,1.0,0.7396204502171176,10.0,0355f1b9b922fc43c9d90834eeb29a4dd3e7f59b2ed96e20a92fdb83c540d992,0.6833273749798536
E4-505-094,E4,uniform,poisson,4,nonzone_fifo,0,32,8,505,4296a69771efb66f7042ce2451880f839f9887e54d7b27b0c995245e7f26b9a7,384,384,663.9287651792941,427.3326641212834,7995.231713512641,8017.231713512641,0.04802862678151108,0.5282488241132336,0.3841809629914426,3300.9827818983376,0.0,0.0,0,3,3,402,2735,18508,0.0,0.0,20477.29841388411,22807.088203454667,5464.687528580713,1424.0353629317342,0.0,364.64366267960963,47.9805760173724,3.708425424301391,0.9999999999999988,0.0,9.999999999999996,d791fb35f44e77a7622ed4507d5d5878e29b791f00b54fa84c4cbc51941dbbea,0.10341658303514123
E4-505-095,E4,hotspot,poisson,4,nonzone_fifo,0,32,8,505,4296a69771efb66f7042ce2451880f839f9887e54d7b27b0c995245e7f26b9a7,384,384,2650.3432595156173,1605.587367358214,10344.00558959327,10372.00558959327,0.037122949777437145,0.40831297416109696,0.2969548902989796,5737.00558959327,0.0,0.0,0,3,3,392,2709,30071,0.0,0.0,20539.961394373684,23368.704340546574,15343.26840405936,787.0403259354491,0.0,1531.7669293027268,60.770853873363485,2.0495841821235654,1.0,0.0,10.0,0355f1b9b922fc43c9d90834eeb29a4dd3e7f59b2ed96e20a92fdb83c540d992,0.15003808302571997
E4-505-096,E4,uniform,poisson,4,nonzone_fifo,4,32,8,505,f7a1895c1d3567a773d961969601985e177f0856a74ac231dbcab448371e8f3e,384,384,793.2087986647089,492.0263465937576,8081.502019307694,8103.502019307694,0.04751591957566516,0.5226104478427097,0.3800803257037889,3743.85308766339,0.0,1506.4442450047613,3,3,2,402,2734,20755,0.3958333333333333,7.3845016118734295,20246.058117930676,23663.52583385727,6361.207467386681,4.626679886929651,0.0,429.65649009168925,48.43477596849619,0.012048645538879299,1.0,2.923031888033232,9.999999999999998,d791fb35f44e77a7622ed4507d5d5878e29b791f00b54fa84c4cbc51941dbbea,0.08072433300549164
E4-505-097,E4,hotspot,poisson,4,nonzone_fifo,4,32,8,505,f7a1895c1d3567a773d961969601985e177f0856a74ac231dbcab448371e8f3e,384,384,2911.0832022542104,1659.1252768249033,10671.604867072627,10699.604867072627,0.03598334128588634,0.3957796669707116,0.28783975779688115,6448.604867072628,0.0,1073.5698063216582,2,4,2,393,2709,33399,0.296875,6.048857950189985,20589.0040582867,24450.468908529587,16405.871053711224,1.7999999399953595,0.0,1585.1277988815398,61.19703573955703,0.004687499843737915,1.0,1.795754703962652,10.0,0355f1b9b922fc43c9d90834eeb29a4dd3e7f59b2ed96e20a92fdb83c540d992,0.15886500000488013
