seed,hot_owner_task_count,hot_owner_task_share,partition_id,task_count,logical_request_count,completion_s,active_work_s,idle_tail_s
20260720,80,0.125,0,80,12498,15825.494531693656,15825.494531693656,71.01236045543737
20260720,80,0.125,1,80,12503,15866.115103891636,15866.115103891636,30.391788257456938
20260720,80,0.125,2,80,12500,15818.10764439392,15818.10764439392,78.39924775517284
20260720,80,0.125,3,80,12496,15801.211720962621,15801.211720962621,95.29517118647163
20260720,80,0.125,4,80,12500,15896.506892149093,15896.506892149093,0.0
20260720,80,0.125,5,80,12502,15839.299185828408,15839.299185828408,57.20770632068525
20260720,80,0.125,6,80,12504,15878.376896099893,15878.376896099893,18.12999604919969
20260720,80,0.125,7,80,12497,15754.40404152203,15754.40404152203,142.10285062706316
20260720,88,0.1375,0,88,13747,17401.123443185104,17401.123443185104,0.0
20260720,88,0.1375,1,79,12349,15661.806913102533,15661.806913102533,1739.3165300825713
20260720,88,0.1375,2,79,12341,15617.972918158417,15617.972918158417,1783.1505250266873
20260720,88,0.1375,3,79,12341,15591.78272902675,15591.78272902675,1809.3407141583539
20260720,88,0.1375,4,79,12344,15703.596095014382,15703.596095014382,1697.5273481707227
20260720,88,0.1375,5,79,12347,15658.945405368471,15658.945405368471,1742.1780378166332
20260720,88,0.1375,6,79,12346,15661.058746017532,15661.058746017532,1740.0646971675724
20260720,88,0.1375,7,78,12185,15348.032466603045,15348.032466603045,2053.0909765820597
20260720,96,0.15,0,96,14996,18988.240890180212,18988.240890180212,0.0
20260720,96,0.15,1,78,12195,15468.59710107105,15468.59710107105,3519.6437891091628
20260720,96,0.15,2,78,12183,15402.162881959506,15402.162881959506,3586.0780082207057
20260720,96,0.15,3,78,12184,15403.363917290726,15403.363917290726,3584.876972889486
20260720,96,0.15,4,78,12190,15496.593775694877,15496.593775694877,3491.647114485335
20260720,96,0.15,5,78,12191,15447.198179186698,15447.198179186698,3541.0427109935135
20260720,96,0.15,6,77,12032,15257.885541374111,15257.885541374111,3730.3553488061007
20260720,96,0.15,7,77,12029,15153.71932929001,15153.71932929001,3834.5215608902017
20260720,104,0.1625,0,104,16248,20606.89331424036,20606.89331424036,0.0
20260720,104,0.1625,1,77,12037,15239.37357238691,15239.37357238691,5367.519741853448
20260720,104,0.1625,2,77,12027,15222.569788455732,15222.569788455732,5384.323525784626
20260720,104,0.1625,3,77,12027,15216.600841397858,15216.600841397858,5390.2924728425005
20260720,104,0.1625,4,77,12033,15250.259739165007,15250.259739165007,5356.6335750753515
20260720,104,0.1625,5,76,11879,15067.187132795334,15067.187132795334,5539.706181445024
20260720,104,0.1625,6,76,11876,15080.82079974811,15080.82079974811,5526.072514492249
20260720,104,0.1625,7,76,11873,14951.658184451553,14951.658184451553,5655.235129788805
20260720,112,0.175,0,112,17497,22200.253505304776,22200.253505304776,0.0
20260720,112,0.175,1,76,11883,14988.852637326041,14988.852637326041,7211.400867978735
20260720,112,0.175,2,76,11869,15051.271910876669,15051.271910876669,7148.981594428107
20260720,112,0.175,3,76,11871,15005.998304196164,15005.998304196164,7194.255201108612
20260720,112,0.175,4,75,11721,14876.076148556707,14876.076148556707,7324.177356748069
20260720,112,0.175,5,75,11722,14868.81548145113,14868.81548145113,7331.438023853645
20260720,112,0.175,6,75,11720,14887.35435130902,14887.35435130902,7312.899153995755
20260720,112,0.175,7,75,11717,14750.82431703098,14750.82431703098,7449.429188273796
20260720,120,0.1875,0,120,18748,23812.534422567907,23812.534422567907,0.0
20260720,120,0.1875,1,75,11725,14771.835044428964,14771.835044428964,9040.699378138943
20260720,120,0.1875,2,75,11714,14832.412968523384,14832.412968523384,8980.121454044523
20260720,120,0.1875,3,74,11559,14616.803326364326,14616.803326364326,9195.73109620358
20260720,120,0.1875,4,74,11563,14676.15150605966,14676.15150605966,9136.382916508248
20260720,120,0.1875,5,74,11567,14683.146571286004,14683.146571286004,9129.387851281903
20260720,120,0.1875,6,74,11563,14682.829054312813,14682.829054312813,9129.705368255094
20260720,120,0.1875,7,74,11561,14552.198403121205,14552.198403121205,9260.336019446702
20260720,128,0.2,0,128,19999,25393.77943932352,25393.77943932352,0.0
20260720,128,0.2,1,74,11566,14565.895330303892,14565.895330303892,10827.884109019627
20260720,128,0.2,2,73,11403,14470.930153586845,14470.930153586845,10922.849285736675
20260720,128,0.2,3,73,11403,14433.27216354481,14433.27216354481,10960.50727577871
20260720,128,0.2,4,73,11406,14476.506774518284,14476.506774518284,10917.272664805236
20260720,128,0.2,5,73,11411,14467.811987052428,14467.811987052428,10925.967452271092
20260720,128,0.2,6,73,11407,14487.552563509953,14487.552563509953,10906.226875813567
20260720,128,0.2,7,73,11405,14356.678875440502,14356.678875440502,11037.100563883017
20260720,136,0.2125,0,136,21247,26968.145878455132,26968.145878455132,0.0
20260720,136,0.2125,1,72,11255,14240.580912916696,14240.580912916696,12727.564965538437
20260720,136,0.2125,2,72,11246,14208.00807843248,14208.00807843248,12760.137800022652
20260720,136,0.2125,3,72,11247,14266.428226461798,14266.428226461798,12701.717651993335
20260720,136,0.2125,4,72,11251,14281.020557403312,14281.020557403312,12687.12532105182
20260720,136,0.2125,5,72,11254,14243.69619122261,14243.69619122261,12724.449687232522
20260720,136,0.2125,6,72,11251,14299.43978337564,14299.43978337564,12668.706095079493
20260720,136,0.2125,7,72,11249,14163.474223730942,14163.474223730942,12804.67165472419
20260720,144,0.225,0,144,22499,28539.34968096139,28539.34968096139,0.0
20260720,144,0.225,1,71,11096,14078.881122304409,14078.881122304409,14460.468558656981
20260720,144,0.225,2,71,11090,14013.754845537986,14013.754845537986,14525.594835423404
20260720,144,0.225,3,71,11093,14017.301310048237,14017.301310048237,14522.048370913153
20260720,144,0.225,4,71,11092,14087.941245582293,14087.941245582293,14451.408435379097
20260720,144,0.225,5,71,11099,14044.616559623079,14044.616559623079,14494.733121338311
20260720,144,0.225,6,71,11095,14111.00025798588,14111.00025798588,14428.34942297551
20260720,144,0.225,7,70,10936,13777.74559358717,13777.74559358717,14761.60408737422
20260720,152,0.2375,0,152,23749,30104.627034352296,30104.627034352296,0.0
20260720,152,0.2375,1,70,10938,13897.505208412633,13897.505208412633,16207.121825939663
20260720,152,0.2375,2,70,10935,13802.200289559658,13802.200289559658,16302.426744792638
20260720,152,0.2375,3,70,10938,13798.377626222727,13798.377626222727,16306.249408129568
20260720,152,0.2375,4,70,10936,13905.159912004308,13905.159912004308,16199.467122347987
20260720,152,0.2375,5,70,10941,13841.29632335016,13841.29632335016,16263.330711002136
20260720,152,0.2375,6,69,10783,13717.754745506054,13717.754745506054,16386.872288846243
20260720,152,0.2375,7,69,10780,13592.097123286418,13592.097123286418,16512.529911065878
20260720,160,0.25,0,160,25001,31723.323892114924,31723.323892114924,0.0
20260720,160,0.25,1,69,10781,13672.602423192491,13672.602423192491,18050.721468922435
20260720,160,0.25,2,69,10777,13610.968258061623,13610.968258061623,18112.355634053303
20260720,160,0.25,3,69,10781,13616.934645782432,13616.934645782432,18106.389246332492
20260720,160,0.25,4,69,10780,13711.607035261151,13711.607035261151,18011.716856853775
20260720,160,0.25,5,68,10629,13452.266320567582,13452.266320567582,18271.057571547342
20260720,160,0.25,6,68,10627,13508.678307316603,13508.678307316603,18214.645584798323
20260720,160,0.25,7,68,10624,13386.05351856337,13386.05351856337,18337.270373551553
20260720,192,0.3,0,192,30004,38015.27120379077,38015.27120379077,0.0
20260720,192,0.3,1,64,9996,12670.551499369674,12670.551499369674,25344.719704421095
20260720,192,0.3,2,64,9997,12653.454612035433,12653.454612035433,25361.816591755334
20260720,192,0.3,3,64,9999,12711.387801245313,12711.387801245313,25303.883402545456
20260720,192,0.3,4,64,10002,12665.130987814213,12665.130987814213,25350.140215976557
20260720,192,0.3,5,64,10001,12711.50782467623,12711.50782467623,25303.76337911454
20260720,192,0.3,6,64,10002,12681.369474266077,12681.369474266077,25333.901729524692
20260720,192,0.3,7,64,9999,12578.585393779085,12578.585393779085,25436.685810011684
20260720,224,0.35,0,224,35001,44388.66625055335,44388.66625055335,0.0
20260720,224,0.35,1,60,9372,11831.919950498726,11831.919950498726,32556.746300054627
20260720,224,0.35,2,60,9373,11836.30223172991,11836.30223172991,32552.364018823442
20260720,224,0.35,3,60,9376,11910.834496453554,11910.834496453554,32477.8317540998
20260720,224,0.35,4,59,9221,11660.220080461932,11660.220080461932,32728.44617009142
20260720,224,0.35,5,59,9220,11718.670013136461,11718.670013136461,32669.99623741689
20260720,224,0.35,6,59,9221,11691.226620653355,11691.226620653355,32697.4396299
20260720,224,0.35,7,59,9216,11566.239421296874,11566.239421296874,32822.42682925648
20260720,256,0.4,0,256,40000,50687.26648087057,50687.26648087057,0.0
20260720,256,0.4,1,55,8590,10873.623998617244,10873.623998617244,39813.64248225332
20260720,256,0.4,2,55,8594,10880.703194082393,10880.703194082393,39806.56328678817
20260720,256,0.4,3,55,8593,10941.071721950504,10941.071721950504,39746.194758920064
20260720,256,0.4,4,55,8597,10901.050873454462,10901.050873454462,39786.2156074161
20260720,256,0.4,5,55,8596,10937.836800531448,10937.836800531448,39749.42968033912
20260720,256,0.4,6,55,8594,10853.242437509452,10853.242437509452,39834.02404336112
20260720,256,0.4,7,54,8436,10599.222843271522,10599.222843271522,40088.04363759905
20260720,288,0.45,0,288,44997,57021.274718522094,57021.274718522094,0.0
20260720,288,0.45,1,51,7967,10053.534433460334,10053.534433460334,46967.74028506176
20260720,288,0.45,2,51,7970,10125.858873351935,10125.858873351935,46895.41584517016
20260720,288,0.45,3,50,7812,9865.352097942603,9865.352097942603,47155.92262057949
20260720,288,0.45,4,50,7817,9938.08581105715,9938.08581105715,47083.188907464944
20260720,288,0.45,5,50,7812,9951.339069243504,9951.339069243504,47069.93564927859
20260720,288,0.45,6,50,7815,9881.119489618248,9881.119489618248,47140.155228903845
20260720,288,0.45,7,50,7810,9797.110873742286,9797.110873742286,47224.16384477981
20260720,320,0.5,0,320,49997,63329.81599589448,63329.81599589448,0.0
20260720,320,0.5,1,46,7187,9110.21032259469,9110.21032259469,54219.60567329979
20260720,320,0.5,2,46,7188,9156.408989991975,9156.408989991975,54173.40700590251
20260720,320,0.5,3,46,7190,9093.701208479391,9093.701208479391,54236.11478741509
20260720,320,0.5,4,46,7187,9097.007136190177,9097.007136190177,54232.8088597043
20260720,320,0.5,5,46,7189,9185.551016689811,9185.551016689811,54144.26497920467
20260720,320,0.5,6,45,7032,8885.701042420116,8885.701042420116,54444.11495347437
20260720,320,0.5,7,45,7030,8818.2789999734,8818.2789999734,54511.53699592108
20260721,80,0.125,0,80,12499,15891.259004340945,15891.259004340945,0.0
20260721,80,0.125,1,80,12501,15853.311254582177,15853.311254582177,37.94774975876862
20260721,80,0.125,2,80,12497,15842.73007815188,15842.73007815188,48.528926189064805
20260721,80,0.125,3,80,12498,15834.768331461839,15834.768331461839,56.49067287910657
20260721,80,0.125,4,80,12502,15794.995829610309,15794.995829610309,96.26317473063682
20260721,80,0.125,5,80,12496,15782.632548735804,15782.632548735804,108.62645560514102
20260721,80,0.125,6,80,12503,15744.652485855375,15744.652485855375,146.60651848557063
20260721,80,0.125,7,80,12504,15829.420805536134,15829.420805536134,61.83819880481133
20260721,88,0.1375,0,88,13749,17480.79165713225,17480.79165713225,0.0
20260721,88,0.1375,1,79,12344,15644.028918370203,15644.028918370203,1836.7627387620469
20260721,88,0.1375,2,79,12341,15624.676504203606,15624.676504203606,1856.1151529286435
20260721,88,0.1375,3,79,12341,15652.448050995186,15652.448050995186,1828.343606137063
20260721,88,0.1375,4,79,12347,15590.325804049493,15590.325804049493,1890.4658530827564
20260721,88,0.1375,5,79,12340,15599.934558964453,15599.934558964453,1880.8570981677967
20260721,88,0.1375,6,79,12346,15536.169901900292,15536.169901900292,1944.6217552319576
20260721,88,0.1375,7,78,12192,15437.290205835156,15437.290205835156,2043.5014512970938
20260721,96,0.15,0,96,14999,19066.290320477885,19066.290320477885,0.0
20260721,96,0.15,1,78,12187,15425.712322991258,15425.712322991258,3640.5779974866273
20260721,96,0.15,2,78,12186,15436.691206962942,15436.691206962942,3629.5991135149434
20260721,96,0.15,3,78,12184,15460.038313010866,15460.038313010866,3606.252007467019
20260721,96,0.15,4,78,12190,15355.01872930108,15355.01872930108,3711.2715911768046
20260721,96,0.15,5,78,12186,15433.251908507382,15433.251908507382,3633.038411970503
20260721,96,0.15,6,77,12033,15123.174289848555,15123.174289848555,3943.1160306293295
20260721,96,0.15,7,77,12035,15245.910007756958,15245.910007756958,3820.3803127209267
20260721,104,0.1625,0,104,16248,20662.662484651722,20662.662484651722,0.0
20260721,104,0.1625,1,77,12031,15232.261190035326,15232.261190035326,5430.401294616397
20260721,104,0.1625,2,77,12031,15191.154294454715,15191.154294454715,5471.508190197008
20260721,104,0.1625,3,77,12030,15300.894789583408,15300.894789583408,5361.767695068314
20260721,104,0.1625,4,77,12030,15152.207722614525,15152.207722614525,5510.454762037198
20260721,104,0.1625,5,76,11875,15011.427115453635,15011.427115453635,5651.235369198088
20260721,104,0.1625,6,76,11876,14928.554775869532,14928.554775869532,5734.1077087821905
20260721,104,0.1625,7,76,11879,15048.771569109,15048.771569109,5613.890915542723
20260721,112,0.175,0,112,17498,22243.331201787078,22243.331201787078,0.0
20260721,112,0.175,1,76,11876,15072.777340102564,15072.777340102564,7170.553861684513
20260721,112,0.175,2,76,11875,14998.146012462215,14998.146012462215,7245.185189324862
20260721,112,0.175,3,76,11874,15132.222200790817,15132.222200790817,7111.109000996261
20260721,112,0.175,4,75,11717,14734.340747363609,14734.340747363609,7508.990454423469
20260721,112,0.175,5,75,11718,14802.487265417272,14802.487265417272,7440.843936369805
20260721,112,0.175,6,75,11719,14744.38254469888,14744.38254469888,7498.948657088198
20260721,112,0.175,7,75,11723,14849.584251690454,14849.584251690454,7393.746950096624
20260721,120,0.1875,0,120,18747,23835.78041250082,23835.78041250082,0.0
20260721,120,0.1875,1,75,11720,14874.970017302818,14874.970017302818,8960.810395198001
20260721,120,0.1875,2,75,11719,14757.255065985046,14757.255065985046,9078.525346515773
20260721,120,0.1875,3,74,11562,14749.66941576529,14749.66941576529,9086.11099673553
20260721,120,0.1875,4,74,11560,14549.863723774162,14549.863723774162,9285.916688726657
20260721,120,0.1875,5,74,11563,14604.440114451852,14604.440114451852,9231.340298048966
20260721,120,0.1875,6,74,11563,14554.026676375566,14554.026676375566,9281.753736125253
20260721,120,0.1875,7,74,11566,14655.32525507391,14655.32525507391,9180.455157426908
20260721,128,0.2,0,128,19998,25412.72654651146,25412.72654651146,0.0
20260721,128,0.2,1,74,11563,14692.514643271155,14692.514643271155,10720.211903240306
20260721,128,0.2,2,73,11405,14404.295573968142,14404.295573968142,11008.43097254332
20260721,128,0.2,3,73,11406,14504.005434653127,14504.005434653127,10908.721111858335
20260721,128,0.2,4,73,11405,14338.809886972185,14338.809886972185,11073.916659539276
20260721,128,0.2,5,73,11407,14426.542864409112,14426.542864409112,10986.18368210235
20260721,128,0.2,6,73,11406,14364.404271237721,14364.404271237721,11048.32227527374
20260721,128,0.2,7,73,11410,14454.96276800246,14454.96276800246,10957.763778509001
20260721,136,0.2125,0,136,21248,27004.467272455004,27004.467272455004,0.0
20260721,136,0.2125,1,72,11250,14301.439631058474,14301.439631058474,12703.02764139653
20260721,136,0.2125,2,72,11249,14185.072044205988,14185.072044205988,12819.395228249015
20260721,136,0.2125,3,72,11251,14292.807394036621,14292.807394036621,12711.659878418383
20260721,136,0.2125,4,72,11247,14120.081941150442,14120.081941150442,12884.385331304562
20260721,136,0.2125,5,72,11252,14245.900910399087,14245.900910399087,12758.566362055917
20260721,136,0.2125,6,72,11250,14149.344504424453,14149.344504424453,12855.122768030551
20260721,136,0.2125,7,72,11253,14258.86667865409,14258.86667865409,12745.600593800913
20260721,144,0.225,0,144,22500,28592.455239969146,28592.455239969146,0.0
20260721,144,0.225,1,71,11093,14109.973229508681,14109.973229508681,14482.482010460464
20260721,144,0.225,2,71,11090,13980.935642171346,13980.935642171346,14611.5195977978
20260721,144,0.225,3,71,11096,14113.970099278518,14113.970099278518,14478.485140690627
20260721,144,0.225,4,71,11090,13911.38436680185,13911.38436680185,14681.070873167295
20260721,144,0.225,5,71,11096,14027.638160033166,14027.638160033166,14564.81707993598
20260721,144,0.225,6,71,11094,13931.845133967394,13931.845133967394,14660.610106001752
20260721,144,0.225,7,70,10941,13861.800314493688,13861.800314493688,14730.654925475457
20260721,152,0.2375,0,152,23750,30199.07815550233,30199.07815550233,0.0
20260721,152,0.2375,1,70,10937,13870.164780992682,13870.164780992682,16328.91337450965
20260721,152,0.2375,2,70,10935,13811.719154949638,13811.719154949638,16387.359000552693
20260721,152,0.2375,3,70,10939,13947.173203538672,13947.173203538672,16251.90495196366
20260721,152,0.2375,4,70,10935,13709.885061069011,13709.885061069011,16489.19309443332
20260721,152,0.2375,5,70,10938,13806.893498575482,13806.893498575482,16392.18465692685
20260721,152,0.2375,6,69,10781,13537.980629234266,13537.980629234266,16661.097526268066
20260721,152,0.2375,7,69,10785,13669.134300333288,13669.134300333288,16529.943855169044
20260721,160,0.25,0,160,25000,31775.71926596819,31775.71926596819,0.0
20260721,160,0.25,1,69,10779,13645.904060296054,13645.904060296054,18129.815205672137
20260721,160,0.25,2,69,10779,13621.618725465734,13621.618725465734,18154.100540502455
20260721,160,0.25,3,69,10783,13708.613932223274,13708.613932223274,18067.105333744916
20260721,160,0.25,4,69,10779,13563.800220770108,13563.800220770108,18211.919045198083
20260721,160,0.25,5,68,10627,13395.04602311324,13395.04602311324,18380.67324285495
20260721,160,0.25,6,68,10625,13331.651418756655,13331.651418756655,18444.067847211532
20260721,160,0.25,7,68,10628,13479.039057345399,13479.039057345399,18296.68020862279
20260721,192,0.3,0,192,29998,38090.94949846804,38090.94949846804,0.0
20260721,192,0.3,1,64,9999,12623.584474596255,12623.584474596255,25467.36502387179
20260721,192,0.3,2,64,9998,12698.876559307568,12698.876559307568,25392.072939160476
20260721,192,0.3,3,64,10003,12675.791579144226,12675.791579144226,25415.157919323814
20260721,192,0.3,4,64,9997,12583.929601724814,12583.929601724814,25507.01989674323
20260721,192,0.3,5,64,10001,12574.490447895249,12574.490447895249,25516.459050572794
20260721,192,0.3,6,64,10000,12604.280379728554,12604.280379728554,25486.66911873949
20260721,192,0.3,7,64,10004,12662.56660094031,12662.56660094031,25428.382897527732
20260721,224,0.35,0,224,34999,44482.25800006674,44482.25800006674,0.0
20260721,224,0.35,1,60,9372,11832.024514751982,11832.024514751982,32650.233485314755
20260721,224,0.35,2,60,9377,11951.721152037562,11951.721152037562,32530.536848029173
20260721,224,0.35,3,60,9374,11780.726978074565,11780.726978074565,32701.531021992174
20260721,224,0.35,4,59,9216,11701.731419145162,11701.731419145162,32780.52658092158
20260721,224,0.35,5,59,9222,11557.957458328163,11557.957458328163,32924.30054173857
20260721,224,0.35,6,59,9218,11615.882728840212,11615.882728840212,32866.37527122653
20260721,224,0.35,7,59,9222,11681.729952749029,11681.729952749029,32800.52804731771
20260721,256,0.4,0,256,39997,50768.223738954366,50768.223738954366,0.0
20260721,256,0.4,1,55,8591,10902.048511076015,10902.048511076015,39866.17522787835
20260721,256,0.4,2,55,8597,10929.389830772512,10929.389830772512,39838.833908181856
20260721,256,0.4,3,55,8592,10759.923252447328,10759.923252447328,40008.30048650704
20260721,256,0.4,4,55,8591,10880.09920370034,10880.09920370034,39888.12453525403
20260721,256,0.4,5,55,8598,10830.561291811133,10830.561291811133,39937.66244714323
20260721,256,0.4,6,55,8593,10820.540595232667,10820.540595232667,39947.6831437217
20260721,256,0.4,7,54,8441,10711.54191118416,10711.54191118416,40056.681827770204
20260721,288,0.45,0,288,44996,57056.60652311283,57056.60652311283,0.0
20260721,288,0.45,1,51,7971,10183.654665429081,10183.654665429081,46872.95185768375
20260721,288,0.45,2,51,7967,10052.668910967317,10052.668910967317,47003.93761214551
20260721,288,0.45,3,50,7810,9834.267134123156,9834.267134123156,47222.339388989676
20260721,288,0.45,4,50,7814,9857.805230843927,9857.805230843927,47198.8012922689
20260721,288,0.45,5,50,7813,9799.223069792637,9799.223069792637,47257.383453320195
20260721,288,0.45,6,50,7815,9874.588763713215,9874.588763713215,47182.01775939962
20260721,288,0.45,7,50,7814,9928.253294080074,9928.253294080074,47128.35322903276
20260721,320,0.5,0,320,49995,63409.58982005512,63409.58982005512,0.0
20260721,320,0.5,1,46,7190,9139.316259134326,9139.316259134326,54270.27356092079
20260721,320,0.5,2,46,7185,9000.213848985706,9000.213848985706,54409.375971069414
20260721,320,0.5,3,46,7188,9113.633003240871,9113.633003240871,54295.95681681424
20260721,320,0.5,4,46,7189,9063.107272018078,9063.107272018078,54346.482548037035
20260721,320,0.5,5,46,7186,8996.43072682784,8996.43072682784,54413.159093227274
20260721,320,0.5,6,45,7036,8923.012384895144,8923.012384895144,54486.57743515997
20260721,320,0.5,7,45,7031,8916.022450403334,8916.022450403334,54493.567369651784
20260722,80,0.125,0,80,12506,15871.713647017526,15871.713647017526,68.21810099708637
20260722,80,0.125,1,80,12495,15939.931748014613,15939.931748014613,0.0
20260722,80,0.125,2,80,12502,15769.22186115008,15769.22186115008,170.70988686453347
20260722,80,0.125,3,80,12502,15844.772988308034,15844.772988308034,95.15875970657908
20260722,80,0.125,4,80,12497,15798.222645818138,15798.222645818138,141.70910219647521
20260722,80,0.125,5,80,12495,15876.331516644335,15876.331516644335,63.60023137027747
20260722,80,0.125,6,80,12499,15772.881287352422,15772.881287352422,167.05046066219074
20260722,80,0.125,7,80,12504,15722.997503632518,15722.997503632518,216.93424438209513
20260722,88,0.1375,0,88,13756,17447.3139507173,17447.3139507173,0.0
20260722,88,0.1375,1,79,12338,15728.99740812637,15728.99740812637,1718.31654259093
20260722,88,0.1375,2,79,12346,15619.961927506867,15619.961927506867,1827.352023210433
20260722,88,0.1375,3,79,12347,15638.800978874786,15638.800978874786,1808.5129718425142
20260722,88,0.1375,4,79,12340,15626.820020497862,15626.820020497862,1820.493930219438
20260722,88,0.1375,5,79,12339,15649.81567055167,15649.81567055167,1797.4982801656297
20260722,88,0.1375,6,79,12343,15611.390318748276,15611.390318748276,1835.9236319690244
20260722,88,0.1375,7,78,12191,15321.981448468678,15321.981448468678,2125.3325022486224
20260722,96,0.15,0,96,15005,19020.41336682333,19020.41336682333,0.0
20260722,96,0.15,1,78,12181,15535.785532869344,15535.785532869344,3484.627833953986
20260722,96,0.15,2,78,12190,15428.90492307623,15428.90492307623,3591.5084437470996
20260722,96,0.15,3,78,12191,15426.15380363005,15426.15380363005,3594.25956319328
20260722,96,0.15,4,78,12184,15449.134177902695,15449.134177902695,3571.2791889206346
20260722,96,0.15,5,78,12185,15446.773542236508,15446.773542236508,3573.639824586822
20260722,96,0.15,6,77,12029,15204.962676222322,15204.962676222322,3815.4506906010083
20260722,96,0.15,7,77,12035,15131.096136577506,15131.096136577506,3889.3172302458242
20260722,104,0.1625,0,104,16254,20614.75091310229,20614.75091310229,0.0
20260722,104,0.1625,1,77,12027,15298.9048487405,15298.9048487405,5315.846064361789
20260722,104,0.1625,2,77,12031,15263.145662947982,15263.145662947982,5351.605250154307
20260722,104,0.1625,3,77,12036,15230.903952871937,15230.903952871937,5383.846960230352
20260722,104,0.1625,4,77,12029,15238.844002794136,15238.844002794136,5375.906910308153
20260722,104,0.1625,5,76,11871,15049.737732808473,15049.737732808473,5565.013180293816
20260722,104,0.1625,6,76,11873,15014.192338180088,15014.192338180088,5600.558574922201
20260722,104,0.1625,7,76,11879,14924.049170036153,14924.049170036153,5690.701743066136
20260722,112,0.175,0,112,17504,22229.476583297394,22229.476583297394,0.0
20260722,112,0.175,1,76,11871,15075.266873841676,15075.266873841676,7154.2097094557175
20260722,112,0.175,2,76,11874,15062.876119036267,15062.876119036267,7166.600464261126
20260722,112,0.175,3,76,11880,15059.755657853664,15059.755657853664,7169.720925443729
20260722,112,0.175,4,75,11716,14821.325845651592,14821.325845651592,7408.150737645801
20260722,112,0.175,5,75,11716,14858.325733541467,14858.325733541467,7371.150849755926
20260722,112,0.175,6,75,11716,14822.439897284114,14822.439897284114,7407.03668601328
20260722,112,0.175,7,75,11723,14731.207051933938,14731.207051933938,7498.269531363456
20260722,120,0.1875,0,120,18753,23848.65714458715,23848.65714458715,0.0
20260722,120,0.1875,1,75,11717,14864.553374192214,14864.553374192214,8984.103770394935
20260722,120,0.1875,2,75,11716,14870.862991142516,14870.862991142516,8977.794153444633
20260722,120,0.1875,3,74,11567,14662.359779585733,14662.359779585733,9186.297365001416
20260722,120,0.1875,4,74,11561,14640.207364620815,14640.207364620815,9208.449779966333
20260722,120,0.1875,5,74,11559,14655.693381277144,14655.693381277144,9192.963763310005
20260722,120,0.1875,6,74,11560,14622.151547790303,14622.151547790303,9226.505596796846
20260722,120,0.1875,7,74,11567,14531.834630984931,14531.834630984931,9316.822513602217
20260722,128,0.2,0,128,20001,25431.363455306408,25431.363455306408,0.0
20260722,128,0.2,1,74,11563,14653.301270342408,14653.301270342408,10778.062184964
20260722,128,0.2,2,73,11404,14456.321965524783,14456.321965524783,10975.041489781624
20260722,128,0.2,3,73,11411,14479.975764520224,14479.975764520224,10951.387690786183
20260722,128,0.2,4,73,11404,14439.493890214611,14439.493890214611,10991.869565091796
20260722,128,0.2,5,73,11403,14463.328174445882,14463.328174445882,10968.035280860526
20260722,128,0.2,6,73,11403,14406.679185919647,14406.679185919647,11024.68426938676
20260722,128,0.2,7,73,11411,14335.083679882531,14335.083679882531,11096.279775423876
20260722,136,0.2125,0,136,21252,27017.192200112793,27017.192200112793,0.0
20260722,136,0.2125,1,72,11250,14229.29126837126,14229.29126837126,12787.900931741533
20260722,136,0.2125,2,72,11248,14287.896070679497,14287.896070679497,12729.296129433296
20260722,136,0.2125,3,72,11253,14277.926937430168,14277.926937430168,12739.265262682626
20260722,136,0.2125,4,72,11248,14246.961313963937,14246.961313963937,12770.230886148856
20260722,136,0.2125,5,72,11247,14266.831500581578,14266.831500581578,12750.360699531215
20260722,136,0.2125,6,72,11247,14215.106428758652,14215.106428758652,12802.08577135414
20260722,136,0.2125,7,72,11255,14144.583079255961,14144.583079255961,12872.609120856832
20260722,144,0.225,0,144,22501,28596.820423285357,28596.820423285357,0.0
20260722,144,0.225,1,71,11095,14015.281670270806,14015.281670270806,14581.53875301455
20260722,144,0.225,2,71,11092,14126.572803088435,14126.572803088435,14470.247620196922
20260722,144,0.225,3,71,11097,14057.189355333836,14057.189355333836,14539.63106795152
20260722,144,0.225,4,71,11090,14061.496019195782,14061.496019195782,14535.324404089575
20260722,144,0.225,5,71,11092,14021.360263066515,14021.360263066515,14575.460160218841
20260722,144,0.225,6,71,11090,14016.494297621166,14016.494297621166,14580.32612566419
20260722,144,0.225,7,70,10943,13762.914962469938,13762.914962469938,14833.905460815418
20260722,152,0.2375,0,152,23750,30195.665706507953,30195.665706507953,0.0
20260722,152,0.2375,1,70,10941,13783.246048258268,13783.246048258268,16412.419658249684
20260722,152,0.2375,2,70,10935,13870.742110805724,13870.742110805724,16324.923595702228
20260722,152,0.2375,3,70,10942,13884.024596023573,13884.024596023573,16311.64111048438
20260722,152,0.2375,4,70,10931,13876.009739794154,13876.009739794154,16319.655966713799
20260722,152,0.2375,5,70,10938,13793.397534935582,13793.397534935582,16402.26817157237
20260722,152,0.2375,6,69,10777,13620.818987052628,13620.818987052628,16574.846719455323
20260722,152,0.2375,7,69,10786,13568.562498355193,13568.562498355193,16627.10320815276
20260722,160,0.25,0,160,25001,31790.322093411814,31790.322093411814,0.0
20260722,160,0.25,1,69,10784,13587.083157058181,13587.083157058181,18203.238936353635
20260722,160,0.25,2,69,10777,13647.442522400837,13647.442522400837,18142.879571010977
20260722,160,0.25,3,69,10786,13692.844706710246,13692.844706710246,18097.47738670157
20260722,160,0.25,4,69,10776,13687.986381977064,13687.986381977064,18102.335711434753
20260722,160,0.25,5,68,10625,13398.58552780408,13398.58552780408,18391.736565607735
20260722,160,0.25,6,68,10621,13413.299467312983,13413.299467312983,18377.02262609883
20260722,160,0.25,7,68,10630,13381.450858861486,13381.450858861486,18408.87123455033
20260722,192,0.3,0,192,30001,38121.65179032578,38121.65179032578,0.0
20260722,192,0.3,1,64,9999,12680.512063503429,12680.512063503429,25441.139726822348
20260722,192,0.3,2,64,10005,12646.50530222731,12646.50530222731,25475.146488098468
20260722,192,0.3,3,64,9997,12682.488705516449,12682.488705516449,25439.163084809326
20260722,192,0.3,4,64,9998,12689.81020963698,12689.81020963698,25431.841580688797
20260722,192,0.3,5,64,9998,12599.768560399261,12599.768560399261,25521.883229926516
20260722,192,0.3,6,64,9998,12582.424049416835,12582.424049416835,25539.227740908944
20260722,192,0.3,7,64,10004,12616.414434080725,12616.414434080725,25505.237356245052
20260722,224,0.35,0,224,35004,44434.34343443196,44434.34343443196,0.0
20260722,224,0.35,1,60,9372,11932.6502290868,11932.6502290868,32501.69320534516
20260722,224,0.35,2,60,9377,11906.176640150568,11906.176640150568,32528.166794281395
20260722,224,0.35,3,60,9374,11837.773673004533,11837.773673004533,32596.56976142743
20260722,224,0.35,4,59,9214,11723.357213773728,11723.357213773728,32710.986220658233
20260722,224,0.35,5,59,9218,11624.882462202799,11624.882462202799,32809.460972229164
20260722,224,0.35,6,59,9219,11593.484335162088,11593.484335162088,32840.859099269874
20260722,224,0.35,7,59,9222,11628.397937657495,11628.397937657495,32805.94549677447
20260722,256,0.4,0,256,40000,50810.75208740029,50810.75208740029,0.0
20260722,256,0.4,1,55,8595,10869.197749426132,10869.197749426132,39941.55433797416
20260722,256,0.4,2,55,8597,10892.630970541815,10892.630970541815,39918.12111685847
20260722,256,0.4,3,55,8591,10891.060435741609,10891.060435741609,39919.69165165868
20260722,256,0.4,4,55,8588,10933.524670561425,10933.524670561425,39877.22741683886
20260722,256,0.4,5,55,8593,10825.944681509838,10825.944681509838,39984.807405890446
20260722,256,0.4,6,55,8595,10801.421601631344,10801.421601631344,40009.33048576894
20260722,256,0.4,7,54,8441,10663.749389226354,10663.749389226354,40147.002698173936
20260722,288,0.45,0,288,45001,57115.12512882422,57115.12512882422,0.0
20260722,288,0.45,1,51,7972,10120.426729299514,10120.426729299514,46994.69839952471
20260722,288,0.45,2,51,7966,10061.859733828047,10061.859733828047,47053.265394996175
20260722,288,0.45,3,50,7811,9943.365464952223,9943.365464952223,47171.759663872
20260722,288,0.45,4,50,7811,9837.987298066228,9837.987298066228,47277.137830757994
20260722,288,0.45,5,50,7810,9869.528680561454,9869.528680561454,47245.59644826277
20260722,288,0.45,6,50,7813,9804.50422527859,9804.50422527859,47310.62090354563
20260722,288,0.45,7,50,7816,9892.970315744358,9892.970315744358,47222.15481307986
20260722,320,0.5,0,320,50005,63437.157597346144,63437.157597346144,0.0
20260722,320,0.5,1,46,7187,9103.069522237027,9103.069522237027,54334.08807510912
20260722,320,0.5,2,46,7185,9090.313450210218,9090.313450210218,54346.844147135926
20260722,320,0.5,3,46,7184,9117.634062889205,9117.634062889205,54319.52353445694
20260722,320,0.5,4,46,7188,9062.063573139885,9062.063573139885,54375.09402420626
20260722,320,0.5,5,46,7184,9079.054541754407,9079.054541754407,54358.10305559174
20260722,320,0.5,6,45,7032,8798.152329878725,8798.152329878725,54639.00526746742
20260722,320,0.5,7,45,7035,8891.704898254175,8891.704898254175,54545.45269909197
20260723,80,0.125,0,80,12495,15731.041621833061,15731.041621833061,181.99785917915324
20260723,80,0.125,1,80,12499,15819.010738987068,15819.010738987068,94.02874202514613
20260723,80,0.125,2,80,12501,15831.826400567632,15831.826400567632,81.21308044458237
20260723,80,0.125,3,80,12498,15790.673480519856,15790.673480519856,122.36600049235858
20260723,80,0.125,4,80,12497,15822.325988537219,15822.325988537219,90.71349247499529
20260723,80,0.125,5,80,12499,15898.91773970713,15898.91773970713,14.12174130508356
20260723,80,0.125,6,80,12508,15913.039481012214,15913.039481012214,0.0
20260723,80,0.125,7,80,12503,15840.26535778868,15840.26535778868,72.77412322353484
20260723,88,0.1375,0,88,13745,17320.738665305547,17320.738665305547,0.0
20260723,88,0.1375,1,79,12343,15609.255542544768,15609.255542544768,1711.4831227607792
20260723,88,0.1375,2,79,12344,15616.646598822927,15616.646598822927,1704.0920664826208
20260723,88,0.1375,3,79,12342,15631.978844573274,15631.978844573274,1688.7598207322735
20260723,88,0.1375,4,79,12340,15604.506425139949,15604.506425139949,1716.2322401655983
20260723,88,0.1375,5,79,12345,15675.227164143222,15675.227164143222,1645.5115011623257
20260723,88,0.1375,6,79,12351,15724.054795358226,15724.054795358226,1596.683869947321
20260723,88,0.1375,7,78,12190,15438.678692876398,15438.678692876398,1882.0599724291496
20260723,96,0.15,0,96,14995,18909.402234142355,18909.402234142355,0.0
20260723,96,0.15,1,78,12185,15430.699667495279,15430.699667495279,3478.7025666470763
20260723,96,0.15,2,78,12190,15415.313151210794,15415.313151210794,3494.0890829315613
20260723,96,0.15,3,78,12185,15441.016167177806,15441.016167177806,3468.386066964549
20260723,96,0.15,4,78,12183,15369.530040297645,15369.530040297645,3539.8721938447106
20260723,96,0.15,5,78,12190,15502.565189103192,15502.565189103192,3406.837045039163
20260723,96,0.15,6,77,12038,15338.695565008278,15338.695565008278,3570.706669134077
20260723,96,0.15,7,77,12034,15232.369288697679,15232.369288697679,3677.0329454446764
20260723,104,0.1625,0,104,16246,20505.762913285274,20505.762913285274,0.0
20260723,104,0.1625,1,77,12028,15226.3200161672,15226.3200161672,5279.442897118075
20260723,104,0.1625,2,77,12035,15236.932301358844,15236.932301358844,5268.830611926431
20260723,104,0.1625,3,77,12027,15204.845074055687,15204.845074055687,5300.917839229587
20260723,104,0.1625,4,77,12026,15158.47131940915,15158.47131940915,5347.291593876125
20260723,104,0.1625,5,76,11878,15131.63471135768,15131.63471135768,5374.128201927595
20260723,104,0.1625,6,76,11882,15148.213790784912,15148.213790784912,5357.5491225003625
20260723,104,0.1625,7,76,11878,15036.335046279317,15036.335046279317,5469.4278670059575
20260723,112,0.175,0,112,17498,22087.22469821828,22087.22469821828,0.0
20260723,112,0.175,1,76,11869,15043.9741945859,15043.9741945859,7043.25050363238
20260723,112,0.175,2,76,11879,15028.809499253259,15028.809499253259,7058.415198965022
20260723,112,0.175,3,76,11871,15025.14646070071,15025.14646070071,7062.078237517571
20260723,112,0.175,4,75,11713,14781.982163287721,14781.982163287721,7305.2425349305595
20260723,112,0.175,5,75,11722,14943.928938258025,14943.928938258025,7143.295759960256
20260723,112,0.175,6,75,11726,14941.183051348718,14941.183051348718,7146.041646869562
20260723,112,0.175,7,75,11722,14842.308336268135,14842.308336268135,7244.916361950145
20260723,120,0.1875,0,120,18750,23712.038934319902,23712.038934319902,0.0
20260723,120,0.1875,1,75,11711,14822.586276922753,14822.586276922753,8889.452657397149
20260723,120,0.1875,2,75,11721,14812.66027921428,14812.66027921428,8899.378655105622
20260723,120,0.1875,3,74,11560,14644.612731848372,14644.612731848372,9067.42620247153
20260723,120,0.1875,4,74,11556,14581.909460617124,14581.909460617124,9130.129473702778
20260723,120,0.1875,5,74,11567,14728.77940735388,14728.77940735388,8983.259526966021
20260723,120,0.1875,6,74,11570,14752.539790258637,14752.539790258637,8959.499144061265
20260723,120,0.1875,7,74,11565,14644.312766489918,14644.312766489918,9067.726167829984
20260723,128,0.2,0,128,20000,25329.577199477757,25329.577199477757,0.0
20260723,128,0.2,1,74,11557,14597.91938716475,14597.91938716475,10731.657812313008
20260723,128,0.2,2,73,11405,14440.467088526306,14440.467088526306,10889.110110951451
20260723,128,0.2,3,73,11406,14466.559156765128,14466.559156765128,10863.018042712629
20260723,128,0.2,4,73,11398,14390.93337171851,14390.93337171851,10938.643827759246
20260723,128,0.2,5,73,11412,14546.513205231586,14546.513205231586,10783.063994246171
20260723,128,0.2,6,73,11413,14529.75123218216,14529.75123218216,10799.825967295597
20260723,128,0.2,7,73,11409,14442.747002956083,14442.747002956083,10886.830196521674
20260723,136,0.2125,0,136,21248,26879.132487782703,26879.132487782703,0.0
20260723,136,0.2125,1,72,11247,14265.986869048113,14265.986869048113,12613.14561873459
20260723,136,0.2125,2,72,11250,14215.596596692852,14215.596596692852,12663.53589108985
20260723,136,0.2125,3,72,11248,14264.42587987955,14264.42587987955,12614.706607903152
20260723,136,0.2125,4,72,11241,14217.008475307975,14217.008475307975,12662.124012474727
20260723,136,0.2125,5,72,11256,14330.297109618294,14330.297109618294,12548.83537816441
20260723,136,0.2125,6,72,11257,14349.315038538343,14349.315038538343,12529.81744924436
20260723,136,0.2125,7,72,11253,14246.086001327012,14246.086001327012,12633.04648645569
20260723,144,0.225,0,144,22497,28446.546034669285,28446.546034669285,0.0
20260723,144,0.225,1,71,11091,14080.873143485282,14080.873143485282,14365.672891184004
20260723,144,0.225,2,71,11095,14032.855153283817,14032.855153283817,14413.690881385468
20260723,144,0.225,3,71,11091,14057.542570339787,14057.542570339787,14389.003464329498
20260723,144,0.225,4,71,11085,14013.279696283182,14013.279696283182,14433.266338386104
20260723,144,0.225,5,71,11100,14155.863277976787,14155.863277976787,14290.682756692499
20260723,144,0.225,6,71,11101,14146.93104906813,14146.93104906813,14299.614985601156
20260723,144,0.225,7,70,10940,13842.981647978904,13842.981647978904,14603.564386690381
20260723,152,0.2375,0,152,23745,29992.83026145766,29992.83026145766,0.0
20260723,152,0.2375,1,70,10937,13873.071134134529,13873.071134134529,16119.759127323132
20260723,152,0.2375,2,70,10937,13811.2768749039,13811.2768749039,16181.55338655376
20260723,152,0.2375,3,70,10937,13860.413419855471,13860.413419855471,16132.41684160219
20260723,152,0.2375,4,70,10927,13823.909502521712,13823.909502521712,16168.920758935948
20260723,152,0.2375,5,70,10944,13915.09403744184,13915.09403744184,16077.73622401582
20260723,152,0.2375,6,69,10790,13763.09430320212,13763.09430320212,16229.73595825554
20260723,152,0.2375,7,69,10783,13643.183804244569,13643.183804244569,16349.646457213092
20260723,160,0.25,0,160,24994,31590.397921744545,31590.397921744545,0.0
20260723,160,0.25,1,69,10781,13661.394331848505,13661.394331848505,17929.00358989604
20260723,160,0.25,2,69,10782,13602.11345783831,13602.11345783831,17988.284463906235
20260723,160,0.25,3,69,10779,13673.098851278428,13673.098851278428,17917.299070466117
20260723,160,0.25,4,69,10771,13610.767557924424,13610.767557924424,17979.63036382012
20260723,160,0.25,5,68,10633,13524.518382547982,13524.518382547982,18065.87953919656
20260723,160,0.25,6,68,10633,13557.761213842357,13557.761213842357,18032.636707902187
20260723,160,0.25,7,68,10627,13453.324807628027,13453.324807628027,18137.073114116516
20260723,192,0.3,0,192,29992,37919.400670627445,37919.400670627445,0.0
20260723,192,0.3,1,64,10003,12669.450015481529,12669.450015481529,25249.950655145916
20260723,192,0.3,2,64,9998,12634.505918892055,12634.505918892055,25284.894751735388
20260723,192,0.3,3,64,9999,12675.637324080564,12675.637324080564,25243.763346546883
20260723,192,0.3,4,64,9991,12637.392214272608,12637.392214272608,25282.008456354837
20260723,192,0.3,5,64,10007,12699.550207765862,12699.550207765862,25219.850462861585
20260723,192,0.3,6,64,10007,12725.941302022102,12725.941302022102,25193.45936860534
20260723,192,0.3,7,64,10003,12663.133695792156,12663.133695792156,25256.26697483529
20260723,224,0.35,0,224,34995,44297.98970507655,44297.98970507655,0.0
20260723,224,0.35,1,60,9375,11805.959856747815,11805.959856747815,32492.029848328733
20260723,224,0.35,2,60,9372,11900.805435715889,11900.805435715889,32397.18426936066
20260723,224,0.35,3,60,9372,11876.888403275158,11876.888403275158,32421.10130180139
20260723,224,0.35,4,59,9216,11660.74295182316,11660.74295182316,32637.246753253392
20260723,224,0.35,5,59,9223,11733.807386031176,11733.807386031176,32564.182319045372
20260723,224,0.35,6,59,9225,11744.428137234878,11744.428137234878,32553.561567841673
20260723,224,0.35,7,59,9222,11653.055018392633,11653.055018392633,32644.93468668392
20260723,256,0.4,0,256,39995,50608.403285775006,50608.403285775006,0.0
20260723,256,0.4,1,55,8593,10848.540415762776,10848.540415762776,39759.86287001223
20260723,256,0.4,2,55,8592,10866.436092474434,10866.436092474434,39741.967193300574
20260723,256,0.4,3,55,8586,10824.904483489152,10824.904483489152,39783.49880228585
20260723,256,0.4,4,55,8598,10961.740356802184,10961.740356802184,39646.66292897282
20260723,256,0.4,5,55,8598,10925.029270738749,10925.029270738749,39683.37401503626
20260723,256,0.4,6,55,8598,10939.128154417802,10939.128154417802,39669.27513135721
20260723,256,0.4,7,54,8440,10658.731559384509,10658.731559384509,39949.6717263905
20260723,288,0.45,0,288,44995,56877.13027045485,56877.13027045485,0.0
20260723,288,0.45,1,51,7966,10088.321988872924,10088.321988872924,46788.80828158193
20260723,288,0.45,2,51,7967,10099.758674498064,10099.758674498064,46777.371595956785
20260723,288,0.45,3,50,7805,9859.104884222263,9859.104884222263,47018.02538623259
20260723,288,0.45,4,50,7819,9949.697350712719,9949.697350712719,46927.43291974213
20260723,288,0.45,5,50,7819,9941.476813166533,9941.476813166533,46935.65345728832
20260723,288,0.45,6,50,7814,9974.98683006451,9974.98683006451,46902.14344039034
20260723,288,0.45,7,50,7815,9843.928154371974,9843.928154371974,47033.20211608287
20260723,320,0.5,0,320,49993,63234.396538704896,63234.396538704896,0.0
20260723,320,0.5,1,46,7187,9083.726915277664,9083.726915277664,54150.66962342723
20260723,320,0.5,2,46,7182,9052.781150554842,9052.781150554842,54181.61538815005
20260723,320,0.5,3,46,7188,9137.60105922306,9137.60105922306,54096.795479481836
20260723,320,0.5,4,46,7190,9130.596825432787,9130.596825432787,54103.79971327211
20260723,320,0.5,5,46,7193,9173.674867706455,9173.674867706455,54060.72167099844
20260723,320,0.5,6,45,7033,8943.266769114362,8943.266769114362,54291.12976959054
20260723,320,0.5,7,45,7034,8882.96036460755,8882.96036460755,54351.43617409735
20260724,80,0.125,0,80,12501,15848.107815499041,15848.107815499041,25.627267906729685
20260724,80,0.125,1,80,12504,15694.038457565495,15694.038457565495,179.69662584027537
20260724,80,0.125,2,80,12495,15833.205292978342,15833.205292978342,40.52979042742845
20260724,80,0.125,3,80,12497,15848.085074232486,15848.085074232486,25.65000917328507
20260724,80,0.125,4,80,12504,15828.746197984556,15828.746197984556,44.988885421214945
20260724,80,0.125,5,80,12499,15758.453948190205,15758.453948190205,115.28113521556588
20260724,80,0.125,6,80,12505,15873.73508340577,15873.73508340577,0.0
20260724,80,0.125,7,80,12495,15840.875179932184,15840.875179932184,32.85990347358711
20260724,88,0.1375,0,88,13750,17410.69082034754,17410.69082034754,0.0
20260724,88,0.1375,1,79,12349,15524.937917451172,15524.937917451172,1885.7529028963672
20260724,88,0.1375,2,79,12338,15629.103369512255,15629.103369512255,1781.5874508352845
20260724,88,0.1375,3,79,12344,15680.540479255851,15680.540479255851,1730.1503410916885
20260724,88,0.1375,4,79,12344,15585.828226646343,15585.828226646343,1824.8625937011966
20260724,88,0.1375,5,79,12345,15576.917088367396,15576.917088367396,1833.7737319801436
20260724,88,0.1375,6,79,12347,15701.80277079468,15701.80277079468,1708.8880495528592
20260724,88,0.1375,7,78,12183,15439.772081083707,15439.772081083707,1970.9187392638323
20260724,96,0.15,0,96,15002,18969.239390316023,18969.239390316023,0.0
20260724,96,0.15,1,78,12190,15356.787869193944,15356.787869193944,3612.4515211220787
20260724,96,0.15,2,78,12183,15391.1140174836,15391.1140174836,3578.1253728324227
20260724,96,0.15,3,78,12187,15480.443524066191,15480.443524066191,3488.7958662498313
20260724,96,0.15,4,78,12188,15407.812736761234,15407.812736761234,3561.4266535547886
20260724,96,0.15,5,78,12189,15411.64218402662,15411.64218402662,3557.5972062894034
20260724,96,0.15,6,77,12034,15298.142561731509,15298.142561731509,3671.096828584514
20260724,96,0.15,7,77,12027,15244.153685970927,15244.153685970927,3725.085704345096
20260724,104,0.1625,0,104,16251,20527.442927654152,20527.442927654152,0.0
20260724,104,0.1625,1,77,12034,15178.197897748147,15178.197897748147,5349.245029906006
20260724,104,0.1625,2,77,12028,15189.819547575335,15189.819547575335,5337.623380078818
20260724,104,0.1625,3,77,12031,15285.24540652061,15285.24540652061,5242.197521133543
20260724,104,0.1625,4,77,12031,15199.325676582104,15199.325676582104,5328.117251072048
20260724,104,0.1625,5,76,11876,15013.903665785252,15013.903665785252,5513.5392618689
20260724,104,0.1625,6,76,11879,15092.445025466086,15092.445025466086,5434.997902188066
20260724,104,0.1625,7,76,11870,15045.301148802764,15045.301148802764,5482.141778851388
20260724,112,0.175,0,112,17501,22083.363385672925,22083.363385672925,0.0
20260724,112,0.175,1,76,11876,14989.243566889023,14989.243566889023,7094.119818783902
20260724,112,0.175,2,76,11874,15019.92439693925,15019.92439693925,7063.438988733675
20260724,112,0.175,3,76,11873,15067.747500986372,15067.747500986372,7015.615884686553
20260724,112,0.175,4,75,11719,14809.702638319706,14809.702638319706,7273.6607473532185
20260724,112,0.175,5,75,11720,14849.018414542528,14849.018414542528,7234.3449711303965
20260724,112,0.175,6,75,11723,14865.544255004343,14865.544255004343,7217.819130668582
20260724,112,0.175,7,75,11714,14847.542042684105,14847.542042684105,7235.82134298882
20260724,120,0.1875,0,120,18753,23678.021617123395,23678.021617123395,0.0
20260724,120,0.1875,1,75,11718,14795.658015805231,14795.658015805231,8882.363601318164
20260724,120,0.1875,2,75,11716,14827.65050509792,14827.65050509792,8850.371112025476
20260724,120,0.1875,3,74,11561,14656.899443960117,14656.899443960117,9021.122173163278
20260724,120,0.1875,4,74,11563,14621.500507540994,14621.500507540994,9056.521109582402
20260724,120,0.1875,5,74,11564,14671.677810551015,14671.677810551015,9006.34380657238
20260724,120,0.1875,6,74,11567,14649.177796004025,14649.177796004025,9028.84382111937
20260724,120,0.1875,7,74,11558,14655.67631293666,14655.67631293666,9022.345304186734
20260724,128,0.2,0,128,20002,25240.366138681315,25240.366138681315,0.0
20260724,128,0.2,1,74,11561,14616.758774773067,14616.758774773067,10623.607363908248
20260724,128,0.2,2,73,11404,14419.941922273938,14419.941922273938,10820.424216407377
20260724,128,0.2,3,73,11408,14475.392350457912,14475.392350457912,10764.973788223402
20260724,128,0.2,4,73,11406,14414.631593611908,14414.631593611908,10825.734545069407
20260724,128,0.2,5,73,11407,14454.620814872844,14454.620814872844,10785.74532380847
20260724,128,0.2,6,73,11411,14459.96040339751,14459.96040339751,10780.405735283804
20260724,128,0.2,7,73,11401,14456.344634615856,14456.344634615856,10784.021504065458
20260724,136,0.2125,0,136,21256,26799.757009296423,26799.757009296423,0.0
20260724,136,0.2125,1,72,11246,14246.824627398853,14246.824627398853,12552.93238189757
20260724,136,0.2125,2,72,11245,14219.1355914597,14219.1355914597,12580.621417836723
20260724,136,0.2125,3,72,11252,14305.1087773082,14305.1087773082,12494.648231988223
20260724,136,0.2125,4,72,11251,14195.921885011167,14195.921885011167,12603.835124285257
20260724,136,0.2125,5,72,11250,14276.636957719316,14276.636957719316,12523.120051577107
20260724,136,0.2125,6,72,11255,14265.092505764342,14265.092505764342,12534.664503532082
20260724,136,0.2125,7,72,11245,14243.250049026885,14243.250049026885,12556.506960269538
20260724,144,0.225,0,144,22506,28388.89164374038,28388.89164374038,0.0
20260724,144,0.225,1,71,11088,14058.714975298579,14058.714975298579,14330.1766684418
20260724,144,0.225,2,71,11089,14043.1564360004,14043.1564360004,14345.73520773998
20260724,144,0.225,3,71,11098,14095.053979088467,14095.053979088467,14293.837664651912
20260724,144,0.225,4,71,11096,14017.394716548675,14017.394716548675,14371.496927191703
20260724,144,0.225,5,71,11093,14068.315094892534,14068.315094892534,14320.576548847845
20260724,144,0.225,6,71,11097,14060.09167850682,14060.09167850682,14328.799965233558
20260724,144,0.225,7,70,10933,13833.167719905812,13833.167719905812,14555.723923834566
20260724,152,0.2375,0,152,23756,29999.66146957749,29999.66146957749,0.0
20260724,152,0.2375,1,70,10932,13863.938716559842,13863.938716559842,16135.72275301765
20260724,152,0.2375,2,70,10933,13844.742510421715,13844.742510421715,16154.918959155777
20260724,152,0.2375,3,70,10942,13890.455516217247,13890.455516217247,16109.205953360244
20260724,152,0.2375,4,70,10939,13803.970359900719,13803.970359900719,16195.691109676773
20260724,152,0.2375,5,70,10937,13868.986722030542,13868.986722030542,16130.67474754695
20260724,152,0.2375,6,69,10785,13664.282746770023,13664.282746770023,16335.378722807469
20260724,152,0.2375,7,69,10776,13634.417495219097,13634.417495219097,16365.243974358395
20260724,160,0.25,0,160,25005,31557.138927244054,31557.138927244054,0.0
20260724,160,0.25,1,69,10776,13649.112765533388,13649.112765533388,17908.026161710666
20260724,160,0.25,2,69,10776,13647.430025505697,13647.430025505697,17909.708901738355
20260724,160,0.25,3,69,10786,13664.253572246242,13664.253572246242,17892.885354997812
20260724,160,0.25,4,69,10783,13649.698290535838,13649.698290535838,17907.440636708216
20260724,160,0.25,5,68,10625,13471.297137422001,13471.297137422001,18085.84178982205
20260724,160,0.25,6,68,10629,13448.14748707957,13448.14748707957,18108.991440164486
20260724,160,0.25,7,68,10620,13440.815022998817,13440.815022998817,18116.323904245237
20260724,192,0.3,0,192,30003,37853.87767814877,37853.87767814877,0.0
20260724,192,0.3,1,64,9998,12658.933126831369,12658.933126831369,25194.9445513174
20260724,192,0.3,2,64,9996,12706.05999953236,12706.05999953236,25147.81767861641
20260724,192,0.3,3,64,10004,12668.520611398386,12668.520611398386,25185.35706675038
20260724,192,0.3,4,64,10000,12605.640395182485,12605.640395182485,25248.237282966285
20260724,192,0.3,5,64,10000,12701.271632038008,12701.271632038008,25152.606046110763
20260724,192,0.3,6,64,10003,12625.57998159186,12625.57998159186,25228.29769655691
20260724,192,0.3,7,64,9996,12674.371877864347,12674.371877864347,25179.505800284423
20260724,224,0.35,0,224,35001,44205.98319917668,44205.98319917668,0.0
20260724,224,0.35,1,60,9370,11839.46020278925,11839.46020278925,32366.522996387426
20260724,224,0.35,2,60,9377,11916.619880922273,11916.619880922273,32289.363318254404
20260724,224,0.35,3,60,9377,11870.954683562024,11870.954683562024,32335.028515614653
20260724,224,0.35,4,59,9219,11661.78190026394,11661.78190026394,32544.201298912736
20260724,224,0.35,5,59,9221,11735.292549039772,11735.292549039772,32470.690650136905
20260724,224,0.35,6,59,9220,11637.31913713383,11637.31913713383,32568.664062042844
20260724,224,0.35,7,59,9215,11672.648096225455,11672.648096225455,32533.33510295122
20260724,256,0.4,0,256,40001,50533.34749378478,50533.34749378478,0.0
20260724,256,0.4,1,55,8590,10912.668118083126,10912.668118083126,39620.67937570166
20260724,256,0.4,2,55,8596,10885.341758166769,10885.341758166769,39648.00573561801
20260724,256,0.4,3,55,8594,10865.311734013294,10865.311734013294,39668.03575977148
20260724,256,0.4,4,55,8595,10858.69809393512,10858.69809393512,39674.64939984966
20260724,256,0.4,5,55,8595,10922.759648206082,10922.759648206082,39610.587845578695
20260724,256,0.4,6,55,8596,10829.750043440516,10829.750043440516,39703.59745034426
20260724,256,0.4,7,54,8433,10703.17582920019,10703.17582920019,39830.17166458459
20260724,288,0.45,0,288,44995,56858.02271627448,56858.02271627448,0.0
20260724,288,0.45,1,51,7973,10134.933781382528,10134.933781382528,46723.08893489195
20260724,288,0.45,2,51,7969,10107.942777831335,10107.942777831335,46750.079938443145
20260724,288,0.45,3,50,7814,9881.943563535471,9881.943563535471,46976.07915273901
20260724,288,0.45,4,50,7812,9875.472129407704,9875.472129407704,46982.550586866775
20260724,288,0.45,5,50,7816,9942.983252875038,9942.983252875038,46915.039463399444
20260724,288,0.45,6,50,7814,9884.638844138157,9884.638844138157,46973.38387213632
20260724,288,0.45,7,50,7807,9896.16908985824,9896.16908985824,46961.85362641624
20260724,320,0.5,0,320,49997,63273.14835252498,63273.14835252498,0.0
20260724,320,0.5,1,46,7190,9079.964758654227,9079.964758654227,54193.18359387075
20260724,320,0.5,2,46,7188,9092.837509320689,9092.837509320689,54180.31084320429
20260724,320,0.5,3,46,7188,9093.677067015386,9093.677067015386,54179.47128550959
20260724,320,0.5,4,46,7188,9133.741040856132,9133.741040856132,54139.407311668845
20260724,320,0.5,5,46,7190,9103.845250197603,9103.845250197603,54169.30310232738
20260724,320,0.5,6,45,7032,8878.304000380354,8878.304000380354,54394.844352144624
20260724,320,0.5,7,45,7027,8935.927619511454,8935.927619511454,54337.22073301353
20260725,80,0.125,0,80,12499,15825.084127692835,15825.084127692835,133.0144547076834
20260725,80,0.125,1,80,12499,15776.096486297121,15776.096486297121,182.00209610339698
20260725,80,0.125,2,80,12501,15796.633362569568,15796.633362569568,161.46521983095045
20260725,80,0.125,3,80,12503,15860.397169091253,15860.397169091253,97.70141330926526
20260725,80,0.125,4,80,12503,15790.693846152702,15790.693846152702,167.4047362478159
20260725,80,0.125,5,80,12499,15776.427310626004,15776.427310626004,181.67127177451403
20260725,80,0.125,6,80,12493,15958.098582400518,15958.098582400518,0.0
20260725,80,0.125,7,80,12503,15888.256531349318,15888.256531349318,69.84205105120054
20260725,88,0.1375,0,88,13748,17411.399737866646,17411.399737866646,0.0
20260725,88,0.1375,1,79,12344,15579.446102339234,15579.446102339234,1831.9536355274122
20260725,88,0.1375,2,79,12344,15625.346436325826,15625.346436325826,1786.05330154082
20260725,88,0.1375,3,79,12347,15689.376601389713,15689.376601389713,1722.0231364769334
20260725,88,0.1375,4,79,12346,15578.309671038842,15578.309671038842,1833.0900668278045
20260725,88,0.1375,5,79,12343,15615.521255906911,15615.521255906911,1795.878481959735
20260725,88,0.1375,6,79,12338,15748.740786213877,15748.740786213877,1662.6589516527692
20260725,88,0.1375,7,78,12190,15487.702447890668,15487.702447890668,1923.6972899759785
20260725,96,0.15,0,96,14997,18983.10256808992,18983.10256808992,0.0
20260725,96,0.15,1,78,12188,15379.263429676825,15379.263429676825,3603.8391384130937
20260725,96,0.15,2,78,12189,15425.387644986606,15425.387644986606,3557.7149231033127
20260725,96,0.15,3,78,12189,15503.027652863959,15503.027652863959,3480.0749152259596
20260725,96,0.15,4,78,12190,15346.330920973742,15346.330920973742,3636.7716471161766
20260725,96,0.15,5,78,12187,15424.207947739274,15424.207947739274,3558.894620350644
20260725,96,0.15,6,77,12027,15356.827107505524,15356.827107505524,3626.2754605843948
20260725,96,0.15,7,77,12033,15285.393489642902,15285.393489642902,3697.7090784470165
20260725,104,0.1625,0,104,16248,20540.8426562381,20540.8426562381,0.0
20260725,104,0.1625,1,77,12030,15212.985828893477,15212.985828893477,5327.856827344622
20260725,104,0.1625,2,77,12034,15239.85950232553,15239.85950232553,5300.98315391257
20260725,104,0.1625,3,77,12032,15300.245220642182,15300.245220642182,5240.597435595917
20260725,104,0.1625,4,77,12034,15180.497430529584,15180.497430529584,5360.3452257085155
20260725,104,0.1625,5,76,11874,15008.524747818685,15008.524747818685,5532.317908419414
20260725,104,0.1625,6,76,11872,15171.747748217635,15171.747748217635,5369.094908020465
20260725,104,0.1625,7,76,11876,15074.312437888517,15074.312437888517,5466.530218349582
20260725,112,0.175,0,112,17499,22135.153561908213,22135.153561908213,0.0
20260725,112,0.175,1,76,11872,14978.4695039307,14978.4695039307,7156.684057977513
20260725,112,0.175,2,76,11877,15059.797078124946,15059.797078124946,7075.356483783267
20260725,112,0.175,3,76,11877,15086.670209841908,15086.670209841908,7048.483352066305
20260725,112,0.175,4,75,11722,14798.629061356649,14798.629061356649,7336.524500551564
20260725,112,0.175,5,75,11718,14817.497927799981,14817.497927799981,7317.655634108232
20260725,112,0.175,6,75,11715,14965.200433227445,14965.200433227445,7169.953128680769
20260725,112,0.175,7,75,11720,14871.581260820845,14871.581260820845,7263.572301087368
20260725,120,0.1875,0,120,18748,23751.684501471624,23751.684501471624,0.0
20260725,120,0.1875,1,75,11717,14743.271652600932,14743.271652600932,9008.412848870692
20260725,120,0.1875,2,75,11722,14831.864612275745,14831.864612275745,8919.819889195878
20260725,120,0.1875,3,74,11563,14710.76542892448,14710.76542892448,9040.919072547144
20260725,120,0.1875,4,74,11565,14605.484474601559,14605.484474601559,9146.200026870065
20260725,120,0.1875,5,74,11562,14632.956766839467,14632.956766839467,9118.727734632157
20260725,120,0.1875,6,74,11559,14768.80089839165,14768.80089839165,8982.883603079974
20260725,120,0.1875,7,74,11564,14670.87013387849,14670.87013387849,9080.814367593133
20260725,128,0.2,0,128,19998,25338.562615407573,25338.562615407573,0.0
20260725,128,0.2,1,74,11559,14571.796405775523,14571.796405775523,10766.76620963205
20260725,128,0.2,2,73,11411,14411.471592333104,14411.471592333104,10927.091023074468
20260725,128,0.2,3,73,11407,14495.313297885405,14495.313297885405,10843.249317522168
20260725,128,0.2,4,73,11410,14412.59462543253,14412.59462543253,10925.967989975043
20260725,128,0.2,5,73,11404,14436.44052755679,14436.44052755679,10902.122087850783
20260725,128,0.2,6,73,11403,14570.824097831253,14570.824097831253,10767.73851757632
20260725,128,0.2,7,73,11408,14473.827364704259,14473.827364704259,10864.735250703314
20260725,136,0.2125,0,136,21246,26905.43650648997,26905.43650648997,0.0
20260725,136,0.2125,1,72,11249,14221.70784266349,14221.70784266349,12683.728663826478
20260725,136,0.2125,2,72,11254,14221.229590086672,14221.229590086672,12684.206916403296
20260725,136,0.2125,3,72,11252,14274.884949525689,14274.884949525689,12630.55155696428
20260725,136,0.2125,4,72,11253,14232.243551921152,14232.243551921152,12673.192954568816
20260725,136,0.2125,5,72,11248,14259.904506538265,14259.904506538265,12645.531999951703
20260725,136,0.2125,6,72,11246,14366.38947928119,14366.38947928119,12539.047027208779
20260725,136,0.2125,7,72,11252,14275.278478527862,14275.278478527862,12630.158027962107
20260725,144,0.225,0,144,22498,28493.908674001148,28493.908674001148,0.0
20260725,144,0.225,1,71,11091,14021.866965194324,14021.866965194324,14472.041708806824
20260725,144,0.225,2,71,11097,14033.141544715472,14033.141544715472,14460.767129285676
20260725,144,0.225,3,71,11097,14107.465786768942,14107.465786768942,14386.442887232206
20260725,144,0.225,4,71,11097,14029.718530021835,14029.718530021835,14464.190143979313
20260725,144,0.225,5,71,11090,14029.218301549547,14029.218301549547,14464.690372451601
20260725,144,0.225,6,71,11090,14186.659413088288,14186.659413088288,14307.24926091286
20260725,144,0.225,7,70,10940,13885.603687039344,13885.603687039344,14608.304986961804
20260725,152,0.2375,0,152,23747,30075.158579666408,30075.158579666408,0.0
20260725,152,0.2375,1,70,10938,13850.801228896466,13850.801228896466,16224.357350769942
20260725,152,0.2375,2,70,10938,13826.65466835645,13826.65466835645,16248.503911309957
20260725,152,0.2375,3,70,10941,13895.739454580687,13895.739454580687,16179.41912508572
20260725,152,0.2375,4,70,10940,13814.768368402783,13814.768368402783,16260.390211263624
20260725,152,0.2375,5,70,10934,13857.056087445291,13857.056087445291,16218.102492221116
20260725,152,0.2375,6,69,10778,13766.243362837933,13766.243362837933,16308.915216828475
20260725,152,0.2375,7,69,10784,13690.442685925116,13690.442685925116,16384.71589374129
20260725,160,0.25,0,160,24998,31635.676153228913,31635.676153228913,0.0
20260725,160,0.25,1,69,10781,13649.623908222631,13649.623908222631,17986.05224500628
20260725,160,0.25,2,69,10785,13687.79913547612,13687.79913547612,17947.87701775279
20260725,160,0.25,3,69,10783,13642.424093523448,13642.424093523448,17993.252059705464
20260725,160,0.25,4,69,10784,13625.3064531286,13625.3064531286,18010.369700100313
20260725,160,0.25,5,68,10619,13487.245839838526,13487.245839838526,18148.43031339039
20260725,160,0.25,6,68,10622,13561.035995294073,13561.035995294073,18074.64015793484
20260725,160,0.25,7,68,10628,13493.044842190779,13493.044842190779,18142.631311038134
20260725,192,0.3,0,192,29997,37941.10952721376,37941.10952721376,0.0
20260725,192,0.3,1,64,10002,12677.023032589354,12677.023032589354,25264.086494624407
20260725,192,0.3,2,64,10003,12710.690181819793,12710.690181819793,25230.419345393966
20260725,192,0.3,3,64,10002,12658.826330357797,12658.826330357797,25282.283196855962
20260725,192,0.3,4,64,10001,12600.633671334559,12600.633671334559,25340.475855879202
20260725,192,0.3,5,64,9994,12689.862271733813,12689.862271733813,25251.247255479946
20260725,192,0.3,6,64,9998,12742.170741310367,12742.170741310367,25198.938785903396
20260725,192,0.3,7,64,10003,12703.345548705856,12703.345548705856,25237.763978507905
20260725,224,0.35,0,224,34999,44305.72906794481,44305.72906794481,0.0
20260725,224,0.35,1,60,9374,11819.709216068679,11819.709216068679,32486.01985187613
20260725,224,0.35,2,60,9377,11941.742042057587,11941.742042057587,32363.987025887225
20260725,224,0.35,3,60,9379,11826.3996120033,11826.3996120033,32479.32945594151
20260725,224,0.35,4,59,9219,11673.829450308383,11673.829450308383,32631.89961763643
20260725,224,0.35,5,59,9216,11751.32824322689,11751.32824322689,32554.400824717923
20260725,224,0.35,6,59,9215,11690.658481793947,11690.658481793947,32615.070586150865
20260725,224,0.35,7,59,9221,11707.831858494168,11707.831858494168,32597.897209450646
20260725,256,0.4,0,256,39999,50600.07651584873,50600.07651584873,0.0
20260725,256,0.4,1,55,8596,10937.822870110564,10937.822870110564,39662.253645738165
20260725,256,0.4,2,55,8596,10875.297186051754,10875.297186051754,39724.77932979698
20260725,256,0.4,3,55,8594,10866.156539856873,10866.156539856873,39733.919975991856
20260725,256,0.4,4,55,8594,10850.682848856668,10850.682848856668,39749.39366699206
20260725,256,0.4,5,55,8590,11001.933542976552,11001.933542976552,39598.14297287217
20260725,256,0.4,6,55,8592,10914.557004493374,10914.557004493374,39685.51951135535
20260725,256,0.4,7,54,8439,10715.725511155679,10715.725511155679,39884.351004693046
20260725,288,0.45,0,288,44999,56897.01895632846,56897.01895632846,0.0
20260725,288,0.45,1,51,7970,10146.536630541666,10146.536630541666,46750.48232578679
20260725,288,0.45,2,51,7971,10041.197091813725,10041.197091813725,46855.821864514735
20260725,288,0.45,3,50,7815,9853.646869237964,9853.646869237964,47043.372087090494
20260725,288,0.45,4,50,7810,9899.36081337032,9899.36081337032,46997.65814295814
20260725,288,0.45,5,50,7809,10006.146058146154,10006.146058146154,46890.87289818231
20260725,288,0.45,6,50,7811,9914.663716721958,9914.663716721958,46982.3552396065
20260725,288,0.45,7,50,7815,9920.514131885624,9920.514131885624,46976.50482444283
20260725,320,0.5,0,320,50002,63268.1817764817,63268.1817764817,0.0
20260725,320,0.5,1,46,7189,9093.904310922491,9093.904310922491,54174.27746555921
20260725,320,0.5,2,46,7187,9075.144610034062,9075.144610034062,54193.03716644764
20260725,320,0.5,3,46,7188,9109.519880551234,9109.519880551234,54158.66189593047
20260725,320,0.5,4,46,7184,9110.970325901399,9110.970325901399,54157.211450580304
20260725,320,0.5,5,46,7186,9179.276827839116,9179.276827839116,54088.90494864259
20260725,320,0.5,6,45,7032,8950.747831787672,8950.747831787672,54317.43394469403
20260725,320,0.5,7,45,7032,8921.727660315604,8921.727660315604,54346.454116166096
20260726,80,0.125,0,80,12496,15830.874106574896,15830.874106574896,44.813434286958
20260726,80,0.125,1,80,12497,15813.791618017238,15813.791618017238,61.89592284461651
20260726,80,0.125,2,80,12496,15817.413587380486,15817.413587380486,58.27395348136815
20260726,80,0.125,3,80,12496,15839.237081910138,15839.237081910138,36.45045895171643
20260726,80,0.125,4,80,12502,15875.687540861854,15875.687540861854,0.0
20260726,80,0.125,5,80,12512,15862.041210539175,15862.041210539175,13.646330322679205
20260726,80,0.125,6,80,12502,15863.339036022344,15863.339036022344,12.348504839510497
20260726,80,0.125,7,80,12499,15820.227837685656,15820.227837685656,55.45970317619867
20260726,88,0.1375,0,88,13746,17435.99684157109,17435.99684157109,0.0
20260726,88,0.1375,1,79,12342,15609.955232589587,15609.955232589587,1826.0416089815026
20260726,88,0.1375,2,79,12338,15615.175685975672,15615.175685975672,1820.8211555954185
20260726,88,0.1375,3,79,12341,15650.649122173523,15650.649122173523,1785.3477193975668
20260726,88,0.1375,4,79,12345,15679.702383731012,15679.702383731012,1756.2944578400784
20260726,88,0.1375,5,79,12356,15650.291854222687,15650.291854222687,1785.704987348403
20260726,88,0.1375,6,79,12345,15674.515289682317,15674.515289682317,1761.4815518887735
20260726,88,0.1375,7,78,12187,15406.90583442751,15406.90583442751,2029.0910071435792
20260726,96,0.15,0,96,14995,19032.214722879646,19032.214722879646,0.0
20260726,96,0.15,1,78,12185,15422.358164075564,15422.358164075564,3609.856558804082
20260726,96,0.15,2,78,12182,15379.805342056166,15379.805342056166,3652.4093808234793
20260726,96,0.15,3,78,12186,15479.470461749881,15479.470461749881,3552.7442611297647
20260726,96,0.15,4,78,12189,15473.700666657527,15473.700666657527,3558.5140562221186
20260726,96,0.15,5,78,12199,15460.367090094816,15460.367090094816,3571.8476327848293
20260726,96,0.15,6,77,12033,15288.647638307431,15288.647638307431,3743.5670845722143
20260726,96,0.15,7,77,12031,15198.99219996479,15198.99219996479,3833.2225229148553
20260726,104,0.1625,0,104,16246,20602.018371805985,20602.018371805985,0.0
20260726,104,0.1625,1,77,12029,15266.227969564587,15266.227969564587,5335.790402241399
20260726,104,0.1625,2,77,12025,15191.237820611434,15191.237820611434,5410.780551194552
20260726,104,0.1625,3,77,12029,15236.555622305747,15236.555622305747,5365.462749500239
20260726,104,0.1625,4,77,12033,15309.223476594467,15309.223476594467,5292.794895211518
20260726,104,0.1625,5,76,11886,15053.101027076551,15053.101027076551,5548.917344729434
20260726,104,0.1625,6,76,11877,15070.863829660815,15070.863829660815,5531.15454214517
20260726,104,0.1625,7,76,11875,15002.636962746745,15002.636962746745,5599.3814090592405
20260726,112,0.175,0,112,17497,22196.41523715697,22196.41523715697,0.0
20260726,112,0.175,1,76,11871,15053.870619679403,15053.870619679403,7142.544617477566
20260726,112,0.175,2,76,11869,15011.925535447053,15011.925535447053,7184.489701709916
20260726,112,0.175,3,76,11875,15033.506846819542,15033.506846819542,7162.908390337427
20260726,112,0.175,4,75,11719,14916.603903531746,14916.603903531746,7279.811333625223
20260726,112,0.175,5,75,11730,14853.96019384565,14853.96019384565,7342.455043311318
20260726,112,0.175,6,75,11720,14896.0785172548,14896.0785172548,7300.336719902169
20260726,112,0.175,7,75,11719,14793.665184175316,14793.665184175316,7402.750052981653
20260726,120,0.1875,0,120,18746,23768.090293392903,23768.090293392903,0.0
20260726,120,0.1875,1,75,11715,14824.921902368875,14824.921902368875,8943.168391024028
20260726,120,0.1875,2,75,11712,14837.79602268629,14837.79602268629,8930.294270706612
20260726,120,0.1875,3,74,11563,14651.892721554035,14651.892721554035,9116.197571838868
20260726,120,0.1875,4,74,11563,14688.710406874494,14688.710406874494,9079.379886518409
20260726,120,0.1875,5,74,11575,14685.364953405457,14685.364953405457,9082.725339987446
20260726,120,0.1875,6,74,11563,14682.463921343742,14682.463921343742,9085.62637204916
20260726,120,0.1875,7,74,11563,14602.282378034966,14602.282378034966,9165.807915357937
20260726,128,0.2,0,128,19996,25355.632551517836,25355.632551517836,0.0
20260726,128,0.2,1,74,11558,14636.10789768667,14636.10789768667,10719.524653831166
20260726,128,0.2,2,73,11399,14409.269137003486,14409.269137003486,10946.36341451435
20260726,128,0.2,3,73,11408,14489.341123513523,14489.341123513523,10866.291428004313
20260726,128,0.2,4,73,11408,14518.884365141,14518.884365141,10836.748186376835
20260726,128,0.2,5,73,11418,14481.265458317252,14481.265458317252,10874.367093200584
20260726,128,0.2,6,73,11407,14486.947034735347,14486.947034735347,10868.685516782489
20260726,128,0.2,7,73,11406,14400.821016691905,14400.821016691905,10954.81153482593
20260726,136,0.2125,0,136,21244,26924.806277869528,26924.806277869528,0.0
20260726,136,0.2125,1,72,11247,14246.460994491998,14246.460994491998,12678.34528337753
20260726,136,0.2125,2,72,11243,14194.706510310025,14194.706510310025,12730.099767559503
20260726,136,0.2125,3,72,11251,14277.874752592443,14277.874752592443,12646.931525277085
20260726,136,0.2125,4,72,11253,14323.853373415268,14323.853373415268,12600.95290445426
20260726,136,0.2125,5,72,11262,14278.721525956085,14278.721525956085,12646.084751913442
20260726,136,0.2125,6,72,11251,14282.469519049171,14282.469519049171,12642.336758820356
20260726,136,0.2125,7,72,11249,14205.01816042624,14205.01816042624,12719.788117443288
20260726,144,0.225,0,144,22494,28484.86719895393,28484.86719895393,0.0
20260726,144,0.225,1,71,11090,14063.444011415684,14063.444011415684,14421.423187538245
20260726,144,0.225,2,71,11087,14024.500185143706,14024.500185143706,14460.367013810222
20260726,144,0.225,3,71,11095,14085.27371039468,14085.27371039468,14399.593488559249
20260726,144,0.225,4,71,11096,14070.63610892697,14070.63610892697,14414.231090026959
20260726,144,0.225,5,71,11106,14084.605521203332,14084.605521203332,14400.261677750597
20260726,144,0.225,6,71,11096,14083.715179700033,14083.715179700033,14401.152019253896
20260726,144,0.225,7,70,10936,13808.55963645897,13808.55963645897,14676.30756249496
20260726,152,0.2375,0,152,23745,30039.648451682042,30039.648451682042,0.0
20260726,152,0.2375,1,70,10933,13873.97339619201,13873.97339619201,16165.675055490032
20260726,152,0.2375,2,70,10930,13841.997670281598,13841.997670281598,16197.650781400444
20260726,152,0.2375,3,70,10938,13900.790024814974,13900.790024814974,16138.858426867067
20260726,152,0.2375,4,70,10944,13880.637000792223,13880.637000792223,16159.011450889819
20260726,152,0.2375,5,70,10947,13859.857780897084,13859.857780897084,16179.790670784958
20260726,152,0.2375,6,69,10783,13689.81462872057,13689.81462872057,16349.833822961471
20260726,152,0.2375,7,69,10780,13620.066561242244,13620.066561242244,16419.581890439797
20260726,160,0.25,0,160,24993,31666.861097372774,31666.861097372774,0.0
20260726,160,0.25,1,69,10777,13663.8870600233,13663.8870600233,18002.97403734947
20260726,160,0.25,2,69,10774,13592.884328626047,13592.884328626047,18073.976768746725
20260726,160,0.25,3,69,10784,13733.44857052595,13733.44857052595,17933.412526846823
20260726,160,0.25,4,69,10789,13674.051704462407,13674.051704462407,17992.809392910367
20260726,160,0.25,5,68,10632,13471.465122955215,13471.465122955215,18195.39597441756
20260726,160,0.25,6,68,10627,13484.046214137845,13484.046214137845,18182.81488323493
20260726,160,0.25,7,68,10624,13423.325359111916,13423.325359111916,18243.535738260856
20260726,192,0.3,0,192,29992,37996.16602613086,37996.16602613086,0.0
20260726,192,0.3,1,64,9996,12631.436265073844,12631.436265073844,25364.729761057013
20260726,192,0.3,2,64,9997,12648.395841200478,12648.395841200478,25347.770184930378
20260726,192,0.3,3,64,10001,12715.556215570543,12715.556215570543,25280.609810560316
20260726,192,0.3,4,64,10007,12660.23097798655,12660.23097798655,25335.935048144307
20260726,192,0.3,5,64,10007,12684.327331279064,12684.327331279064,25311.838694851795
20260726,192,0.3,6,64,10002,12722.44387048759,12722.44387048759,25273.722155643267
20260726,192,0.3,7,64,9998,12625.547036617583,12625.547036617583,25370.618989513274
20260726,224,0.35,0,224,34990,44355.539708225515,44355.539708225515,0.0
20260726,224,0.35,1,60,9369,11814.656036524146,11814.656036524146,32540.88367170137
20260726,224,0.35,2,60,9377,11895.08750150534,11895.08750150534,32460.452206720176
20260726,224,0.35,3,60,9376,11921.868369810913,11921.868369810913,32433.671338414602
20260726,224,0.35,4,59,9227,11655.487804191078,11655.487804191078,32700.051904034437
20260726,224,0.35,5,59,9225,11703.470057184835,11703.470057184835,32652.069651040678
20260726,224,0.35,6,59,9219,11697.290516180425,11697.290516180425,32658.249192045092
20260726,224,0.35,7,59,9217,11636.103745047116,11636.103745047116,32719.4359631784
20260726,256,0.4,0,256,39988,50635.94640428628,50635.94640428628,0.0
20260726,256,0.4,1,55,8587,10846.133563224512,10846.133563224512,39789.81284106177
20260726,256,0.4,2,55,8596,10954.451793995084,10954.451793995084,39681.4946102912
20260726,256,0.4,3,55,8598,10893.287244643367,10893.287244643367,39742.65915964291
20260726,256,0.4,4,55,8606,10870.905123827733,10870.905123827733,39765.04128045855
20260726,256,0.4,5,55,8597,10904.061199647309,10904.061199647309,39731.88520463897
20260726,256,0.4,6,55,8592,10919.33399486072,10919.33399486072,39716.612409425565
20260726,256,0.4,7,54,8436,10654.74969172395,10654.74969172395,39981.196712562334
20260726,288,0.45,0,288,44983,56961.33324332721,56961.33324332721,0.0
20260726,288,0.45,1,51,7972,10109.288136237827,10109.288136237827,46852.04510708938
20260726,288,0.45,2,51,7969,10149.04667892677,10149.04667892677,46812.286564400434
20260726,288,0.45,3,50,7818,9912.755913772276,9912.755913772276,47048.57732955493
20260726,288,0.45,4,50,7819,9936.640062672353,9936.640062672353,47024.69318065485
20260726,288,0.45,5,50,7817,9913.07807814523,9913.07807814523,47048.25516518198
20260726,288,0.45,6,50,7810,9908.638224449756,9908.638224449756,47052.69501887745
20260726,288,0.45,7,50,7812,9848.61117530794,9848.61117530794,47112.72206801927
20260726,320,0.5,0,320,49985,63301.0712291917,63301.0712291917,0.0
20260726,320,0.5,1,46,7186,9131.885531490812,9131.885531490812,54169.18569770089
20260726,320,0.5,2,46,7191,9108.220047336354,9108.220047336354,54192.851181855345
20260726,320,0.5,3,46,7195,9087.763421372852,9087.763421372852,54213.30780781885
20260726,320,0.5,4,46,7192,9122.98416761018,9122.98416761018,54178.08706158152
20260726,320,0.5,5,46,7191,9137.048408713517,9137.048408713517,54164.02282047818
20260726,320,0.5,6,45,7029,8936.18510549584,8936.18510549584,54364.88612369586
20260726,320,0.5,7,45,7031,8893.628304346521,8893.628304346521,54407.44292484518
20260727,80,0.125,0,80,12505,15813.148698623758,15813.148698623758,76.88842001733246
20260727,80,0.125,1,80,12503,15800.430205528752,15800.430205528752,89.60691311233859
20260727,80,0.125,2,80,12503,15798.303808308936,15798.303808308936,91.73331033215436
20260727,80,0.125,3,80,12500,15788.611526490544,15788.611526490544,101.42559215054644
20260727,80,0.125,4,80,12495,15788.377695422138,15788.377695422138,101.65942321895272
20260727,80,0.125,5,80,12504,15730.644168314295,15730.644168314295,159.39295032679547
20260727,80,0.125,6,80,12495,15869.86022709161,15869.86022709161,20.17689154947948
20260727,80,0.125,7,80,12495,15890.03711864109,15890.03711864109,0.0
20260727,88,0.1375,0,88,13754,17396.513285610574,17396.513285610574,0.0
20260727,88,0.1375,1,79,12348,15589.615541565927,15589.615541565927,1806.897744044647
20260727,88,0.1375,2,79,12349,15540.261696088353,15540.261696088353,1856.2515895222205
20260727,88,0.1375,3,79,12340,15634.705990207241,15634.705990207241,1761.8072954033323
20260727,88,0.1375,4,79,12340,15591.422871933155,15591.422871933155,1805.0904136774188
20260727,88,0.1375,5,79,12347,15549.167440072033,15549.167440072033,1847.3458455385407
20260727,88,0.1375,6,79,12339,15665.3345638084,15665.3345638084,1731.1787218021746
20260727,88,0.1375,7,78,12183,15499.82648629887,15499.82648629887,1896.686799311703
20260727,96,0.15,0,96,15003,18979.397360133604,18979.397360133604,0.0
20260727,96,0.15,1,78,12195,15415.949675277201,15415.949675277201,3563.4476848564027
20260727,96,0.15,2,78,12190,15319.766427311188,15319.766427311188,3659.630932822416
20260727,96,0.15,3,78,12184,15412.180812039123,15412.180812039123,3567.2165480944805
20260727,96,0.15,4,78,12184,15421.098950831123,15421.098950831123,3558.2984093024806
20260727,96,0.15,5,78,12191,15380.684466105165,15380.684466105165,3598.7128940284383
20260727,96,0.15,6,77,12026,15264.348515013697,15264.348515013697,3715.048845119907
20260727,96,0.15,7,77,12027,15299.096689274133,15299.096689274133,3680.300670859471
20260727,104,0.1625,0,104,16256,20572.877901076237,20572.877901076237,0.0
20260727,104,0.1625,1,77,12038,15208.584949128543,15208.584949128543,5364.292951947695
20260727,104,0.1625,2,77,12033,15135.188654455598,15135.188654455598,5437.689246620639
20260727,104,0.1625,3,77,12026,15207.592859028367,15207.592859028367,5365.28504204787
20260727,104,0.1625,4,77,12028,15232.671645801931,15232.671645801931,5340.206255274306
20260727,104,0.1625,5,76,11879,14981.221907209829,14981.221907209829,5591.655993866409
20260727,104,0.1625,6,76,11869,15045.975305314358,15045.975305314358,5526.90259576188
20260727,104,0.1625,7,76,11871,15106.813994154416,15106.813994154416,5466.063906921821
20260727,112,0.175,0,112,17508,22143.849614099203,22143.849614099203,0.0
20260727,112,0.175,1,76,11879,15028.280363018985,15028.280363018985,7115.569251080218
20260727,112,0.175,2,76,11877,14933.479264622554,14933.479264622554,7210.370349476649
20260727,112,0.175,3,76,11871,15020.305781792782,15020.305781792782,7123.543832306421
20260727,112,0.175,4,75,11714,14802.134963603818,14802.134963603818,7341.714650495385
20260727,112,0.175,5,75,11723,14794.969287931426,14794.969287931426,7348.880326167777
20260727,112,0.175,6,75,11714,14843.41590542245,14843.41590542245,7300.433708676754
20260727,112,0.175,7,75,11714,14909.898548728535,14909.898548728535,7233.9510653706675
20260727,120,0.1875,0,120,18757,23707.015320184495,23707.015320184495,0.0
20260727,120,0.1875,1,75,11724,14852.569279068,14852.569279068,8854.446041116495
20260727,120,0.1875,2,75,11720,14746.282455710398,14746.282455710398,8960.732864474097
20260727,120,0.1875,3,74,11561,14655.964423252835,14655.964423252835,9051.05089693166
20260727,120,0.1875,4,74,11556,14567.636174869514,14567.636174869514,9139.37914531498
20260727,120,0.1875,5,74,11567,14614.977862643147,14614.977862643147,9092.037457541348
20260727,120,0.1875,6,74,11558,14648.759667458482,14648.759667458482,9058.255652726013
20260727,120,0.1875,7,74,11557,14705.791506950818,14705.791506950818,9001.223813233677
20260727,128,0.2,0,128,20008,25290.841327594575,25290.841327594575,0.0
20260727,128,0.2,1,74,11567,14641.928104064367,14641.928104064367,10648.913223530208
20260727,128,0.2,2,73,11408,14377.53198261193,14377.53198261193,10913.309344982645
20260727,128,0.2,3,73,11403,14411.89586345391,14411.89586345391,10878.945464140665
20260727,128,0.2,4,73,11400,14367.848547191588,14367.848547191588,10922.992780402987
20260727,128,0.2,5,73,11412,14423.16654480628,14423.16654480628,10867.674782788295
20260727,128,0.2,6,73,11401,14461.574289370532,14461.574289370532,10829.267038224043
20260727,128,0.2,7,73,11401,14505.200680760341,14505.200680760341,10785.640646834234
20260727,136,0.2125,0,136,21257,26880.029341142006,26880.029341142006,0.0
20260727,136,0.2125,1,72,11256,14235.941414635521,14235.941414635521,12644.087926506485
20260727,136,0.2125,2,72,11251,14177.885256954994,14177.885256954994,12702.144084187012
20260727,136,0.2125,3,72,11246,14191.975122563897,14191.975122563897,12688.054218578109
20260727,136,0.2125,4,72,11245,14159.572192518455,14159.572192518455,12720.45714862355
20260727,136,0.2125,5,72,11255,14213.212224894836,14213.212224894836,12666.81711624717
20260727,136,0.2125,6,72,11245,14275.634285778731,14275.634285778731,12604.395055363275
20260727,136,0.2125,7,72,11245,14298.89005632582,14298.89005632582,12581.139284816187
20260727,144,0.225,0,144,22507,28453.01347541952,28453.01347541952,0.0
20260727,144,0.225,1,71,11099,14050.029411285375,14050.029411285375,14402.984064134145
20260727,144,0.225,2,71,11095,13979.021345055873,13979.021345055873,14473.992130363647
20260727,144,0.225,3,71,11090,13996.321818880804,13996.321818880804,14456.691656538716
20260727,144,0.225,4,71,11090,13980.214555675788,13980.214555675788,14472.798919743733
20260727,144,0.225,5,71,11098,14014.64104241543,14014.64104241543,14438.372433004091
20260727,144,0.225,6,71,11088,14061.985046668107,14061.985046668107,14391.028428751413
20260727,144,0.225,7,70,10933,13912.213879551786,13912.213879551786,14540.799595867735
20260727,152,0.2375,0,152,23756,30056.358443614507,30056.358443614507,0.0
20260727,152,0.2375,1,70,10942,13809.601200093419,13809.601200093419,16246.757243521088
20260727,152,0.2375,2,70,10940,13811.408967496971,13811.408967496971,16244.949476117536
20260727,152,0.2375,3,70,10934,13804.729750646533,13804.729750646533,16251.628692967974
20260727,152,0.2375,4,70,10935,13785.798283535647,13785.798283535647,16270.56016007886
20260727,152,0.2375,5,70,10941,13803.039280396462,13803.039280396462,16253.319163218044
20260727,152,0.2375,6,69,10775,13691.601292877289,13691.601292877289,16364.757150737218
20260727,152,0.2375,7,69,10777,13711.542852860055,13711.542852860055,16344.815590754451
20260727,160,0.25,0,160,25008,31606.972308507906,31606.972308507906,0.0
20260727,160,0.25,1,69,10783,13638.78436359166,13638.78436359166,17968.187944916244
20260727,160,0.25,2,69,10784,13584.986515906825,13584.986515906825,18021.98579260108
20260727,160,0.25,3,69,10778,13625.462197281662,13625.462197281662,17981.510111226242
20260727,160,0.25,4,69,10779,13572.763392704719,13572.763392704719,18034.20891580319
20260727,160,0.25,5,68,10628,13416.358778841388,13416.358778841388,18190.613529666516
20260727,160,0.25,6,68,10619,13503.852913579223,13503.852913579223,18103.119394928683
20260727,160,0.25,7,68,10621,13500.310422659553,13500.310422659553,18106.661885848353
20260727,192,0.3,0,192,30012,37898.07172593121,37898.07172593121,0.0
20260727,192,0.3,1,64,10002,12576.120169722848,12576.120169722848,25321.95155620836
20260727,192,0.3,2,64,9997,12666.215677082395,12666.215677082395,25231.856048848815
20260727,192,0.3,3,64,9996,12639.12389845133,12639.12389845133,25258.94782747988
20260727,192,0.3,4,64,10003,12605.637586098248,12605.637586098248,25292.43413983296
20260727,192,0.3,5,64,9998,12660.250761665919,12660.250761665919,25237.820964265287
20260727,192,0.3,6,64,9997,12710.006434760295,12710.006434760295,25188.06529117091
20260727,192,0.3,7,64,9995,12719.520477946498,12719.520477946498,25178.55124798471
20260727,224,0.35,0,224,35011,44267.95307451158,44267.95307451158,0.0
20260727,224,0.35,1,60,9378,11810.338295806187,11810.338295806187,32457.614778705392
20260727,224,0.35,2,60,9373,11875.458464889087,11875.458464889087,32392.49460962249
20260727,224,0.35,3,60,9369,11845.250173843478,11845.250173843478,32422.702900668097
20260727,224,0.35,4,59,9222,11603.647646651178,11603.647646651178,32664.3054278604
20260727,224,0.35,5,59,9216,11706.290799159135,11706.290799159135,32561.662275352443
20260727,224,0.35,6,59,9217,11730.423517428302,11730.423517428302,32537.529557083275
20260727,224,0.35,7,59,9214,11710.283723829803,11710.283723829803,32557.669350681776
20260727,256,0.4,0,256,40014,50556.66040928446,50556.66040928446,0.0
20260727,256,0.4,1,55,8593,10909.325601868095,10909.325601868095,39647.334807416366
20260727,256,0.4,2,55,8589,10818.490526811087,10818.490526811087,39738.16988247337
20260727,256,0.4,3,55,8590,10812.538376250142,10812.538376250142,39744.12203303431
20260727,256,0.4,4,55,8599,10836.060126110631,10836.060126110631,39720.60028317383
20260727,256,0.4,5,55,8590,10954.046764769831,10954.046764769831,39602.613644514626
20260727,256,0.4,6,55,8592,10888.67924500075,10888.67924500075,39667.98116428371
20260727,256,0.4,7,54,8433,10746.723886172289,10746.723886172289,39809.93652311217
20260727,288,0.45,0,288,45013,56944.922491599704,56944.922491599704,0.0
20260727,288,0.45,1,51,7966,10062.170227134775,10062.170227134775,46882.75226446493
20260727,288,0.45,2,51,7965,10066.89610177037,10066.89610177037,46878.026389829334
20260727,288,0.45,3,50,7814,9867.13307120281,9867.13307120281,47077.78942039689
20260727,288,0.45,4,50,7814,9895.760067080397,9895.760067080397,47049.16242451931
20260727,288,0.45,5,50,7809,9925.381478261428,9925.381478261428,47019.541013338276
20260727,288,0.45,6,50,7811,9881.995075463436,9881.995075463436,47062.92741613627
20260727,288,0.45,7,50,7808,9970.950076832958,9970.950076832958,46973.972414766744
20260727,320,0.5,0,320,50011,63261.54779327911,63261.54779327911,0.0
20260727,320,0.5,1,46,7185,9055.435351142754,9055.435351142754,54206.11244213636
20260727,320,0.5,2,46,7185,9082.942780327918,9082.942780327918,54178.60501295119
20260727,320,0.5,3,46,7189,9054.067742413632,9054.067742413632,54207.48005086548
20260727,320,0.5,4,46,7190,9107.960193134673,9107.960193134673,54153.58760014444
20260727,320,0.5,5,46,7182,9131.49550188669,9131.49550188669,54130.05229139242
20260727,320,0.5,6,45,7030,8877.968278801365,8877.968278801365,54383.579514477744
20260727,320,0.5,7,45,7028,9004.469676017752,9004.469676017752,54257.07811726136
20260728,80,0.125,0,80,12501,15882.66330219253,15882.66330219253,2.4576490535691846
20260728,80,0.125,1,80,12500,15885.1209512461,15885.1209512461,0.0
20260728,80,0.125,2,80,12504,15813.581301006212,15813.581301006212,71.53965023988712
20260728,80,0.125,3,80,12501,15813.260316514832,15813.260316514832,71.86063473126706
20260728,80,0.125,4,80,12497,15776.267620803015,15776.267620803015,108.8533304430839
20260728,80,0.125,5,80,12501,15867.102323804735,15867.102323804735,18.018627441364515
20260728,80,0.125,6,80,12500,15835.4994468563,15835.4994468563,49.621504389799156
20260728,80,0.125,7,80,12496,15865.030814865508,15865.030814865508,20.090136380591503
20260728,88,0.1375,0,88,13752,17453.649907913543,17453.649907913543,0.0
20260728,88,0.1375,1,79,12342,15683.208521280794,15683.208521280794,1770.4413866327486
20260728,88,0.1375,2,79,12351,15638.484805106855,15638.484805106855,1815.165102806688
20260728,88,0.1375,3,79,12342,15615.054883688308,15615.054883688308,1838.5950242252347
20260728,88,0.1375,4,79,12341,15592.094018042655,15592.094018042655,1861.5558898708878
20260728,88,0.1375,5,79,12344,15647.542825404984,15647.542825404984,1806.107082508559
20260728,88,0.1375,6,79,12345,15653.85925209433,15653.85925209433,1799.7906558192135
20260728,88,0.1375,7,78,12183,15461.845152459491,15461.845152459491,1991.8047554540517
20260728,96,0.15,0,96,15002,19043.485827129727,19043.485827129727,0.0
20260728,96,0.15,1,78,12188,15484.529750806585,15484.529750806585,3558.956076323142
20260728,96,0.15,2,78,12195,15455.580467025247,15455.580467025247,3587.9053601044798
20260728,96,0.15,3,78,12182,15364.649795894094,15364.649795894094,3678.8360312356326
20260728,96,0.15,4,78,12186,15408.823559172446,15408.823559172446,3634.662267957281
20260728,96,0.15,5,78,12188,15475.600742541752,15475.600742541752,3567.885084587975
20260728,96,0.15,6,77,12032,15245.300156104358,15245.300156104358,3798.1856710253687
20260728,96,0.15,7,77,12027,15273.20420095573,15273.20420095573,3770.281626173997
20260728,104,0.1625,0,104,16252,20615.842393860043,20615.842393860043,0.0
20260728,104,0.1625,1,77,12031,15313.50972117546,15313.50972117546,5302.332672684583
20260728,104,0.1625,2,77,12039,15249.350852248223,15249.350852248223,5366.49154161182
20260728,104,0.1625,3,77,12028,15135.53315696632,15135.53315696632,5480.309236893723
20260728,104,0.1625,4,77,12028,15206.742853267124,15206.742853267124,5409.099540592919
20260728,104,0.1625,5,76,11877,15116.69514476403,15116.69514476403,5499.147249096013
20260728,104,0.1625,6,76,11875,15015.965926652309,15015.965926652309,5599.876467207734
20260728,104,0.1625,7,76,11870,15072.22841235924,15072.22841235924,5543.613981500803
20260728,112,0.175,0,112,17502,22226.74879194609,22226.74879194609,0.0
20260728,112,0.175,1,76,11876,15091.150290600259,15091.150290600259,7135.598501345832
20260728,112,0.175,2,76,11881,15014.803865340215,15014.803865340215,7211.944926605876
20260728,112,0.175,3,76,11871,14957.579120895813,14957.579120895813,7269.169671050278
20260728,112,0.175,4,75,11716,14848.35563276093,14848.35563276093,7378.3931591851615
20260728,112,0.175,5,75,11721,14898.831104503037,14898.831104503037,7327.917687443054
20260728,112,0.175,6,75,11719,14825.049285925494,14825.049285925494,7401.699506020597
20260728,112,0.175,7,75,11714,14870.755380654979,14870.755380654979,7355.993411291112
20260728,120,0.1875,0,120,18753,23785.056738665553,23785.056738665553,0.0
20260728,120,0.1875,1,75,11720,14901.690848772252,14901.690848772252,8883.3658898933
20260728,120,0.1875,2,75,11722,14811.253048285806,14811.253048285806,8973.803690379747
20260728,120,0.1875,3,74,11561,14587.539171929497,14587.539171929497,9197.517566736056
20260728,120,0.1875,4,74,11558,14640.560876193864,14640.560876193864,9144.49586247169
20260728,120,0.1875,5,74,11565,14730.222708451276,14730.222708451276,9054.834030214277
20260728,120,0.1875,6,74,11564,14599.730640186144,14599.730640186144,9185.326098479409
20260728,120,0.1875,7,74,11557,14674.711922885554,14674.711922885554,9110.34481578
20260728,128,0.2,0,128,20003,25366.12415893795,25366.12415893795,0.0
20260728,128,0.2,1,74,11563,14670.417531257113,14670.417531257113,10695.706627680836
20260728,128,0.2,2,73,11411,14426.146283695085,14426.146283695085,10939.977875242865
20260728,128,0.2,3,73,11404,14401.711966120165,14401.711966120165,10964.412192817785
20260728,128,0.2,4,73,11402,14462.260814561629,14462.260814561629,10903.863344376321
20260728,128,0.2,5,73,11408,14492.542942440727,14492.542942440727,10873.581216497223
20260728,128,0.2,6,73,11408,14407.127551610942,14407.127551610942,10958.996607327008
20260728,128,0.2,7,73,11401,14487.971042151366,14487.971042151366,10878.153116786583
20260728,136,0.2125,0,136,21251,26951.900357854065,26951.900357854065,0.0
20260728,136,0.2125,1,72,11252,14273.566139359533,14273.566139359533,12678.334218494532
20260728,136,0.2125,2,72,11255,14219.148152193478,14219.148152193478,12732.752205660587
20260728,136,0.2125,3,72,11249,14237.863449747341,14237.863449747341,12714.036908106724
20260728,136,0.2125,4,72,11246,14274.401817945087,14274.401817945087,12677.498539908978
20260728,136,0.2125,5,72,11250,14300.00564611843,14300.00564611843,12651.894711735635
20260728,136,0.2125,6,72,11252,14201.410053738768,14201.410053738768,12750.490304115297
20260728,136,0.2125,7,72,11245,14296.54813576039,14296.54813576039,12655.352222093676
20260728,144,0.225,0,144,22500,28540.72732901095,28540.72732901095,0.0
20260728,144,0.225,1,71,11096,14080.767289987609,14080.767289987609,14459.960039023343
20260728,144,0.225,2,71,11098,14057.134458002789,14057.134458002789,14483.592871008163
20260728,144,0.225,3,71,11094,14049.646205310702,14049.646205310702,14491.081123700249
20260728,144,0.225,4,71,11090,14066.425949112108,14066.425949112108,14474.301379898843
20260728,144,0.225,5,71,11094,14107.351197171643,14107.351197171643,14433.376131839308
20260728,144,0.225,6,71,11096,14022.794220341093,14022.794220341093,14517.933108669858
20260728,144,0.225,7,70,10932,13901.217994564826,13901.217994564826,14639.509334446126
20260728,152,0.2375,0,152,23749,30145.530620806447,30145.530620806447,0.0
20260728,152,0.2375,1,70,10941,13852.875388215622,13852.875388215622,16292.655232590825
20260728,152,0.2375,2,70,10941,13837.41730974402,13837.41730974402,16308.113311062427
20260728,152,0.2375,3,70,10938,13878.96013240109,13878.96013240109,16266.570488405358
20260728,152,0.2375,4,70,10933,13850.692360585539,13850.692360585539,16294.838260220908
20260728,152,0.2375,5,70,10939,13912.630456813487,13912.630456813487,16232.90016399296
20260728,152,0.2375,6,69,10783,13626.054316753392,13626.054316753392,16519.476304053052
20260728,152,0.2375,7,69,10776,13691.523555929478,13691.523555929478,16454.00706487697
20260728,160,0.25,0,160,25001,31713.09923942264,31713.09923942264,0.0
20260728,160,0.25,1,69,10786,13668.45910569577,13668.45910569577,18044.64013372687
20260728,160,0.25,2,69,10781,13627.730985650222,13627.730985650222,18085.36825377242
20260728,160,0.25,3,69,10782,13671.286861562823,13671.286861562823,18041.812377859816
20260728,160,0.25,4,69,10776,13678.153760685916,13678.153760685916,18034.945478736725
20260728,160,0.25,5,68,10628,13504.45197581002,13504.45197581002,18208.64726361262
20260728,160,0.25,6,68,10627,13417.401967424983,13417.401967424983,18295.69727199766
20260728,160,0.25,7,68,10619,13495.785862571081,13495.785862571081,18217.31337685156
20260728,192,0.3,0,192,30004,38079.48089020085,38079.48089020085,0.0
20260728,192,0.3,1,64,10005,12627.80555257031,12627.80555257031,25451.675337630542
20260728,192,0.3,2,64,9997,12651.52891616322,12651.52891616322,25427.95197403763
20260728,192,0.3,3,64,9998,12626.509603294378,12626.509603294378,25452.971286906475
20260728,192,0.3,4,64,9997,12712.04293330855,12712.04293330855,25367.437956892303
20260728,192,0.3,5,64,10002,12668.495218585795,12668.495218585795,25410.985671615057
20260728,192,0.3,6,64,10002,12646.709516239009,12646.709516239009,25432.77137396184
20260728,192,0.3,7,64,9995,12708.164434894248,12708.164434894248,25371.3164553066
20260728,224,0.35,0,224,35003,44402.98497226698,44402.98497226698,0.0
20260728,224,0.35,1,60,9379,11852.038918505617,11852.038918505617,32550.946053761363
20260728,224,0.35,2,60,9374,11830.329300294743,11830.329300294743,32572.65567197224
20260728,224,0.35,3,60,9372,11868.626877310377,11868.626877310377,32534.358094956606
20260728,224,0.35,4,59,9219,11663.862826358685,11663.862826358685,32739.122145908295
20260728,224,0.35,5,59,9221,11709.024869914696,11709.024869914696,32693.960102352285
20260728,224,0.35,6,59,9217,11645.868313982373,11645.868313982373,32757.11665828461
20260728,224,0.35,7,59,9215,11720.96709687142,11720.96709687142,32682.017875395562
20260728,256,0.4,0,256,40009,50689.26658135331,50689.26658135331,0.0
20260728,256,0.4,1,55,8591,10886.828582126125,10886.828582126125,39802.437999227186
20260728,256,0.4,2,55,8593,10893.341943224124,10893.341943224124,39795.92463812919
20260728,256,0.4,3,55,8590,10900.11087582283,10900.11087582283,39789.15570553048
20260728,256,0.4,4,55,8596,10876.549729740133,10876.549729740133,39812.71685161318
20260728,256,0.4,5,55,8594,10882.94181865575,10882.94181865575,39806.32476269756
20260728,256,0.4,6,55,8593,10873.358831366602,10873.358831366602,39815.907749986705
20260728,256,0.4,7,54,8434,10732.741641020551,10732.741641020551,39956.52494033276
20260728,288,0.45,0,288,45007,57044.01110723796,57044.01110723796,0.0
20260728,288,0.45,1,51,7967,10015.548904840127,10015.548904840127,47028.46220239783
20260728,288,0.45,2,51,7967,10079.497747465708,10079.497747465708,46964.51335977225
20260728,288,0.45,3,50,7811,9959.626293893025,9959.626293893025,47084.384813344936
20260728,288,0.45,4,50,7815,9895.278795976126,9895.278795976126,47148.73231126183
20260728,288,0.45,5,50,7812,9840.531544806536,9840.531544806536,47203.47956243142
20260728,288,0.45,6,50,7811,9858.056001469657,9858.056001469657,47185.9551057683
20260728,288,0.45,7,50,7810,9939.107240984455,9939.107240984455,47104.9038662535
20260728,320,0.5,0,320,50006,63319.749159382976,63319.749159382976,0.0
20260728,320,0.5,1,46,7187,9121.971593014145,9121.971593014145,54197.77756636883
20260728,320,0.5,2,46,7185,9079.670140780185,9079.670140780185,54240.07901860279
20260728,320,0.5,3,46,7186,9128.569201681561,9128.569201681561,54191.17995770142
20260728,320,0.5,4,46,7190,9158.299674203266,9158.299674203266,54161.449485179706
20260728,320,0.5,5,46,7187,9064.04483594319,9064.04483594319,54255.704323439786
20260728,320,0.5,6,45,7031,8852.081658040006,8852.081658040006,54467.66750134297
20260728,320,0.5,7,45,7028,8950.274690563549,8950.274690563549,54369.474468819426
20260729,80,0.125,0,80,12505,15874.837958777169,15874.837958777169,0.0
20260729,80,0.125,1,80,12497,15852.611926807132,15852.611926807132,22.226031970036274
20260729,80,0.125,2,80,12493,15858.977098556614,15858.977098556614,15.860860220554969
20260729,80,0.125,3,80,12505,15819.502679043624,15819.502679043624,55.33527973354467
20260729,80,0.125,4,80,12502,15808.965976979203,15808.965976979203,65.87198179796542
20260729,80,0.125,5,80,12501,15788.862516974817,15788.862516974817,85.97544180235127
20260729,80,0.125,6,80,12498,15724.052774053034,15724.052774053034,150.78518472413452
20260729,80,0.125,7,80,12499,15807.940221283565,15807.940221283565,66.89773749360393
20260729,88,0.1375,0,88,13753,17490.81722545388,17490.81722545388,0.0
20260729,88,0.1375,1,79,12343,15652.179003585961,15652.179003585961,1838.6382218679191
20260729,88,0.1375,2,79,12337,15661.924905540503,15661.924905540503,1828.892319913377
20260729,88,0.1375,3,79,12350,15628.144509217824,15628.144509217824,1862.6727162360567
20260729,88,0.1375,4,79,12345,15602.423267130005,15602.423267130005,1888.3939583238753
20260729,88,0.1375,5,79,12344,15609.270509119835,15609.270509119835,1881.5467163340454
20260729,88,0.1375,6,79,12341,15547.786041775533,15547.786041775533,1943.0311836783476
20260729,88,0.1375,7,78,12187,15415.212063381892,15415.212063381892,2075.605162071988
20260729,96,0.15,0,96,15001,19062.226606348562,19062.226606348562,0.0
20260729,96,0.15,1,78,12189,15463.13486396736,15463.13486396736,3599.0917423812025
20260729,96,0.15,2,78,12179,15452.467766740392,15452.467766740392,3609.75883960817
20260729,96,0.15,3,78,12194,15422.381886569112,15422.381886569112,3639.8447197794503
20260729,96,0.15,4,78,12189,15389.589591922708,15389.589591922708,3672.6370144258544
20260729,96,0.15,5,78,12188,15386.783759599999,15386.783759599999,3675.442846748563
20260729,96,0.15,6,77,12029,15176.847766107592,15176.847766107592,3885.37884024097
20260729,96,0.15,7,77,12031,15211.26785373277,15211.26785373277,3850.958752615792
20260729,104,0.1625,0,104,16251,20638.372490691465,20638.372490691465,0.0
20260729,104,0.1625,1,77,12033,15262.462226965468,15262.462226965468,5375.910263725997
20260729,104,0.1625,2,77,12023,15239.890696003504,15239.890696003504,5398.481794687961
20260729,104,0.1625,3,77,12037,15214.388691544993,15214.388691544993,5423.983799146472
20260729,104,0.1625,4,77,12033,15157.370630934432,15157.370630934432,5481.001859757032
20260729,104,0.1625,5,76,11875,15005.672676611572,15005.672676611572,5632.699814079893
20260729,104,0.1625,6,76,11873,14975.848312966224,14975.848312966224,5662.524177725241
20260729,104,0.1625,7,76,11875,15011.183293206454,15011.183293206454,5627.189197485011
20260729,112,0.175,0,112,17502,22191.842915349305,22191.842915349305,0.0
20260729,112,0.175,1,76,11874,15091.452584003377,15091.452584003377,7100.390331345929
20260729,112,0.175,2,76,11868,15046.483808988887,15046.483808988887,7145.359106360418
20260729,112,0.175,3,76,11880,15066.405890638353,15066.405890638353,7125.437024710953
20260729,112,0.175,4,75,11721,14783.272816079725,14783.272816079725,7408.57009926958
20260729,112,0.175,5,75,11719,14805.194479527132,14805.194479527132,7386.648435822173
20260729,112,0.175,6,75,11718,14787.302428856012,14787.302428856012,7404.540486493293
20260729,112,0.175,7,75,11718,14811.677007302484,14811.677007302484,7380.165908046822
20260729,120,0.1875,0,120,18753,23768.239923950016,23768.239923950016,0.0
20260729,120,0.1875,1,75,11717,14888.273851691516,14888.273851691516,8879.9660722585
20260729,120,0.1875,2,75,11711,14879.79519719801,14879.79519719801,8888.444726752006
20260729,120,0.1875,3,74,11567,14676.282193203333,14676.282193203333,9091.957730746683
20260729,120,0.1875,4,74,11567,14574.355941365144,14574.355941365144,9193.883982584872
20260729,120,0.1875,5,74,11562,14619.633478412903,14619.633478412903,9148.606445537112
20260729,120,0.1875,6,74,11561,14579.962001568709,14579.962001568709,9188.277922381307
20260729,120,0.1875,7,74,11562,14623.181419207247,14623.181419207247,9145.058504742768
20260729,128,0.2,0,128,20004,25355.343416279455,25355.343416279455,0.0
20260729,128,0.2,1,74,11558,14670.345177715042,14670.345177715042,10684.998238564413
20260729,128,0.2,2,73,11402,14494.116719344438,14494.116719344438,10861.226696935017
20260729,128,0.2,3,73,11411,14465.767812080769,14465.767812080769,10889.575604198686
20260729,128,0.2,4,73,11409,14349.047991899844,14349.047991899844,11006.29542437961
20260729,128,0.2,5,73,11406,14423.817237339417,14423.817237339417,10931.526178940037
20260729,128,0.2,6,73,11404,14387.738203570347,14387.738203570347,10967.605212709108
20260729,128,0.2,7,73,11406,14422.735956425293,14422.735956425293,10932.607459854162
20260729,136,0.2125,0,136,21252,26930.66114593099,26930.66114593099,0.0
20260729,136,0.2125,1,72,11246,14255.626745874062,14255.626745874062,12675.034400056928
20260729,136,0.2125,2,72,11247,14298.616879463963,14298.616879463963,12632.044266467026
20260729,136,0.2125,3,72,11257,14281.953228062066,14281.953228062066,12648.707917868924
20260729,136,0.2125,4,72,11252,14161.66654381997,14161.66654381997,12768.994602111019
20260729,136,0.2125,5,72,11248,14206.005232194464,14206.005232194464,12724.655913736526
20260729,136,0.2125,6,72,11248,14192.544749574436,14192.544749574436,12738.116396356554
20260729,136,0.2125,7,72,11250,14228.205280610759,14228.205280610759,12702.455865320231
20260729,144,0.225,0,144,22501,28514.661009518597,28514.661009518597,0.0
20260729,144,0.225,1,71,11091,14074.109387221568,14074.109387221568,14440.55162229703
20260729,144,0.225,2,71,11091,14095.165857719505,14095.165857719505,14419.495151799092
20260729,144,0.225,3,71,11100,14051.577897842442,14051.577897842442,14463.083111676155
20260729,144,0.225,4,71,11097,13961.209389216894,13961.209389216894,14553.451620301703
20260729,144,0.225,5,71,11091,13999.852593584066,13999.852593584066,14514.80841593453
20260729,144,0.225,6,71,11091,14007.370718564063,14007.370718564063,14507.290290954534
20260729,144,0.225,7,70,10938,13826.782949096827,13826.782949096827,14687.87806042177
20260729,152,0.2375,0,152,23752,30111.199871120847,30111.199871120847,0.0
20260729,152,0.2375,1,70,10933,13875.137892600671,13875.137892600671,16236.061978520176
20260729,152,0.2375,2,70,10935,13896.687703277086,13896.687703277086,16214.51216784376
20260729,152,0.2375,3,70,10945,13841.916565138547,13841.916565138547,16269.2833059823
20260729,152,0.2375,4,70,10940,13767.296620194707,13767.296620194707,16343.90325092614
20260729,152,0.2375,5,70,10936,13830.805390264102,13830.805390264102,16280.394480856745
20260729,152,0.2375,6,69,10777,13629.684709134146,13629.684709134146,16481.515161986703
20260729,152,0.2375,7,69,10782,13614.88385222966,13614.88385222966,16496.316018891186
20260729,160,0.25,0,160,25002,31706.574203516164,31706.574203516164,0.0
20260729,160,0.25,1,69,10775,13685.638439039369,13685.638439039369,18020.935764476795
20260729,160,0.25,2,69,10782,13639.372560220978,13639.372560220978,18067.201643295186
20260729,160,0.25,3,69,10787,13654.652109245957,13654.652109245957,18051.92209427021
20260729,160,0.25,4,69,10784,13602.036890426161,13602.036890426161,18104.537313090004
20260729,160,0.25,5,68,10625,13388.550970167953,13388.550970167953,18318.023233348213
20260729,160,0.25,6,68,10619,13453.217044260722,13453.217044260722,18253.357159255444
20260729,160,0.25,7,68,10626,13410.323101227152,13410.323101227152,18296.25110228901
20260729,192,0.3,0,192,30001,38063.28315109018,38063.28315109018,0.0
20260729,192,0.3,1,64,9993,12653.58358146182,12653.58358146182,25409.699569628363
20260729,192,0.3,2,64,10006,12639.820924231646,12639.820924231646,25423.462226858537
20260729,192,0.3,3,64,10000,12638.694685182802,12638.694685182802,25424.588465907378
20260729,192,0.3,4,64,10006,12621.652015926556,12621.652015926556,25441.631135163625
20260729,192,0.3,5,64,10000,12592.911778482381,12592.911778482381,25470.3713726078
20260729,192,0.3,6,64,9993,12678.16977785535,12678.16977785535,25385.11337323483
20260729,192,0.3,7,64,10001,12614.88827709111,12614.88827709111,25448.394873999074
20260729,224,0.35,0,224,34997,44418.00565372146,44418.00565372146,0.0
20260729,224,0.35,1,60,9374,11912.969851675889,11912.969851675889,32505.035802045575
20260729,224,0.35,2,60,9377,11882.332113157767,11882.332113157767,32535.673540563694
20260729,224,0.35,3,60,9380,11826.388682850598,11826.388682850598,32591.616970870862
20260729,224,0.35,4,59,9220,11687.157631060529,11687.157631060529,32730.84802266093
20260729,224,0.35,5,59,9220,11560.993353152708,11560.993353152708,32857.01230056876
20260729,224,0.35,6,59,9211,11727.319409295835,11727.319409295835,32690.686244425626
20260729,224,0.35,7,59,9221,11606.38529849759,11606.38529849759,32811.62035522387
20260729,256,0.4,0,256,39994,50737.114097363774,50737.114097363774,0.0
20260729,256,0.4,1,55,8597,10855.495708127219,10855.495708127219,39881.61838923655
20260729,256,0.4,2,55,8599,10900.927596663563,10900.927596663563,39836.18650070021
20260729,256,0.4,3,55,8594,10820.437427776915,10820.437427776915,39916.67666958686
20260729,256,0.4,4,55,8595,10886.789810709364,10886.789810709364,39850.32428665441
20260729,256,0.4,5,55,8593,10757.564660100734,10757.564660100734,39979.54943726304
20260729,256,0.4,6,55,8587,10934.402930216474,10934.402930216474,39802.711167147296
20260729,256,0.4,7,54,8441,10623.17801480857,10623.17801480857,40113.9360825552
20260729,288,0.45,0,288,44995,57104.83897829245,57104.83897829245,0.0
20260729,288,0.45,1,51,7973,10108.295159154426,10108.295159154426,46996.54381913802
20260729,288,0.45,2,51,7969,10073.001824408304,10073.001824408304,47031.837153884146
20260729,288,0.45,3,50,7818,9845.629532535724,9845.629532535724,47259.20944575673
20260729,288,0.45,4,50,7809,9890.499232445223,9890.499232445223,47214.339745847225
20260729,288,0.45,5,50,7812,9820.815824224437,9820.815824224437,47284.02315406801
20260729,288,0.45,6,50,7808,9939.937605648456,9939.937605648456,47164.901372643995
20260729,288,0.45,7,50,7816,9853.233009777876,9853.233009777876,47251.605968514574
20260729,320,0.5,0,320,50000,63441.01798807484,63441.01798807484,0.0
20260729,320,0.5,1,46,7190,9079.053211691227,9079.053211691227,54361.96477638361
20260729,320,0.5,2,46,7187,9043.49364613085,9043.49364613085,54397.524341943994
20260729,320,0.5,3,46,7190,9125.361313785152,9125.361313785152,54315.65667428969
20260729,320,0.5,4,46,7188,9012.136457498527,9012.136457498527,54428.88153057631
20260729,320,0.5,5,46,7185,9075.530173466985,9075.530173466985,54365.487814607855
20260729,320,0.5,6,45,7027,8924.99367115955,8924.99367115955,54516.02431691529
20260729,320,0.5,7,45,7033,8878.585442777397,8878.585442777397,54562.432545297444
