seed,hot_zone_fraction_target,logical_request_count,service_operation_count,static_drive_makespan_s,adaptive_drive_makespan_s,static_system_drain_s,adaptive_system_drain_s,static_throughput_req_per_s,adaptive_throughput_req_per_s,throughput_improvement,drain_speedup,static_capacity_efficiency,adaptive_capacity_efficiency,static_stranded_capacity_share,adaptive_stranded_capacity_share,static_zone_work_max_mean_ratio,adaptive_zone_work_max_mean_ratio,static_hot_zone_work_share,static_ideal_lower_bound_s,adaptive_ideal_lower_bound_s,static_gap_to_ideal,adaptive_gap_to_ideal,static_productive_cycle_s,adaptive_productive_cycle_s,adaptive_max_estimated_work_s,static_max_estimated_work_s,estimated_bottleneck_reduction,boundary_displacement_levels,adaptive_layout_changed,hot_side_cut_1,hot_side_cut_2,hot_side_cut_3,left_zone_heights,right_zone_heights,active_reader_levels,shuttle_count,reader_count
20260710,0.125,10000,5098,21801.992594435946,21801.992594435946,21816.23068967404,21816.23068967404,0.4586736719905173,0.4586736719905173,1.0,1.0,0.9732756829758712,0.9732756829758712,0.026724317024128835,0.026724317024128835,1.027458116432558,1.027458116432558,0.12448105412380688,21233.206824451663,21233.206824451663,1.027458116432558,1.027458116432558,169865.6545956133,169865.6545956133,22670.674608322297,22670.674608322297,0.0,0,0.0,2,4,6,2/2/2/2,2/2/2/2,1/1/3/3/5/5/7/7,8,8
20260711,0.125,10000,5052,21466.86974586735,21466.86974586735,21481.669244614215,21481.669244614215,0.4658341024277715,0.4658341024277715,1.0,1.0,0.9758083138761092,0.9758083138761092,0.024191686123890773,0.024191686123890773,1.0247914326818928,1.0247914326818928,0.12290229229707482,20961.99144483127,20961.99144483127,1.0247914326818928,1.0247914326818928,167695.93155865016,167695.93155865016,22307.25950343502,22307.25950343502,0.0,0,0.0,2,4,6,2/2/2/2,2/2/2/2,1/1/3/3/5/5/7/7,8,8
20260712,0.125,10000,5105,21676.31773735061,21676.31773735061,21687.086301612624,21687.086301612624,0.46133296813457075,0.46133296813457075,1.0,1.0,0.98004361391777,0.98004361391777,0.019956386082230063,0.019956386082230063,1.0203627530436665,1.0203627530436665,0.122958722269759,21254.290434379,21254.290434379,1.0203627530436665,1.0203627530436665,170034.323475032,170034.323475032,22385.65941619661,22385.65941619661,0.0,0,0.0,2,4,6,2/2/2/2,2/2/2/2,1/1/3/3/5/5/7/7,8,8
20260713,0.125,10000,5055,21260.957826077472,21260.957826077472,21272.990407531106,21272.990407531106,0.4703456957021275,0.4703456957021275,1.0,1.0,0.9876760200927412,0.9876760200927412,0.012323979907258743,0.012323979907258743,1.0124777555155198,1.0124777555155198,0.1240809364964097,21010.822501181385,21010.822501181385,1.0124777555155198,1.0124777555155198,168086.58000945108,168086.58000945108,22111.388582410396,22111.388582410396,0.0,0,0.0,2,4,6,2/2/2/2,2/2/2/2,1/1/3/3/5/5/7/7,8,8
20260714,0.125,10000,5019,21203.46882032971,21203.46882032971,21216.544008299632,21216.544008299632,0.47162094489049283,0.47162094489049283,1.0,1.0,0.9852270091651517,0.9852270091651517,0.014772990834848305,0.014772990834848305,1.0149945045125859,1.0149945045125859,0.12558633003944297,20903.112198117866,20903.112198117866,1.0149945045125859,1.0149945045125859,167224.89758494293,167224.89758494293,22111.94954126924,22111.94954126924,0.0,0,0.0,2,4,6,2/2/2/2,2/2/2/2,1/1/3/3/5/5/7/7,8,8
20260715,0.125,10000,5074,21235.4432303298,21235.4432303298,21247.836714039076,21247.836714039076,0.47091082072246876,0.47091082072246876,1.0,1.0,0.9899043952225474,0.9899043952225474,0.010095604777452586,0.010095604777452586,1.0101985654636707,1.0101985654636707,0.12430832268733909,21033.32695219829,21033.32695219829,1.0101985654636707,1.0101985654636707,168266.61561758633,168266.61561758633,22048.53026062702,22048.53026062702,0.0,0,0.0,2,4,6,2/2/2/2,2/2/2/2,1/1/3/3/5/5/7/7,8,8
20260716,0.125,10000,5078,21397.20217812339,21397.20217812339,21414.741025241183,21414.741025241183,0.4673508207640367,0.4673508207640367,1.0,1.0,0.9847619361949738,0.9847619361949738,0.015238063805026252,0.015238063805026252,1.0154738554009355,1.0154738554009355,0.12570985957504288,21088.421835130444,21088.421835130444,1.0154738554009355,1.0154738554009355,168707.37468104356,168707.37468104356,22288.857259521483,22288.857259521483,0.0,0,0.0,2,4,6,2/2/2/2,2/2/2/2,1/1/3/3/5/5/7/7,8,8
20260717,0.125,10000,5074,21579.597378753868,21579.597378753868,21589.597378753868,21589.597378753868,0.4634006753919085,0.4634006753919085,1.0,1.0,0.9780189260901636,0.9780189260901636,0.021981073909836377,0.021981073909836377,1.0224751007607904,1.0224751007607904,0.12385624207106326,21115.03484308787,21115.03484308787,1.0224751007607904,1.0224751007607904,168920.27874470296,168920.27874470296,22570.575945956698,22570.575945956698,0.0,0,0.0,2,4,6,2/2/2/2,2/2/2/2,1/1/3/3/5/5/7/7,8,8
20260718,0.125,10000,5043,21186.47422904924,21186.47422904924,21201.394028547988,21201.394028547988,0.47199925253673314,0.47199925253673314,1.0,1.0,0.987099103641571,0.987099103641571,0.012900896358428941,0.012900896358428941,1.0130695046838107,1.0130695046838107,0.12493964825652637,20927.877041531476,20927.877041531476,1.0130695046838107,1.0130695046838107,167423.0163322518,167423.0163322518,22121.51625092366,22121.51625092366,0.0,0,0.0,2,4,6,2/2/2/2,2/2/2/2,1/1/3/3/5/5/7/7,8,8
20260719,0.125,10000,5096,21590.3302596402,21590.3302596402,21604.179883700348,21604.179883700348,0.4631703118823273,0.4631703118823273,1.0,1.0,0.979990411527702,0.979990411527702,0.020009588472297946,0.020009588472297946,1.0204181471950375,1.0204181471950375,0.1252082094536827,21171.889134946006,21171.889134946006,1.0204181471950375,1.0204181471950375,169375.11307956805,169375.11307956805,22580.633334500933,22580.633334500933,0.0,0,0.0,2,4,6,2/2/2/2,2/2/2/2,1/1/3/3/5/5/7/7,8,8
20260710,0.15,10000,5077,22675.36731048355,22675.36731048355,22692.14425283944,22692.14425283944,0.4410071891261792,0.4410071891261792,1.0,1.0,0.9330999989593193,0.9330999989593193,0.06690000104068072,0.06690000104068072,1.071696496747716,1.071696496747716,0.1339620620934645,21174.039778709204,21174.039778709204,1.071696496747716,1.071696496747716,169392.31822967363,169392.31822967363,23595.39558943369,23595.39558943369,0.0,0,0.0,2,4,6,2/2/2/2,2/2/2/2,1/1/3/3/5/5/7/7,8,8
20260711,0.15,10000,5049,22653.571555542327,22653.571555542327,22670.48884877541,22670.48884877541,0.44143149681637917,0.44143149681637917,1.0,1.0,0.925028247388966,0.925028247388966,0.07497175261103396,0.07497175261103396,1.0810480683402406,1.0810480683402406,0.13513100854253007,20970.842567233816,20970.842567233816,1.0810480683402406,1.0810480683402406,167766.74053787053,167766.74053787053,23668.326785281308,23668.326785281308,0.0,0,0.0,2,4,6,2/2/2/2,2/2/2/2,1/1/3/3/5/5/7/7,8,8
20260712,0.15,10000,5074,22350.675162784704,22350.675162784704,22365.675162784704,22365.675162784704,0.447413777309539,0.447413777309539,1.0,1.0,0.9434775698556922,0.9434775698556922,0.056522430144307856,0.056522430144307856,1.0599086103901263,1.0599086103901263,0.1324885762987658,21101.512850765925,21101.512850765925,1.0599086103901263,1.0599086103901263,168812.1028061274,168812.1028061274,23239.2641891731,23239.2641891731,0.0,0,0.0,2,4,6,2/2/2/2,2/2/2/2,1/1/3/3/5/5/7/7,8,8
20260713,0.15,10000,5052,22364.306056649402,22364.306056649402,22375.416332338624,22375.416332338624,0.4471410816266655,0.4471410816266655,1.0,1.0,0.93875288948604,0.93875288948604,0.06124711051396003,0.06124711051396003,1.065243059382211,1.065243059382211,0.13315538242277639,21004.986735436014,21004.986735436014,1.065243059382211,1.065243059382211,168039.8938834881,168039.8938834881,23318.610821386927,23318.610821386927,0.0,0,0.0,2,4,6,2/2/2/2,2/2/2/2,1/1/3/3/5/5/7/7,8,8
20260714,0.15,10000,5004,22584.10519539666,22584.10519539666,22593.030007426736,22593.030007426736,0.4427892942173467,0.4427892942173467,1.0,1.0,0.9222536247036979,0.9222536247036979,0.07774637529630209,0.07774637529630209,1.084300428010007,1.084300428010007,0.13553755350125088,20836.503817388722,20836.503817388722,1.084300428010007,1.084300428010007,166692.03053910978,166692.03053910978,23464.4400713711,23464.4400713711,0.0,0,0.0,2,4,6,2/2/2/2,2/2/2/2,1/1/3/3/5/5/7/7,8,8
20260715,0.15,10000,5061,22540.76617936627,22540.76617936627,22553.98171821339,22553.98171821339,0.4436406429322691,0.4436406429322691,1.0,1.0,0.9326146595785276,0.9326146595785276,0.06738534042147243,0.06738534042147243,1.0722542153175305,1.0722542153175305,0.13403177691469131,21034.173982271914,21034.173982271914,1.0722542153175305,1.0722542153175305,168273.3918581753,168273.3918581753,23599.13644402578,23599.13644402578,0.0,0,0.0,2,4,6,2/2/2/2,2/2/2/2,1/1/3/3/5/5/7/7,8,8
20260716,0.15,10000,5064,22680.502446313007,22680.502446313007,22694.692922503484,22694.692922503484,0.44090733984712155,0.44090733984712155,1.0,1.0,0.9268304322631092,0.9268304322631092,0.07316956773689076,0.07316956773689076,1.0789460134128606,1.0789460134128606,0.13486825167660757,21034.13205144243,21034.13205144243,1.0789460134128606,1.0789460134128606,168273.05641153944,168273.05641153944,23695.714743413122,23695.714743413122,0.0,0,0.0,2,4,6,2/2/2/2,2/2/2/2,1/1/3/3/5/5/7/7,8,8
20260717,0.15,10000,5080,22614.926563303274,22614.926563303274,22628.335084606533,22628.335084606533,0.4421858267816254,0.4421858267816254,1.0,1.0,0.9338063704622744,0.9338063704622744,0.06619362953772562,0.06619362953772562,1.0708858191928556,1.0708858191928556,0.13386072739910695,21130.48345496057,21130.48345496057,1.0708858191928556,1.0708858191928556,169043.86763968455,169043.86763968455,23491.616533717184,23491.616533717184,0.0,0,0.0,2,4,6,2/2/2/2,2/2/2/2,1/1/3/3/5/5/7/7,8,8
20260718,0.15,10000,5060,22489.92793028882,22489.92793028882,22502.815148333935,22502.815148333935,0.4446434880092378,0.4446434880092378,1.0,1.0,0.9344394274868562,0.9344394274868562,0.06556057251314389,0.06556057251314389,1.0701603234887753,1.0701603234887753,0.13377004043609692,21027.517704051716,21027.517704051716,1.0701603234887753,1.0701603234887753,168220.14163241372,168220.14163241372,23370.205128582544,23370.205128582544,0.0,0,0.0,2,4,6,2/2/2/2,2/2/2/2,1/1/3/3/5/5/7/7,8,8
20260719,0.15,10000,5089,22751.156052337883,22751.156052337883,22768.354047325352,22768.354047325352,0.4395381042174519,0.4395381042174519,1.0,1.0,0.928767101281162,0.928767101281162,0.07123289871883796,0.07123289871883796,1.0766961907033288,1.0766961907033288,0.1345870238379161,21146.49818947758,21146.49818947758,1.0766961907033288,1.0766961907033288,169171.98551582065,169171.98551582065,23682.745912702645,23682.745912702645,0.0,0,0.0,2,4,6,2/2/2/2,2/2/2/2,1/1/3/3/5/5/7/7,8,8
20260710,0.175,10000,5037,23912.30491375941,23912.30491375941,23929.0818561153,23929.0818561153,0.41819473430375537,0.41819473430375537,1.0,1.0,0.8789557011816627,0.8789557011816627,0.12104429881833739,0.12104429881833739,1.1377137649321873,1.1377137649321873,0.14221422061652342,21032.602921475223,21032.602921475223,1.1377137649321873,1.1377137649321873,168260.8233718018,168260.8233718018,24891.548291901272,24891.548291901272,0.0,0,0.0,2,4,6,2/2/2/2,2/2/2/2,1/1/3/3/5/5/7/7,8,8
20260711,0.175,10000,4997,23948.050017323552,23948.050017323552,23964.967310556636,23964.967310556636,0.41757053258057314,0.41757053258057314,1.0,1.0,0.8664086717567221,0.8664086717567221,0.13359132824327788,0.13359132824327788,1.1541897404747916,1.1541897404747916,0.14427371755934895,20763.45549623264,20763.45549623264,1.1541897404747916,1.1541897404747916,166107.64396986112,166107.64396986112,24976.878777873826,24976.878777873826,0.0,0,0.0,2,4,6,2/2/2/2,2/2/2/2,1/1/3/3/5/5/7/7,8,8
20260712,0.175,10000,5036,24013.35857435371,24013.35857435371,24028.35857435371,24028.35857435371,0.4164348759894007,0.4164348759894007,1.0,1.0,0.8723278474300612,0.8723278474300612,0.12767215256993886,0.12767215256993886,1.1463579925208967,1.1463579925208967,0.14329474906511208,20960.606312443626,20960.606312443626,1.1463579925208967,1.1463579925208967,167684.850499549,167684.850499549,24873.876000948894,24873.876000948894,0.0,0,0.0,2,4,6,2/2/2/2,2/2/2/2,1/1/3/3/5/5/7/7,8,8
20260713,0.175,10000,5005,23729.718178916122,23729.718178916122,23740.828454605344,23740.828454605344,0.4214125058124377,0.4214125058124377,1.0,1.0,0.8763052652706153,0.8763052652706153,0.1236947347293848,0.1236947347293848,1.1411548459556342,1.1411548459556342,0.14264435574445428,20804.212976657105,20804.212976657105,1.1411548459556342,1.1411548459556342,166433.70381325684,166433.70381325684,24781.39607023845,24781.39607023845,0.0,0,0.0,2,4,6,2/2/2/2,2/2/2/2,1/1/3/3/5/5/7/7,8,8
20260714,0.175,10000,4992,23925.003819028625,23925.003819028625,23933.9286310587,23933.9286310587,0.41797276504702385,0.41797276504702385,1.0,1.0,0.8681356392984015,0.8681356392984015,0.13186436070159846,0.13186436070159846,1.1518937303485972,1.1518937303485972,0.14398671629357465,20777.896433046462,20777.896433046462,1.1518937303485972,1.1518937303485972,166223.1714643717,166223.1714643717,24829.370415049223,24829.370415049223,0.0,0,0.0,2,4,6,2/2/2/2,2/2/2/2,1/1/3/3/5/5/7/7,8,8
20260715,0.175,10000,5039,23990.39878399159,23990.39878399159,24003.614322838708,24003.614322838708,0.4168334211548347,0.4168334211548347,1.0,1.0,0.870648302721603,0.870648302721603,0.129351697278397,0.129351697278397,1.148569401529929,1.148569401529929,0.14357117519124113,20898.70606936348,20898.70606936348,1.148569401529929,1.148569401529929,167189.64855490785,167189.64855490785,25016.483287346837,25016.483287346837,0.0,0,0.0,2,4,6,2/2/2/2,2/2/2/2,1/1/3/3/5/5/7/7,8,8
20260716,0.175,10000,5004,23829.116359584958,23829.116359584958,23842.993552567415,23842.993552567415,0.4196546715832217,0.4196546715832217,1.0,1.0,0.8730543110775957,0.8730543110775957,0.12694568892240435,0.12694568892240435,1.1454041143966376,1.1454041143966376,0.1431755142995797,20816.2283100643,20816.2283100643,1.1454041143966376,1.1454041143966376,166529.8264805144,166529.8264805144,24830.974910948895,24830.974910948895,0.0,0,0.0,2,4,6,2/2/2/2,2/2/2/2,1/1/3/3/5/5/7/7,8,8
20260717,0.175,10000,5057,23977.707592153693,23977.707592153693,23991.116113456952,23991.116113456952,0.41705404745499247,0.41705404745499247,1.0,1.0,0.8767572634536144,0.8767572634536144,0.12324273654638565,0.12324273654638565,1.1405665418281488,1.1405665418281488,0.1425708177285186,21034.38531083243,21034.38531083243,1.1405665418281488,1.1405665418281488,168275.08248665943,168275.08248665943,24885.250889489915,24885.250889489915,0.0,0,0.0,2,4,6,2/2/2/2,2/2/2/2,1/1/3/3/5/5/7/7,8,8
20260718,0.175,10000,5050,23696.18825550671,23696.18825550671,23709.075473551824,23709.075473551824,0.4220088012541899,0.4220088012541899,1.0,1.0,0.8852182124616462,0.8852182124616462,0.11478178753835377,0.11478178753835377,1.1296649638727658,1.1296649638727658,0.14120812048409573,20987.705409815804,20987.705409815804,1.1296649638727658,1.1296649638727658,167901.64327852643,167901.64327852643,24628.943443643137,24628.943443643137,0.0,0,0.0,2,4,6,2/2/2/2,2/2/2/2,1/1/3/3/5/5/7/7,8,8
20260719,0.175,10000,5077,24270.094627508875,24270.094627508875,24287.292622496345,24287.292622496345,0.4120297078967927,0.4120297078967927,1.0,1.0,0.8691572998761345,0.8691572998761345,0.1308427001238655,0.1308427001238655,1.1505397241011635,1.1505397241011635,0.14381746551264543,21109.477677070485,21109.477677070485,1.1505397241011635,1.1505397241011635,168875.82141656388,168875.82141656388,25279.628337270122,25279.628337270122,0.0,0,0.0,2,4,6,2/2/2/2,2/2/2/2,1/1/3/3/5/5/7/7,8,8
20260710,0.2,10000,4993,24803.81446658949,24803.81446658949,24820.59140894538,24820.59140894538,0.40316379617618525,0.40316379617618525,1.0,1.0,0.8390881663503388,0.8390881663503388,0.16091183364966122,0.16091183364966122,1.1917698760424142,1.1917698760424142,0.14897123450530178,20826.66453306295,20826.66453306295,1.1917698760424142,1.1917698760424142,166613.3162645036,166613.3162645036,25813.816293530344,25813.816293530344,0.0,0,0.0,2,4,6,2/2/2/2,2/2/2/2,1/1/3/3/5/5/7/7,8,8
20260711,0.2,10000,4978,24903.978550416778,24903.978550416778,24920.89584364986,24920.89584364986,0.40154226682116406,0.40154226682116406,1.0,1.0,0.8290358206686511,0.8290358206686511,0.17096417933134891,0.17096417933134891,1.2062204974369617,1.2062204974369617,0.1507775621796202,20660.31533753824,20660.31533753824,1.2062204974369617,1.2062204974369617,165282.5227003059,165282.5227003059,25983.28792372071,25983.28792372071,0.0,0,0.0,2,4,6,2/2/2/2,2/2/2/2,1/1/3/3/5/5/7/7,8,8
20260712,0.2,10000,5008,25071.33095263619,25071.33095263619,25088.569047874287,25088.569047874287,0.3988619518800825,0.3988619518800825,1.0,1.0,0.83261449468963,0.83261449468963,0.16738550531037003,0.16738550531037003,1.2010360213255302,1.2010360213255302,0.15012950266569128,20889.10624028174,20889.10624028174,1.2010360213255302,1.2010360213255302,167112.84992225392,167112.84992225392,26001.46182070541,26001.46182070541,0.0,0,0.0,2,4,6,2/2/2/2,2/2/2/2,1/1/3/3/5/5/7/7,8,8
20260713,0.2,10000,4952,24873.261275627472,24873.261275627472,24884.371551316694,24884.371551316694,0.4020381521018591,0.4020381521018591,1.0,1.0,0.8289340550616442,0.8289340550616442,0.17106594493835578,0.17106594493835578,1.2063685813048595,1.2063685813048595,0.15079607266310743,20627.503017693565,20627.503017693565,1.2063685813048595,1.2063685813048595,165020.02414154852,165020.02414154852,25987.854762330782,25987.854762330782,0.0,0,0.0,2,4,6,2/2/2/2,2/2/2/2,1/1/3/3/5/5/7/7,8,8
20260714,0.2,10000,4999,24970.471844640862,24970.471844640862,24979.39665667094,24979.39665667094,0.4004730091692757,0.4004730091692757,1.0,1.0,0.8329188368447491,0.8329188368447491,0.16708116315525084,0.16708116315525084,1.200597171974385,1.200597171974385,0.15007464649679814,20805.810008357974,20805.810008357974,1.200597171974385,1.200597171974385,166446.4800668638,166446.4800668638,25863.34991587438,25863.34991587438,0.0,0,0.0,2,4,6,2/2/2/2,2/2/2/2,1/1/3/3/5/5/7/7,8,8
20260715,0.2,10000,4979,25052.68233265154,25052.68233265154,25065.89787149866,25065.89787149866,0.39915885521634736,0.39915885521634736,1.0,1.0,0.8253773837898172,0.8253773837898172,0.17462261621018285,0.17462261621018285,1.2115669990960773,1.2115669990960773,0.15144587488700967,20688.82520752031,20688.82520752031,1.2115669990960773,1.2115669990960773,165510.60166016247,165510.60166016247,26073.435935313806,26073.435935313806,0.0,0,0.0,2,4,6,2/2/2/2,2/2/2/2,1/1/3/3/5/5/7/7,8,8
20260716,0.2,10000,4966,24698.017247221916,24698.017247221916,24711.894440204374,24711.894440204374,0.4048908015531012,0.4048908015531012,1.0,1.0,0.8356332875466637,0.8356332875466637,0.16436671245333634,0.16436671245333634,1.1966971815303107,1.1966971815303107,0.14958714769128884,20650.0815925741,20650.0815925741,1.1966971815303107,1.1966971815303107,165200.6527405928,165200.6527405928,25711.08173904241,25711.08173904241,0.0,0,0.0,2,4,6,2/2/2/2,2/2/2/2,1/1/3/3/5/5/7/7,8,8
20260717,0.2,10000,5003,24787.778337933076,24787.778337933076,24801.186859236335,24801.186859236335,0.40342461771561283,0.40342461771561283,1.0,1.0,0.8407790754330876,0.8407790754330876,0.15922092456691236,0.15922092456691236,1.1893730817276789,1.1893730817276789,0.14867163521595986,20852.31895715197,20852.31895715197,1.1893730817276789,1.1893730817276789,166818.55165721575,166818.55165721575,25724.894930963907,25724.894930963907,0.0,0,0.0,2,4,6,2/2/2/2,2/2/2/2,1/1/3/3/5/5/7/7,8,8
20260718,0.2,10000,4991,24726.62535446795,24726.62535446795,24740.703048703537,24740.703048703537,0.40442235269250204,0.40442235269250204,1.0,1.0,0.8399361767387724,0.8399361767387724,0.1600638232612276,0.1600638232612276,1.190566649817024,1.190566649817024,0.148820831227128,20780.61152855734,20780.61152855734,1.190566649817024,1.190566649817024,166244.89222845872,166244.89222845872,25762.172488362197,25762.172488362197,0.0,0,0.0,2,4,6,2/2/2/2,2/2/2/2,1/1/3/3/5/5/7/7,8,8
20260719,0.2,10000,5061,25095.765676468844,25095.765676468844,25112.963671456313,25112.963671456313,0.39847359625996764,0.39847359625996764,1.0,1.0,0.8371483112973708,0.8371483112973708,0.16285168870262928,0.16285168870262928,1.194531466533391,1.194531466533391,0.14931643331667388,21023.27512923187,21023.27512923187,1.194531466533391,1.194531466533391,168186.20103385497,168186.20103385497,26153.07361982177,26153.07361982177,0.0,0,0.0,2,4,6,2/2/2/2,2/2/2/2,1/1/3/3/5/5/7/7,8,8
20260710,0.225,10000,4953,25623.61085573802,25623.61085573802,25640.38779809391,25640.38779809391,0.39026505890603824,0.39026505890603824,1.0,1.0,0.8062822521685544,0.8062822521685544,0.1937177478314456,0.1937177478314456,1.2402604637649257,1.2402604637649257,0.15503255797061571,20673.38962032228,20673.38962032228,1.2402604637649257,1.2402604637649257,165387.11696257823,165387.11696257823,26678.785236062038,26678.785236062038,0.0,0,0.0,2,4,6,2/2/2/2,2/2/2/2,1/1/3/3/5/5/7/7,8,8
20260711,0.225,10000,4938,25742.606164030374,25742.606164030374,25759.523457263458,25759.523457263458,0.3884610569839195,0.3884610569839195,1.0,1.0,0.7962463922719325,0.7962463922719325,0.20375360772806755,0.20375360772806755,1.255892660495072,1.255892660495072,0.156986582561884,20510.927619490245,20510.927619490245,1.255892660495072,1.255892660495072,164087.42095592196,164087.42095592196,26828.6228425407,26828.6228425407,0.0,0,0.0,2,4,6,2/2/2/2,2/2/2/2,1/1/3/3/5/5/7/7,8,8
20260712,0.225,10000,5007,25829.97555941649,25829.97555941649,25847.213654654584,25847.213654654584,0.38714709493228433,0.38714709493228433,1.0,1.0,0.8084279719023797,0.8084279719023797,0.19157202809762033,0.19157202809762033,1.2369685794602283,1.2369685794602283,0.15462107243252854,20895.6105141599,20895.6105141599,1.2369685794602283,1.2369685794602283,167164.8841132792,167164.8841132792,26833.412271791232,26833.412271791232,0.0,0,0.0,2,4,6,2/2/2/2,2/2/2/2,1/1/3/3/5/5/7/7,8,8
20260713,0.225,10000,4930,25813.314808034454,25813.314808034454,25824.425083723676,25824.425083723676,0.3873969722357191,0.3873969722357191,1.0,1.0,0.793961014701265,0.793961014701265,0.20603898529873496,0.20603898529873496,1.2595076854954383,1.2595076854954383,0.1574384606869298,20503.58674355005,20503.58674355005,1.2595076854954383,1.2595076854954383,164028.6939484004,164028.6939484004,26943.211784480074,26943.211784480074,0.0,0,0.0,2,4,6,2/2/2/2,2/2/2/2,1/1/3/3/5/5/7/7,8,8
20260714,0.225,10000,4964,25757.59297480541,25757.59297480541,25766.517786835488,25766.517786835488,0.3882350346082967,0.3882350346082967,1.0,1.0,0.8009597515245762,0.8009597515245762,0.1990402484754238,0.1990402484754238,1.2485021851554503,1.2485021851554503,0.1560627731444313,20637.943684197326,20637.943684197326,1.2485021851554503,1.2485021851554503,165103.5494735786,165103.5494735786,26667.77922574229,26667.77922574229,0.0,0,0.0,2,4,6,2/2/2/2,2/2/2/2,1/1/3/3/5/5/7/7,8,8
20260715,0.225,10000,4922,25615.959691014425,25615.959691014425,25629.175229861543,25629.175229861543,0.39038162616674493,0.39038162616674493,1.0,1.0,0.7977073065840765,0.7977073065840765,0.2022926934159235,0.2022926934159235,1.253592629459766,1.253592629459766,0.15669907868247074,20444.58034258418,20444.58034258418,1.253592629459766,1.253592629459766,163556.64274067344,163556.64274067344,26639.383217083137,26639.383217083137,0.0,0,0.0,2,4,6,2/2/2/2,2/2/2/2,1/1/3/3/5/5/7/7,8,8
20260716,0.225,10000,4919,25676.922621928377,25676.922621928377,25690.438912655194,25690.438912655194,0.38945477023246894,0.38945477023246894,1.0,1.0,0.7975187677714539,0.7975187677714539,0.20248123222854605,0.20248123222854605,1.253888987207598,1.253888987207598,0.15673612340094975,20488.60718512858,20488.60718512858,1.253888987207598,1.253888987207598,163908.85748102865,163908.85748102865,26692.561856495755,26692.561856495755,0.0,0,0.0,2,4,6,2/2/2/2,2/2/2/2,1/1/3/3/5/5/7/7,8,8
20260717,0.225,10000,4965,25748.79519813576,25748.79519813576,25762.203719439018,25762.203719439018,0.38836768567424124,0.38836768567424124,1.0,1.0,0.80398064781373,0.80398064781373,0.19601935218627,0.19601935218627,1.2438110329139225,1.2438110329139225,0.1554763791142403,20712.313235463866,20712.313235463866,1.2438110329139225,1.2438110329139225,165698.50588371092,165698.50588371092,26651.575309596792,26651.575309596792,0.0,0,0.0,2,4,6,2/2/2/2,2/2/2/2,1/1/3/3/5/5/7/7,8,8
20260718,0.225,10000,4953,25748.730482468392,25748.730482468392,25762.80817670398,25762.80817670398,0.38836866177960605,0.38836866177960605,1.0,1.0,0.8006091981641624,0.8006091981641624,0.1993908018358376,0.1993908018358376,1.2490488521653895,1.2490488521653895,0.1561311065206737,20625.9411968081,20625.9411968081,1.2490488521653895,1.2490488521653895,165007.5295744648,165007.5295744648,26752.3126704424,26752.3126704424,0.0,0,0.0,2,4,6,2/2/2/2,2/2/2/2,1/1/3/3/5/5/7/7,8,8
20260719,0.225,10000,5003,26006.55422792277,26006.55422792277,26023.75222291024,26023.75222291024,0.3845184530160931,0.3845184530160931,1.0,1.0,0.7998946098507389,0.7998946098507389,0.20010539014926107,0.20010539014926107,1.2501646938046012,1.2501646938046012,0.15627058672557514,20816.259131197086,20816.259131197086,1.2501646938046012,1.2501646938046012,166530.0730495767,166530.0730495767,27077.010592261846,27077.010592261846,0.0,0,0.0,2,4,6,2/2/2/2,2/2/2/2,1/1/3/3/5/5/7/7,8,8
20260710,0.25,10000,4925,26288.24553499603,26288.24553499603,26305.02247735192,26305.02247735192,0.3803981512074503,0.3803981512074503,1.0,1.0,0.7806820308122525,0.7806820308122525,0.21931796918774749,0.21931796918774749,1.2809312377275552,1.2809312377275552,0.1601164047159444,20535.858368181045,20535.858368181045,1.2809312377275552,1.2809312377275552,164286.86694544836,164286.86694544836,27401.19022213832,27401.19022213832,0.0,0,0.0,2,4,6,2/2/2/2,2/2/2/2,1/1/3/3/5/5/7/7,8,8
20260711,0.25,10000,4892,26450.95626480137,26450.95626480137,26463.001377583325,26463.001377583325,0.3780581654549529,0.3780581654549529,1.0,1.0,0.7680257836756147,0.7680257836756147,0.2319742163243853,0.2319742163243853,1.3020396206156049,1.3020396206156049,0.1627549525769506,20324.267371427304,20324.267371427304,1.3020396206156049,1.3020396206156049,162594.13897141843,162594.13897141843,27587.95545899513,27587.95545899513,0.0,0,0.0,2,4,6,2/2/2/2,2/2/2/2,1/1/3/3/5/5/7/7,8,8
20260712,0.25,10000,4938,26561.481880106443,26561.481880106443,26578.71997534454,26578.71997534454,0.3764850186122193,0.3764850186122193,1.0,1.0,0.77609118880655,0.77609118880655,0.22390881119344994,0.22390881119344994,1.28850837945702,1.28850837945702,0.1610635474321275,20627.51038262154,20627.51038262154,1.28850837945702,1.28850837945702,165020.08306097233,165020.08306097233,27552.40077792688,27552.40077792688,0.0,0,0.0,2,4,6,2/2/2/2,2/2/2/2,1/1/3/3/5/5/7/7,8,8
20260713,0.25,10000,4869,26365.151454004666,26365.151454004666,26376.041178315445,26376.041178315445,0.3792885475149082,0.3792885475149082,1.0,1.0,0.7698668211526819,0.7698668211526819,0.23013317884731813,0.23013317884731813,1.2989259603404542,1.2989259603404542,0.16236574504255677,20306.03897654195,20306.03897654195,1.2989259603404542,1.2989259603404542,162448.3118123356,162448.3118123356,27487.53731844584,27487.53731844584,0.0,0,0.0,2,4,6,2/2/2/2,2/2/2/2,1/1/3/3/5/5/7/7,8,8
20260714,0.25,10000,4882,26316.451845131825,26316.451845131825,26325.3766571619,26325.3766571619,0.37999043559703355,0.37999043559703355,1.0,1.0,0.772053355002613,0.772053355002613,0.227946644997387,0.227946644997387,1.2952472695318,1.2952472695318,0.161905908691475,20324.59536986932,20324.59536986932,1.2952472695318,1.2952472695318,162596.76295895455,162596.76295895455,27229.659918724745,27229.659918724745,0.0,0,0.0,2,4,6,2/2/2/2,2/2/2/2,1/1/3/3/5/5/7/7,8,8
20260715,0.25,10000,4875,26333.543855255826,26333.543855255826,26346.759394102944,26346.759394102944,0.3797437995799465,0.3797437995799465,1.0,1.0,0.7692243688436986,0.7692243688436986,0.23077563115630143,0.23077563115630143,1.3000108167441502,1.3000108167441502,0.16250135209301877,20266.569366005624,20266.569366005624,1.3000108167441502,1.3000108167441502,162132.554928045,162132.554928045,27325.92625452468,27325.92625452468,0.0,0,0.0,2,4,6,2/2/2/2,2/2/2/2,1/1/3/3/5/5/7/7,8,8
20260716,0.25,10000,4896,26330.675668868153,26330.675668868153,26344.19195959497,26344.19195959497,0.37978516486849645,0.37978516486849645,1.0,1.0,0.7720200042246228,0.7720200042246228,0.22797999577537723,0.22797999577537723,1.2953032233981405,1.2953032233981405,0.16191290292476757,20338.24318794078,20338.24318794078,1.2953032233981405,1.2953032233981405,162705.94550352625,162705.94550352625,27421.382740634308,27421.382740634308,0.0,0,0.0,2,4,6,2/2/2/2,2/2/2/2,1/1/3/3/5/5/7/7,8,8
20260717,0.25,10000,4889,26242.315110372932,26242.315110372932,26255.723631676192,26255.723631676192,0.3810639403551423,0.3810639403551423,1.0,1.0,0.7772789049111354,0.7772789049111354,0.22272109508886465,0.22272109508886465,1.2865394823938106,1.2865394823938106,0.16081743529922632,20408.020112078688,20408.020112078688,1.2865394823938106,1.2865394823938106,163264.1608966295,163264.1608966295,27199.178285362275,27199.178285362275,0.0,0,0.0,2,4,6,2/2/2/2,2/2/2/2,1/1/3/3/5/5/7/7,8,8
20260718,0.25,10000,4907,26310.600696334706,26310.600696334706,26324.678390570294,26324.678390570294,0.3800749407212541,0.3800749407212541,1.0,1.0,0.7749292687996809,0.7749292687996809,0.22507073120031904,0.22507073120031904,1.2904403540583003,1.2904403540583003,0.16130504425728753,20399.7637765914,20399.7637765914,1.2904403540583003,1.2904403540583003,163198.1102127312,163198.1102127312,27308.903886705368,27308.903886705368,0.0,0,0.0,2,4,6,2/2/2/2,2/2/2/2,1/1/3/3/5/5/7/7,8,8
20260719,0.25,10000,4946,26760.140505721967,26760.140505721967,26771.604164869837,26771.604164869837,0.37369011563529564,0.37369011563529564,1.0,1.0,0.769218771307679,0.769218771307679,0.23078122869232093,0.23078122869232093,1.3000202768062858,1.3000202768062858,0.16250253460078573,20593.22046163672,20593.22046163672,1.3000202768062858,1.3000202768062858,164745.76369309376,164745.76369309376,27874.74785741293,27874.74785741293,0.0,0,0.0,2,4,6,2/2/2/2,2/2/2/2,1/1/3/3/5/5/7/7,8,8
20260710,0.275,10000,4866,26779.250283599245,26779.250283599245,26791.322965303505,26791.322965303505,0.3734234489053051,0.3734234489053051,1.0,1.0,0.7573818867088123,0.7573818867088123,0.24261811329118763,0.24261811329118763,1.3203378870670908,1.3203378870670908,0.16504223588338635,20291.262734886703,20291.262734886703,1.3203378870670908,1.3203378870670908,162330.10187909362,162330.10187909362,27915.707739394275,27915.707739394275,0.0,0,0.0,2,4,6,2/2/2/2,2/2/2/2,1/1/3/3/5/5/7/7,8,8
20260711,0.275,10000,4807,27105.497483379277,27105.497483379277,27117.54259616123,27117.54259616123,0.368928849438453,0.368928849438453,1.0,1.0,0.7376344773330032,0.7376344773330032,0.2623655226669968,0.2623655226669968,1.355685004876138,1.355685004876138,0.16946062560951725,20002.83435947484,20002.83435947484,1.355685004876138,1.355685004876138,160022.67487579872,160022.67487579872,28233.88196475954,28233.88196475954,0.0,0,0.0,2,4,6,2/2/2/2,2/2/2/2,1/1/3/3/5/5/7/7,8,8
20260712,0.275,10000,4870,27043.17347698472,27043.17347698472,27060.411572222816,27060.411572222816,0.3697790870775787,0.3697790870775787,1.0,1.0,0.7511198471321772,0.7511198471321772,0.2488801528678229,0.2488801528678229,1.331345462136386,1.331345462136386,0.16641818276704826,20325.6122034618,20325.6122034618,1.331345462136386,1.331345462136386,162604.8976276944,162604.8976276944,28088.969300243047,28088.969300243047,0.0,0,0.0,2,4,6,2/2/2/2,2/2/2/2,1/1/3/3/5/5/7/7,8,8
20260713,0.275,10000,4830,26863.192466229353,26863.192466229353,26874.08219054013,26874.08219054013,0.3722565742166105,0.3722565742166105,1.0,1.0,0.7503858061530968,0.7503858061530968,0.24961419384690323,0.24961419384690323,1.3326478083674946,1.3326478083674946,0.16658097604593683,20165.929829173037,20165.929829173037,1.3326478083674946,1.3326478083674946,161327.4386333843,161327.4386333843,27908.91976871248,27908.91976871248,0.0,0,0.0,2,4,6,2/2/2/2,2/2/2/2,1/1/3/3/5/5/7/7,8,8
20260714,0.275,10000,4811,26872.6312241069,26872.6312241069,26886.34801608685,26886.34801608685,0.37212582261126703,0.37212582261126703,1.0,1.0,0.7463706168684032,0.7463706168684032,0.25362938313159683,0.25362938313159683,1.3398169453612288,1.3398169453612288,0.1674771181701536,20067.18015410531,20067.18015410531,1.3398169453612288,1.3398169453612288,160537.44123284248,160537.44123284248,27777.359460579384,27777.359460579384,0.0,0,0.0,2,4,6,2/2/2/2,2/2/2/2,1/1/3/3/5/5/7/7,8,8
20260715,0.275,10000,4834,26948.478129763265,26948.478129763265,26961.693668610384,26961.693668610384,0.3710784687672397,0.3710784687672397,1.0,1.0,0.746643899953533,0.746643899953533,0.25335610004646697,0.25335610004646697,1.3393265518706232,1.3393265518706232,0.1674158189838279,20130.784110083736,20130.784110083736,1.3393265518706232,1.3393265518706232,161046.2728806699,161046.2728806699,28014.744841235646,28014.744841235646,0.0,0,0.0,2,4,6,2/2/2/2,2/2/2/2,1/1/3/3/5/5/7/7,8,8
20260716,0.275,10000,4855,26948.68648650525,26948.68648650525,26962.202777232065,26962.202777232065,0.37107559973312887,0.37107559973312887,1.0,1.0,0.7493363667828737,0.7493363667828737,0.25066363321712626,0.25066363321712626,1.334514170576427,1.334514170576427,0.16681427132205337,20203.759069554184,20203.759069554184,1.334514170576427,1.334514170576427,161630.07255643347,161630.07255643347,28063.18142684985,28063.18142684985,0.0,0,0.0,2,4,6,2/2/2/2,2/2/2/2,1/1/3/3/5/5/7/7,8,8
20260717,0.275,10000,4841,26816.978523664522,26816.978523664522,26830.38704496778,26830.38704496778,0.37289808735072616,0.37289808735072616,1.0,1.0,0.7528398775889725,0.7528398775889725,0.2471601224110275,0.2471601224110275,1.3283037067624217,1.3283037067624217,0.1660379633453027,20198.985298598298,20198.985298598298,1.3283037067624217,1.3283037067624217,161591.88238878638,161591.88238878638,27841.642014595956,27841.642014595956,0.0,0,0.0,2,4,6,2/2/2/2,2/2/2/2,1/1/3/3/5/5/7/7,8,8
20260718,0.275,10000,4842,27073.586327571913,27073.586327571913,27087.6640218075,27087.6640218075,0.3693636993269686,0.3693636993269686,1.0,1.0,0.7448274277949161,0.7448274277949161,0.2551725722050839,0.2551725722050839,1.34259287813894,1.34259287813894,0.1678241097673675,20175.635118335773,20175.635118335773,1.34259287813894,1.34259287813894,161405.08094668618,161405.08094668618,28069.056042191132,28069.056042191132,0.0,0,0.0,2,4,6,2/2/2/2,2/2/2/2,1/1/3/3/5/5/7/7,8,8
20260719,0.275,10000,4867,27340.288222124553,27340.288222124553,27351.751881272423,27351.751881272423,0.365760591796092,0.365760591796092,1.0,1.0,0.7413191963097677,0.7413191963097677,0.2586808036902323,0.2586808036902323,1.348946587351206,1.348946587351206,0.16861832341890076,20276.37872228905,20276.37872228905,1.348946587351206,1.348946587351206,162211.0297783124,162211.0297783124,28389.983376894,28389.983376894,0.0,0,0.0,2,4,6,2/2/2/2,2/2/2/2,1/1/3/3/5/5/7/7,8,8
20260710,0.3,10000,4789,27139.793385265122,27139.793385265122,27150.302157194947,27150.302157194947,0.36846264295546377,0.36846264295546377,1.0,1.0,0.7352324578218576,0.7352324578218576,0.2647675421781424,0.2647675421781424,1.360114055577092,1.360114055577092,0.1700142569471365,19961.783385640523,19961.783385640523,1.360114055577092,1.360114055577092,159694.2670851242,159694.2670851242,28317.00738500831,28317.00738500831,0.0,0,0.0,2,4,6,2/2/2/2,2/2/2/2,1/1/3/3/5/5/7/7,8,8
20260711,0.3,10000,4750,27391.04118067793,27391.04118067793,27400.888298472415,27400.888298472415,0.3650828726822607,0.3650828726822607,1.0,1.0,0.7216487435190923,0.7216487435190923,0.27835125648090775,0.27835125648090775,1.385715708619596,1.385715708619596,0.1732144635774495,19773.816611899616,19773.816611899616,1.385715708619596,1.385715708619596,158190.53289519693,158190.53289519693,28574.053090824706,28574.053090824706,0.0,0,0.0,2,4,6,2/2/2/2,2/2/2/2,1/1/3/3/5/5/7/7,8,8
20260712,0.3,10000,4801,27496.429194770266,27496.429194770266,27513.66729000836,27513.66729000836,0.3636835870274373,0.3636835870274373,1.0,1.0,0.7292806364538356,0.7292806364538356,0.27071936354616444,0.27071936354616444,1.3712142486910817,1.3712142486910817,0.1714017810863852,20065.184792436376,20065.184792436376,1.3712142486910817,1.3712142486910817,160521.478339491,160521.478339491,28506.17120149618,28506.17120149618,0.0,0,0.0,2,4,6,2/2/2/2,2/2/2/2,1/1/3/3/5/5/7/7,8,8
20260713,0.3,10000,4786,27376.713767039575,27376.713767039575,27387.603491350354,27387.603491350354,0.3652739362764418,0.3652739362764418,1.0,1.0,0.7300050429809625,0.7300050429809625,0.2699949570190376,0.2699949570190376,1.3698535504857856,1.3698535504857856,0.1712316938107232,19993.088663848772,19993.088663848772,1.3698535504857856,1.3698535504857856,159944.70931079017,159944.70931079017,28468.979584116845,28468.979584116845,0.0,0,0.0,2,4,6,2/2/2/2,2/2/2/2,1/1/3/3/5/5/7/7,8,8
20260714,0.3,10000,4740,27462.679995901795,27462.679995901795,27476.396787881746,27476.396787881746,0.36413052191163725,0.36413052191163725,1.0,1.0,0.7200436879418736,0.7200436879418736,0.2799563120581265,0.2799563120581265,1.3888046194229346,1.3888046194229346,0.17360057742786683,19784.20607450062,19784.20607450062,1.3888046194229346,1.3888046194229346,158273.64859600496,158273.64859600496,28415.501737985713,28415.501737985713,0.0,0,0.0,2,4,6,2/2/2/2,2/2/2/2,1/1/3/3/5/5/7/7,8,8
20260715,0.3,10000,4761,27583.20006730707,27583.20006730707,27596.415606154187,27596.415606154187,0.3625395159226822,0.3625395159226822,1.0,1.0,0.7202393056425787,0.7202393056425787,0.27976069435742135,0.27976069435742135,1.3884274187283159,1.3884274187283159,0.17355342734103948,19876.023214400513,19876.023214400513,1.3884274187283159,1.3884274187283159,159008.1857152041,159008.1857152041,28595.65686235766,28595.65686235766,0.0,0,0.0,2,4,6,2/2/2/2,2/2/2/2,1/1/3/3/5/5/7/7,8,8
20260716,0.3,10000,4791,27462.08756553471,27462.08756553471,27474.32064824148,27474.32064824148,0.364138377176764,0.364138377176764,1.0,1.0,0.7253832889263944,0.7253832889263944,0.2746167110736057,0.2746167110736057,1.378581524093356,1.378581524093356,0.1723226905116695,19929.41307283975,19929.41307283975,1.378581524093356,1.378581524093356,159435.304582718,159435.304582718,28584.090072285308,28584.090072285308,0.0,0,0.0,2,4,6,2/2/2/2,2/2/2/2,1/1/3/3/5/5/7/7,8,8
20260717,0.3,10000,4773,27268.66563557499,27268.66563557499,27278.111750863212,27278.111750863212,0.36672128125528425,0.36672128125528425,1.0,1.0,0.7313180992530769,0.7313180992530769,0.26868190074692316,0.26868190074692316,1.367394025966728,1.367394025966728,0.170924253245841,19948.976836854305,19948.976836854305,1.367394025966728,1.367394025966728,159591.81469483444,159591.81469483444,28339.559251563373,28339.559251563373,0.0,0,0.0,2,4,6,2/2/2/2,2/2/2/2,1/1/3/3/5/5/7/7,8,8
20260718,0.3,10000,4797,27512.17452764953,27512.17452764953,27526.25222188512,27526.25222188512,0.3634754493851467,0.3634754493851467,1.0,1.0,0.7266722393827596,0.7266722393827596,0.2733277606172404,0.2733277606172404,1.3761362355735605,1.3761362355735605,0.17201702944669506,20002.56334389192,20002.56334389192,1.3761362355735605,1.3761362355735605,160020.50675113537,160020.50675113537,28515.79649161097,28515.79649161097,0.0,0,0.0,2,4,6,2/2/2/2,2/2/2/2,1/1/3/3/5/5/7/7,8,8
20260719,0.3,10000,4817,27677.788108276258,27677.788108276258,27689.251767424128,27689.251767424128,0.36130054760444474,0.36130054760444474,1.0,1.0,0.7262000740470813,0.7262000740470813,0.27379992595291863,0.27379992595291863,1.377030980494182,1.377030980494182,0.17212887256177276,20107.93668381168,20107.93668381168,1.377030980494182,1.377030980494182,160863.49347049344,160863.49347049344,28717.763525515555,28717.763525515555,0.0,0,0.0,2,4,6,2/2/2/2,2/2/2/2,1/1/3/3/5/5/7/7,8,8
20260710,0.31,10000,4775,27313.257170681678,27313.257170681678,27323.765942611502,27323.765942611502,0.36612257328042513,0.36612257328042513,1.0,1.0,0.7293103338210578,0.7293103338210578,0.2706896661789422,0.2706896661789422,1.371158413128091,1.371158413128091,0.17139480164101137,19927.504860854446,19927.504860854446,1.371158413128091,1.371158413128091,159420.03888683557,159420.03888683557,28493.40407498325,28493.40407498325,0.0,0,0.0,2,4,6,2/2/2/2,2/2/2/2,1/1/3/3/5/5/7/7,8,8
20260711,0.31,10000,4709,27622.5224417161,27622.5224417161,27632.369559510586,27632.369559510586,0.3620234184296578,0.3620234184296578,1.0,1.0,0.7097268763771729,0.7097268763771729,0.29027312362282703,0.29027312362282703,1.4089927171766932,1.4089927171766932,0.17612408964708665,19611.435334371126,19611.435334371126,1.4089927171766932,1.4089927171766932,156891.482674969,156891.482674969,28842.397849220695,28842.397849220695,0.0,0,0.0,2,4,6,2/2/2/2,2/2/2/2,1/1/3/3/5/5/7/7,8,8
20260712,0.31,10000,4757,27706.7583955054,27706.7583955054,27723.996490743495,27723.996490743495,0.360922770439367,0.360922770439367,1.0,1.0,0.717526307033076,0.717526307033076,0.28247369296692404,0.28247369296692404,1.3936771240275974,1.3936771240275974,0.17420964050344967,19892.696818201137,19892.696818201137,1.3936771240275974,1.3936771240275974,159141.5745456091,159141.5745456091,28649.289345982394,28649.289345982394,0.0,0,0.0,2,4,6,2/2/2/2,2/2/2/2,1/1/3/3/5/5/7/7,8,8
20260713,0.31,10000,4744,27524.470977685884,27524.470977685884,27535.360701996662,27535.360701996662,0.3633130681460512,0.3633130681460512,1.0,1.0,0.7196406719035714,0.7196406719035714,0.28035932809642855,0.28035932809642855,1.3895823833230974,1.3895823833230974,0.17369779791538717,19815.565476692074,19815.565476692074,1.3895823833230974,1.3895823833230974,158524.5238135366,158524.5238135366,28654.88003349028,28654.88003349028,0.0,0,0.0,2,4,6,2/2/2/2,2/2/2/2,1/1/3/3/5/5/7/7,8,8
20260714,0.31,10000,4700,27600.18676940168,27600.18676940168,27613.90356138163,27613.90356138163,0.36231638878205974,0.36231638878205974,1.0,1.0,0.7109198516683924,0.7109198516683924,0.28908014833160756,0.28908014833160756,1.406628324772746,1.406628324772746,0.17582854059659325,19631.272223842723,19631.272223842723,1.406628324772746,1.406628324772746,157050.17779074179,157050.17779074179,28571.51468012203,28571.51468012203,0.0,0,0.0,2,4,6,2/2/2/2,2/2/2/2,1/1/3/3/5/5/7/7,8,8
20260715,0.31,10000,4739,27715.565043508173,27715.565043508173,27728.78058235529,27728.78058235529,0.3608080868747182,0.3608080868747182,1.0,1.0,0.7144114167163564,0.7144114167163564,0.28558858328364356,0.28558858328364356,1.3997536665865338,1.3997536665865338,0.17496920832331672,19809.75741965744,19809.75741965744,1.3997536665865338,1.3997536665865338,158478.0593572595,158478.0593572595,28741.82011962583,28741.82011962583,0.0,0,0.0,2,4,6,2/2/2/2,2/2/2/2,1/1/3/3/5/5/7/7,8,8
20260716,0.31,10000,4776,27620.292946408725,27620.292946408725,27632.526029115492,27632.526029115492,0.3620526407668037,0.3620526407668037,1.0,1.0,0.719241790085999,0.719241790085999,0.280758209914001,0.280758209914001,1.3903530270125588,1.3903530270125588,0.17379412837656985,19874.467485778987,19874.467485778987,1.3903530270125588,1.3903530270125588,158995.7398862319,158995.7398862319,28707.15545211392,28707.15545211392,0.0,0,0.0,2,4,6,2/2/2/2,2/2/2/2,1/1/3/3/5/5/7/7,8,8
20260717,0.31,10000,4746,27497.733947463235,27497.733947463235,27507.180062751457,27507.180062751457,0.3636663304367499,0.3636663304367499,1.0,1.0,0.7218470274750787,0.7218470274750787,0.2781529725249213,0.2781529725249213,1.3853350667631923,1.3853350667631923,0.17316688334539904,19855.976162518888,19855.976162518888,1.3853350667631923,1.3853350667631923,158847.8093001511,158847.8093001511,28562.091629884177,28562.091629884177,0.0,0,0.0,2,4,6,2/2/2/2,2/2/2/2,1/1/3/3/5/5/7/7,8,8
20260718,0.31,10000,4755,27643.10591111601,27643.10591111601,27657.183605351598,27657.183605351598,0.36175385038693286,0.36175385038693286,1.0,1.0,0.7174327483662982,0.7174327483662982,0.2825672516337018,0.2825672516337018,1.3938588700852446,1.3938588700852446,0.17423235876065557,19842.169246058722,19842.169246058722,1.3938588700852446,1.3938588700852446,158737.35396846978,158737.35396846978,28653.801854142297,28653.801854142297,0.0,0,0.0,2,4,6,2/2/2/2,2/2/2/2,1/1/3/3/5/5/7/7,8,8
20260719,0.31,10000,4809,27867.689070812157,27867.689070812157,27879.152729960028,27879.152729960028,0.35883850916342114,0.35883850916342114,1.0,1.0,0.7207540284006126,0.7207540284006126,0.2792459715993873,0.2792459715993873,1.3874358804751288,1.3874358804751288,0.1734294850593911,20094.01163851463,20094.01163851463,1.3874358804751288,1.3874358804751288,160752.09310811703,160752.09310811703,28893.423373385227,28893.423373385227,0.0,0,0.0,2,4,6,2/2/2/2,2/2/2/2,1/1/3/3/5/5/7/7,8,8
20260710,0.32,10000,4747,27413.451338697156,27413.451338697156,27423.96011062698,27423.96011062698,0.3647844219412052,0.3647844219412052,1.0,1.0,0.7223127021372371,0.7223127021372371,0.2776872978627629,0.2776872978627629,1.3844419418918141,1.3844419418918141,0.17305524273647677,19808.674730810777,19808.674730810777,1.3844419418918141,1.3844419418918141,158469.39784648622,158469.39784648622,28623.589888642397,28623.589888642397,0.0,0,0.0,2,4,6,2/2/2/2,2/2/2/2,1/1/3/3/5/5/7/7,8,8
20260711,0.32,10000,4683,27761.586922381666,27761.586922381666,27771.43404017615,27771.43404017615,0.36020995586307425,0.36020995586307425,1.0,1.0,0.7022577888451581,0.7022577888451581,0.2977422111548419,0.2977422111548419,1.4239785102910285,1.4239785102910285,0.17799731378637856,19502.70586211326,19502.70586211326,1.4239785102910285,1.4239785102910285,156021.64689690608,156021.64689690608,28979.741557616686,28979.741557616686,0.0,0,0.0,2,4,6,2/2/2/2,2/2/2/2,1/1/3/3/5/5/7/7,8,8
20260712,0.32,10000,4713,27823.699063075866,27823.699063075866,27840.937158313962,27840.937158313962,0.35940584238386725,0.35940584238386725,1.0,1.0,0.7074575797044362,0.7074575797044362,0.2925424202955637,0.2925424202955637,1.4135123132298377,1.4135123132298377,0.17668903915372972,19696.2820187241,19696.2820187241,1.4135123132298377,1.4135123132298377,157570.2561497928,157570.2561497928,28777.369896483648,28777.369896483648,0.0,0,0.0,2,4,6,2/2/2/2,2/2/2/2,1/1/3/3/5/5/7/7,8,8
20260713,0.32,10000,4728,27738.07304069913,27738.07304069913,27748.96276500991,27748.96276500991,0.3605153099614144,0.3605153099614144,1.0,1.0,0.7119701389952242,0.7119701389952242,0.28802986100477584,0.28802986100477584,1.404553288444458,1.404553288444458,0.17556916105555725,19756.432876777406,19756.432876777406,1.404553288444458,1.404553288444458,158051.46301421925,158051.46301421925,28802.547400156946,28802.547400156946,0.0,0,0.0,2,4,6,2/2/2/2,2/2/2/2,1/1/3/3/5/5/7/7,8,8
20260714,0.32,10000,4679,27715.177048431964,27715.177048431964,27728.893840411914,27728.893840411914,0.36081313796138165,0.36081313796138165,1.0,1.0,0.7048691121964588,0.7048691121964588,0.29513088780354124,0.29513088780354124,1.4187031077072978,1.4187031077072978,0.17733788846341222,19545.240783481,19545.240783481,1.4187031077072978,1.4187031077072978,156361.926267848,156361.926267848,28715.452373480424,28715.452373480424,0.0,0,0.0,2,4,6,2/2/2/2,2/2/2/2,1/1/3/3/5/5/7/7,8,8
20260715,0.32,10000,4714,27864.776563199597,27864.776563199597,27874.142477986563,27874.142477986563,0.358876016009645,0.358876016009645,1.0,1.0,0.707372772936061,0.707372772936061,0.292627227063939,0.292627227063939,1.4136817789145941,1.4136817789145941,0.17671022236432427,19717.4094578682,19717.4094578682,1.4136817789145941,1.4136817789145941,157739.2756629456,157739.2756629456,28900.397260728587,28900.397260728587,0.0,0,0.0,2,4,6,2/2/2/2,2/2/2/2,1/1/3/3/5/5/7/7,8,8
20260716,0.32,10000,4740,27769.858633057345,27769.858633057345,27782.091715764112,27782.091715764112,0.36010266138322944,0.36010266138322944,1.0,1.0,0.7102653552979863,0.7102653552979863,0.2897346447020137,0.2897346447020137,1.4079245067225021,1.4079245067225021,0.17599056334031277,19732.657243418438,19732.657243418438,1.4079245067225021,1.4079245067225021,157861.2579473475,157861.2579473475,28885.19875863021,28885.19875863021,0.0,0,0.0,2,4,6,2/2/2/2,2/2/2/2,1/1/3/3/5/5/7/7,8,8
20260717,0.32,10000,4717,27722.75691574883,27722.75691574883,27732.20303103705,27732.20303103705,0.3607144855899656,0.3607144855899656,1.0,1.0,0.7113797152457408,0.7113797152457408,0.28862028475425916,0.28862028475425916,1.4057190253935725,1.4057190253935725,0.17571487817419656,19728.126695356208,19728.126695356208,1.4057190253935725,1.4057190253935725,157825.01356284966,157825.01356284966,28799.838916799556,28799.838916799556,0.0,0,0.0,2,4,6,2/2/2/2,2/2/2/2,1/1/3/3/5/5/7/7,8,8
20260718,0.32,10000,4728,27784.952043528217,27784.952043528217,27799.029737763805,27799.029737763805,0.3599070455235585,0.3599070455235585,1.0,1.0,0.7099693848533867,0.7099693848533867,0.29003061514661327,0.29003061514661327,1.408511439132698,1.408511439132698,0.17606392989158726,19736.460042441173,19736.460042441173,1.408511439132698,1.408511439132698,157891.68033952938,157891.68033952938,28793.732028703704,28793.732028703704,0.0,0,0.0,2,4,6,2/2/2/2,2/2/2/2,1/1/3/3/5/5/7/7,8,8
20260719,0.32,10000,4777,27945.404105067264,27945.404105067264,27962.22114767378,27962.22114767378,0.35784059383799455,0.35784059383799455,1.0,1.0,0.7133487837246497,0.7133487837246497,0.28665121627535023,0.28665121627535023,1.4018387958533292,1.4018387958533292,0.17522984948166614,19946.81644593277,19946.81644593277,1.4018387958533292,1.4018387958533292,159574.53156746217,159574.53156746217,29000.090040051895,29000.090040051895,0.0,0,0.0,2,4,6,2/2/2/2,2/2/2/2,1/1/3/3/5/5/7/7,8,8
20260710,0.33,10000,4717,27640.13842111111,27640.13842111111,27647.13842111111,27647.13842111111,0.36179268886591953,0.36179268886591953,1.0,1.0,0.7121544466432124,0.7121544466432124,0.28784555335678763,0.28784555335678763,1.4041897859566375,1.4041897859566375,0.17552372324457968,19689.03256355468,19689.03256355468,1.4041897859566375,1.4041897859566375,157512.26050843744,157512.26050843744,28850.716601925604,28850.716601925604,0.0,0,0.0,2,4,6,2/2/2/2,2/2/2/2,1/1/3/3/5/5/7/7,8,8
20260711,0.33,10000,4669,27928.461206014304,27928.461206014304,27938.30832380879,27938.30832380879,0.3580576790906952,0.3580576790906952,1.0,1.0,0.6963513877154927,0.6963513877154927,0.30364861228450735,0.30364861228450735,1.4360565910275296,1.4360565910275296,0.1795070738784412,19454.87977170755,19454.87977170755,1.4360565910275296,1.4360565910275296,155639.0381736604,155639.0381736604,29123.581506614177,29123.581506614177,0.0,0,0.0,2,4,6,2/2/2/2,2/2/2/2,1/1/3/3/5/5/7/7,8,8
20260712,0.33,10000,4706,27900.91851173997,27900.91851173997,27918.156606978064,27918.156606978064,0.35841113961148857,0.35841113961148857,1.0,1.0,0.7033649225715974,0.7033649225715974,0.29663507742840256,0.29663507742840256,1.4217370925235575,1.4217370925235575,0.1777171365654447,19636.652060208857,19636.652060208857,1.4217370925235575,1.4217370925235575,157093.21648167085,157093.21648167085,28884.036563150315,28884.036563150315,0.0,0,0.0,2,4,6,2/2/2/2,2/2/2/2,1/1/3/3/5/5/7/7,8,8
20260713,0.33,10000,4703,28029.892845984225,28029.892845984225,28040.782570295003,28040.782570295003,0.3567619774698024,0.3567619774698024,1.0,1.0,0.7006605742978416,0.7006605742978416,0.29933942570215843,0.29933942570215843,1.427224588742042,1.427224588742042,0.17840307359275526,19647.070819463803,19647.070819463803,1.427224588742042,1.427224588742042,157176.56655571042,157176.56655571042,29110.689851034138,29110.689851034138,0.0,0,0.0,2,4,6,2/2/2/2,2/2/2/2,1/1/3/3/5/5/7/7,8,8
20260714,0.33,10000,4681,27918.347077980445,27918.347077980445,27932.063869960395,27932.063869960395,0.35818739454984166,0.35818739454984166,1.0,1.0,0.7001338546917893,0.7001338546917893,0.29986614530821065,0.29986614530821065,1.4282983079574358,1.4282983079574358,0.17853728849467948,19556.18354677263,19556.18354677263,1.4282983079574358,1.4282983079574358,156449.46837418104,156449.46837418104,28912.918152037997,28912.918152037997,0.0,0,0.0,2,4,6,2/2/2/2,2/2/2/2,1/1/3/3/5/5/7/7,8,8
20260715,0.33,10000,4700,28058.938127879068,28058.938127879068,28068.304042666034,28068.304042666034,0.3563926743921968,0.3563926743921968,1.0,1.0,0.699405719895942,0.699405719895942,0.300594280104058,0.300594280104058,1.4297852756319758,1.4297852756319758,0.17872315945399697,19631.132395219018,19631.132395219018,1.4297852756319758,1.4297852756319758,157049.05916175214,157049.05916175214,29095.222872132097,29095.222872132097,0.0,0,0.0,2,4,6,2/2/2/2,2/2/2/2,1/1/3/3/5/5/7/7,8,8
20260716,0.33,10000,4697,27906.588829170585,27906.588829170585,27918.821911877352,27918.821911877352,0.35833831433912344,0.35833831433912344,1.0,1.0,0.7006086146295685,0.7006086146295685,0.2993913853704316,0.2993913853704316,1.4273304368784108,1.4273304368784108,0.17841630460980135,19560.16714177003,19560.16714177003,1.4273304368784108,1.4273304368784108,156481.33713416025,156481.33713416025,29069.775899732966,29069.775899732966,0.0,0,0.0,2,4,6,2/2/2/2,2/2/2/2,1/1/3/3/5/5/7/7,8,8
20260717,0.33,10000,4700,27928.492815015503,27928.492815015503,27937.938930303724,27937.938930303724,0.3580572738470008,0.3580572738470008,1.0,1.0,0.7035467317024643,0.7035467317024643,0.2964532682975357,0.2964532682975357,1.42136969008465,1.42136969008465,0.17767121126058125,19655.645624918227,19655.645624918227,1.42136969008465,1.42136969008465,157245.1649993458,157245.1649993458,29041.785178954946,29041.785178954946,0.0,0,0.0,2,4,6,2/2/2/2,2/2/2/2,1/1/3/3/5/5/7/7,8,8
20260718,0.33,10000,4702,27982.724784963928,27982.724784963928,27994.26864461305,27994.26864461305,0.35736334030534944,0.35736334030534944,1.0,1.0,0.7019883154050536,0.7019883154050536,0.2980116845949464,0.2980116845949464,1.4245251353264918,1.4245251353264918,0.17806564191581148,19651.649486828428,19651.649486828428,1.4245251353264918,1.4245251353264918,157213.19589462742,157213.19589462742,28973.15914386661,28973.15914386661,0.0,0,0.0,2,4,6,2/2/2/2,2/2/2/2,1/1/3/3/5/5/7/7,8,8
20260719,0.33,10000,4743,28069.996734395892,28069.996734395892,28086.813777002408,28086.813777002408,0.35625226802204735,0.35625226802204735,1.0,1.0,0.7042949487819551,0.7042949487819551,0.2957050512180449,0.2957050512180449,1.419859679143593,1.419859679143593,0.1774824598929491,19781.40107052222,19781.40107052222,1.419859679143593,1.419859679143593,158251.20856417777,158251.20856417777,29106.756706718563,29106.756706718563,0.0,0,0.0,2,4,6,2/2/2/2,2/2/2/2,1/1/3/3/5/5/7/7,8,8
20260710,0.34,10000,4685,27854.759804918656,27854.759804918656,27861.759804918656,27861.759804918656,0.35900507022983474,0.35900507022983474,1.0,1.0,0.7031736467364017,0.7031736467364017,0.29682635326359824,0.29682635326359824,1.4221238304951285,1.4221238304951285,0.17776547881189106,19591.65524651835,19591.65524651835,1.4221238304951285,1.4221238304951285,156733.2419721468,156733.2419721468,29038.406874983248,29038.406874983248,0.0,0,0.0,2,4,6,2/2/2/2,2/2/2/2,1/1/3/3/5/5/7/7,8,8
20260711,0.34,10000,4672,28105.096676727255,28105.096676727255,28114.94379452174,28114.94379452174,0.35580735106599415,0.35580735106599415,1.0,1.0,0.6925222639547663,0.6925222639547663,0.3074777360452337,0.3074777360452337,1.443996896633084,1.443996896633084,0.1804996120791355,19470.224527543203,19470.224527543203,1.443996896633084,1.443996896633084,155761.79622034563,155761.79622034563,29312.304122633348,29312.304122633348,0.0,0,0.0,2,4,6,2/2/2/2,2/2/2/2,1/1/3/3/5/5/7/7,8,8
20260712,0.34,10000,4694,28109.40083057645,28109.40083057645,28120.146573698337,28120.146573698337,0.3557528693077776,0.3557528693077776,1.0,1.0,0.6968181670980156,0.6968181670980156,0.3031818329019844,0.3031818329019844,1.4350946160956484,1.4350946160956484,0.17938682701195605,19594.62899401202,19594.62899401202,1.4350946160956484,1.4350946160956484,156757.03195209615,156757.03195209615,29103.30613357638,29103.30613357638,0.0,0,0.0,2,4,6,2/2/2/2,2/2/2/2,1/1/3/3/5/5/7/7,8,8
20260713,0.34,10000,4663,28131.309783086035,28131.309783086035,28142.199507396814,28142.199507396814,0.35547580532537115,0.35547580532537115,1.0,1.0,0.6927208123960961,0.6927208123960961,0.307279187603904,0.307279187603904,1.44358301657061,1.44358301657061,0.18044787707132626,19494.687305376934,19494.687305376934,1.44358301657061,1.44358301657061,155957.49844301547,155957.49844301547,29235.310790730433,29235.310790730433,0.0,0,0.0,2,4,6,2/2/2/2,2/2/2/2,1/1/3/3/5/5/7/7,8,8
20260714,0.34,10000,4665,28110.371563429166,28110.371563429166,28121.022871105706,28121.022871105706,0.3557405841269537,0.3557405841269537,1.0,1.0,0.6930281788182895,0.6930281788182895,0.3069718211817105,0.3069718211817105,1.4429427699536557,1.4429427699536557,0.18036784624420696,19488.661266869854,19488.661266869854,1.4429427699536557,1.4429427699536557,155909.29013495884,155909.29013495884,29131.360304794893,29131.360304794893,0.0,0,0.0,2,4,6,2/2/2/2,2/2/2/2,1/1/3/3/5/5/7/7,8,8
20260715,0.34,10000,4657,28166.821913053638,28166.821913053638,28176.187827840604,28176.187827840604,0.35502762899088725,0.35502762899088725,1.0,1.0,0.6922362538272488,0.6922362538272488,0.30776374617275115,0.30776374617275115,1.4445935104831351,1.4445935104831351,0.1805741888103919,19504.57870907731,19504.57870907731,1.4445935104831351,1.4445935104831351,156036.62967261847,156036.62967261847,29201.88953879876,29201.88953879876,0.0,0,0.0,2,4,6,2/2/2/2,2/2/2/2,1/1/3/3/5/5/7/7,8,8
20260716,0.34,10000,4663,28190.938067923948,28190.938067923948,28203.171150630715,28203.171150630715,0.3547239178740967,0.3547239178740967,1.0,1.0,0.6885790081510665,0.6885790081510665,0.31142099184893346,0.31142099184893346,1.4522661715830454,1.4522661715830454,0.18153327144788067,19420.111617616072,19420.111617616072,1.4522661715830454,1.4522661715830454,155360.89294092858,155360.89294092858,29375.112403647137,29375.112403647137,0.0,0,0.0,2,4,6,2/2/2/2,2/2/2/2,1/1/3/3/5/5/7/7,8,8
20260717,0.34,10000,4701,28345.706944841142,28914.037524225067,28355.153060129363,28924.325744776444,0.35278710880131986,0.3458527710501065,0.9803441294247557,0.9803220068232751,0.6930895586079895,0.6800233512564021,0.30691044139201057,0.3199766487435979,1.442814983403319,1.4705377369062596,0.18035187292541488,19652.66051870704,19669.216925794706,1.442814983403319,1.4705377369062596,157221.28414965633,157353.73540635765,29393.179994439422,29430.349382463715,0.001262961154190001,3,1.0,1,3,5,1/2/2/3,2/2/2/2,0/1/2/3/4/5/6/7,8,8
20260718,0.34,10000,4669,28153.377685975665,28449.397629478342,28164.921545624788,28462.164546771575,0.35519716715843314,0.3515012911780714,0.989594860764435,0.9895565567173104,0.6928298331916537,0.6849395805581382,0.30717016680834636,0.3150604194418618,1.4433558604041457,1.4599827902851341,0.1804194825505182,19513.497896311233,19494.863046442435,1.4433558604041457,1.4599827902851341,156107.98317048987,155958.90437153948,29070.114735714695,29152.72096866947,0.002833568538715525,3,1.0,1,3,5,1/2/2/3,2/2/2/2,0/1/2/3/4/5/6/7,8,8
20260719,0.34,10000,4699,28191.539315655107,28191.539315655107,28208.356358261623,28208.356358261623,0.3547163525918884,0.3547163525918884,1.0,1.0,0.6958360853962106,0.6958360853962106,0.30416391460378944,0.30416391460378944,1.4371200646063043,1.4371200646063043,0.17964000807578803,19628.392263794074,19628.392263794074,1.4371200646063043,1.4371200646063043,157027.1381103526,157027.1381103526,29213.423373385227,29213.423373385227,0.0,0,0.0,2,4,6,2/2/2/2,2/2/2/2,1/1/3/3/5/5/7/7,8,8
20260710,0.35,10000,4662,27990.318216354433,27990.318216354433,28005.13024642962,28005.13024642962,0.35726639199682664,0.35726639199682664,1.0,1.0,0.6963800354841587,0.6963800354841587,0.3036199645158412,0.3036199645158412,1.4359975143525607,1.4359975143525607,0.1794996892940701,19502.213594747147,19502.213594747147,1.4359975143525607,1.4359975143525607,156017.70875797718,156017.70875797718,29180.863715334126,29180.863715334126,0.0,0,0.0,2,4,6,2/2/2/2,2/2/2/2,1/1/3/3/5/5/7/7,8,8
20260711,0.35,10000,4643,28268.83128892901,28268.83128892901,28278.678406723495,28278.678406723495,0.35374649548799436,0.35374649548799436,1.0,1.0,0.6857520409527307,0.6857520409527307,0.31424795904726927,0.31424795904726927,1.4582530423251494,1.4582530423251494,0.18228163029064368,19392.161432856552,19392.161432856552,1.4582530423251494,1.4582530423251494,155137.29146285242,155137.29146285242,29418.970789300016,29418.970789300016,0.0,0,0.0,2,4,6,2/2/2/2,2/2/2/2,1/1/3/3/5/5/7/7,8,8
20260712,0.35,10000,4675,28271.042566333916,28271.042566333916,28282.646576358977,28282.646576358977,0.35371882648248454,0.35371882648248454,1.0,1.0,0.690433051014628,0.690433051014628,0.3095669489853719,0.3095669489853719,1.4483663528715012,1.4483663528715012,0.18104579410893765,19527.273966483954,19527.273966483954,1.4483663528715012,1.4483663528715012,156218.19173187163,156218.19173187163,29245.439315656582,29245.439315656582,0.0,0,0.0,2,4,6,2/2/2/2,2/2/2/2,1/1/3/3/5/5/7/7,8,8
20260713,0.35,10000,4641,28292.01125837283,28711.47844461836,28302.900982683608,28726.089973440412,0.3534566669253876,0.34829275752166594,0.985390261701269,0.9852681311258137,0.6855512817236015,0.6759408283753191,0.3144487182763986,0.3240591716246809,1.458680082233698,1.479419437354575,0.18233501027921226,19403.090045174926,19417.13705263126,1.458680082233698,1.479419437354575,155224.7203613994,155337.09642105008,29203.14582788684,29360.740012488797,0.005367514052265765,2,1.0,1,3,6,1/2/3/2,2/2/2/2,0/1/2/3/4/5/7/7,8,8
20260714,0.35,10000,4643,28285.843102532308,28285.843102532308,28296.49441020885,28296.49441020885,0.353533743496751,0.353533743496751,1.0,1.0,0.6855962917607727,0.6855962917607727,0.31440370823922725,0.31440370823922725,1.4585843185233172,1.4585843185233172,0.18232303981541464,19399.97163746862,19399.97163746862,1.4585843185233172,1.4585843185233172,155199.77309974897,155199.77309974897,29305.13293461945,29305.13293461945,0.0,0,0.0,2,4,6,2/2/2/2,2/2/2/2,1/1/3/3/5/5/7/7,8,8
20260715,0.35,10000,4641,28355.607790190163,28355.607790190163,28364.97370497713,28364.97370497713,0.3526639271495205,0.3526639271495205,1.0,1.0,0.6849278583328224,0.6849278583328224,0.3150721416671776,0.3150721416671776,1.4600077772191837,1.4600077772191837,0.18250097215239797,19427.960691416807,19427.960691416807,1.4600077772191837,1.4600077772191837,155423.68553133446,155423.68553133446,29399.241465991745,29399.241465991745,0.0,0,0.0,2,4,6,2/2/2/2,2/2/2/2,1/1/3/3/5/5/7/7,8,8
20260716,0.35,10000,4636,28352.819228570406,28492.539893660127,28365.052311277173,28507.913327244085,0.3526986124160541,0.3509690619833123,0.9950962369233776,0.9949887242069596,0.6811597780612333,0.6783713308192898,0.31884022193876677,0.32162866918071015,1.4680843352880775,1.4741189000311516,0.18351054191100968,19321.13273704483,19338.95110268354,1.4680843352880775,1.4741189000311516,154569.06189635865,154711.6088214683,29067.562931350767,29500.603921325055,0.014679055084064085,2,1.0,1,3,6,1/2/3/2,2/2/2/2,0/1/2/3/4/5/7/7,8,8
20260717,0.35,10000,4666,28388.361736005918,28572.104205591764,28397.80785129414,28582.392426143142,0.35225703029268723,0.3499917236772127,0.9935691656356942,0.993542018033446,0.6868969086378361,0.6835224744333537,0.3131030913621638,0.31647752556664627,1.4558225367225321,1.463009684983671,0.18197781709031652,19506.366425145217,19536.70759634251,1.4558225367225321,1.463009684983671,156050.93140116174,156293.66077074007,29071.55799556724,29537.016049130383,0.015758465675372313,3,1.0,1,3,5,1/2/2/3,2/2/2/2,0/1/2/3/4/5/6/7,8,8
20260718,0.35,10000,4639,28324.53768847648,28151.16988869529,28336.081548125603,28163.936805988524,0.35305077562019266,0.35522502402344974,1.0061584580842164,1.0061122400367153,0.6844230560214328,0.6877430592596493,0.31557694397856717,0.3122569407403507,1.4610846189387938,1.4540313952081074,0.18263557736734923,19393.86752884066,19369.552059745984,1.4610846189387938,1.4540313952081074,155150.94023072527,154956.41647796787,28822.702374334527,29306.523323682002,0.016508984842856123,3,1.0,1,3,5,1/2/2/3,2/2/2/2,0/1/2/3/4/5/6/7,8,8
20260719,0.35,10000,4665,28307.938285306624,28446.01122940759,28324.75532791314,28456.01122940759,0.35325779995749634,0.3515431362011825,0.9951461404206215,0.9953874103985871,0.6879135250011985,0.6835301079301538,0.3120864749988015,0.3164698920698462,1.4536710846007248,1.4629933464499043,0.1817088855750906,19484.982282421206,19450.54042689864,1.4536710846007248,1.4629933464499043,155879.85825936965,155604.3234151891,28987.76681773135,29353.71445020227,0.012466825385650582,3,1.0,1,3,5,1/2/2/3,2/2/2/2,0/1/2/3/4/5/6/7,8,8
20260710,0.36,10000,4611,28195.467132377966,28195.467132377966,28210.279162453153,28210.279162453153,0.35466693823691275,0.35466693823691275,1.0,1.0,0.6843347045111186,0.6843347045111186,0.3156652954888814,0.3156652954888814,1.4612732532896886,1.4612732532896886,0.18265915666121108,19305.273054813544,19305.273054813544,1.4612732532896886,1.4612732532896886,154442.18443850835,154442.18443850835,29359.989728617333,29359.989728617333,0.0,0,0.0,2,4,6,2/2/2/2,2/2/2/2,1/1/3/3/5/5/7/7,8,8
20260711,0.36,10000,4613,28346.10452862053,28627.366280018734,28355.951646415015,28643.32116723678,0.3527821605929375,0.3493161020187798,0.9901750741354604,0.9899673114320812,0.680375769317372,0.6742315908199554,0.3196242306826281,0.32576840918004457,1.4697760342101989,1.483169898319162,0.18372200427627486,19292.702416155815,19312.231996952956,1.4697760342101989,1.483169898319162,154341.61932924652,154497.85597562365,29255.418555675547,29525.63745596668,0.009152009019081309,2,1.0,1,3,6,1/2/3/2,2/2/2/2,0/1/2/3/4/5/7/7,8,8
20260712,0.36,10000,4634,28426.757061777847,28776.39550098886,28438.36107180291,28788.267681439986,0.351781245334025,0.34750703922096027,0.9878498181191944,0.9878455135436071,0.6817615864579056,0.6737234368766848,0.3182384135420944,0.3262765631233152,1.4667884196812893,1.4842885749023385,0.18334855246016116,19388.182160575096,19395.330644065736,1.4667884196812893,1.4842885749023385,155105.45728460076,155162.6451525259,29338.43867404616,29386.27174585708,0.0016277352984617188,2,1.0,1,3,6,1/2/3/2,2/2/2/2,0/1/2/3/4/5/7/7,8,8
20260713,0.36,10000,4610,28500.42114645361,28311.334470608752,28511.310870764388,28325.945999430805,0.35087200812274066,0.35321542368062664,1.0066788330320902,1.0065439957887834,0.6757695185152616,0.6804364068624729,0.32423048148473843,0.31956359313752714,1.4797944751889782,1.4696450541367285,0.18497430939862228,19267.074819375393,19274.004916833135,1.4797944751889782,1.4696450541367285,154136.59855500315,154192.03933466508,28896.408626798355,29566.45284193742,0.022662313221038954,2,1.0,1,3,6,1/2/3/2,2/2/2/2,0/1/2/3/4/5/7/7,8,8
20260714,0.36,10000,4587,28459.85483756119,28643.73781006297,28470.50614523773,28654.727785000312,0.35137213654379024,0.3491164479409127,0.9935803429803364,0.9935709862210237,0.6733743518607184,0.6708363633749939,0.3266256481392817,0.3291636366250062,1.4850580471868662,1.490676496677932,0.18563225589835827,19171.308622696055,19222.63338079,1.4850580471868662,1.490676496677932,153370.46898156844,153781.06704632,29034.253075960998,29476.161203541757,0.014992051526969585,3,1.0,1,3,5,1/2/2/3,2/2/2/2,0/1/2/3/4/5/6/7,8,8
20260715,0.36,10000,4601,28506.976657541185,28856.02926336965,28516.34257232815,28872.1445515902,0.35079132102052,0.34654802671323093,0.9879036508231033,0.9876766348746181,0.6765787038791742,0.6694149836408421,0.3234212961208259,0.33058501635915793,1.4780246470462122,1.4938416743544616,0.18475308088077652,19293.550096960294,19327.44617267878,1.4780246470462122,1.4938416743544616,154348.40077568236,154619.56938143025,29417.550497151256,29576.0216146133,0.005358094456616946,2,1.0,1,3,6,1/2/3/2,2/2/2/2,0/1/2/3/4/5/7/7,8,8
20260716,0.36,10000,4606,28510.23427460761,28405.29751633538,28522.467357314377,28420.67094991934,0.35075123914033957,0.352047007930446,1.003694267177166,1.0035817735469517,0.6727451625719078,0.6755340111203664,0.3272548374280922,0.3244659888796337,1.4864469573842725,1.480310367114618,0.18580586967303406,19188.351939248394,19199.129845531083,1.4864469573842725,1.480310367114618,153506.81551398715,153593.03876424866,29048.67014963848,29666.120622859868,0.020813320388969103,2,1.0,1,3,6,1/2/3/2,2/2/2/2,0/1/2/3/4/5/7/7,8,8
20260717,0.36,10000,4631,28526.39876812272,28486.602682455705,28535.84488341094,28496.890903007083,0.3505524858319887,0.3510422113676191,1.0013970105916326,1.0013669554526647,0.6793163057205964,0.681143180536739,0.3206836942794036,0.3188568194632611,1.4720683009945315,1.4681201083331743,0.18400853762431643,19384.864726814703,19410.462905082706,1.4720683009945315,1.4681201083331743,155078.91781451763,155283.70324066165,28996.895892239714,29643.68271579705,0.02181870686440268,3,1.0,1,3,5,1/2/2/3,2/2/2/2,0/1/2/3/4/5/6/7,8,8
20260718,0.36,10000,4605,28400.54401505802,27918.111557701464,28412.087874707144,27931.760680508483,0.35210593130532924,0.358190416258345,1.0172802682717084,1.017196452443252,0.6779637599689531,0.6885358505089463,0.3220362400310469,0.3114641494910538,1.4750050947351439,1.452357200080182,0.18437563684189298,19262.365924104757,19232.01859636625,1.4750050947351439,1.452357200080182,154098.92739283806,153856.14877093,28629.16746677605,29413.189990348666,0.02665547408594171,3,1.0,1,3,5,1/2/2/3,2/2/2/2,0/1/2/3/4/5/6/7,8,8
20260719,0.36,10000,4626,28477.628842053866,28075.959570996558,28494.44588466038,28085.959570996558,0.3511528314194708,0.3561766063493818,1.0143065197840022,1.0145441466093135,0.6775972240929105,0.6860794828123595,0.3224027759070895,0.3139205171876405,1.4758029762277811,1.4575570688994015,0.18447537202847264,19307.75743351153,19269.200616758157,1.4758029762277811,1.4575570688994015,154462.05946809225,154153.60493406525,28596.745025185443,29503.629937169688,0.03073807914197435,3,1.0,1,3,5,1/2/2/3,2/2/2/2,0/1/2/3/4/5/6/7,8,8
20260710,0.37,10000,4592,28389.53623447029,28154.7659120372,28404.34826454548,28163.329821811636,0.3522424571296131,0.35517965346409186,1.0083385641765439,1.0085578816233292,0.6771182070971852,0.682990271292448,0.32288179290281477,0.31700972870755195,1.4768470106379405,1.4641496988056102,0.18460587632974257,19233.10137065308,19235.280275497822,1.4768470106379405,1.4641496988056104,153864.81096522463,153882.24220398258,28738.46696032921,29546.190929870467,0.027337668380280733,2,1.0,1,3,6,1/2/3/2,2/2/2/2,0/1/2/3/4/5/7/7,8,8
20260711,0.37,10000,4569,28493.102699063664,28576.733298040323,28502.94981685815,28592.68818525837,0.35096212952366956,0.34993502916184477,0.9970734723908281,0.9968614924270573,0.6712584241371442,0.669749389014924,0.3287415758628558,0.330250610985076,1.4897392182234885,1.4930958003124315,0.18621740227793607,19132.845177324303,19149.93544237103,1.4897392182234885,1.4930958003124315,153062.76141859443,153199.48353896823,29177.6758842539,29632.304122633348,0.015342318184167203,2,1.0,1,3,6,1/2/3/2,2/2/2/2,0/1/2/3/4/5/7/7,8,8
20260712,0.37,10000,4607,28549.06525422614,28462.56915140291,28560.669264251203,28474.441331854036,0.35027416522926935,0.35133862817535233,1.0030389422108428,1.0030282572146798,0.6749779655865175,0.6770206756852601,0.32502203441348254,0.32297932431473986,1.4815298439128408,1.4770597648112147,0.1851912304891051,19277.822435773654,19277.785510252117,1.4815298439128408,1.4770597648112147,154222.57948618924,154222.28408201694,29055.62012912461,29492.93841252375,0.014827898030446374,2,1.0,1,3,6,1/2/3/2,2/2/2/2,0/1/2/3/4/5/7/7,8,8
20260713,0.37,10000,4569,28718.47237610258,28180.255909646672,28729.36210041336,28192.962676563966,0.3482079363079657,0.35485838141650083,1.0190990624138252,1.0190260041132637,0.6646624081914453,0.6778231530016698,0.33533759180855477,0.32217684699833016,1.5045231800020291,1.4753110683392907,0.18806539750025364,19095.32699946478,19109.842853886985,1.5045231800020291,1.4753110683392907,152762.61599571825,152878.74283109588,28696.930240324156,29793.07544582213,0.036791945413332194,3,1.0,1,3,5,1/2/2/3,2/2/2/2,0/1/2/3/4/5/6/7,8,8
20260714,0.37,10000,4570,28645.923264653655,28655.637623524657,28656.574572330195,28666.627598462,0.3490898131511456,0.3489714705140801,0.9996609965899684,0.9996493125639814,0.66805410419076,0.6697385896543079,0.3319458958092401,0.3302614103456922,1.49688474889521,1.4931198760939843,0.18711059361190124,19144.142255093757,19199.146737939198,1.49688474889521,1.4931198760939843,153153.13804075005,153593.17390351358,28999.643422217297,29667.11428449414,0.022498678364066604,3,1.0,1,3,5,1/2/2/3,2/2/2/2,0/1/2/3/4/5/6/7,8,8
20260715,0.37,10000,4562,28604.22219685855,28454.26953738652,28613.588111645517,28470.38482560707,0.3495987386469906,0.35144110752380553,1.0052699528720992,1.0050299034212438,0.6685408338308942,0.6732416018947751,0.33145916616910576,0.32675839810522483,1.4957949453435293,1.4853508713448398,0.18697436816794116,19129.352055053256,19167.447486552403,1.4957949453435293,1.4853508713448398,153034.81644042605,153339.57989241922,29073.472449480603,29682.688281279963,0.02052428088811531,2,1.0,1,3,6,1/2/3/2,2/2/2/2,0/1/2/3/4/5/7/7,8,8
20260716,0.37,10000,4560,28625.44271617026,27782.085220492096,28637.675798877026,27797.458654076054,0.3493395752566331,0.3599441841976638,1.030356162576886,1.0302264014583853,0.6646276834994707,0.6848438645065277,0.33537231650052934,0.31515613549347227,1.504601786574237,1.4601868423258222,0.18807522332177962,19033.39212701649,19036.919008117868,1.504601786574237,1.4601868423258222,152267.13701613192,152295.35206494294,28474.98089048956,29772.787289526535,0.04359035606631012,2,1.0,1,3,6,1/2/3/2,2/2/2/2,0/1/2/3/4/5/7/7,8,8
20260717,0.37,10000,4596,28647.709675734615,28079.555256258573,28657.155791022837,28091.768288840027,0.34906804464268465,0.3561309966891704,1.020233739968136,1.020126447590251,0.6709680228377792,0.6850644061526507,0.32903197716222077,0.3149355938473492,1.4903839914316919,1.459716766801592,0.18629799892896148,19228.03516125681,19244.67056057206,1.4903839914316919,1.459716766801592,153824.28129005447,153957.36448457648,28550.6457221622,29750.349382463715,0.04032569987257617,3,1.0,1,3,5,1/2/2/3,2/2/2/2,0/1/2/3/4/5/6/7,8,8
20260718,0.37,10000,4570,28523.728355593827,27707.356174851648,28535.27221524295,27721.005297658667,0.35058530481478545,0.3609149836199968,1.0294640952240384,1.029373643157633,0.6699510743681316,0.6889204757223569,0.3300489256318684,0.3110795242776431,1.4926463114387212,1.4515463471331223,0.18658078892984015,19117.23627798911,19097.568157164984,1.4926463114387212,1.4515463471331223,152937.89022391287,152780.54525731987,28418.486774714023,29519.856657015334,0.03730945902271421,3,1.0,1,3,5,1/2/2/3,2/2/2/2,0/1/2/3/4/5/6/7,8,8
20260719,0.37,10000,4580,28633.64016998205,27875.175632104696,28647.449693791572,27885.175632104696,0.3492395636962518,0.35874213429108204,1.027209318710222,1.027336175742399,0.6680595638554996,0.6851114247713183,0.3319404361445004,0.3148885752286817,1.496872515721216,1.4596165876722718,0.187109064465152,19138.202748006763,19104.452407309695,1.496872515721216,1.4596165876722718,153105.6219840541,152835.61925847756,28432.072605100682,29675.357454212295,0.041896204654988334,3,1.0,1,3,5,1/2/2/3,2/2/2/2,0/1/2/3/4/5/6/7,8,8
20260710,0.38,10000,4548,28605.312786459854,27786.86700319833,28620.12481653504,27795.430912972766,0.349585410047795,0.35988224217033815,1.0294544103575014,1.0296701247821767,0.6658637904233495,0.6852785028935148,0.33413620957665047,0.3147214971064852,1.501808649730315,1.459260717763081,0.18772608121628936,19057.104792727394,19047.611283322098,1.501808649730315,1.459260717763081,152456.83834181915,152380.89026657678,28368.170794320777,29737.504913078486,0.04604737763844735,2,1.0,1,3,6,1/2/3/2,2/2/2/2,0/1/2/3/4/5/7/7,8,8
20260711,0.38,10000,4531,28571.264626783683,27981.724544956985,28581.111744578167,27997.67943217503,0.3500020083334238,0.35737611468276187,1.0210687543892982,1.0208385953491794,0.6634092302379305,0.677679471616301,0.3365907697620694,0.322320528383699,1.5073652195664382,1.4756238633213246,0.18842065244580478,18960.97334181488,18973.452604078953,1.5073652195664382,1.4756238633213246,151687.78673451903,151787.62083263163,28630.922087464638,29738.970789300016,0.03725914759074478,2,1.0,1,3,6,1/2/3/2,2/2/2/2,0/1/2/3/4/5/7/7,8,8
20260712,0.38,10000,4576,28800.57850561821,28322.409252294536,28812.18251564327,28334.28143274566,0.34721524770932194,0.353077307474817,1.0168830712480768,1.0168665326499264,0.6654291766751658,0.676488495055464,0.33457082332483423,0.3235115049445359,1.5027895305049983,1.4782217396291593,0.1878486913131248,19172.46688959911,19167.81540491609,1.5027895305049983,1.4782217396291593,153379.73511679287,153342.52323932873,28929.613698063968,29749.95234385207,0.027574452432950758,2,1.0,1,3,6,1/2/3/2,2/2/2/2,0/1/2/3/4/5/7/7,8,8
20260713,0.38,10000,4524,28835.688601102822,27518.77625190343,28846.5783254136,27531.483018820723,0.34679248130102047,0.36338825202331865,1.047855047664349,1.0477669621245564,0.6559843465242938,0.6869261004677885,0.3440156534757061,0.31307389953221154,1.5244266197790526,1.455760669625178,0.19055332747238157,18922.9038322583,18912.094270213656,1.5244266197790526,1.455760669625178,151383.2306580664,151296.75416170925,28071.467041341533,29899.742112488795,0.06114685084135263,3,1.0,1,3,5,1/2/2/3,2/2/2/2,0/1/2/3/4/5/6/7,8,8
20260714,0.38,10000,4512,28753.795523762372,28012.35263064169,28764.446831438912,28023.655888787052,0.3477801736378044,0.35698536755750265,1.0264684263723585,1.0264344861210013,0.6576106214497369,0.6761844580136273,0.3423893785502631,0.3238155419863727,1.5206567038036094,1.4788864017040846,0.19008208797545117,18915.80575648046,18949.160568719868,1.5206567038036094,1.4788864017040846,151326.44605184367,151593.28454975894,28389.54062315495,29808.72866958186,0.04760981463376235,3,1.0,1,3,5,1/2/2/3,2/2/2/2,0/1/2/3/4/5/6/7,8,8
20260715,0.38,10000,4535,28681.8296649473,28271.806866995674,28691.195579734267,28287.5813030859,0.34865279226663914,0.3537092640397857,1.0145028862103003,1.0142682498133673,0.662809585203462,0.6739721740468636,0.33719041479653805,0.32602782595313645,1.5087289356158466,1.4837407811594112,0.18859111695198083,19016.79944119507,19065.042669368213,1.5087289356158466,1.4837407811594112,152134.39552956057,152520.3413549457,28939.01642143096,29789.35494794663,0.028545046645069627,2,1.0,1,3,6,1/2/3/2,2/2/2/2,0/1/2/3/4/5/7/7,8,8
20260716,0.38,10000,4552,28729.149616338105,27922.042776407783,28741.382699044872,27932.75204959074,0.3480785242008366,0.35813998567645333,1.0289057232092014,1.028949193692713,0.6608380305397181,0.6801934541693608,0.33916196946028193,0.31980654583063917,1.513230101456604,1.4701699845394436,0.1891537626820755,18993.39873782514,18999.67510106742,1.513230101456604,1.4701699845394436,151947.18990260112,151997.40080853936,28575.076175795362,29879.4539561932,0.043654672615845325,2,1.0,1,3,6,1/2/3/2,2/2/2/2,0/1/2/3/4/5/7/7,8,8
20260717,0.38,10000,4571,28814.08892081763,27834.259609385204,28827.645311795073,27844.259609385204,0.34705244463846957,0.3592694808604926,1.0352022768050222,1.035317358629942,0.6640241408536669,0.6878432876191473,0.33597585914633316,0.31215671238085274,1.5059693442988442,1.4538195225562645,0.18824616803735553,19142.25241099896,19152.487071040552,1.5059693442988442,1.4538195225562645,153138.0192879917,153219.89656832442,28214.178984944298,29916.866373190533,0.05691396174340202,3,1.0,1,3,5,1/2/2/3,2/2/2/2,0/1/2/3/4/5/6/7,8,8
20260718,0.38,10000,4537,28716.36932609516,27607.073869071326,28730.988373714204,27620.722991878345,0.34823343739742174,0.36222600219877593,1.0401815658655007,1.040196825483617,0.660040800303922,0.6864320970631901,0.339959199696078,0.3135679029368099,1.5150578563318216,1.4568083343980698,0.1893822320414777,18963.624559709002,18959.75080571652,1.5150578563318216,1.4568083343980698,151708.99647767202,151678.00644573217,28269.651582910752,29726.444473510543,0.04900663084338763,3,1.0,1,3,5,1/2/2/3,2/2/2/2,0/1/2/3/4/5/6/7,8,8
20260719,0.38,10000,4559,28749.286160164105,27498.457184637897,28763.09568397363,27508.457184637897,0.3478347234185003,0.3636567656452571,1.045487241961523,1.0456091917810784,0.6630728170796839,0.6917045455912569,0.33692718292031604,0.308295454408743,1.5081299885044546,1.4457039589716987,0.18851624856305682,19072.026883104892,19027.724876816505,1.5081299885044546,1.4457039589716987,152576.21506483914,152221.79901453204,28055.628493784934,29782.024120878963,0.05796770629447323,3,1.0,1,3,5,1/2/2/3,2/2/2/2,0/1/2/3/4/5/6/7,8,8
20260710,0.39,10000,4518,28679.80628535166,27539.9638935933,28694.618315426847,27548.527803367735,0.3486773899552991,0.36310868230028176,1.041388666890138,1.041602604692328,0.659823363355117,0.6873236388110021,0.34017663664488296,0.3126763611889979,1.5155571256451552,1.4549186780915833,0.1894446407056444,18933.379567076285,18934.754373696775,1.5155571256451552,1.4549186780915833,151467.03653661028,151478.0349895742,28138.04995205788,29844.171579745154,0.05716766582474664,2,1.0,1,3,6,1/2/3/2,2/2/2/2,0/1/2/3/4/5/7/7,8,8
20260711,0.39,10000,4507,28737.54314553636,27958.26426088103,28747.390263330846,27974.219148099077,0.3479768590292049,0.3576759954297991,1.027872935078652,1.027638702304379,0.6560515264187793,0.6752851496198672,0.34394847358122066,0.3247148503801328,1.5242705179862153,1.480855902966209,0.1905338147482769,18859.769262814556,18890.57476292304,1.5242705179862153,1.480855902966209,150878.15410251645,151124.5981033843,28583.991141348448,29917.374998071944,0.04456887868034631,2,1.0,1,3,6,1/2/3/2,2/2/2/2,0/1/2/3/4/5/7/7,8,8
20260712,0.39,10000,4564,28924.674170895498,28281.21342926107,28936.27818092056,28293.085609712198,0.34572558850333296,0.3535916174534976,1.0227522324402343,1.0227332069778763,0.6608538899183768,0.6758477420050287,0.3391461100816232,0.3241522579949713,1.5131937864866192,1.4796232018669073,0.1891492233108274,19122.651995621603,19121.81802367896,1.5131937864866192,1.4796232018669073,152981.21596497283,152974.54418943168,28865.741440816335,29856.619010518734,0.033187869308085594,2,1.0,1,3,6,1/2/3/2,2/2/2/2,0/1/2/3/4/5/7/7,8,8
20260713,0.39,10000,4505,28971.06433714897,27341.678637590518,28981.95406145975,27354.38540450781,0.3451719924275345,0.36574199165122107,1.0595934770924529,1.0594993684882326,0.6498912734713493,0.6888000276377317,0.35010872652865066,0.3111999723622682,1.5387189224107736,1.4518001740353312,0.1923398653013467,18835.11903269022,18841.701422638147,1.5387189224107736,1.4518001740353312,150680.95226152177,150733.61138110518,27840.372416842347,30024.78241310954,0.0727535662444444,3,1.0,1,3,5,1/2/2/3,2/2/2/2,0/1/2/3/4/5/6/7,8,8
20260714,0.39,10000,4471,28855.664344783316,27663.11869326821,28866.315652459856,27674.108668205554,0.3465524092779328,0.36149214088552817,1.0431095880669923,1.0430802306425866,0.6493808744253782,0.6783808600621143,0.3506191255746218,0.32161913993788566,1.5399283215491624,1.4740981930245458,0.1924910401936453,18745.233299833362,18773.585639789697,1.5399283215491624,1.4740981930245458,149961.8663986669,150188.68511831757,28060.083452672858,29942.90166386142,0.06288028569592397,3,1.0,1,3,5,1/2/2/3,2/2/2/2,0/1/2/3/4/5/6/7,8,8
20260715,0.39,10000,4499,28822.101930687524,27891.543759793,28831.46784547449,27907.318195883225,0.3469559584532862,0.3585316067881291,1.0333634516220636,1.0331149572705123,0.6545261076281913,0.6780321542177702,0.3454738923718087,0.32196784578222987,1.5278229368477045,1.4748563084794653,0.19097786710596307,18870.948426105773,18922.059074795477,1.5278229368477045,1.4748563084794653,150967.5874088462,151376.47259836382,28552.40801831992,29941.713693936606,0.04640033933321697,2,1.0,1,3,6,1/2/3/2,2/2/2/2,0/1/2/3/4/5/7/7,8,8
20260716,0.39,10000,4526,28831.755386409193,28057.19530332469,28843.98846911596,28068.806832146744,0.3468397905704289,0.3564148123820142,1.027606468669116,1.02761719233756,0.6553401929469355,0.6746303299438323,0.34465980705306454,0.32536967005616774,1.5259250245329794,1.4822932732408534,0.19074062806662243,18902.624968709635,18936.06841430085,1.5259250245329794,1.4822932732408534,151220.99974967708,151488.5473144068,28705.733163574623,29986.120622859868,0.04269933664940784,2,1.0,1,3,6,1/2/3/2,2/2/2/2,0/1/2/3/4/5/7/7,8,8
20260717,0.39,10000,4553,28941.595146449425,27720.004344888002,28955.151537426867,27730.004344888002,0.3455234567893818,0.36075030420563964,1.0440689253278095,1.0441812838289266,0.6593691053928051,0.6893668142165661,0.34063089460719487,0.31063318578343396,1.5166012356679515,1.4506065267102455,0.18957515445849393,19092.13236574626,19116.144753446977,1.5166012356679515,1.4506065267102455,152737.05892597008,152929.15802757582,28156.226617306176,30049.865469876455,0.06301655008966878,3,1.0,1,3,5,1/2/2/3,2/2/2/2,0/1/2/3/4/5/6/7,8,8
20260718,0.39,10000,4501,28777.88845415712,27025.426501920276,28791.758128342582,27039.075624727295,0.34748901108328,0.37002191248635635,1.0648449323126252,1.0648203558413238,0.6539005536348994,0.6954615426223882,0.3460994463651006,0.3045384573776118,1.5292845287271963,1.4378940296673828,0.19116056609089954,18826.94658024533,18804.63724505626,1.5292845287271963,1.4378940296673828,150615.57264196264,150437.09796045008,27686.485054920402,29833.111140177207,0.07195448289554607,3,1.0,1,3,5,1/2/2/3,2/2/2/2,0/1/2/3/4/5/6/7,8,8
20260719,0.39,10000,4536,28880.382496780163,27350.97556980844,28894.192020589686,27360.97556980844,0.34625580187917826,0.3656176714602666,1.0559178199354604,1.0560366148812719,0.6573338147477946,0.6926066776724576,0.3426661852522054,0.30739332232754235,1.5212970602823457,1.4438209047601942,0.1901621325352932,18993.129464949507,18950.394387282304,1.5212970602823457,1.4438209047601942,151945.03571959605,151603.15509825843,27860.39368409218,29927.886626267435,0.06908249045425863,3,1.0,1,3,5,1/2/2/3,2/2/2/2,0/1/2/3/4/5/6/7,8,8
20260710,0.4,10000,4494,28796.93928735402,27078.63623040455,28811.751317429207,27087.200140178986,0.34725912709728257,0.36929481658207575,1.0634560412248575,1.0636666458078168,0.6535925244936407,0.6950064730586584,0.34640747550635936,0.30499352694134163,1.5300052594309161,1.438835519904,0.19125065742886452,18831.145278641532,18825.779434459793,1.5300052594309161,1.438835519904,150649.16222913226,150606.23547567835,27698.605443093667,29950.83824641182,0.0751976550635598,2,1.0,1,3,6,1/2/3/2,2/2/2/2,0/1/2/3/4/5/7/7,8,8
20260711,0.4,10000,4483,28892.221646961083,27567.47747401421,28902.068764755568,27583.432361232255,0.34611391682480086,0.3627462835301579,1.0480546025364712,1.0478053777446719,0.6496937793265061,0.6812978163286237,0.35030622067349393,0.3187021836713762,1.5391866627330693,1.467786885607234,0.19239833284163366,18777.494286128607,18792.53223455583,1.5391866627330693,1.467786885607234,150219.95428902886,150340.25787644665,28227.257054789665,30054.117202708538,0.06078568655326311,2,1.0,1,3,6,1/2/3/2,2/2/2/2,0/1/2/3/4/5/7/7,8,8
20260712,0.4,10000,4521,29047.478902945422,27854.45683201823,29059.082912970483,27868.045804449306,0.34426395603599175,0.3590089751276416,1.0428305630988228,1.0427384509440925,0.6529646108162074,0.6799058330760305,0.3470353891837926,0.3200941669239695,1.5314765661648915,1.4707919116913577,0.19143457077061143,18974.552764943674,18947.646898875082,1.5314765661648915,1.4707919116913577,151796.4221195494,151581.17519100066,28460.223418275473,29963.285677185402,0.05016346588633269,3,1.0,1,3,5,1/2/2/3,2/2/2/2,0/1/2/3/4/5/6/7,8,8
20260713,0.4,10000,4461,29101.418338649193,27001.96613240795,29112.30806295997,27014.672899325244,0.34362586330437156,0.37034340206796756,1.0777518272538484,1.0776479941642056,0.6414173370563432,0.6915500200638129,0.3585826629436568,0.30844997993618706,1.5590473506520737,1.446026998752346,0.1948809188315092,18673.139113307694,18681.997585545716,1.5590473506520737,1.446026998752346,149385.11290646155,149455.98068436573,27512.750415658356,30166.998301956657,0.08798515051880862,3,1.0,1,3,5,1/2/2/3,2/2/2/2,0/1/2/3/4/5/6/7,8,8
20260714,0.4,10000,4443,29012.529473236642,27469.529105557824,29023.180780913182,27480.519080495167,0.3446786675124194,0.36403973149931906,1.0561713439553149,1.0561365560781182,0.6417350469545626,0.6780032756725786,0.3582649530454373,0.3219967243274215,1.558275498191396,1.4749191277992002,0.1947844372739245,18625.192281210082,18631.88195375852,1.558275498191396,1.4749191277992,149001.53824968066,149055.05563006815,27925.34478657944,30094.057402332597,0.07206448059692538,3,1.0,1,3,5,1/2/2/3,2/2/2/2,0/1/2/3/4/5/6/7,8,8
20260715,0.4,10000,4477,28995.217114386145,27694.556976120733,29004.58302917311,27710.33141221096,0.34488446699847064,0.3610817825546864,1.04696446812227,1.0467064647372575,0.6467464599579158,0.6781468209017699,0.35325354004208426,0.32185317909823,1.5462009642311312,1.4746069275533045,0.1932751205288914,18758.61139667315,18791.673153325315,1.5462009642311312,1.4746069275533045,150068.8911733852,150333.38522660252,28409.811062284174,30123.24572225741,0.05688081144281254,2,1.0,1,3,6,1/2/3/2,2/2/2/2,0/1/2/3/4/5/7/7,8,8
20260716,0.4,10000,4496,28938.84160383695,28122.746582663127,28951.074686543718,28134.35811148518,0.34555633348758913,0.35558404548454436,1.0290190369128782,1.029029152604876,0.6500324162954371,0.6699917146605555,0.349967583704563,0.33000828533944443,1.538384817328101,1.4925557706435815,0.19229810216601262,18819.137032843675,18849.786831988065,1.538384817328101,1.4925557706435815,150553.0962627494,150798.29465590452,28700.75702202063,30092.787289526535,0.046257937296170226,2,1.0,1,3,6,1/2/3/2,2/2/2/2,0/1/2/3/4/5/7/7,8,8
20260717,0.4,10000,4511,29037.07964988046,27497.03478325589,29050.636040857902,27507.03478325589,0.3443872497019916,0.3636755773422312,1.0560076706002628,1.0561165996176962,0.651164694701598,0.6885406739902257,0.348835305298402,0.3114593260097744,1.5357097952895908,1.452347025782526,0.19196372441119885,18916.748548432475,18939.71226913559,1.5357097952895908,1.452347025782526,151333.9883874598,151517.69815308473,27916.19438134516,30156.532136543123,0.07429029787158992,3,1.0,1,3,5,1/2/2/3,2/2/2/2,0/1/2/3/4/5/6/7,8,8
20260718,0.4,10000,4461,28974.10846412003,26887.26012507297,28987.97813830549,26900.90924787999,0.3451357273816884,0.3719233552798776,1.077614763621862,1.0775835816995658,0.6435926448252675,0.6935540529368865,0.3564073551747326,0.3064459470631135,1.5537778562890439,1.4418486861484754,0.19422223203613048,18656.44951816906,18657.234636554538,1.5537778562890439,1.4418486861484754,149251.5961453525,149257.8770924363,27512.74789936274,30018.5532929341,0.08347522177763267,3,1.0,1,3,5,1/2/2/3,2/2/2/2,0/1/2/3/4/5/6/7,8,8
20260719,0.4,10000,4497,29012.793752184,26785.711841595137,29026.603275993522,26795.711841595137,0.34467552781769695,0.373333367398926,1.0831443989153373,1.0832555390797776,0.6494405960005686,0.701844787078408,0.3505594039994315,0.2981552129215919,1.5397867120692352,1.4248164528837384,0.1924733390086544,18851.05453143329,18806.430672078717,1.5397867120692352,1.4248164528837384,150808.4362514663,150451.44537662974,27387.547002068513,30074.591236919063,0.089345993555915,2,1.0,1,3,6,1/2/3/2,2/2/2/2,0/1/2/3/4/5/7/7,8,8
20260710,0.41,10000,4463,28924.481744312583,26847.99582598903,28939.29377438777,26859.078532755946,0.3457278885201218,0.3724672807912141,1.0773423063599221,1.0774492408254028,0.6464322137464514,0.6970284059230692,0.35356778625354857,0.3029715940769307,1.546952609623857,1.434661760557244,0.19336907620298213,18707.291738836386,18721.54069424941,1.546952609623857,1.434661760557244,149658.3339106911,149772.32555399527,27481.506523843676,30086.798496161195,0.08659252903395254,2,1.0,1,3,6,1/2/3/2,2/2/2/2,0/1/2/3/4/5/7/7,8,8
20260711,0.41,10000,4445,29030.144539975725,27790.474845883455,29039.99165777021,27806.4297331015,0.3444695215426703,0.35983552117970663,1.044607719046438,1.0443624707130323,0.6420261471161689,0.6712302099349419,0.3579738528838311,0.3287697900650582,1.557568962715562,1.4898018372816142,0.19469612033944525,18644.433956323894,18664.51566729093,1.557568962715562,1.4898018372816142,149155.47165059115,149316.12533832743,28433.332558669743,30199.220309600765,0.05847461400748888,2,1.0,1,3,6,1/2/3/2,2/2/2/2,0/1/2/3/4/5/7/7,8,8
20260712,0.41,10000,4490,29147.354091223846,27457.15922440628,29158.958101248907,27470.748196837358,0.3430843145728607,0.36420373711170895,1.0615575286941983,1.061454820681073,0.6467496990688649,0.6854963153346265,0.3532503009311351,0.3145036846653735,1.546193220406155,1.4587970462129294,0.19327415255076938,18858.547377144372,18831.096668417344,1.546193220406155,1.4587970462129294,150868.37901715498,150648.77334733875,28087.469426316584,30069.95234385207,0.06592903423542718,3,1.0,1,3,5,1/2/2/3,2/2/2/2,0/1/2/3/4/5/6/7,8,8
20260713,0.41,10000,4423,29184.297675990696,26779.717527956745,29195.187400301475,26794.3290567788,0.3426500137512916,0.3734169335266691,1.0897910945297942,1.0896032268035192,0.6348253240205033,0.6919911328596996,0.3651746759794967,0.3080088671403004,1.5752364660986693,1.4451052224721914,0.1969045582623336,18533.8443012357,18541.438118215927,1.5752364660986689,1.4451052224721914,148270.7544098856,148331.5049457274,27377.18698994349,30273.664968623325,0.09567648917571903,2,1.0,1,3,6,1/2/3/2,2/2/2/2,0/1/2/3/4/5/7/7,8,8
20260714,0.41,10000,4401,29168.854491988026,27113.29920967916,29179.505799664566,27124.289184616504,0.3428314266762432,0.3688226918703463,1.0758135432509466,1.0757703400468712,0.6336906832606894,0.6813957898152994,0.3663093167393106,0.31860421018470064,1.5780569707202359,1.4675758420389744,0.19725712134002948,18490.78096739869,18482.376452130346,1.5780569707202359,1.4675758420389744,147926.2477391895,147859.01161704276,27566.93740900457,30251.491686292495,0.08874121994137385,3,1.0,1,3,5,1/2/2/3,2/2/2/2,0/1/2/3/4/5/6/7,8,8
20260715,0.41,10000,4460,29134.60445469727,27788.20747065831,29143.970369484236,27803.600954367586,0.3432344521975391,0.3598648819129137,1.0484520991669082,1.0482084826823876,0.6414446513080542,0.6734278921735527,0.35855534869194583,0.32657210782644724,1.5589809626766213,1.4849399789076223,0.19487262033457767,18694.24391138608,18723.720385534343,1.5589809626766213,1.4849399789076223,149553.95129108863,149789.76308427475,28453.485249439946,30266.724768999262,0.05990867969356661,2,1.0,1,3,6,1/2/3/2,2/2/2/2,0/1/2/3/4/5/7/7,8,8
20260716,0.41,10000,4471,29049.848864780244,28258.236872802376,29062.08194748701,28265.236872802376,0.34423587009169965,0.3538791200955878,1.0280134955178242,1.0281916998704292,0.6439695106915171,0.6638386718239817,0.3560304893084829,0.33616132817601824,1.5528685495159,1.5063900951301497,0.1941085686894875,18715.094691399983,18763.557304431364,1.5528685495159,1.5063900951301497,149720.75753119987,150108.4584354509,28753.032497723765,30199.4539561932,0.04789561627728722,3,1.0,1,3,5,1/2/2/3,2/2/2/2,0/1/2/3/4/5/6/7,8,8
20260717,0.41,10000,4468,29119.93344363216,27084.923699122763,29133.4898346096,27094.923699122763,0.34340737829491036,0.3692090888306207,1.0751344093531747,1.0752379360106055,0.6433854163362959,0.6931908688547419,0.35661458366370413,0.3068091311452581,1.5542783137585179,1.4426041151582882,0.19428478921981474,18744.062486569543,18781.953700547845,1.5542783137585179,1.4426041151582882,149952.49989255634,150255.62960438276,27565.235877154664,30263.19880320979,0.08914995878654353,2,1.0,1,3,6,1/2/3/2,2/2/2/2,0/1/2/3/4/5/7/7,8,8
20260718,0.41,10000,4426,29076.35067623635,26707.74945585635,29090.220350421812,26721.398578663368,0.3439221142759447,0.3744231619563605,1.0886859158348374,1.0886488693615728,0.6378104228037076,0.6933915356396686,0.3621895771962924,0.3066084643603314,1.5678639988417997,1.4421866270367412,0.19598299985522497,18554.045741155554,18528.39159489905,1.5678639988417997,1.4421866270367412,148432.36592924444,148227.1327591924,27318.3487401,30125.219959600767,0.09317346805317617,3,1.0,1,3,5,1/2/2/3,2/2/2/2,0/1/2/3/4/5/6/7,8,8
20260719,0.41,10000,4462,29151.67465407506,26672.228526265208,29165.484177884584,26682.228526265208,0.3430334661272064,0.3749218026589942,1.0929598411834334,1.0930677753987053,0.6416855808215838,0.6994315357353944,0.3583144191784163,0.30056846426460565,1.558395622229266,1.4297325026224086,0.19479945277865826,18715.07065462858,18662.392074968422,1.558395622229266,1.4297325026224086,149720.56523702864,149299.13659974738,27185.417872996404,30181.25790358573,0.09926160268599682,3,1.0,1,3,5,1/2/2/3,2/2/2/2,0/1/2/3/4/5/6/7,8,8
20260710,0.42,10000,4417,29078.71450134148,26761.67809767551,29093.526531416668,26772.760804442427,0.34389415665326856,0.3736686452733541,1.0865803854006908,1.0866838404871997,0.6376383671452376,0.6930590467972523,0.36236163285476247,0.3069409532027477,1.5682870597594167,1.4428785030960578,0.1960358824699271,18551.14875198917,18555.104083257705,1.5682870597594167,1.4428785030960578,148409.19001591337,148440.83266606164,27338.586436676473,30249.563607188764,0.0962320385283344,2,1.0,1,3,6,1/2/3/2,2/2/2/2,0/1/2/3/4/5/7/7,8,8
20260711,0.42,10000,4406,29126.201327886945,27642.083091176824,29136.38929781176,27658.03797839487,0.3433334779027802,0.3617672361021133,1.0536905352543364,1.0534510553702943,0.6344004344255151,0.6689309873050457,0.365599565574485,0.3310690126949543,1.5762914804835462,1.494922524113807,0.19703643506044327,18484.138028122707,18501.31865180813,1.5762914804835462,1.494922524113807,147873.10422498165,148010.54921446505,28199.44461753549,30321.887326267435,0.06999705149927471,3,1.0,1,3,5,1/2/2/3,2/2/2/2,0/1/2/3/4/5/6/7,8,8
20260712,0.42,10000,4458,29301.746700526437,27544.083985504258,29313.3507105515,27557.672957935334,0.3412765833451266,0.36305436787307005,1.0638127125936443,1.0637092164964752,0.6393200057364988,0.6792760204497348,0.3606799942635012,0.3207239795502652,1.5641619080072375,1.4721556037528314,0.1955202385009047,18740.611544425785,18719.266419721585,1.5641619080072375,1.4721556037528314,149924.89235540628,149754.13135777268,28150.097000447284,30203.194546944127,0.06797617196769568,3,1.0,1,3,5,1/2/2/3,2/2/2/2,0/1/2/3/4/5/6/7,8,8
20260713,0.42,10000,4391,29293.40619398173,26535.841708143438,29304.295918292508,26550.45323696549,0.34137375263838315,0.3768487960542497,1.1039184856530115,1.103721117554894,0.6278645009549289,0.6932034149340052,0.3721354990450711,0.30679658506599483,1.592700333398503,1.4425780059020665,0.19908754167481288,18399.127132574285,18404.86485191009,1.592700333398503,1.4425780059020665,147193.01706059428,147238.91881528072,27184.279945216065,30408.60266198172,0.10603324173119133,2,1.0,1,3,6,1/2/3/2,2/2/2/2,0/1/2/3/4/5/7/7,8,8
20260714,0.42,10000,4371,29286.263146931367,27040.073941230286,29296.914454607908,27051.06391616763,0.34145701518248517,0.3698214739254893,1.0830689002767897,1.0830226325071821,0.6272706869250231,0.6788882201838466,0.3727293130749769,0.3211117798161533,1.5942080840763546,1.4729965409168455,0.19927601050954433,18377.09565472554,18364.64863612652,1.5942080840763546,1.4729965409168455,147016.76523780433,146917.18908901216,27563.894487482554,30358.158352959163,0.0920432601012583,3,1.0,1,3,5,1/2/2/3,2/2/2/2,0/1/2/3/4/5/6/7,8,8
20260715,0.42,10000,4410,29285.626310332304,27151.721891506037,29294.99222511927,27167.11537521531,0.3414644404061075,0.3683007670732048,1.0785918634314617,1.078325461519011,0.6309240045123046,0.6813408397174276,0.36907599548769543,0.3186591602825723,1.5849769430994878,1.4676942019426427,0.19812211788743597,18482.913806829078,18510.06520244944,1.5849769430994878,1.4676942019426427,147863.31045463262,148080.52161959553,27832.449352302785,30400.700056342623,0.08447998563454173,2,1.0,1,3,6,1/2/3/2,2/2/2/2,0/1/2/3/4/5/7/7,8,8
20260716,0.42,10000,4447,29250.24855340299,28204.196183620374,29262.48163610976,28215.807712442427,0.3418774367589637,0.35455717067404013,1.0370885368607,1.0370953025458058,0.6364907025627468,0.6620981356374676,0.3635092974372533,0.33790186436253244,1.5711148583532022,1.5103501220966298,0.19638935729415027,18625.297495296974,18681.63368191341,1.5711148583532022,1.5103501220966298,149002.3799623758,149453.06945530727,28801.70248524497,30424.36206047796,0.053334218545238454,2,1.0,1,3,6,1/2/3/2,2/2/2/2,0/1/2/3/4/5/7/7,8,8
20260717,0.42,10000,4420,29271.554260244044,26817.162700993304,29285.110651221486,26827.162700993304,0.3416285965238878,0.37289552632760814,1.0915231632300841,1.091621614168582,0.6339182242733171,0.6930441797653357,0.3660817757266829,0.3069558202346643,1.5774905369637153,1.4429094554096094,0.19718631712046442,18564.36534166993,18592.408969541113,1.5774905369637153,1.4429094554096094,148514.92273335945,148739.2717563289,27222.58441182191,30369.865469876455,0.10363170891146356,2,1.0,1,3,6,1/2/3/2,2/2/2/2,0/1/2/3/4/5/7/7,8,8
20260718,0.42,10000,4394,29186.810551811683,26344.93800805709,29200.680225997145,26358.58713086411,0.3426205128596787,0.37957956086067435,1.1078716732180374,1.107824181964789,0.6308594998417341,0.6985444849603514,0.369140500158266,0.3014555150396486,1.5851390051998482,1.431548056752261,0.19814237564998102,18421.52652241097,18412.645671612016,1.5851390051998482,1.431548056752261,147372.21217928777,147301.16537289612,26835.955785615202,30231.886626267435,0.1123294382065334,2,1.0,1,3,6,1/2/3/2,2/2/2/2,0/1/2/3/4/5/7/7,8,8
20260719,0.42,10000,4426,29209.00334023832,26459.417451966183,29222.812864047843,26469.417451966183,0.34236019228441117,0.37793727009121686,1.1039170984494906,1.104021760852056,0.635906746520449,0.700247829403659,0.36409325347955096,0.2997521705963409,1.5725576202356626,1.4280658332802179,0.19656970252945782,18582.98385255259,18535.15211631865,1.5725576202356626,1.4280658332802176,148663.8708204207,148281.2169305492,26957.410149468757,30287.924570252395,0.10996179064889566,3,1.0,1,3,5,1/2/2/3,2/2/2/2,0/1/2/3/4/5/6/7,8,8
20260710,0.43,10000,4390,29235.291324278503,26696.813033924853,29250.10335435369,26705.376943699288,0.3420523465656551,0.37457654542107877,1.0950854428627077,1.0952889156374477,0.630828294454229,0.6906676267221097,0.3691717055457709,0.30933237327789026,1.5852174177842888,1.4478744352706576,0.1981521772230361,18451.792811636864,18444.539314424135,1.5852174177842888,1.4478744352706576,147614.3424930949,147556.31451539308,27295.762204334747,30393.343405810316,0.10191643479681811,2,1.0,1,3,6,1/2/3/2,2/2/2/2,0/1/2/3/4/5/7/7,8,8
20260711,0.43,10000,4361,29246.065452423558,27163.264068794735,29256.25342234837,27179.21895601278,0.34192633591235166,0.36814426921129995,1.0766771393288317,1.0764199467871793,0.6261596371267083,0.6751056062587497,0.3738403628732917,0.32489439374125034,1.5970368268845188,1.4812497344552151,0.19962960336056484,18319.085026624674,18348.84309093831,1.5970368268845188,1.4812497344552151,146552.6802129974,146790.74472750648,27598.494823946174,30428.5539929341,0.09300669264944705,3,1.0,1,3,5,1/2/2/3,2/2/2/2,0/1/2/3/4/5/6/7,8,8
20260712,0.43,10000,4431,29525.396421548383,27518.64605154543,29537.000431573444,27529.094673099316,0.33869147283325707,0.36338997134048334,1.0729232959442876,1.072937587752793,0.6312113452887833,0.6773278543782802,0.3687886547112167,0.32267214562171975,1.5842554280175263,1.476389895286236,0.19803192850219078,18644.089778208847,18646.222627906904,1.5842554280175263,1.476389895286236,149152.71822567077,149169.78102325523,28047.588453007742,30422.478804964176,0.07806367019537253,2,1.0,1,3,6,1/2/3/2,2/2/2/2,0/1/2/3/4/5/7/7,8,8
20260713,0.43,10000,4371,29406.89185879166,26290.063661366512,29417.781583102438,26304.675190188565,0.3400563394465077,0.3803718442376802,1.1185553689626606,1.1183480263643413,0.6234381743111882,0.6971746315740388,0.3765618256888118,0.30282536842596114,1.604008290164233,1.4343608540980046,0.20050103627052912,18340.16804245468,18338.952234394474,1.604008290164233,1.4343608540980046,146721.34433963744,146711.6178751558,26820.49413208469,30515.269328648385,0.1210795538709194,2,1.0,1,3,6,1/2/3/2,2/2/2/2,0/1/2/3/4/5/7/7,8,8
20260714,0.43,10000,4339,29413.739468719898,26516.150510507938,29424.390776396438,26527.14048544528,0.33997717327422855,0.37712864829444814,1.1092763807123394,1.1092183415902215,0.6201950759349527,0.6864759851725285,0.37980492406504734,0.31352401482747144,1.6123959038089526,1.4567151970344236,0.20154948797611907,18248.86227190691,18210.244898556117,1.6123959038089526,1.4567151970344236,145990.89817525528,145681.95918844893,27013.920098345923,30496.983264362672,0.11421008877579353,3,1.0,1,3,5,1/2/2/3,2/2/2/2,0/1/2/3/4/5/6/7,8,8
20260715,0.43,10000,4371,29395.853246749422,26608.70148026264,29405.219161536388,26624.094963971915,0.3401840360291564,0.3758169111490703,1.1047458767784737,1.104458919686394,0.6236331556558075,0.6897877287471107,0.37636684434419254,0.31021227125288936,1.6035067907003888,1.449721353866849,0.20043834883754863,18338.069618459554,18364.973995145574,1.603506790700389,1.449721353866849,146704.55694767644,146919.7919611646,27252.193827068677,30507.366723009287,0.1067012084489577,2,1.0,1,3,6,1/2/3/2,2/2/2/2,0/1/2/3/4/5/7/7,8,8
20260716,0.43,10000,4414,29361.563575405075,27920.083903832012,29373.79665811184,27927.083903832012,0.3405813172829996,0.3581651127712946,1.0516287729126494,1.051803215805189,0.6297219934496207,0.6635985358140181,0.37027800655037935,0.33640146418598194,1.5880023413538322,1.5069352116235872,0.198500292669229,18497.325786729994,18532.371988138155,1.588002341353832,1.5069352116235872,147978.60629383996,148258.97590510524,28557.26438480109,30531.028727144625,0.06464781648804041,3,1.0,1,3,5,1/2/2/3,2/2/2/2,0/1/2/3/4/5/6/7,8,8
20260717,0.43,10000,4385,29435.788870223623,26732.926543799604,29449.345261201066,26742.926543799604,0.33972250732222453,0.37407052997418216,1.1011061142892684,1.1012012919741183,0.6265593669885411,0.6913114418366365,0.37344063301145886,0.3086885581633635,1.5960179556589225,1.4465260365765935,0.1995022444573653,18451.763125085134,18487.691107925362,1.5960179556589225,1.4465260365765935,147614.10500068107,147901.5288634029,27080.766500508595,30515.991133159663,0.1125712947569395,2,1.0,1,3,6,1/2/3/2,2/2/2/2,0/1/2/3/4/5/7/7,8,8
20260718,0.43,10000,4371,29248.691702554697,26018.30637933971,29262.56137674016,26031.955502146728,0.3418956342285409,0.3843447707242265,1.124158170640197,1.1241015441320579,0.6263059373504446,0.7034299383117791,0.37369406264955546,0.29657006168822087,1.5966637714316572,1.42160568599054,0.19958297142895715,18327.31593233416,18311.656853010052,1.5966637714316572,1.42160568599054,146618.52745867328,146493.25482408042,26621.151433985036,30338.5532929341,0.12253062375966528,3,1.0,1,3,5,1/2/2/3,2/2/2/2,0/1/2/3/4/5/6/7,8,8
20260719,0.43,10000,4409,29342.536966117204,26433.732697892763,29356.346489926727,26443.732697892763,0.3408021607520621,0.3783044988117466,1.1100413740832116,1.1101438221793123,0.6312427525881406,0.6995559356573677,0.36875724741185945,0.30044406434263227,1.58417660384999,1.429478257603957,0.19802207548124875,18530.980964232545,18498.8701697477,1.58417660384999,1.429478257603957,148247.84771386036,147990.9613579816,26885.944938315624,30394.591236919063,0.11543653511423535,3,1.0,1,3,5,1/2/2/3,2/2/2/2,0/1/2/3/4/5/6/7,8,8
20260710,0.44,10000,4347,29399.10082599628,26183.71623723274,29413.912856071467,26192.280147007175,0.3401464575119746,0.3819167573234006,1.1228009255688207,1.1229993223569124,0.6212868971362314,0.6970974031889057,0.37871310286376864,0.3029025968110944,1.6095623529313337,1.434519760689757,0.2011952941164167,18274.478650984147,18258.57047407503,1.6095623529313337,1.434519760689757,146195.82920787318,146068.56379260024,26766.357841798384,30555.551836668437,0.12401000037979348,2,1.0,1,3,6,1/2/3/2,2/2/2/2,0/1/2/3/4/5/7/7,8,8
20260711,0.44,10000,4335,29388.841049838094,26879.973284609834,29399.029019762907,26895.92817182788,0.3402652041651398,0.37202417926975817,1.0933359471255395,1.093066163470681,0.6191699322943625,0.6780587265207381,0.3808300677056376,0.3219412734792619,1.6150655059984174,1.4747985106411214,0.20188318824980211,18202.994807686595,18237.018804782856,1.615065505998417,1.4747985106411214,145623.95846149276,145896.15043826285,27406.47080592181,30535.220659600767,0.10246363989170082,2,1.0,1,3,6,1/2/3/2,2/2/2/2,0/1/2/3/4/5/7/7,8,8
20260712,0.44,10000,4391,29647.0321533288,26985.913794944023,29658.63616335386,26996.36241649791,0.3373018907350289,0.3705636976381938,1.0986113858735944,1.0986160174390383,0.6228279948214328,0.6837921266341636,0.37717200517856725,0.31620787336583644,1.6055797239600702,1.4624327497339131,0.20069746549500878,18472.228890760118,18459.90006816371,1.6055797239600702,1.4624327497339131,147777.83112608094,147679.2005453097,27539.17888268166,30561.484167495502,0.09889262145286448,2,1.0,1,3,6,1/2/3/2,2/2/2/2,0/1/2/3/4/5/7/7,8,8
20260713,0.44,10000,4307,29484.708095400474,26029.043958490543,29495.597819711253,26043.655487312597,0.33915886050640504,0.38418621966858874,1.1327618541203743,1.1325444630489871,0.6136461693732049,0.6948788240609771,0.38635383062679507,0.3051211759390229,1.6296035890217118,1.4390998334872958,0.20370044862771397,18099.860615438465,18097.18469927299,1.6296035890217118,1.4390998334872958,144798.88492350772,144777.47759418393,26461.43099346026,30621.935995315052,0.13586681790763722,2,1.0,1,3,6,1/2/3/2,2/2/2/2,0/1/2/3/4/5/7/7,8,8
20260714,0.44,10000,4327,29543.98994415749,26504.78491210788,29554.64125183403,26516.288671506376,0.33847831721109706,0.3772903659909277,1.1146662778863465,1.1145843831302296,0.6157841712468073,0.6859884206609685,0.3842158287531927,0.31401157933903145,1.623945607395612,1.4577505536266526,0.2029932009244515,18199.28026975732,18189.86698755699,1.623945607395612,1.4577505536266526,145594.24215805857,145518.93590045592,26938.053485034667,30634.725468999262,0.12066933610047959,2,1.0,1,3,6,1/2/3/2,2/2/2/2,0/1/2/3/4/5/7/7,8,8
20260715,0.44,10000,4356,29529.104367540043,26591.877976180338,29538.47028232701,26607.271459889613,0.33864894361620157,0.3760546738728831,1.11045577126936,1.11016532931068,0.6183828247378257,0.6879287670684114,0.38161717526217426,0.3120712329315885,1.6171212394586922,1.453638876393367,0.20214015493233653,18266.082691619697,18303.907450456394,1.6171212394586922,1.453638876393367,146128.66153295757,146431.25960365115,27226.498668359887,30614.033389675955,0.11065300276501477,2,1.0,1,3,6,1/2/3/2,2/2/2/2,0/1/2/3/4/5/7/7,8,8
20260716,0.44,10000,4380,29485.16255022889,27410.049575512672,29497.39563293566,27417.049575512672,0.33915363305068064,0.3648296940306779,1.0757062831644808,1.0758778238224813,0.6221077541792921,0.670551507153462,0.37789224582070796,0.32944849284653804,1.6074385719869986,1.4913097492615741,0.20092982149837482,18350.55855134366,18384.543914561207,1.6074385719869986,1.4913097492615741,146804.46841074928,147076.35131648966,27986.388582256826,30637.695393811293,0.08653741012419691,3,1.0,1,3,5,1/2/2/3,2/2/2/2,0/1/2/3/4/5/6/7,8,8
20260717,0.44,10000,4354,29566.417417631314,26459.694886717385,29579.973808608756,26469.694886717385,0.3382215659999682,0.3779333073496604,1.1174133921126008,1.1175033915276493,0.6191540532363237,0.6917234701432404,0.3808459467636763,0.3082765298567596,1.615106926576659,1.4456644066058977,0.2018883658220824,18314.560678224407,18309.709200672936,1.615106926576659,1.4456644066058977,146516.48542579525,146477.6736053835,26916.80994497742,30622.65779982633,0.1210165322380975,3,1.0,1,3,5,1/2/2/3,2/2/2/2,0/1/2/3/4/5/6/7,8,8
20260718,0.44,10000,4336,29385.098395766923,25908.070827931744,29398.968069952385,25921.719950738763,0.34030854228620017,0.3859801089172144,1.1342063479341178,1.1341441897305322,0.6188089871472373,0.7011848036210165,0.38119101285276275,0.2988151963789834,1.61600755769577,1.4261575476762471,0.20200094471197125,18192.345654541205,18175.916113177747,1.61600755769577,1.4261575476762471,145538.76523632964,145407.32890542198,26501.704156893076,30481.10752764588,0.13055310956609922,3,1.0,1,3,5,1/2/2/3,2/2/2/2,0/1/2/3/4/5/6/7,8,8
20260719,0.44,10000,4380,29486.97024454164,26117.228603014464,29500.779768351164,26127.228603014464,0.3391328412877925,0.3828890175141246,1.1290237066400775,1.1291201304430531,0.6242378487305094,0.7029613637480654,0.3757621512694906,0.29703863625193466,1.6019534894169984,1.4225532889434738,0.2002441861771248,18415.503298468066,18366.43224973251,1.6019534894169984,1.4225532889434738,147324.02638774452,146931.45799786007,26573.657378171323,30553.6871750143,0.13026348584525993,3,1.0,1,3,5,1/2/2/3,2/2/2/2,0/1/2/3/4/5/6/7,8,8
20260710,0.45,10000,4308,29500.40177077525,25846.081890987083,29515.213800850437,25854.64580076152,0.3389784341820917,0.3869058390427506,1.1413877699220043,1.1415826009877537,0.6146495723619101,0.7007229652434412,0.38535042763808997,0.2992770347565588,1.6269432941396287,1.4270975115716176,0.20336791176745359,18141.513540863067,18116.944070828496,1.6269432941396287,1.4270975115716176,145132.10832690453,144935.55256662797,26424.487830884296,30700.51208641781,0.13928185443607843,2,1.0,1,3,6,1/2/3/2,2/2/2/2,0/1/2/3/4/5/7/7,8,8
20260711,0.45,10000,4295,29557.061005158288,25974.84250163611,29567.2489750831,25990.797388854156,0.33832863146490794,0.38498789739995987,1.1379110769698233,1.1376045348944417,0.6100650356416674,0.6948450625360607,0.38993496435833264,0.3051549374639393,1.6391695009175513,1.439169757283988,0.20489618761469391,18037.944799810124,18059.57723702045,1.6391695009175513,1.439169757283988,144303.558398481,144476.6178961636,26491.4567803053,30666.887676267434,0.13615437406103092,2,1.0,1,3,6,1/2/3/2,2/2/2/2,0/1/2/3/4/5/7/7,8,8
20260712,0.45,10000,4338,29802.154153583637,26386.198090945272,29813.758163608698,26396.646712499158,0.33554621415839914,0.37898601251809805,1.1294599567116337,1.1294524826705163,0.6139972588035928,0.6922117218869827,0.3860027411964072,0.3077882781130174,1.6286717663016195,1.4446447067870805,0.20358397078770243,18305.565787088977,18272.0682729014,1.6286717663016195,1.4446447067870805,146444.52629671182,146176.5461832112,26885.21086166745,30668.15083416217,0.12335076845522719,2,1.0,1,3,6,1/2/3/2,2/2/2/2,0/1/2/3/4/5/7/7,8,8
20260713,0.45,10000,4262,29644.20532189886,25673.14191748591,29655.095046209637,25687.753446307965,0.3373340553883146,0.38951212251855416,1.1546777335308642,1.1544448644835419,0.6048680669688774,0.6973806195408674,0.39513193303112265,0.3026193804591326,1.6532530887458035,1.4339371814754005,0.20665663609322543,17937.420016379154,17914.1414129993,1.6532530887458035,1.4339371814754005,143499.36013103323,143313.1313039944,26083.64015001708,30728.60266198172,0.15116087649867394,2,1.0,1,3,6,1/2/3/2,2/2/2/2,0/1/2/3/4/5/7/7,8,8
20260714,0.45,10000,4278,29678.102954649105,26417.044478293028,29688.754262325645,26428.548237691524,0.33694876034633775,0.3785434819635873,1.12344524305267,1.1233592551249003,0.6073703656324141,0.681873061549337,0.39262963436758597,0.3181269384506629,1.6464418690542584,1.4665486237685088,0.2058052336317823,18032.069531479618,18020.915099139056,1.6464418690542584,1.4665486237685088,144256.55625183694,144167.32079311245,26947.875905731064,30769.36241047796,0.1241977800438776,2,1.0,1,3,6,1/2/3/2,2/2/2/2,0/1/2/3/4/5/7/7,8,8
20260715,0.45,10000,4312,29645.362155305385,26205.568870600902,29654.72807009235,26220.962354310177,0.3373208918012959,0.38159827971598226,1.131261920002182,1.1309549843893405,0.6097598879469158,0.6906210024277241,0.39024011205308423,0.30937899757227594,1.639989805441347,1.4479721822602023,0.2049987256801684,18082.26366511577,18108.74730575331,1.639989805441347,1.4479721822602023,144658.10932092616,144869.97844602648,26824.718011257537,30720.700056342623,0.12681944219824892,2,1.0,1,3,6,1/2/3/2,2/2/2/2,0/1/2/3/4/5/7/7,8,8
20260716,0.45,10000,4328,29645.320565620295,26947.86654618847,29657.553648327063,26954.86654618847,0.33732136503178883,0.3710868904170972,1.1000989824114056,1.1002671297781204,0.6114978659863516,0.6740337656772867,0.3885021340136484,0.32596623432271327,1.635328683260392,1.4836052003940394,0.204416085407549,18135.530766327734,18168.490201456134,1.635328683260392,1.4836052003940394,145084.24613062188,145347.92161164907,27451.389415813846,30744.36206047796,0.10710817932037198,3,1.0,1,3,5,1/2/2/3,2/2/2/2,0/1/2/3/4/5/6/7,8,8
20260717,0.45,10000,4312,29729.691372872403,25900.676430147665,29743.468315228292,25910.676430147665,0.3363640703355821,0.38609030258222443,1.1478345537828452,1.1479232661259697,0.6101651922158999,0.7006620001879638,0.3898348077841001,0.29933799981203624,1.6389004367298645,1.4272216842525127,0.20486255459123306,18148.4290617288,18154.626373770392,1.6389004367298645,1.4272216842525127,145187.4324938304,145237.01099016314,26234.316690460375,30769.36241047796,0.14738835532299677,2,1.0,1,3,6,1/2/3/2,2/2/2/2,0/1/2/3/4/5/7/7,8,8
20260718,0.45,10000,4303,29540.511069962573,25828.123243310518,29554.380744148035,25841.772366117537,0.33851817852156985,0.3871748599693553,1.1437343236935948,1.1436669406970819,0.6101486108357926,0.6980937109039829,0.38985138916420736,0.30190628909601713,1.638944975438331,1.432472437984106,0.20486812192979137,18032.564355154023,18039.97876739899,1.638944975438331,1.432472437984106,144260.5148412322,144319.8301391919,26382.158568202627,30625.488830026832,0.13855551124016086,3,1.0,1,3,5,1/2/2/3,2/2/2/2,0/1/2/3/4/5/6/7,8,8
20260719,0.45,10000,4332,29590.504426659627,25826.483592218836,29604.31395046915,25836.483592218836,0.33794624977702237,0.3871994406165639,1.1457426761564566,1.1458337139727897,0.6146936456371499,0.7024454443038696,0.3853063543628501,0.2975545556961304,1.6268266429913516,1.4235981001926916,0.20335333037391895,18197.583668800617,18148.720196185797,1.6268266429913516,1.4235981001926916,145580.66935040493,145189.76156948638,26278.06468855787,30660.353841680968,0.14293015585376678,3,1.0,1,3,5,1/2/2/3,2/2/2/2,0/1/2/3/4/5/6/7,8,8
20260710,0.46,10000,4266,29656.93924973538,26052.12172378022,29671.751279810567,26063.65305210102,0.3371892128109352,0.3838458957786943,1.1383694412368994,1.138434095193678,0.6068341469278905,0.6896524815638063,0.39316585307210944,0.3103475184361936,1.647896719494971,1.4500056575341713,0.20598708993687137,18005.83187574039,17974.863005999545,1.647896719494971,1.4500056575341713,144046.65500592312,143798.90404799636,26452.63900230391,30807.178753084478,0.14134821580650525,3,1.0,1,3,5,1/2/2/3,2/2/2/2,0/1/2/3/4/5/6/7,8,8
20260711,0.46,10000,4226,29693.945166207708,25233.736578816264,29704.13313613252,25244.67807915335,0.3367689926019058,0.39629485584766727,1.176755771919082,1.1766493136888807,0.5977715205272943,0.7039781369337308,0.4022284794727057,0.2960218630662692,1.6728799644350736,1.4204986597391096,0.2091099955543842,17756.284830731125,17771.701441654168,1.6728799644350736,1.4204986597391096,142050.278645849,142173.61153323334,25732.667380431187,30773.5543429341,0.1638058089204879,2,1.0,1,3,6,1/2/3/2,2/2/2/2,0/1/2/3/4/5/7/7,8,8
20260712,0.46,10000,4302,29884.694502344948,25840.948089503858,29896.29851237001,25851.396711057743,0.3346194487353831,0.3869827053312268,1.156485992651469,1.15646743758267,0.6081715088322691,0.7026082996413952,0.3918284911677309,0.2973917003586049,1.64427301423585,1.4232681289281537,0.20553412677948124,18182.07697476799,18163.405886511435,1.64427301423585,1.4232681289281537,145456.61579814393,145307.24709209148,26269.601293739583,30774.817500828838,0.14639294634218125,2,1.0,1,3,6,1/2/3/2,2/2/2/2,0/1/2/3/4/5/7/7,8,8
20260713,0.46,10000,4228,29781.709736548422,25714.856619179056,29792.5994608592,25729.46814800111,0.33577655844680726,0.388880255025091,1.1581518877432186,1.1579174233018008,0.5976904006403096,0.6914750390646707,0.4023095993596903,0.3085249609353294,1.6731070114706432,1.4461838005789163,0.2091383764338304,17806.75070787721,17791.284992752266,1.6731070114706432,1.4461838005789163,142454.00566301768,142330.27994201813,26097.612175050086,30835.269328648385,0.1536440983570928,2,1.0,1,3,6,1/2/3/2,2/2/2/2,0/1/2/3/4/5/7/7,8,8
20260714,0.46,10000,4235,29779.55964018088,25819.19907055041,29790.21094785742,25830.702829948907,0.33580080165145315,0.3873086834597469,1.1533882038249472,1.1532868905648876,0.5988797214373698,0.6898783872732387,0.40112027856263016,0.3101216127267613,1.669784372728304,1.4495308426062232,0.208723046591038,17840.753234013337,17820.043610459434,1.669784372728304,1.4495308426062232,142726.0258721067,142560.34888367547,26306.358801416096,30876.029077144627,0.14800058207974487,2,1.0,1,3,6,1/2/3/2,2/2/2/2,0/1/2/3/4/5/7/7,8,8
20260715,0.46,10000,4262,29764.453586858308,25956.602662633155,29773.819501645274,25971.99614634243,0.3359712272499177,0.385258430387575,1.146700667021686,1.1463816386650068,0.6002574823306962,0.689221089384302,0.3997425176693038,0.31077891061569796,1.665951744769882,1.4509132343778457,0.20824396809623524,17871.957933426176,17900.447477467023,1.665951744769882,1.4509132343778457,142975.6634674094,143203.5798197362,26501.184251973777,30827.366723009287,0.14033577729512925,2,1.0,1,3,6,1/2/3/2,2/2/2/2,0/1/2/3/4/5/7/7,8,8
20260716,0.46,10000,4279,29748.34509084599,26750.161425182916,29760.578173552756,26757.161425182916,0.33615315303966775,0.3738295197944444,1.1120809559990372,1.1122472111538382,0.6029996075911809,0.672277091391466,0.39700039240881907,0.3277229086085341,1.658375871909316,1.4874818922212858,0.2072969839886645,17945.616960338975,17988.226656813902,1.658375871909316,1.4874818922212858,143564.9356827118,143905.81325451122,27104.209706277205,30851.028727144625,0.12144875472404393,3,1.0,1,3,5,1/2/2/3,2/2/2/2,0/1/2/3/4/5/6/7,8,8
20260717,0.46,10000,4284,29828.05136645684,25817.43558013988,29841.82830881273,25827.43558013988,0.3352548873254761,0.38733513903652467,1.1553452423215158,1.1554313325539656,0.6037691302328093,0.6976959567284543,0.39623086976719074,0.3023040432715457,1.656262219988635,1.433289085820521,0.20703277749857937,18017.574722568686,18019.697376928216,1.656262219988635,1.433289085820521,144140.5977805495,144157.57901542573,26246.91978338794,30876.029077144627,0.14992566829726472,3,1.0,1,3,5,1/2/2/3,2/2/2/2,0/1/2/3/4/5/6/7,8,8
20260718,0.46,10000,4280,29626.803619236412,25758.641510421166,29640.673293421874,25772.290633228185,0.3375321930951435,0.38821923104734785,1.1501694919450742,1.1500985191904591,0.6069096767194455,0.6976654235927465,0.39309032328055443,0.3023345764072535,1.6476916390678464,1.4333518133238283,0.2059614548834808,17989.211446257374,17980.436061586515,1.6476916390678464,1.4333518133238283,143913.691570059,143843.48849269212,26296.935194057834,30732.1554966935,0.14431855595396992,3,1.0,1,3,5,1/2/2/3,2/2/2/2,0/1/2/3/4/5/6/7,8,8
20260719,0.46,10000,4301,29763.186902306406,25501.97224589483,29776.99642611593,25510.997308551472,0.33598552577127017,0.39212653451184526,1.1670935336029755,1.167221965725913,0.6083789111945236,0.7084896524284543,0.3916210888054764,0.2915103475715457,1.6437124653721915,1.4114532182260537,0.20546405817152394,18115.69666436363,18074.277616238865,1.6437124653721915,1.4114532182260537,144925.57331490904,144594.22092991092,25856.95214774911,30812.532136543123,0.16083001445106104,3,1.0,1,3,5,1/2/2/3,2/2/2/2,0/1/2/3/4/5/6/7,8,8
20260710,0.47,10000,4240,29758.148808019465,25634.24432341416,29774.544797994404,25645.775651734963,0.336042408568947,0.3901031711266816,1.1608748216868072,1.1609921728368595,0.6007419670539794,0.6965871379968293,0.3992580329460206,0.30341286200317075,1.664608192605504,1.4355705775385015,0.208076024075688,17886.81861008399,17864.517462950826,1.664608192605504,1.4355705775385015,143094.5488806719,142916.1397036066,26014.01071835318,30913.845419751142,0.1584996830665205,3,1.0,1,3,5,1/2/2/3,2/2/2/2,0/1/2/3/4/5/6/7,8,8
20260711,0.47,10000,4184,29796.02914980706,25273.900459122076,29806.21711973187,25284.84195945916,0.33561519052496813,0.39566508605088346,1.1789248437533042,1.1788176160057526,0.591176939212582,0.6973643153102053,0.40882306078741804,0.3026356846897948,1.6915409476762573,1.4339707066243772,0.21144261845953216,17620.748206348748,17632.746500784986,1.6915409476762573,1.4339707066243772,140965.98565078998,141061.9720062799,25712.079472833928,30880.221009600766,0.16736089858813008,2,1.0,1,3,6,1/2/3/2,2/2/2/2,0/1/2/3/4/5/7/7,8,8
20260712,0.47,10000,4268,29985.69911529401,25779.768801740214,29997.30312531907,25790.2174232941,0.3334923078348227,0.38790107378018723,1.1631484884872156,1.1631271901657203,0.6014150910268358,0.6996924902791777,0.3985849089731643,0.3003075097208223,1.662745107198148,1.429199275243042,0.2078431383997685,18040.830789673353,18045.221453746086,1.662745107198148,1.429199275243042,144326.64631738683,144361.7716299687,26155.185288611494,30904.883013736104,0.1536876137992026,2,1.0,1,3,6,1/2/3/2,2/2/2/2,0/1/2/3/4/5/7/7,8,8
20260713,0.47,10000,4207,29953.705890030436,25176.15624939893,29964.595614341215,25188.863016316223,0.3338485073170303,0.39720122090673576,1.1897648550201372,1.189596989547781,0.591644602701083,0.7025810097948044,0.40835539729891696,0.2974189902051956,1.6902038748171098,1.4233234119038596,0.21127548435213872,17728.391267345523,17697.216813586456,1.6902038748171098,1.4233234119038596,141827.1301387642,141577.73450869165,25724.139589913364,30982.695743811295,0.16972558480319822,3,1.0,1,3,5,1/2/2/3,2/2/2/2,0/1/2/3/4/5/6/7,8,8
20260714,0.47,10000,4205,29897.08866607918,25433.514565882495,29907.73997375572,25444.50454081984,0.3344807285983622,0.39318199512286,1.1754996970094056,1.1754105852513517,0.5917536208691982,0.6945215369252218,0.40824637913080175,0.30547846307477816,1.689892490275173,1.4398401587763414,0.21123656128439663,17698.013421484407,17671.75639999098,1.689892490275173,1.4398401587763414,141584.10737187526,141374.05119992784,25972.514598362537,30982.695743811295,0.1617090128914792,3,1.0,1,3,5,1/2/2/3,2/2/2/2,0/1/2/3/4/5/6/7,8,8
20260715,0.47,10000,4210,29889.22324434324,25420.881645159032,29898.589159130206,25436.275128868307,0.33456874801497477,0.39337738712552983,1.1757744543071396,1.1754311119711667,0.5905444606404101,0.6947073260056904,0.40945553935958995,0.3052926739943096,1.6933526036558872,1.4394550950680616,0.2116690754569859,17656.44620888776,17670.76667832115,1.6933526036558872,1.4394550950680616,141251.56967110207,141366.1334265692,26011.87542561691,30934.033389675955,0.15911788488926204,2,1.0,1,3,6,1/2/3/2,2/2/2/2,0/1/2/3/4/5/7/7,8,8
20260716,0.47,10000,4239,29847.9555764966,26306.87247200834,29860.188659203366,26313.87247200834,0.3350313214709545,0.3801288051493174,1.1346067689443557,1.1347698325652165,0.5957638752711453,0.677389639165536,0.4042361247288547,0.32261036083446404,1.6785173480766653,1.4762552335933008,0.20981466850958316,17789.621711934502,17824.74457886166,1.6785173480766653,1.4762552335933008,142316.97369547602,142597.95663089328,26600.453354457746,30957.695393811293,0.1407482690143852,3,1.0,1,3,5,1/2/2/3,2/2/2/2,0/1/2/3/4/5/6/7,8,8
20260717,0.47,10000,4257,29935.47108416026,25197.392128665444,29949.24802651615,25207.392128665444,0.3340518668266856,0.39686646732872194,1.1880384656991787,1.1881137038550824,0.5978985649271502,0.7096053886970818,0.40210143507284973,0.29039461130291816,1.6725245027504674,1.4092339431583467,0.20906556284380842,17906.612415701293,17887.301289501404,1.6725245027504674,1.4092339431583467,143252.89932561034,143098.41031601123,25654.039486244637,30982.695743811295,0.17198814143314312,3,1.0,1,3,5,1/2/2/3,2/2/2/2,0/1/2/3/4/5/6/7,8,8
20260718,0.47,10000,4241,29767.850107440296,25487.5598585617,29781.719781625758,25504.136299664457,0.3359328928326121,0.39234826933190436,1.1679364471385743,1.167721166155216,0.5984198389269353,0.6981875504686735,0.4015801610730647,0.3018124495313265,1.6710675932689059,1.432279907209357,0.20888344915861323,17821.971954687608,17806.670449881905,1.6710675932689059,1.432279907209357,142575.77563750086,142453.36359905524,26058.8922680725,30838.822163360164,0.15499716136911135,3,1.0,1,3,5,1/2/2/3,2/2/2/2,0/1/2/3/4/5/6/7,8,8
20260719,0.47,10000,4267,29822.85339440702,25502.159848186828,29836.66291821654,25511.18491084347,0.3353133205515271,0.3921236498998334,1.1694246123442515,1.169552218859679,0.6022977905243657,0.7032492224915602,0.39770220947563434,0.29675077750843976,1.6603082656660442,1.4219709997788175,0.20753853320825552,17970.556152262096,17940.720953389093,1.6603082656660442,1.4219709997788175,143764.44921809676,143525.76762711274,25983.729754024316,30919.19880320979,0.15962473932775745,3,1.0,1,3,5,1/2/2/3,2/2/2/2,0/1/2/3/4/5/6/7,8,8
20260710,0.48,10000,4212,29873.6214405736,25462.92664734423,29890.81943556107,25474.45797566503,0.33474347995915393,0.39272783284096663,1.1732202607467905,1.1733642954882437,0.5944450607000443,0.6965512586323455,0.40555493929995573,0.3034487413676545,1.6822412466887295,1.4356445237978117,0.2102801558360912,17768.449973746163,17744.26576592627,1.6822412466887295,1.4356445237978117,142147.5997899693,141954.12612741016,25781.142925665194,31020.51208641781,0.16890015052480867,3,1.0,1,3,5,1/2/2/3,2/2/2/2,0/1/2/3/4/5/6/7,8,8
20260711,0.48,10000,4145,29895.840889961495,25133.022883945032,29906.028859886308,25143.964384282117,0.33449468897052587,0.3978828987733106,1.189504383456355,1.1893919511984765,0.5835057960076176,0.6944702248168969,0.4164942039923824,0.30552977518310304,1.713779035001985,1.4399465438041765,0.21422237937524813,17450.341175314745,17461.73459874045,1.713779035001985,1.4399465438041763,139602.72940251796,139693.8767899236,25645.860535423584,30986.887676267434,0.17236410434773974,2,1.0,1,3,6,1/2/3/2,2/2/2/2,0/1/2/3/4/5/7/7,8,8
20260712,0.48,10000,4209,30071.128357688445,25032.753674513315,30080.614573227293,25043.2022960672,0.3325448876095548,0.3994766269034691,1.2012712923510636,1.2011488873350342,0.591519422748972,0.7099852523672823,0.408480577251028,0.2900147476327178,1.6905615632242363,1.4084799602044273,0.21132019540302954,17793.267768289723,17780.304302258173,1.6905615632242363,1.4084799602044273,142346.14214631778,142242.4344180654,25539.608175318073,31011.54968040277,0.17644850262167322,2,1.0,1,3,6,1/2/3/2,2/2/2/2,0/1/2/3/4/5/7/7,8,8
20260713,0.48,10000,4163,30064.50642857194,24747.564401366868,30077.293395990488,24760.271168284162,0.3326181330719088,0.4040801687719894,1.214847083170391,1.2147400644996564,0.5828439357888677,0.707310821172433,0.41715606421113227,0.292689178827567,1.715725151444734,1.4138056001213266,0.21446564393059175,17530.368060795616,17513.207732491188,1.715725151444734,1.4138056001213266,140242.94448636493,140105.6618599295,25247.176866251823,31089.36241047796,0.18791590085029086,3,1.0,1,3,5,1/2/2/3,2/2/2/2,0/1/2/3/4/5/6/7,8,8
20260714,0.48,10000,4181,29971.858990171848,25117.396335117443,29982.51029784839,25128.386310054786,0.33364630479808166,0.39813043782801155,1.1932709342276542,1.1931729291288111,0.5864852813282854,0.6988085673907348,0.41351471867171463,0.3011914326092651,1.7050726281402613,1.431007069266304,0.21313407851753266,17584.300986961825,17559.93163817034,1.7050726281402613,1.431007069266304,140674.4078956946,140479.4531053627,25603.373182915624,31089.36241047796,0.17645872421344377,3,1.0,1,3,5,1/2/2/3,2/2/2/2,0/1/2/3/4/5/6/7,8,8
20260715,0.48,10000,4172,30065.68024338092,25145.320170557854,30075.046158167886,25160.71365426713,0.33260514709962496,0.3976883146514395,1.195676970483924,1.1953176913591763,0.5824131252416141,0.6966101586132936,0.41758687475838585,0.3033898413867065,1.7169942720386837,1.4355231367722934,0.21462428400483546,17516.10162476436,17527.208729522685,1.7169942720386837,1.4355231367722934,140128.81299811488,140217.66983618148,25629.676777654095,31067.347022883976,0.17502847092880292,2,1.0,1,3,6,1/2/3/2,2/2/2/2,0/1/2/3/4/5/7/7,8,8
20260716,0.48,10000,4185,29963.60532344352,25336.137719292678,29975.838406150287,25347.74924811473,0.3337382098066818,0.39469314979233444,1.1826429764244282,1.1825838307272893,0.5868057025728411,0.6943032263900534,0.41319429742715885,0.3056967736099466,1.704141584881528,1.440292889317799,0.213017698110191,17589.992916130974,17599.024084692108,1.704141584881528,1.440292889317799,140719.9433290478,140792.19267753686,25862.52336465332,31089.36241047796,0.16812306977588753,2,1.0,1,3,6,1/2/3/2,2/2/2/2,0/1/2/3/4/5/7/7,8,8
20260717,0.48,10000,4228,30043.315919056353,24948.616953955254,30057.092861412242,24958.616953955254,0.33285273925628966,0.4008238219559758,1.2042076710906977,1.2042771807773995,0.592163773578373,0.7118852284537546,0.407836226421627,0.28811477154624543,1.6887220134340921,1.4047208173879981,0.21109025167926151,17798.72153160945,17767.670732156188,1.6887220134340921,1.4047208173879981,142389.7722528756,142141.3658572495,25341.222091986954,31089.36241047796,0.1848909039239005,3,1.0,1,3,5,1/2/2/3,2/2/2/2,0/1/2/3/4/5/6/7,8,8
20260718,0.48,10000,4200,29874.12547958108,25488.271922958436,29887.99515376654,25504.848364061192,0.33473783213620717,0.3923373083207163,1.1720733979094167,1.1718554341958616,0.5913552105042066,0.6923885796621482,0.4086447894957934,0.3076114203378519,1.691031011880949,1.4442756991860715,0.21137887648511863,17674.421665704318,17659.26573329079,1.691031011880949,1.4442756991860715,141395.37332563454,141274.12586632633,25968.72787660954,30945.488830026832,0.16082347190419144,3,1.0,1,3,5,1/2/2/3,2/2/2/2,0/1/2/3/4/5/6/7,8,8
20260719,0.48,10000,4222,29905.174058641926,25309.406683544996,29918.98358245145,25318.431746201637,0.33439029581940266,0.3951100128515275,1.1815833706637178,1.181707614530272,0.5946672304194179,0.7016499407902546,0.40533276958058206,0.2983500592097455,1.6816127555821454,1.4252121205536192,0.21020159444776818,17791.839103940438,17764.67613562448,1.6816127555821454,1.4252121205536192,142334.7128315235,142117.40908499583,25709.738628856052,31025.865469876455,0.1713449974886896,3,1.0,1,3,5,1/2/2/3,2/2/2/2,0/1/2/3/4/5/6/7,8,8
20260710,0.49,10000,4173,29975.627282296427,24972.402234393536,29992.825277283897,24983.933562714337,0.33360436149758205,0.4004420522358631,1.2003501705980109,1.2004845114559846,0.5870133974931566,0.703396623689989,0.41298660250684344,0.296603376310011,1.7035386317765568,1.4216730167882272,0.2129423289720696,17606.190266437046,17573.614514508263,1.7035386317765568,1.4216730167882272,140849.52213149637,140588.9161160661,25345.893314887046,31127.178753084478,0.18573110926811986,3,1.0,1,3,5,1/2/2/3,2/2/2/2,0/1/2/3/4/5/6/7,8,8
20260711,0.49,10000,4126,30022.74886295856,24937.87965080511,30039.365404311942,24948.821151142194,0.3330807597147705,0.40099640145938203,1.2039014255965137,1.2040394703353225,0.5781779757694407,0.6963161462221955,0.42182202423055926,0.3036838537778045,1.7295712426077756,1.4361292717760685,0.21619640532597195,17368.099482863647,17372.26699675013,1.7295712426077756,1.4361292717760685,138944.79586290917,138978.13597400105,25391.866483329508,31129.52461774613,0.18431563619656866,2,1.0,1,3,6,1/2/3/2,2/2/2/2,0/1/2/3/4/5/7/7,8,8
20260712,0.49,10000,4185,30191.874332438336,24742.443028503894,30201.360547977183,24752.89165005778,0.3312149451170687,0.40416380825772774,1.220246290863702,1.2201144405650353,0.5861863849798891,0.7146110419376084,0.413813615020111,0.2853889580623916,1.7059420444135838,1.399362648089768,0.21324275555169797,17703.626361092985,17688.689693016517,1.7059420444135838,1.399362648089768,141629.01088874388,141509.51754413213,25165.836931853115,31118.21634706944,0.19128279554418903,2,1.0,1,3,6,1/2/3/2,2/2/2/2,0/1/2/3/4/5/7/7,8,8
20260713,0.49,10000,4122,30208.965692411333,24823.54994638003,30224.299025744665,24841.54994638003,0.3310275532707847,0.40284326865417897,1.2169478482192935,1.216683302410002,0.5735640459838816,0.6965731173310361,0.4264359540161184,0.30342688266896384,1.7434844582780946,1.4355994727898245,0.21793555728476183,17335.5712362328,17303.95588548457,1.7434844582780946,1.4355994727898245,138684.5698898624,138431.64708387657,25260.548955836774,31196.029077144627,0.19026396297522385,2,1.0,1,3,6,1/2/3/2,2/2/2/2,0/1/2/3/4/5/7/7,8,8
20260714,0.49,10000,4137,30074.10929062429,24751.241064647238,30085.65315027341,24762.23103958458,0.3325119259015773,0.4040201448436955,1.2150545991643151,1.2149815217449056,0.5795491742568614,0.7039511870372722,0.42045082574313863,0.2960488129627278,1.7254791213916751,1.4205530417651713,0.2156848901739594,17436.115440219295,17431.401934006753,1.7254791213916751,1.4205530417651713,139488.92352175436,139451.21547205403,25239.75642218274,31196.029077144627,0.19093047516504824,3,1.0,1,3,5,1/2/2/3,2/2/2/2,0/1/2/3/4/5/6/7,8,8
20260715,0.49,10000,4156,30136.394732489352,25095.604137728504,30145.76064727632,25110.99762143778,0.3318246953149718,0.3984761612080934,1.2008634885654166,1.2005003186946368,0.5789233639182169,0.694913217726888,0.4210766360817831,0.30508678227311203,1.7273443469821121,1.439028607444068,0.21591804337276402,17452.08516179461,17449.964157445556,1.7273443469821121,1.439028607444068,139616.68129435688,139599.71325956445,25511.211565560134,31174.01368955064,0.1816513645109692,2,1.0,1,3,6,1/2/3/2,2/2/2/2,0/1/2/3/4/5/7/7,8,8
20260716,0.49,10000,4153,30071.167758566196,25171.98684819785,30082.558736009807,25183.5983770199,0.33254445189117604,0.3972670119488774,1.1946282961259014,1.1945298001361164,0.5808971361135878,0.6942845139492652,0.4191028638864122,0.3057154860507349,1.7214751766386078,1.440331708267189,0.21518439707982598,17474.87221671689,17484.582358682765,1.7214751766386078,1.440331708267189,139798.9777337351,139876.65886946212,25673.355148524504,31196.029077144627,0.17703131109934245,2,1.0,1,3,6,1/2/3/2,2/2/2/2,0/1/2/3/4/5/7/7,8,8
20260717,0.49,10000,4161,30140.890310511677,24597.191422917473,30154.667252867566,24607.191422917473,0.33177520295452206,0.40655048082777817,1.2253793448315844,1.225441243358783,0.5822576310259935,0.7126459897068,0.4177423689740066,0.28735401029319996,1.7174528021863873,1.403221254933918,0.2146816002732984,17557.78511903177,17536.216285489703,1.7174528021863873,1.403221254933918,140462.28095225416,140289.73028391763,24870.630890919994,31196.029077144627,0.20276292763359605,3,1.0,1,3,5,1/2/2/3,2/2/2/2,0/1/2/3/4/5/6/7,8,8
20260718,0.49,10000,4151,29978.92042421183,24941.86452170808,29992.79009839729,24956.115148274497,0.33356771553133435,0.40093233572400044,1.201951858816319,1.2018212738720688,0.5831265624538666,0.7008246304153976,0.4168734375461334,0.2991753695846024,1.7148935829502945,1.4268904895755063,0.2143616978687868,17489.59258847878,17489.86017539358,1.7148935829502945,1.4268904895755063,139916.74070783023,139918.88140314864,25513.895260223686,31083.170884287483,0.17917334253948525,2,1.0,1,3,6,1/2/3/2,2/2/2/2,0/1/2/3/4/5/7/7,8,8
20260719,0.49,10000,4170,30019.514035319287,25278.696155754056,30033.32355912881,25287.721218410697,0.3331166516631334,0.3955900232506158,1.1875420255204145,1.1876642936597657,0.5857106221939143,0.6953572705829804,0.41428937780608566,0.3046427294170196,1.7073277521487815,1.4381096485287488,0.2134159690185977,17590.83662836848,17584.000805697382,1.7073277521487815,1.4381096485287488,140726.69302694785,140672.00644557906,25674.919318477132,31132.532136543123,0.17530256755633078,3,1.0,1,3,5,1/2/2/3,2/2/2/2,0/1/2/3/4/5/6/7,8,8
20260710,0.5,10000,4102,30076.90158213988,24274.048989562798,30094.09957712735,24285.5803178836,0.3324810560253371,0.4119625862294229,1.2390558161546166,1.2391756418094084,0.5752603484403509,0.7114782487428937,0.4247396515596491,0.2885217512571063,1.7383433478618953,1.4055243456379636,0.2172929184827369,17311.942208736895,17278.66215427271,1.7383433478618953,1.4055243456379636,138495.53766989516,138229.2972341817,24680.64435474835,31233.845419751142,0.20981089510223372,3,1.0,1,3,5,1/2/2/3,2/2/2/2,0/1/2/3/4/5/6/7,8,8
20260711,0.5,10000,4093,30180.186022742437,24607.568238364885,30196.80256409582,24618.50973870197,0.3313432194375624,0.4063790417294999,1.2264595075140117,1.2265893786667514,0.5700985636205047,0.6993074929992414,0.42990143637949524,0.30069250700075856,1.7540826513389816,1.4299861077008147,0.2192603314173727,17215.153767723,17215.908326749086,1.7540826513389816,1.4299861077008147,137721.230141784,137727.2666139927,25082.590288420837,31267.44727351054,0.19780498647644484,2,1.0,1,3,6,1/2/3/2,2/2/2/2,0/1/2/3/4/5/7/7,8,8
20260712,0.5,10000,4134,30226.546660967113,24315.619717507965,30244.005307583655,24326.06833906185,0.3308350144051833,0.41125828237886547,1.2430917662033965,1.2432755217997564,0.5780800321063824,0.7176578398568279,0.4219199678936177,0.2823421601431721,1.7298642825565942,1.3934216899232914,0.21623303531957427,17483.455559233556,17457.7936564207,1.7298642825565942,1.3934216899232914,139867.64447386845,139662.3492513656,24804.601989960687,31224.883013736104,0.20561425389331567,2,1.0,1,3,6,1/2/3/2,2/2/2/2,0/1/2/3/4/5/7/7,8,8
20260713,0.5,10000,4077,30321.41837747556,24500.843934286622,30336.75171080889,24515.736164863065,0.3297998753062475,0.40814920607718097,1.2375662837900694,1.2374399653675805,0.5662980814460551,0.6996963040956905,0.43370191855394497,0.30030369590430944,1.7658544726947991,1.4291914851435887,0.2207318090868499,17179.644291136403,17153.569986739745,1.7658544726947991,1.4291914851435887,137437.15432909122,137228.55989391796,24906.433051973796,31302.69574381129,0.20433584200498356,3,1.0,1,3,5,1/2/2/3,2/2/2/2,0/1/2/3/4/5/6/7,8,8
20260714,0.5,10000,4090,30231.44821745857,24406.025139488498,30242.99207710769,24417.01511442584,0.3307813746820449,0.409734888940198,1.2386879077881732,1.2386031599431577,0.57147590069525,0.7071230156409165,0.42852409930474994,0.29287698435908344,1.7498550661251213,1.414181094209793,0.21873188326564016,17283.141136984428,17265.83336066264,1.7498550661251213,1.414181094209793,138265.12909587543,138126.66688530112,24836.966621889762,31302.695743811295,0.20655502563864137,3,1.0,1,3,5,1/2/2/3,2/2/2/2,0/1/2/3/4/5/6/7,8,8
20260715,0.5,10000,4104,30259.969506539317,24848.033664995044,30269.335421326283,24856.65772514542,0.33046959937745324,0.4024463317629683,1.2178013727166026,1.2177556514649719,0.571419062701944,0.6951974020549864,0.42858093729805596,0.3048025979450137,1.750029120959877,1.4384403581544245,0.21875364011998463,17296.47527506502,17280.2838742911,1.750029120959877,1.4384403581544245,138371.80220052015,138242.2709943288,25362.58460073937,31280.680356217308,0.1891933195852521,3,1.0,1,3,5,1/2/2/3,2/2/2/2,0/1/2/3/4/5/6/7,8,8
20260716,0.5,10000,4102,30183.11842934484,24964.976471618997,30194.50940678845,24976.58800044105,0.3313110281632706,0.4005611626098798,1.2090185009250056,1.2089124986269244,0.5716788541721232,0.6917097175337112,0.42832114582787684,0.3082902824662888,1.7492338446699243,1.445693149382803,0.21865423058374053,17261.562539962215,17276.54863074096,1.7492338446699243,1.445693149382803,138092.50031969772,138212.38904592767,25506.425068242163,31302.69574381129,0.18516841881629575,2,1.0,1,3,6,1/2/3/2,2/2/2/2,0/1/2/3/4/5/7/7,8,8
20260717,0.5,10000,4102,30250.245204572522,24019.56082419815,30264.02214692841,24029.56082419815,0.3305758327700575,0.416327345582674,1.2594004289244691,1.259449657375846,0.5721168872767154,0.7187864713298603,0.42788311272328466,0.2812135286701397,1.7478945688179464,1.3912337528415823,0.2184868211022433,17314.55814717426,17272.123232431637,1.7478945688179464,1.3912337528415823,138516.46517739407,138176.9858594531,24576.427071303115,31302.695743811295,0.21487825609517985,3,1.0,1,3,5,1/2/2/3,2/2/2/2,0/1/2/3/4/5/6/7,8,8
20260718,0.5,10000,4107,30121.294799327003,24688.87306863433,30135.164473512465,24700.436978408765,0.33199104044569255,0.4050407635942029,1.2200352245965502,1.220025560675478,0.5742579719530295,0.7007345074075866,0.42574202804697053,0.29926549259241336,1.7413776540167794,1.427074005102968,0.21767220675209742,17305.35843503025,17308.448538817403,1.7413776540167794,1.427074005102968,138442.867480242,138467.58831053923,25105.603211504113,31235.04842726994,0.19623613614808677,2,1.0,1,3,6,1/2/3/2,2/2/2/2,0/1/2/3/4/5/7/7,8,8
20260719,0.5,10000,4131,30134.230422939985,25020.20832003886,30148.039946749508,25029.2333826955,0.3318485277257122,0.39967692802904964,1.2043956643960183,1.2045131181521926,0.5788341824910518,0.6970064498000054,0.4211658175089482,0.30299355019999463,1.7276104802526224,1.43470695326698,0.2159513100315778,17450.716056284324,17445.53710128837,1.7276104802526224,1.43470695326698,139605.7284502746,139564.29681030696,25387.24473030233,31239.19880320979,0.18732727781437786,3,1.0,1,3,5,1/2/2/3,2/2/2/2,0/1/2/3/4/5/6/7,8,8
20260710,0.525,10000,4030,30359.879227618185,24518.000992418143,30377.077222605654,24527.747859586063,0.32938207444853945,0.4078635938995338,1.2382689452132156,1.2384780452125175,0.560677452339771,0.6943598453073788,0.43932254766022905,0.30564015469262124,1.7835566524512194,1.4401754461439524,0.22294458155640243,17031.742266699024,17031.08320952057,1.7835566524512194,1.4401754461439524,136253.9381335922,136248.66567616456,24811.97068622665,31531.189128147133,0.21309752748659894,2,1.0,1,3,6,1/2/3/2,2/2/2/2,0/1/2/3/4/5/7/7,8,8
20260711,0.525,10000,3991,30511.248325035966,23376.42662092467,30523.65434007356,23387.368121261756,0.3277479798096138,0.4277813783159149,1.3052143862623036,1.3051342152657235,0.5516912672129706,0.719931581544612,0.4483087327870294,0.280068418455388,1.8126079918788487,1.3890208814766838,0.2265759989848561,16839.633542845873,16837.304919706017,1.8126079918788487,1.3890208814766838,134717.068342767,134698.43935764814,24310.360305477432,31569.36241047796,0.22993819167507934,2,1.0,1,3,6,1/2/3/2,2/2/2/2,0/1/2/3/4/5/7/7,8,8
20260712,0.525,10000,4039,30514.158143150296,23697.125779049835,30531.61678976684,23713.481668774144,0.3277167258912159,0.4219921054240597,1.2876733840070709,1.2875214705384574,0.5595833467157237,0.7182399737527628,0.4404166532842762,0.28176002624723717,1.7870438887596383,1.3922923208730045,0.22338048609495478,17084.98430385971,17031.970451366964,1.7870438887596383,1.3922923208730045,136679.87443087768,136255.7636109357,24880.981893603675,31534.11394017721,0.21098205134905867,2,1.0,1,3,6,1/2/3/2,2/2/2/2,0/1/2/3/4/5/7/7,8,8
20260713,0.525,10000,3999,30522.648496248476,23819.448532358292,30537.981829581808,23831.293143887113,0.32762556634720263,0.4198250008355643,1.281417093044115,1.2814236157979957,0.5531922297508578,0.7070659442700813,0.4468077702491422,0.29293405572991876,1.807689888287787,1.414295240923137,0.22596123603597337,16893.37426039754,16850.295789959655,1.807689888287787,1.414295240923137,135146.99408318033,134802.36631967724,24449.706538036222,31569.36241047796,0.2255242212328844,3,1.0,1,3,5,1/2/2/3,2/2/2/2,0/1/2/3/4/5/6/7,8,8
20260714,0.525,10000,3979,30532.835749711736,23868.208755001833,30544.379609360858,23879.198729939177,0.3275162543686893,0.41896734282183595,1.2792261062872285,1.2791207927368615,0.5514157363716495,0.7052252255904177,0.4485842636283504,0.29477477440958233,1.8135137139539457,1.4179867136244249,0.2266892142442432,16842.651574310916,16840.21331123977,1.8135137139539457,1.4179867136244249,134741.21259448733,134721.70648991817,24182.428439354226,31569.36241047796,0.23399059743670936,3,1.0,1,3,5,1/2/2/3,2/2/2/2,0/1/2/3/4/5/6/7,8,8
20260715,0.525,10000,3986,30477.703693563657,23498.861290665158,30487.069608350623,23511.14700495087,0.32810870860037333,0.42555253534657295,1.2969864078337625,1.2967070301559849,0.5520945606166073,0.7139513809779394,0.44790543938339267,0.2860486190220606,1.8112839200646154,1.4006556001477912,0.22641049000807692,16831.74529991026,16785.81587256002,1.8112839200646154,1.4006556001477912,134653.96239928209,134286.52698048015,24583.13759891827,31547.347022883976,0.22075420221275566,3,1.0,1,3,5,1/2/2/3,2/2/2/2,0/1/2/3/4/5/6/7,8,8
20260716,0.525,10000,4015,30493.210195214808,24139.114725355612,30504.60117265842,24150.726254177665,0.32794185774409756,0.4142653992814429,1.2632281896893627,1.2630924988179866,0.5541553361313085,0.7001390945276595,0.4458446638686915,0.2998609054723405,1.8045481741297307,1.4282876185833304,0.22556852176621633,16904.287516386034,16908.867611785325,1.8045481741297307,1.4282876185833304,135234.30013108827,135270.9408942826,24711.684823510015,31569.36241047796,0.2172257234023789,2,1.0,1,3,6,1/2/3/2,2/2/2/2,0/1/2/3/4/5/7/7,8,8
20260717,0.525,10000,4006,30564.086322984887,22934.772157735057,30577.863265340777,22944.772157735057,0.3271813819109578,0.4360191560319193,1.3326527123434597,1.332672342751178,0.5541661285729047,0.735569459713912,0.4458338714270953,0.264430540286088,1.8045130303708963,1.3594909179466668,0.22556412879636203,16945.216105785537,16877.473659323987,1.8045130303708963,1.3594909179466668,135561.7288462843,135019.7892745919,24170.047776851443,31569.36241047796,0.23438277078319025,3,1.0,1,3,5,1/2/2/3,2/2/2/2,0/1/2/3/4/5/6/7,8,8
20260718,0.525,10000,4001,30357.450387732177,23941.812196245766,30371.32006191764,23956.443775193136,0.329408427660352,0.4176793267791177,1.2679679440678442,1.2677724768718426,0.5561986413868748,0.7047976228312348,0.44380135861312525,0.29520237716876524,1.797918810996215,1.4188470102707087,0.22473985137452687,16892.486955564524,16884.444624246255,1.797918810996215,1.4188470102707087,135139.8956445162,135075.55699397004,24603.75442129747,31501.715093936607,0.21897095609143014,2,1.0,1,3,6,1/2/3/2,2/2/2/2,0/1/2/3/4/5/7/7,8,8
20260719,0.525,10000,4029,30416.626362990486,24146.665575517818,30433.222854218555,24155.69063817446,0.32876755892190357,0.4141358552685199,1.2596615573220076,1.259877985277862,0.560830482107896,0.7052942175235904,0.43916951789210396,0.29470578247640955,1.7830699862130779,1.4178480060579148,0.22288374827663474,17067.87904542843,17036.868927393174,1.7830699862130779,1.4178480060579148,136543.03236342745,136294.9514191454,24590.082130609724,31533.775594312545,0.2201986071390446,3,1.0,1,3,5,1/2/2/3,2/2/2/2,0/1/2/3/4/5/6/7,8,8
20260710,0.55,10000,3941,30668.606180635652,23845.728674869606,30677.510942540415,23857.260003190408,0.3260663344496582,0.41936231584060335,1.2861257711514809,1.2858773781414103,0.5425377726366097,0.6972646622598639,0.4574622273633903,0.302735337740136,1.843189636622402,1.434175649686531,0.23039870457780026,16643.708456801098,16634.82433857032,1.843189636622402,1.434175649686531,133149.66765440878,133078.59470856257,24324.896675248758,31797.8557948138,0.23501456097501627,3,1.0,1,3,5,1/2/2/3,2/2/2/2,0/1/2/3/4/5/6/7,8,8
20260711,0.55,10000,3845,30825.525426953533,23140.551555682432,30837.931441991128,23151.493056019517,0.32440647357972036,0.432141817187775,1.3320998573771665,1.3320061633767113,0.5275543768906227,0.6976880617507363,0.4724456231093773,0.30231193824926367,1.8955391971040911,1.433305304795757,0.2369423996380114,16268.685706475371,16152.520316889888,1.8955391971040911,1.433305304795757,130149.48565180297,129220.1625351191,23716.196679078657,31836.029077144627,0.25505167049540334,4,1.0,1,2,5,1/1/3/3,2/2/2/2,0/1/1/3/3/5/6/7,8,8
20260712,0.55,10000,3905,30726.94306176865,23502.043361847725,30744.40170838519,23517.697497186073,0.32544727862767087,0.42549491744337425,1.3074158101354514,1.3072879142213563,0.5393472661229711,0.700727139283835,0.46065273387702893,0.29927286071616493,1.8540930172658003,1.427089010741087,0.23176162715822504,16581.909010003954,16479.488889745804,1.8540930172658003,1.427089010741087,132655.27208003163,131835.91111796643,24004.456933199595,31800.780606843873,0.24516139304978013,4,1.0,1,2,5,1/1/3/3,2/2/2/2,0/1/1/3/3/5/6/7,8,8
20260713,0.55,10000,3861,30767.81661940542,23075.660195885084,30783.149952738753,23087.504807413905,0.3250149376440624,0.43335704873064596,1.3333450206071253,1.3333251128486439,0.5302461952468599,0.7040602450273606,0.46975380475314005,0.29593975497263936,1.885916408196843,1.4203329999993661,0.23573955102460536,16322.64814015328,16254.994291778201,1.885916408196843,1.4203329999993661,130581.18512122624,130039.95433422561,23470.17556680725,31836.029077144627,0.26277942798913,4,1.0,1,2,5,1/1/3/3,2/2/2/2,0/1/1/3/3/5/6/7,8,8
20260714,0.55,10000,3871,30787.962299581814,22839.803327542595,30800.348264494096,22850.79330247994,0.3248022685845574,0.4378321413976874,1.3479959462897173,1.3478896709092114,0.532379007796025,0.7134578719344442,0.46762099220397507,0.28654212806555573,1.8783610648734272,1.4016244537167073,0.2347951331091784,16397.458848823386,16303.078361601189,1.8783610648734272,1.4016244537167073,131179.6707905871,130424.62689280951,23166.090559963613,31836.029077144627,0.2723310277224631,4,1.0,1,2,5,1/1/3/3,2/2/2/2,0/1/1/3/3/5/6/7,8,8
20260715,0.55,10000,3869,30738.574279240296,23418.09384708489,30753.205858187666,23431.2818170097,0.3253241321199999,0.4270202376546036,1.3125993293884877,1.3124849975498434,0.5317099851850438,0.6931174336186721,0.4682900148149562,0.30688256638132794,1.8807245074624348,1.4427569579070256,0.23509056343280435,16351.786631249566,16240.62991940162,1.8807245074624348,1.4427569579070256,130814.29304999653,129925.03935521295,23914.42123322928,31814.01368955064,0.24830543336680566,4,1.0,1,2,5,1/1/3/3,2/2/2/2,0/1/1/3/3/5/6/7,8,8
20260716,0.55,10000,3914,30764.909640798087,23722.823876941053,30776.300618241698,23729.823876941053,0.32504564832976984,0.42153497626899944,1.2968485455351733,1.296946019399154,0.5365331660160084,0.6918109685978148,0.46346683398399163,0.3081890314021852,1.863817678644983,1.445481562726351,0.23297720983062287,16512.506008965654,16416.552440962143,1.863817678644983,1.445481562726351,132100.04807172524,131332.41952769714,24138.266745866356,31836.029077144627,0.24179404763782442,4,1.0,1,2,5,1/1/3/3,2/2/2/2,0/1/1/3/3/5/6/7,8,8
20260717,0.55,10000,3897,30793.68070057008,23212.721600650417,30807.45764292597,23222.721600650417,0.3247419526505278,0.43079825675072075,1.3265863964743903,1.326608404161514,0.5356653557642412,0.7046607377480719,0.4643346442357587,0.295339262251928,1.8668371759328843,1.4191226308361695,0.23335464699161054,16502.487758489733,16364.14013563241,1.8668371759328843,1.4191226308361695,132019.90206791786,130913.12108505928,23787.31655859946,31836.029077144627,0.25281772733156005,4,1.0,1,2,5,1/1/3/3,2/2/2/2,0/1/1/3/3/5/6/7,8,8
20260718,0.55,10000,3896,30665.499591310956,23419.046645277365,30679.369265496418,23435.62308638012,0.32609936682177815,0.4270028644405377,1.3094256164989917,1.309091256179405,0.5377779904529086,0.7001121060237824,0.4622220095470914,0.2998878939762176,1.8595033968530674,1.4283426774026253,0.23243792460663343,16498.68955196139,16407.56343498516,1.8595033968530674,1.4283426774026253,131989.51641569112,131260.5074798813,24023.85617834262,31768.38176060327,0.24378092786157657,4,1.0,1,2,5,1/1/3/3,2/2/2/2,0/1/1/3/3/5/6/7,8,8
20260719,0.55,10000,3902,30660.52673318291,23166.810463881888,30677.123224410978,23180.459586688907,0.32615225716841056,0.43165199696308887,1.3234677592318576,1.3234044437163333,0.5392909276872926,0.7094075130055304,0.4607090723127074,0.29059248699446966,1.854286709936736,1.4096270220811775,0.231785838742092,16543.894242469985,16444.39218571818,1.854286709936736,1.4096270220811775,132351.15393975988,131555.13748574545,23587.155686818267,31800.442260979213,0.2582758600259806,4,1.0,1,2,5,1/1/3/3,2/2/2/2,0/1/1/3/3/5/6/7,8,8
20260710,0.575,10000,3797,30876.905666051323,22711.525899789867,30891.71769612651,22723.05722811067,0.3238666499860718,0.44030506995095925,1.3595258109159898,1.3594877390842637,0.5202718691068685,0.7029252678339001,0.47972813089313143,0.2970747321660999,1.9220720153804645,1.4226263384748579,0.24025900192255806,16072.091705685467,15972.611088074731,1.9220720153804645,1.4226263384748579,128576.73364548374,127780.88870459785,23015.39240392428,32064.522461480465,0.2822162740276898,4,1.0,1,2,5,1/1/3/3,2/2/2/2,0/1/1/3/3/5/6/7,8,8
20260711,0.575,10000,3759,31065.256182972822,22278.000998026648,31076.51934086756,22288.942498363733,0.3219030270054911,0.44887330783788837,1.3944364301682424,1.39425723509085,0.5151124570510169,0.712742675261814,0.48488754294898306,0.287257324738186,1.941323659157712,1.4030309040112785,0.242665457394714,16007.902234267738,15886.280505040508,1.941323659157712,1.4030309040112785,128063.2178741419,127090.24404032406,22825.94844790238,32102.69574381129,0.2889709752084376,4,1.0,1,2,5,1/1/3/3,2/2/2/2,0/1/1/3/3/5/6/7,8,8
20260712,0.575,10000,3795,30964.054730269792,22930.18030407448,30977.470770370044,22946.115141167214,0.3229551196414924,0.4361064704852361,1.3503624620329637,1.3500093841503444,0.519307249582077,0.6972734235482871,0.48069275041792303,0.3027265764517129,1.9256422874989136,1.4341576291710603,0.2407052859373642,16086.825144770051,15999.71626161485,1.9256422874989136,1.4341576291710603,128694.60115816041,127997.7300929188,23336.481433346224,32102.69574381129,0.27306785637013065,4,1.0,1,2,5,1/1/3/3,2/2/2/2,0/1/1/3/3/5/6/7,8,8
20260713,0.575,10000,3729,31034.03666080267,22358.448292770525,31049.369994136003,22370.292904299346,0.3222268539957753,0.44725822959876166,1.3880228294213668,1.3879733326231336,0.5103599239622714,0.7043599632105656,0.4896400760377286,0.29564003678943435,1.9594014989192714,1.4197286220555014,0.24492518736490893,15846.354109283682,15756.738687081865,1.9594014989192714,1.4197286220555014,126770.83287426946,126053.90949665492,22819.598025922165,32102.69574381129,0.28916879105639304,4,1.0,1,2,5,1/1/3/3,2/2/2/2,0/1/1/3/3/5/6/7,8,8
20260714,0.575,10000,3760,31065.9299562973,22181.149945276025,31078.31592120958,22193.576010438934,0.32189604541269895,0.45083325367131044,1.4005554280522543,1.4003293523581615,0.5131158116553705,0.7143812599756719,0.4868841883446295,0.285618740024328,1.9488777723958364,1.3998127554942505,0.24360972154947955,15946.775298793478,15854.674793703212,1.9488777723958364,1.3998127554942505,127574.20239034783,126837.3983496257,22514.62677156079,32102.69574381129,0.29866865539162313,4,1.0,1,2,5,1/1/3/3,2/2/2/2,0/1/1/3/3/5/6/7,8,8
20260715,0.575,10000,3759,30978.958240192915,22309.2650812377,30993.589819140285,22322.38036945825,0.32279975080071405,0.44824425921632416,1.3886140187668714,1.3884536194690997,0.5154079403712969,0.7102948942224768,0.48459205962870305,0.2897051057775232,1.9402106984995335,1.4078659555826436,0.2425263373124417,15974.342293395892,15855.47280331824,1.9402106984995335,1.4078659555826436,127794.73834716713,126843.78242654592,22756.06723391294,32080.680356217308,0.2906613269658178,4,1.0,1,2,5,1/1/3/3,2/2/2/2,0/1/1/3/3/5/6/7,8,8
20260716,0.575,10000,3783,31013.886214229562,22483.62049634578,31025.277191673173,22490.62049634578,0.322436212312273,0.44476822590139703,1.3793991149810678,1.3794762664157747,0.5184421015182256,0.7095879165700163,0.4815578984817744,0.2904120834299837,1.9288556949205358,1.4092686426141083,0.24110696186506697,16084.809907436513,15959.072540368907,1.9288556949205358,1.4092686426141083,128678.4792594921,127672.58032295125,22903.017921763214,32102.695743811295,0.2865702586307438,4,1.0,1,2,5,1/1/3/3,2/2/2/2,0/1/1/3/3/5/6/7,8,8
20260717,0.575,10000,3763,31079.12804466858,22603.486727848223,31092.90498702447,22613.486727848223,0.3217593487702572,0.44240962115281435,1.3749705264001635,1.374971730862448,0.5147652769255074,0.7008422307724999,0.48523472307449256,0.2991577692275001,1.9426329723959057,1.4268546558585018,0.2428291215494882,16005.547846064143,15848.486483889468,1.9426329723959057,1.4268546558585018,128044.38276851314,126787.89187111575,23035.872786831722,32102.69574381129,0.2824318253312873,4,1.0,1,2,5,1/1/3/3,2/2/2/2,0/1/1/3/3/5/6/7,8,8
20260718,0.575,10000,3787,31030.899462210848,22712.875722717374,31044.76913639631,22726.524845524393,0.32225943086754255,0.4402789026841731,1.3662250364525088,1.3660147931728355,0.5179964227142733,0.7032464346412776,0.48200357728572674,0.2967535653587225,1.9305152625573243,1.421976636838685,0.24131440781966554,16081.079356643766,15982.34756940144,1.9305152625573243,1.421976636838685,128648.63485315013,127858.78055521152,23198.203684427855,32073.54501787144,0.27671843971404564,4,1.0,1,2,5,1/1/3/3,2/2/2/2,0/1/1/3/3/5/6/7,8,8
20260719,0.575,10000,3795,30964.550840286993,23059.98464892057,30981.14733151506,23071.415726614807,0.32294994529645554,0.43365163300176335,1.3427828037056577,1.342836854860871,0.5220245423141484,0.696159450465304,0.47797545768585153,0.30384054953469597,1.9156187476684023,1.4364525243916646,0.2394523434585503,16172.919256101351,16061.384093696737,1.9156187476684023,1.4364525243916646,129383.35404881081,128491.0727495739,23365.183775855487,32067.10892764588,0.2713660645686784,4,1.0,1,2,5,1/1/3/3,2/2/2/2,0/1/1/3/3/5/6/7,8,8
20260710,0.6,10000,3662,31193.26069580444,21837.44364812764,31208.07272587963,21848.97497644844,0.32058206730997574,0.4579290580496774,1.4284300487927752,1.4283540879844292,0.4996010568642757,0.7083363940098286,0.5003989431357243,0.2916636059901713,2.0015970468046174,1.411758605736873,0.25019963085057717,15591.58611654664,15476.42414762847,2.0015970468046174,1.411758605736873,124732.68893237312,123811.39318102776,22060.380564775096,32331.189128147133,0.31767493990594975,4,1.0,1,2,5,1/1/3/3,2/2/2/2,0/1/1/3/3/5/6/7,8,8
20260711,0.6,10000,3662,31281.497644734136,21661.51828416972,31292.760802628873,21674.473171387766,0.31967778888244436,0.46164815729043424,1.4441045744976573,1.4437610803817877,0.4983885315367775,0.7143753528813148,0.5016114684632226,0.2856246471186852,2.0064667156696143,1.39982433039811,0.2508083394587018,15595.953104153834,15483.709420326726,2.0064667156696143,1.39982433039811,124767.62483323067,123869.67536261381,22177.26357158895,32369.36241047796,0.3148686931068444,4,1.0,1,2,5,1/1/3/3,2/2/2/2,0/1/1/3/3/5/6/7,8,8
20260712,0.6,10000,3689,31316.56456088947,21751.40079974453,31329.980600989722,21767.335636837262,0.3193198277083294,0.4597405055456221,1.439749322317544,1.4393116881043273,0.5004677101082753,0.713861652131567,0.4995322898917247,0.2861383478684329,1.998130907953386,1.4008316555652391,0.24976636349417325,15679.643649114012,15538.866180214985,1.998130907953386,1.4008316555652391,125437.1491929121,124310.92944171988,22164.329499019605,32369.36241047796,0.3152682707199381,4,1.0,1,2,5,1/1/3/3,2/2/2/2,0/1/1/3/3/5/6/7,8,8
20260713,0.6,10000,3634,31255.591413271413,21862.20494131714,31270.924746604745,21872.6134626204,0.3199427541708236,0.45741040424980695,1.4296632703411272,1.429683965295037,0.49538127558934547,0.7040249151750524,0.5046187244106545,0.2959750848249476,2.018647149733949,1.4204042761062723,0.2523308937167436,15491.03058983149,15398.864837678037,2.018647149733949,1.4204042761062723,123928.24471865191,123190.91870142429,22269.495340307167,32369.36241047796,0.3120193392163161,4,1.0,1,2,5,1/1/3/3,2/2/2/2,0/1/1/3/3/5/6/7,8,8
20260714,0.6,10000,3680,31340.916118446345,21824.288823682862,31353.302083358627,21834.288823682862,0.3190717196079119,0.4582050797068078,1.4360566968137085,1.4359662609826265,0.4996097429259785,0.7130301081108336,0.5003902570740215,0.28696989188916644,2.0015622476524815,1.4024653217652905,0.2501952809565602,15664.415193747349,15568.505320473756,2.0015622476524815,1.4024653217652905,125315.32154997879,124548.04256379005,22046.275592273523,32369.36241047796,0.3189153585200941,4,1.0,1,2,5,1/1/3/3,2/2/2/2,0/1/1/3/3/5/6/7,8,8
20260715,0.6,10000,3633,31310.133823487053,21188.419961089676,31324.765402434423,21201.84853251825,0.3193854122877807,0.47195590885794964,1.477700266512786,1.4774544471624818,0.49512076879472766,0.7239123778774361,0.5048792312052723,0.2760876221225639,2.01970925686333,1.381382651491708,0.25246365710791624,15509.541928367818,15348.280586572515,2.01970925686333,1.381382651491708,124076.33542694255,122786.24469258012,21703.53632602086,32347.347022883976,0.32904740810222244,4,1.0,1,2,5,1/1/3/3,2/2/2/2,0/1/1/3/3/5/6/7,8,8
20260716,0.6,10000,3667,31297.40018602351,21652.955472457033,31308.79116346712,21670.81512157984,0.3195153572041969,0.4618307192623283,1.4454100838952166,1.4447445095080789,0.498916780067899,0.7143096199831348,0.501083219932101,0.28569038001686514,2.004342287032132,1.3999531464011508,0.2505427858790165,15620.481275095306,15479.671714220467,2.004342287032132,1.3999531464011508,124963.85020076245,123837.37371376374,22206.102542264798,32369.36241047796,0.31397775894786595,4,1.0,1,2,5,1/1/3/3,2/2/2/2,0/1/1/3/3/5/6/7,8,8
20260717,0.6,10000,3654,31351.725531345674,21461.80506264781,31365.502473701563,21474.592030066357,0.3189617104169252,0.4659440327041284,1.4608149426308186,1.4605866518808388,0.49689946855804373,0.7181344743137231,0.5031005314419562,0.2818655256862768,2.012479512006538,1.3924968592485945,0.25155993900081725,15585.501510238313,15421.644858613372,2.012479512006538,1.3924968592485945,124684.0120819065,123373.15886890698,21948.447780280505,32369.36241047796,0.3219375932725881,4,1.0,1,2,5,1/1/3/3,2/2/2/2,0/1/1/3/3/5/6/7,8,8
20260718,0.6,10000,3652,31336.83371742283,21627.38878946689,31350.70339160829,21641.03791227391,0.31911328662538563,0.4623766695714216,1.44894208091754,1.4486691220030374,0.496256315140985,0.7130510325220174,0.503743684859015,0.2869489674779826,2.015087706674126,1.4024241665607886,0.25188596333426577,15557.984542197511,15431.164428195036,2.015087706674126,1.4024241665607886,124463.87633758009,123449.31542556029,22075.86607667641,32369.36241047796,0.318001207539063,4,1.0,1,2,5,1/1/3/3,2/2/2/2,0/1/1/3/3/5/6/7,8,8
20260719,0.6,10000,3700,31263.58354596218,22046.90296355919,31281.242693831857,22053.90296355919,0.31986096492420624,0.453578446665673,1.418048766198002,1.4183993983069336,0.5048587179125258,0.710621381262757,0.49514128208747427,0.28937861873724297,1.9807521679228777,1.4072191273263186,0.2475940209903597,15792.608081118515,15671.974986199242,1.9807521679228777,1.4072191273263186,126340.86464894812,125375.79988959394,22406.845000130266,32369.36241047796,0.307776139795785,4,1.0,1,2,5,1/1/3/3,2/2/2/2,0/1/1/3/3/5/6/7,8,8
20260710,0.625,10000,3547,31444.2873167673,21001.703520358373,31459.099346842486,21013.234848679174,0.3180227905711705,0.4761518507442181,1.4972255601211695,1.4971088256228149,0.48165729206205926,0.7157154516657144,0.5183427079379408,0.2842845483342856,2.076164975555181,1.397203312674972,0.2595206219443976,15152.504602111449,15039.496870680145,2.076164975555181,1.397203312674972,121220.03681689159,120315.97496544116,21217.688304049763,32597.8557948138,0.3491078542833047,4,1.0,1,2,5,1/1/3/3,2/2/2/2,0/1/1/3/3/5/6/7,8,8
20260711,0.625,10000,3538,31582.695975219067,20746.804090722937,31593.959133113804,20757.248117396022,0.31662908093236763,0.4820019486505665,1.5222921003693994,1.522068771083189,0.47952416630417893,0.7237537832406203,0.5204758336958211,0.2762462167593796,2.085400633105246,1.3816853509524776,0.26067507913815574,15150.066913554696,15023.136854629616,2.085400633105246,1.3816853509524776,121200.53530843757,120185.09483703693,21197.87913598363,32636.029077144627,0.35047615364368156,4,1.0,1,2,5,1/1/3/3,2/2/2/2,0/1/1/3/3/5/6/7,8,8
20260712,0.625,10000,3573,31569.737419503283,20683.318729535105,31583.153459603534,20698.19090998623,0.3167590489308967,0.483481405028117,1.5263381003950167,1.5258895618923705,0.481515753656186,0.7277216991914514,0.5184842463438141,0.27227830080854865,2.0767752506681734,1.3741516861611638,0.25959690633352167,15207.785940939973,15062.522659204233,2.0767752506681734,1.3741516861611638,121662.28752751979,120500.18127363386,21069.175524463804,32636.029077144627,0.3544197587684226,4,1.0,1,2,5,1/1/3/3,2/2/2/2,0/1/1/3/3/5/6/7,8,8
20260713,0.625,10000,3513,31547.870216634143,20539.008002359835,31555.6613112855,20549.416523663094,0.31697860842369424,0.48687843146324533,1.5359977567080865,1.5355988952264645,0.47708511670661513,0.7267731758856254,0.5229148832933849,0.2732268241143746,2.096062033758544,1.3759451135238006,0.262007754219818,15054.736359449063,14934.764709499175,2.096062033758544,1.3759451135238006,120437.89087559251,119478.1176759934,20922.876136094717,32636.029077144627,0.35890251578592813,4,1.0,1,2,5,1/1/3/3,2/2/2/2,0/1/1/3/3/5/6/7,8,8
20260714,0.625,10000,3552,31618.197929368187,20993.253163227237,31630.58389428047,21004.24313816458,0.31627355937042884,0.4763435148544041,1.5061123535037486,1.5059140044331278,0.4802139655181744,0.7182759058684244,0.5197860344818256,0.2817240941315756,2.082405077330375,1.3922226707451086,0.2603006346662969,15189.448123527724,15086.841767145801,2.082405077330375,1.3922226707451086,121515.58498822179,120694.73413716641,21268.957401394284,32636.029077144627,0.3482982457480046,4,1.0,1,2,5,1/1/3/3,2/2/2/2,0/1/1/3/3/5/6/7,8,8
20260715,0.625,10000,3523,31626.56359270459,20174.224715265813,31641.19517165196,20184.522486634858,0.3161899006412045,0.49568199725826445,1.5676718208047322,1.5675969145469315,0.47639324099656055,0.7383227528387369,0.5236067590034394,0.2616772471612631,2.0991061877958503,1.354421215051486,0.2623882734744813,15073.651516828,14902.692207067636,2.0991061877958503,1.354421215051486,120589.212134624,119221.53765654108,20556.956577365552,32636.029077144627,0.3701146506281974,4,1.0,1,2,5,1/1/3/3,2/2/2/2,0/1/1/3/3/5/6/7,8,8
20260716,0.625,10000,3547,31571.279594389496,20627.145846990854,31579.04815865151,20645.00549611366,0.3167435760752976,0.484798045942882,1.5305694655276414,1.5296216881412863,0.47937508821289715,0.7260135055672609,0.5206249117871029,0.2739864944327391,2.0860491598092517,1.3773848452291029,0.26075614497615646,15138.208996732894,14988.552812688846,2.0860491598092517,1.3773848452291029,121105.67197386315,119908.42250151077,21082.279170264002,32636.029077144627,0.35401825018509514,4,1.0,1,2,5,1/1/3/3,2/2/2/2,0/1/1/3/3/5/6/7,8,8
20260717,0.625,10000,3549,31555.803993333353,20722.64109721521,31569.580935689242,20738.19498192699,0.31689891349663135,0.4825639720867355,1.5227694117413413,1.5222916441475083,0.47998026872993427,0.7232945563147534,0.5200197312700658,0.2767054436852466,2.083418976046826,1.3825625967587591,0.26042737200585325,15152.775941203532,14999.823538221728,2.083418976046826,1.3825625967587591,121222.20752962826,119998.58830577382,21099.60644394411,32636.029077144627,0.3534873254932721,4,1.0,1,2,5,1/1/3/3,2/2/2/2,0/1/1/3/3/5/6/7,8,8
20260718,0.625,10000,3548,31578.994861830826,20425.968137911153,31592.86453601629,20439.617260718172,0.31666619041402383,0.48957287764684837,1.5460219387701555,1.5456681078237682,0.47835533928717794,0.7323833541446916,0.5216446607128221,0.26761664585530837,2.0904961602187857,1.3654051451890827,0.2613120200273482,15112.615434179923,14969.635446838509,2.0904961602187857,1.3654051451890827,120900.92347343938,119757.08357470807,20848.854522668113,32636.029077144627,0.36117061075702994,4,1.0,1,2,5,1/1/3/3,2/2/2/2,0/1/1/3/3/5/6/7,8,8
20260719,0.625,10000,3546,31540.826658149752,20555.256660559255,31558.485806019427,20562.256660559255,0.31704939469036164,0.48649356051037146,1.5344409062363713,1.5347773509000202,0.4801464332186529,0.7296507254523773,0.5198535667813471,0.2703492745476227,2.0826979663193956,1.3705187497483928,0.26033724578992445,15152.694397541713,15003.265489315037,2.0826979663193956,1.3705187497483928,121221.5551803337,120026.1239145203,20904.581305332013,32636.029077144627,0.35946308737751054,4,1.0,1,2,5,1/1/3/3,2/2/2/2,0/1/1/3/3/5/6/7,8,8
20260710,0.65,10000,3409,31711.23801218064,19457.865640350494,31726.05004225583,19469.396968671295,0.3153456196241499,0.5139309821968671,1.6297387698278623,1.6295342939130075,0.4604764415782067,0.7427853289962024,0.5395235584217933,0.25721467100379763,2.1716637588943004,1.3462839948002159,0.2714579698617875,14609.09862879008,14461.582432732173,2.1716637588943,1.3462839948002159,116872.78903032064,115692.65946185739,19804.93361152565,32864.52246148047,0.3973764981755501,4,1.0,1,2,5,1/1/3/3,2/2/2/2,0/1/1/3/3/5/6/7,8,8
20260711,0.65,10000,3409,31840.27083005399,19877.87597696944,31851.794639577798,19888.998783986983,0.3140676803088312,0.5030718579583667,1.601794420437285,1.601478032429782,0.45811779255327745,0.7258590961253089,0.5418822074467226,0.2741409038746911,2.1828447099305874,1.3776778514426231,0.27285558874132343,14591.873849143696,14436.610680182159,2.1828447099305874,1.3776778514426231,116734.99079314957,115492.88544145727,20351.26841681525,32902.695743811295,0.3814710935761809,4,1.0,1,2,5,1/1/3/3,2/2/2/2,0/1/1/3/3/5/6/7,8,8
20260712,0.65,10000,3413,31849.76015416565,19165.684635968966,31867.218800782193,19176.727242485256,0.3139741069193607,0.5217658638310588,1.661811761965028,1.6617652427251335,0.4582747326561889,0.7530947417919647,0.5417252673438111,0.24690525820803533,2.1820971760846115,1.3278541789052094,0.27276214701057644,14603.941176424736,14441.892451094369,2.1820971760846115,1.3278541789052094,116831.52941139789,115535.13960875495,19436.5286990622,32902.695743811295,0.40927245443960203,4,1.0,1,2,5,1/1/3/3,2/2/2/2,0/1/1/3/3/5/6/7,8,8
20260713,0.65,10000,3396,31785.520837813765,19851.297027781417,31793.311932465123,19861.705549084676,0.31460865628174517,0.5037454220752043,1.60118106103247,1.6007342296910807,0.45876523111274226,0.7283561244984285,0.5412347688872577,0.27164387550157154,2.1797641411806303,1.3729547488718312,0.2724705176475788,14585.666096536868,14466.394879660245,2.1797641411806303,1.3729547488718312,116685.32877229495,115731.15903728196,20401.10525334632,32902.695743811295,0.3799564202217812,4,1.0,1,2,5,1/1/3/3,2/2/2/2,0/1/1/3/3/5/6/7,8,8
20260714,0.65,10000,3394,31846.464151687018,19936.2109916047,31858.088211837392,19947.200966542045,0.3140066021888419,0.501599827781271,1.5974180933928628,1.5971207321405037,0.45758977630694125,0.7249113036824346,0.5424102236930587,0.27508869631756533,2.185363510676912,1.3794791099547743,0.273170438834614,14577.935458421474,14459.951457471514,2.185363510676912,1.3794791099547743,116623.4836673718,115679.61165977211,20200.382024012302,32902.695743811295,0.3860569303713719,4,1.0,1,2,5,1/1/3/3,2/2/2/2,0/1/1/3/3/5/6/7,8,8
20260715,0.65,10000,3386,31894.788371059276,19221.029628269203,31909.419950006646,19238.007071878226,0.313530846596675,0.5202634922997343,1.6593693984088254,1.6586655691925212,0.45345998167976753,0.7427449106576953,0.5465400183202324,0.25725508934230473,2.2052662647223364,1.3463572562409174,0.27565828309029206,14469.644985942023,14288.931843834303,2.2052662647223364,1.3463572562409174,115757.15988753618,114311.45475067443,19648.57348375313,32902.695743811295,0.40282785226043816,4,1.0,1,2,5,1/1/3/3,2/2/2/2,0/1/1/3/3/5/6/7,8,8
20260716,0.65,10000,3422,31846.446368981575,19463.557855592317,31854.214933243587,19478.16938441437,0.3140067775266755,0.5137806805001366,1.6362088886966457,1.6353803226874093,0.45960574659384973,0.7431330871150433,0.5403942534061503,0.2568669128849566,2.1757778430992785,1.3456539849169593,0.2719722303874098,14640.380236554376,14474.872145989575,2.1757778430992785,1.3456539849169593,117123.04189243501,115798.9771679166,19853.858874291935,32902.695743811295,0.3965886859581629,4,1.0,1,2,5,1/1/3/3,2/2/2/2,0/1/1/3/3/5/6/7,8,8
20260717,0.65,10000,3395,31870.91716518301,19972.589381532616,31884.6941075389,19988.143266244395,0.3137656801080195,0.5006862059281288,1.5957328594885158,1.5951803868338876,0.456299553837774,0.7197794920489434,0.543700446162226,0.2802205079510566,2.191542795931651,1.389314381760688,0.27394284949145636,14548.971695523902,14387.0556071789,2.191542795931651,1.389314381760688,116391.77356419121,115096.4448574312,20269.03255109604,32902.695743811295,0.3839704591710099,4,1.0,1,2,5,1/1/3/3,2/2/2/2,0/1/1/3/3/5/6/7,8,8
20260718,0.65,10000,3429,31841.91639478783,19759.194224819406,31855.78606897329,19769.843347626425,0.3140514495426817,0.5060935120238385,1.6114987297807615,1.611332245219733,0.4602362883680013,0.7336256819134035,0.5397637116319988,0.2663743180865965,2.1727969420794735,1.3630929568766639,0.2715996177599342,14661.18874342935,14503.6648072236,2.1727969420794735,1.3630929568766639,117289.5099474348,116029.3184577888,20111.856567776704,32902.695743811295,0.3887474532672732,4,1.0,1,2,5,1/1/3/3,2/2/2/2,0/1/1/3/3/5/6/7,8,8
20260719,0.65,10000,3403,31838.09932917218,19694.676014083932,31852.410106114534,19701.676014083932,0.31408910113039745,0.5077514345932304,1.616584060910894,1.6167360626245468,0.4588985294858865,0.7332281234744313,0.5411014705141135,0.2667718765255686,2.179130975033458,1.3638320298755853,0.2723913718791823,14617.024158277349,14445.822933107976,2.179130975033458,1.3638320298755853,116936.19326621879,115566.58346486381,19849.854780449346,32902.695743811295,0.3967103809667958,4,1.0,1,2,5,1/1/3/3,2/2/2/2,0/1/1/3/3/5/6/7,8,8
20260710,0.675,10000,3257,31989.519243907696,18390.030443709475,32004.331273982883,18401.59435348391,0.3126023846671115,0.5437728899149603,1.7395033326249925,1.739215127732865,0.43834367021582676,0.754838862629413,0.5616563297841731,0.24516113737058692,2.281315022771131,1.3247860563466356,0.28516437784639137,14028.896033440824,13890.238552351624,2.281315022771131,1.3247860563466356,112231.16826752659,111121.908418813,18761.406593715008,33169.36241047796,0.4343754226705179,4,1.0,1,2,5,1/1/3/3,2/2/2/2,0/1/1/3/3/5/6/7,8,8
20260711,0.675,10000,3259,32105.45753913972,18528.911475207562,32116.98134866353,18540.034282225104,0.3114735240203013,0.5396971113700018,1.7327222693085953,1.732304312913545,0.4345239190366795,0.7436182692116488,0.5654760809633205,0.2563817307883513,2.301369283000476,1.3447759978519032,0.2876711603750595,13955.596603249216,13786.708204072864,2.301369283000476,1.3447759978519032,111644.77282599373,110293.66563258291,18936.234681630107,33169.36241047796,0.4291046524413056,4,1.0,1,2,5,1/1/3/3,2/2/2/2,0/1/1/3/3/5/6/7,8,8
20260712,0.675,10000,3274,32108.897120731403,18337.56213538273,32126.355767347944,18351.010756936616,0.3114401582340058,0.5453287588705578,1.750990501555088,1.750658652695972,0.43846542359502055,0.7583615940904075,0.5615345764049794,0.24163840590959246,2.280681545652797,1.3186321773050993,0.28508519320659964,14086.296190094548,13916.701770800668,2.280681545652797,1.3186321773050993,112690.36952075639,111333.61416640534,18617.623773948264,33169.36241047796,0.4387102307378965,4,1.0,1,2,5,1/1/3/3,2/2/2/2,0/1/1/3/3/5/6/7,8,8
20260713,0.675,10000,3276,32056.317218713943,19114.818961538876,32066.36483776156,19127.52572845617,0.3119509933649573,0.523154313944647,1.6770400642148267,1.6764512720041034,0.4393312025476809,0.7295468362162794,0.560668797452319,0.2704531637837207,2.2761870638848363,1.3707139149371117,0.28452338298560453,14087.754625506457,13954.425879840683,2.2761870638848363,1.3707139149371117,112702.03700405166,111635.40703872546,19621.366079539945,33169.36241047796,0.4084491032199733,4,1.0,1,2,5,1/1/3/3,2/2/2/2,0/1/1/3/3/5/6/7,8,8
20260714,0.675,10000,3251,32107.91867788774,18530.043907447583,32119.542738038115,18543.552679377408,0.3114496489268504,0.5396641286953889,1.7327491957524692,1.73211375907265,0.4373175859184479,0.7490024612626593,0.5626824140815521,0.25099753873734065,2.2866677037462715,1.3351090973909645,0.28583346296828394,14046.440891003242,13889.16659740746,2.2866677037462715,1.3351090973909645,112371.52712802593,111113.33277925968,18895.690483242033,33169.36241047796,0.430326991233542,4,1.0,1,2,5,1/1/3/3,2/2/2/2,0/1/1/3/3/5/6/7,8,8
20260715,0.675,10000,3244,32133.072830408655,18348.820356682598,32147.704409356025,18365.79780029162,0.3112058424283858,0.5449941634181417,1.7512337145262782,1.7504115399139137,0.43398300126081274,0.7500950832646693,0.5660169987391873,0.24990491673533066,2.3042377169031685,1.333164317845758,0.28802971461289606,13951.55724321779,13776.094630231824,2.3042377169031685,1.333164317845758,111612.45794574232,110208.7570418546,18686.67798612423,33169.36241047796,0.43662836340136457,4,1.0,1,2,5,1/1/3/3,2/2/2/2,0/1/1/3/3/5/6/7,8,8
20260716,0.675,10000,3265,32117.276286836328,18438.92800314953,32125.04485109834,18453.479381595644,0.3113589057394206,0.5423308772772426,1.7418190624395526,1.7408665426606686,0.43736224082156006,0.7519969961603787,0.56263775917844,0.24800300383962123,2.2864342338322508,1.3297925458557676,0.28580427922903134,14050.28160256949,13876.961063667408,2.2864342338322508,1.3297925458557676,112402.25282055592,111015.68850933926,18861.34669878542,33169.36241047796,0.43136239806565413,4,1.0,1,2,5,1/1/3/3,2/2/2/2,0/1/1/3/3/5/6/7,8,8
20260717,0.675,10000,3275,32113.449758603147,18548.837174793,32125.31442025728,18565.23316476794,0.3113960061958468,0.5391173530591735,1.7312918031456883,1.730401882655743,0.438698950361516,0.7516345168836079,0.561301049638484,0.24836548311639206,2.279467500836134,1.330433844558062,0.2849334376045167,14093.341716200543,13954.270060631885,2.279467500836134,1.330433844558062,112746.73372960434,111634.16048505508,18878.064638932647,33169.36241047796,0.43085838053464653,4,1.0,1,2,5,1/1/3/3,2/2/2/2,0/1/1/3/3/5/6/7,8,8
20260718,0.675,10000,3255,32108.630718085307,18358.04501777019,32122.259790767013,18369.67659671756,0.31144274222716894,0.5447203114667284,1.749022332552559,1.7486567943448104,0.4356372955088007,0.7514658873130262,0.5643627044911993,0.24853411268697378,2.2954875771874725,1.3307323950201426,0.28693594714843407,13993.654380880836,13804.185323405693,2.2954875771874725,1.3307323950201426,111949.23504704669,110433.48258724554,18743.483132384623,33169.36241047796,0.4349157846198547,4,1.0,1,2,5,1/1/3/3,2/2/2/2,0/1/1/3/3/5/6/7,8,8
20260719,0.675,10000,3274,32101.33106678115,18799.62340754462,32115.641843723504,18813.894084236348,0.3115135624500045,0.5319255488908796,1.707551814782541,1.7070172554352971,0.43943162007636244,0.7407847472435343,0.5605683799236375,0.25921525275646573,2.275666916791797,1.3499198029130697,0.2844583645989746,14112.628525179634,13937.045773857648,2.275666916791797,1.3499198029130697,112901.02820143708,111496.36619086118,18985.981312876975,33169.36241047796,0.4276048759116503,4,1.0,1,2,5,1/1/3/3,2/2/2/2,0/1/1/3/3/5/6/7,8,8
20260710,0.7,10000,3109,32277.279803412366,17642.16585612458,32292.091833487553,17652.956950775937,0.30981545102021874,0.5668238288627381,1.8295531323444125,1.8292738108143494,0.4155199175256951,0.7484992584670594,0.5844800824743048,0.25150074153294055,2.4066235042467286,1.3360066675924553,0.30082793803084107,13418.007335382921,13213.225187406711,2.4066235042467286,1.3360066675924553,107344.05868306337,105705.80149925369,17988.22352737534,33436.02907714462,0.46201077030192905,4,1.0,1,2,5,1/1/3/3,2/2/2/2,0/1/1/3/3/5/6/7,8,8
20260711,0.7,10000,3116,32337.910822283477,17320.882744490722,32349.434631807286,17332.005551508264,0.30923457161336404,0.5773377804997101,1.8669897660134698,1.866456512240857,0.41418860838824023,0.7626206507215942,0.5858113916117598,0.2373793492784057,2.4143590136178945,1.3112679273158896,0.3017948767022368,13398.767312294603,13217.745352001517,2.4143590136178945,1.3112679273158896,107190.13849835683,105741.96281601214,17610.053348628437,33436.02907714462,0.47332103019775507,4,1.0,1,2,5,1/1/3/3,2/2/2/2,0/1/1/3/3/5/6/7,8,8
20260712,0.7,10000,3115,32383.76395610473,17923.886760651563,32401.22260272127,17933.31282581447,0.30879671719305746,0.5579147053056077,1.8067378124256532,1.8067616907948358,0.41566981876574144,0.739696385220871,0.5843301812342586,0.26030361477912894,2.405755613841112,1.3519060252016821,0.300719451730139,13468.210327061595,13265.206672290049,2.405755613841112,1.3519060252016821,107745.68261649276,106121.65337832039,18222.934813744614,33436.02907714462,0.45499105854645283,4,1.0,1,2,5,1/1/3/3,2/2/2/2,0/1/1/3/3/5/6/7,8,8
20260713,0.7,10000,3101,32303.484581876222,17379.288584385347,32313.53220092384,17394.261015463042,0.30956412688711826,0.5753975458457277,1.8587345750676882,1.8577122748818107,0.4145742207322393,0.7609222011712171,0.5854257792677607,0.2390777988287829,2.412113320104072,1.3141948000213328,0.301514165013009,13396.357431304123,13235.679379632827,2.412113320104072,1.3141948000213328,107170.85945043298,105885.43503706262,17807.110782671676,33436.02907714462,0.4674274644998493,4,1.0,1,2,5,1/1/3/3,2/2/2/2,0/1/1/3/3/5/6/7,8,8
20260714,0.7,10000,3127,32366.516344687778,17581.43041628922,32380.225617870736,17590.475529071173,0.30896127014426966,0.5687819343035357,1.840948977319852,1.8407817096449186,0.419542015688451,0.7626074898683107,0.580457984311549,0.2373925101316893,2.3835514980759234,1.3112905567878477,0.2979439372594904,13584.865124168307,13414.628388814912,2.3835514980759234,1.3112905567878477,108678.92099334646,107317.0271105193,17964.705649994492,33436.02907714462,0.4627141396322578,4,1.0,1,2,5,1/1/3/3,2/2/2/2,0/1/1/3/3/5/6/7,8,8
20260715,0.7,10000,3100,32447.301503481962,17393.341062964275,32461.933082429332,17407.33103790162,0.30819203867929934,0.5749326689909535,1.8655013654951063,1.864842635079943,0.4130981739612385,0.7593883687469654,0.5869018260387615,0.2406116312530347,2.4207320754069253,1.3168492449391314,0.30259150942586566,13409.965279603475,13218.924721110528,2.4207320754069253,1.3168492449391314,107279.7222368278,105751.39776888423,17672.81986074321,33436.02907714462,0.47144381828452353,4,1.0,1,2,5,1/1/3/3,2/2/2/2,0/1/1/3/3/5/6/7,8,8
20260716,0.7,10000,3126,32402.32426795052,17017.504008689466,32410.092832212533,17035.36365781227,0.30861983595081494,0.5876302420668629,1.9040585653104751,1.9025184013227414,0.41456084971748003,0.7776005256757971,0.58543915028252,0.22239947432420296,2.412191119063684,1.2860073610816043,0.3015238898829605,13435.955623944437,13246.70773539319,2.412191119063684,1.2860073610816043,107487.6449915555,105973.66188314553,17385.93604875395,33436.02907714462,0.4800238985125719,4,1.0,1,2,5,1/1/3/3,2/2/2/2,0/1/1/3/3/5/6/7,8,8
20260717,0.7,10000,3127,32390.054294403133,17057.149597860785,32401.918956057267,17073.545587835724,0.30873674706151877,0.5862644249338205,1.8989136554483474,1.897785014211837,0.41617665514452845,0.7795256015058941,0.5838233448554715,0.2204743984941059,2.402825789574197,1.2828315042741272,0.30035322369677464,13484.922251396005,13309.265894195947,2.402825789574197,1.2828315042741272,107879.37801116804,106474.12715356758,17339.499364096802,33436.02907714462,0.481412720269785,4,1.0,1,2,5,1/1/3/3,2/2/2/2,0/1/1/3/3/5/6/7,8,8
20260718,0.7,10000,3126,32342.934600016724,17134.161845965744,32357.152645129507,17142.061588726327,0.30918653868826207,0.583629365118581,1.8876286386679546,1.8875881688821816,0.41568396414090647,0.7734566658612576,0.5843160358590934,0.22654333413874234,2.4056737480039643,1.2928972548015762,0.30070921850049553,13450.349479839851,13258.641802404598,2.4056737480039643,1.2928972548015762,107602.79583871881,106069.13441923678,17485.71509447617,33436.02907714462,0.47703972101075165,4,1.0,1,2,5,1/1/3/3,2/2/2/2,0/1/1/3/3/5/6/7,8,8
20260719,0.7,10000,3123,32384.316536365528,17300.986302393612,32398.627313307883,17315.25697908534,0.3087914481310926,0.5780017292202866,1.8718190957636396,1.871102886456803,0.4171017241741383,0.7680383582488296,0.5828982758258616,0.23196164175117043,2.3974966825658672,1.3020183032004495,0.2996870853207334,13513.523313256048,13298.781542873294,2.3974966825658672,1.3020183032004495,108108.18650604838,106390.25234298635,17603.574506551075,33436.02907714462,0.4735147984847252,4,1.0,1,2,5,1/1/3/3,2/2/2/2,0/1/1/3/3/5/6/7,8,8
20260710,0.725,10000,2973,32552.322242034425,16587.313513697274,32567.13427210961,16595.33607008825,0.3071977453911758,0.6028703799287521,1.9624830877618464,1.962426921308887,0.39599805847574393,0.7650358024770667,0.604001941524256,0.2349641975229333,2.5252649062198698,1.3071283680608878,0.3156581132774837,12896.521941874265,12696.026247756576,2.5252649062198698,1.3071283680608878,103172.17553499412,101568.2099820526,16847.780281477302,33702.695743811295,0.5001058547498831,4,1.0,1,2,5,1/1/3/3,2/2/2/2,0/1/1/3/3/5/6/7,8,8
20260711,0.725,10000,2977,32545.146904210204,16154.316810822045,32556.670713734013,16165.43961783959,0.3072654743096689,0.6190295830586183,2.0146408718694726,2.0139675433141737,0.3959205733918299,0.7854920800080206,0.60407942660817,0.21450791999197938,2.5257591224246183,1.2730873110646628,0.3157198903030773,12889.855736710566,12697.824789660881,2.5257591224246183,1.2730873110646628,103118.84589368453,101582.59831728705,16592.599775151975,33702.695743811295,0.5076773709355633,4,1.0,1,2,5,1/1/3/3,2/2/2/2,0/1/1/3/3/5/6/7,8,8
20260712,0.725,10000,2987,32669.46892388071,16906.55453032361,32686.927570497253,16916.30139749153,0.3060961910124656,0.5914865729775982,1.9323552214784347,1.932273893827897,0.3974724745326769,0.7567469477143131,0.602527525467323,0.2432530522856869,2.5158974874316438,1.3214456999402655,0.31448718592895547,12992.153986315925,12801.359449167085,2.5158974874316438,1.3214456999402655,103937.2318905274,102410.87559333668,17125.898514885797,33702.695743811295,0.4918537482856823,4,1.0,1,2,5,1/1/3/3,2/2/2/2,0/1/1/3/3/5/6/7,8,8
20260713,0.725,10000,2972,32574.039428555687,16542.511015985834,32584.087047603305,16557.48344706353,0.3069929359523525,0.6045031489074731,1.9691109407198097,1.967937165800525,0.39653155042274846,0.7691331810057354,0.6034684495772515,0.23086681899426467,2.5218674250104045,1.3001649450260073,0.31523342812630056,12920.618556095935,12734.90991308978,2.5218674250104045,1.3001649450260073,103364.94844876748,101879.27930471823,16916.06620499307,33702.695743811295,0.49807972829297176,4,1.0,1,2,5,1/1/3/3,2/2/2/2,0/1/1/3/3/5/6/7,8,8
20260714,0.725,10000,2965,32651.067098352087,16326.283817098423,32664.776371535045,16337.78757649692,0.30626870386434335,0.6125092588141251,1.9999080907901903,1.99933903036698,0.39496589789317527,0.7789049260082962,0.6050341021068248,0.22109507399170375,2.531864156713767,1.2838537369698813,0.31648301958922087,12901.472729063114,12725.583223410595,2.531864156713767,1.2838537369698813,103211.78183250492,101804.66578728476,16738.4561771669,33702.695743811295,0.503349633975777,4,1.0,1,2,5,1/1/3/3,2/2/2/2,0/1/1/3/3/5/6/7,8,8
20260715,0.725,10000,2952,32701.45992689952,16245.768747341548,32716.09150584689,16259.758722278892,0.30579674492679804,0.6155448939057683,2.01292166812671,2.0120896050579007,0.3935477343358238,0.778815415045735,0.6064522656641762,0.22118458495426493,2.540987821179211,1.2840012930936608,0.3176234776474014,12875.343688449533,12663.350737835146,2.540987821179211,1.2840012930936608,103002.74950759627,101306.80590268117,16475.08618774305,33702.695743811295,0.5111641420918589,4,1.0,1,2,5,1/1/3/3,2/2/2/2,0/1/1/3/3/5/6/7,8,8
20260716,0.725,10000,2994,32647.320860126023,16418.107087840537,32655.089424388036,16435.966736963343,0.3063038478055807,0.6090836139938526,1.9884948176702448,1.9868067359219594,0.3972868004533503,0.7763898582092716,0.6027131995466497,0.22361014179072836,2.5170733053775862,1.288012703188165,0.3146341631721983,12973.43599593316,12760.717884443275,2.5170733053775862,1.288012703188165,103787.48796746528,102085.7430755462,16747.885386470687,33702.695743811295,0.5030698578600781,4,1.0,1,2,5,1/1/3/3,2/2/2/2,0/1/1/3/3/5/6/7,8,8
20260717,0.725,10000,2994,32674.964872723056,16382.280006074705,32688.5212637005,16398.675996049642,0.306044705448114,0.6104156439941146,1.9945309725268319,1.9933634441936043,0.3970453624468759,0.7797295174027014,0.6029546375531241,0.22027048259729864,2.518603904191926,1.282496016478926,0.31482548802399074,12978.825772998374,12786.53172044305,2.518603904191926,1.282496016478926,103830.606183987,102292.2537635444,16627.50164321248,33702.695743811295,0.5066417900334952,4,1.0,1,2,5,1/1/3/3,2/2/2/2,0/1/1/3/3/5/6/7,8,8
20260718,0.725,10000,2992,32589.91495043866,16489.9698324708,32604.13299555144,16504.461060540976,0.3068433905153656,0.6064292476938773,1.976347760580196,1.9754739567656479,0.3973737875174285,0.7723356079008044,0.6026262124825715,0.22766439209919562,2.5165223057299437,1.294773916637074,0.31456528821624297,12956.027817164239,12746.98296626807,2.5165223057299437,1.294773916637074,103648.22253731391,101975.86373014456,16798.48253068069,33702.695743811295,0.5015685790129909,4,1.0,1,2,5,1/1/3/3,2/2/2/2,0/1/1/3/3/5/6/7,8,8
20260719,0.725,10000,2956,32660.529026084532,16176.658205460553,32674.839803026887,16188.683268117195,0.30617997620349136,0.6181746484959684,2.0189911050392175,2.018375383708838,0.3928780732338872,0.7799553241899113,0.6071219267661129,0.22004467581008874,2.545318937676327,1.2821247178979576,0.3181648672095409,12837.228105039128,12626.449706592139,2.545318937676327,1.2821247178979576,102697.82484031303,101011.59765273711,16463.31327840793,33702.695743811295,0.5115134586398469,4,1.0,1,2,5,1/1/3/3,2/2/2/2,0/1/1/3/3/5/6/7,8,8
20260710,0.75,10000,2819,32793.12973820895,14862.926273210178,32807.94176828414,14877.297200528474,0.30494192167173634,0.6728150174588832,2.2063710157344474,2.205235354652909,0.37463516561348376,0.8123726545384853,0.6253648343865162,0.1876273454615147,2.6692635710330346,1.2309621630089298,0.3336579463791293,12291.00869779866,12085.909419151292,2.6692635710330346,1.2309621630089298,98328.06958238927,96687.27535321034,15255.08120523898,33969.36241047796,0.5509164693496426,4,1.0,1,2,5,1/1/3/3,2/2/2/2,0/1/1/3/3/5/6/7,8,8
20260711,0.75,10000,2799,32819.65041916854,15103.871020884215,32830.88099560964,15120.226910608526,0.3046955062677765,0.6620819249696279,2.1729297326353363,2.171321977487991,0.3725321512920495,0.7944177686747863,0.6274678487079505,0.20558223132521372,2.6843320678006184,1.258783526038393,0.3355415084750773,12230.558726107722,12011.776924182082,2.6843320678006184,1.258783526038393,97844.46980886177,96094.21539345666,15628.435680972665,33969.36241047796,0.5399255513800276,4,1.0,1,2,5,1/1/3/3,2/2/2/2,0/1/1/3/3/5/6/7,8,8
20260712,0.75,10000,2828,32984.38313145957,15158.46720237898,33001.841778076116,15175.324345236124,0.3031737765155378,0.6596973075503698,2.175970874303372,2.1747042123970246,0.37474345862292024,0.8004538511478165,0.6252565413770799,0.19954614885218347,2.668492209776594,1.2492912596598078,0.33356152622207424,12367.224328842627,12147.146814561473,2.668492209776594,1.2492912596598078,98937.79463074102,97177.17451649178,15424.382849234766,33969.36241047796,0.5459325181659263,4,1.0,1,2,5,1/1/3/3,2/2/2/2,0/1/1/3/3/5/6/7,8,8
20260713,0.75,10000,2796,32887.399736798936,15011.85372269525,32897.447355846554,15026.745953271691,0.30406782171989805,0.6661402505462587,2.1907620700486206,2.189259568115875,0.3712389125227249,0.7975902555666904,0.628761087477275,0.20240974443330964,2.6936831411464346,1.2537766014825455,0.3367103926433043,12212.812581158067,11985.186145205698,2.6936831411464346,1.2537766014825455,97702.50064926453,95881.48916164559,15352.043029066142,33969.36241047796,0.5480620788946349,4,1.0,1,2,5,1/1/3/3,2/2/2/2,0/1/1/3/3/5/6/7,8,8
20260714,0.75,10000,2809,32879.53144632726,14958.886981355266,32893.24071951021,14971.794249525692,0.3041405871712028,0.6684989339423437,2.197993172039354,2.1970139431052007,0.3723408885007256,0.8049736169052971,0.6276591114992743,0.1950263830947029,2.6857109462960613,1.2422767392606946,0.33571386828700767,12247.49847517068,12051.899368602624,2.6857109462960613,1.2422767392606946,97979.98780136544,96415.194948821,15315.856026985732,33969.36241047796,0.5491273624181563,4,1.0,1,2,5,1/1/3/3,2/2/2/2,0/1/1/3/3/5/6/7,8,8
20260715,0.75,10000,2795,32973.983104715735,14980.819502019185,32988.6146836631,14992.443562169561,0.3032693978232148,0.6675202246881189,2.2010800610922083,2.2003494324903303,0.3710784485722336,0.7995621036043574,0.6289215514277663,0.20043789639564255,2.6948479596366033,1.2506845878413768,0.3368559949545754,12241.363957360909,11987.3897127379,2.6948479596366033,1.2506845878413768,97930.91165888727,95899.1177019032,15291.296436590104,33969.36241047796,0.549850354804615,4,1.0,1,2,5,1/1/3/3,2/2/2/2,0/1/1/3/3/5/6/7,8,8
20260716,0.75,10000,2818,32883.30741221439,15007.600563959691,32891.0759764764,15022.994047668964,0.3041056629323587,0.6663290349034677,2.191110249241486,2.1893822144980435,0.37383598345455876,0.8028488546245544,0.6261640165454413,0.19715114537544567,2.6749698912318696,1.245564459910255,0.3343712364039837,12295.867734544667,12061.193564202526,2.6749698912318696,1.245564459910255,98366.94187635733,96489.5485136202,15330.227377883517,33969.36241047796,0.5487042943980939,4,1.0,1,2,5,1/1/3/3,2/2/2/2,0/1/1/3/3/5/6/7,8,8
20260717,0.75,10000,2815,32897.55079286341,15260.946299108276,32909.60342444236,15273.500183820055,0.3039739968170925,0.6552673604902415,2.1556691274633257,2.154686419508808,0.37425064713804645,0.7916004326086327,0.6257493528619535,0.2083995673913674,2.6720060677173363,1.263263584513982,0.33400075846466704,12316.440378654022,12090.509352959985,2.6720060677173363,1.263263584513982,98531.52302923218,96724.07482367988,15583.547858780039,33969.36241047796,0.5412469721841691,4,1.0,1,2,5,1/1/3/3,2/2/2/2,0/1/1/3/3/5/6/7,8,8
20260718,0.75,10000,2839,32864.96730846555,15214.984739978461,32879.18535357833,15222.884482739046,0.3042753673278154,0.6572467978705417,2.160039452560902,2.159852516181112,0.37558122397455795,0.7983425205490983,0.624418776025442,0.20165747945090173,2.662539914582472,1.252595188481508,0.332817489322809,12348.804678383309,12153.075967977646,2.662539914582472,1.252595188481508,98790.43742706647,97224.60774382117,15496.079058862992,33969.36241047796,0.5438219042320566,4,1.0,1,2,5,1/1/3/3,2/2/2/2,0/1/1/3/3/5/6/7,8,8
20260719,0.75,10000,2810,32937.53319647506,15101.496195693864,32951.84397341742,15113.521258350505,0.3036050071008411,0.6621860423903867,2.18107747534758,2.180288988260158,0.3730822271465662,0.797823344370763,0.6269177728534339,0.2021766556292371,2.6803742640014523,1.253410303240365,0.33504678300018154,12293.747338188725,12057.920075555821,2.6803742640014523,1.253410303240365,98349.9787055098,96463.36060444657,15479.726067919093,33969.36241047796,0.54430330834987,4,1.0,1,2,5,1/1/3/3,2/2/2/2,0/1/1/3/3/5/6/7,8,8
20260710,0.775,10000,2662,33088.4033425692,14863.98177140044,33103.215372644394,14875.793801475627,0.30222068730450663,0.6727672405546706,2.2260793811140225,2.2253074904386394,0.35301547113086107,0.7713189084890504,0.646984528869139,0.22868109151094962,2.8327370378317074,1.296480598354469,0.3540921297289634,11685.947170720423,11473.981037862362,2.8327370378317074,1.296480598354469,93487.57736576338,91791.8483028989,15400.147871905647,34236.02907714462,0.5501771587702466,4,1.0,1,2,5,1/1/3/3,2/2/2/2,0/1/1/3/3/5/6/7,8,8
20260711,0.775,10000,2651,33115.85849281892,14772.885005677317,33127.08906926002,14786.581747531955,0.3019701271573096,0.6769158492844786,2.241664947645113,2.240348015171884,0.3509665313477156,0.7706965795558777,0.6490334686522845,0.22930342044412227,2.8492745338422676,1.2975274920465598,0.35615931673028345,11626.499544285014,11395.96797614625,2.8492745338422676,1.2975274920465598,93011.99635428011,91167.74380917,15356.414538572313,34236.02907714462,0.5514545654821871,4,1.0,1,2,5,1/1/3/3,2/2/2/2,0/1/1/3/3/5/6/7,8,8
20260712,0.775,10000,2656,33200.56581738557,14836.968230580344,33218.02446400211,14846.45444611919,0.3011996860235277,0.6739921421001016,2.237692047419511,2.237438210217604,0.3511410104694833,0.7701729720503707,0.6488589895305167,0.22982702794962923,2.8478587524225034,1.298409625227147,0.3559823440528129,11664.210676089719,11434.337945178058,2.8478587524225034,1.298409625227147,93313.68540871775,91474.70356142447,15337.214538572312,34236.02907714462,0.5520153781849902,4,1.0,1,2,5,1/1/3/3,2/2/2/2,0/1/1/3/3/5/6/7,8,8
20260713,0.775,10000,2658,33133.49109326797,14833.805877796487,33143.53871231559,14843.853496844105,0.30180942816592576,0.6741358274728526,2.2336473435224593,2.23281230304261,0.352014467449662,0.7700478419827709,0.647985532550338,0.22995215801722915,2.8407923323293516,1.2986206122273298,0.35509904154116895,11667.005129213028,11430.47735195321,2.8407923323293516,1.2986206122273298,93336.04103370423,91443.81881562568,15374.547871905646,34236.02907714462,0.5509249090406507,4,1.0,1,2,5,1/1/3/3,2/2/2/2,0/1/1/3/3/5/6/7,8,8
20260714,0.775,10000,2657,33142.6861359512,14832.240852655535,33156.39540913415,14844.27343410917,0.30172569474242467,0.6742069589713829,2.2345029631862667,2.2336152426933467,0.3523699883976435,0.7717164870360083,0.6476300116023564,0.22828351296399174,2.8379261370906455,1.2958126679925914,0.3547407671363307,11683.318665624281,11455.57054717267,2.8379261370906455,1.2958126679925914,93466.54932499425,91644.56437738136,15340.414538572313,34236.02907714462,0.5519219094011897,4,1.0,1,2,5,1/1/3/3,2/2/2/2,0/1/1/3/3/5/6/7,8,8
20260715,0.775,10000,2633,33192.0458162157,14799.389308891023,33206.67739516307,14810.860486835885,0.3012770003804521,0.6757035571726128,2.2427983427853286,2.2420491655213186,0.34795354556532876,0.764708059159604,0.6520464544346712,0.23529194084039592,2.873946860852575,1.3076885852347053,0.3592433576065719,11554.381136091044,11325.984377371939,2.873946860852575,1.3076885852347053,92435.04908872835,90607.87501897551,15368.147871905647,34236.02907714462,0.5511118466082519,4,1.0,1,2,5,1/1/3/3,2/2/2/2,0/1/1/3/3/5/6/7,8,8
20260716,0.775,10000,2685,33109.13834270785,14773.899921561773,33116.90690696986,14781.668485823788,0.3020314179273246,0.6768693475042089,2.2410560866455245,2.2404038447168735,0.3558130949459767,0.781132521193322,0.6441869050540234,0.21886747880667798,2.8104642977005403,1.2801925062245751,0.35130803721256754,11783.429141606737,11546.44197177541,2.8104642977005403,1.2801925062245751,94267.4331328539,92371.53577420328,15337.214538572312,34236.02907714462,0.5520153781849902,4,1.0,1,2,5,1/1/3/3,2/2/2/2,0/1/1/3/3/5/6/7,8,8
20260717,0.775,10000,2664,33178.95126772464,14846.141863231896,33191.003899303585,14860.68071034969,0.30139590366521507,0.6735756732034267,2.234853443634131,2.2334780314732003,0.35371407248173387,0.7729496167066948,0.6462859275182662,0.22705038329330515,2.8271422535829163,1.2937453857092243,0.35339278169786453,11740.12515897978,11486.557459065367,2.8271422535829163,1.2937453857092243,93921.00127183823,91892.45967252293,15377.747871905647,34236.02907714462,0.5508314402568502,4,1.0,1,2,5,1/1/3/3,2/2/2/2,0/1/1/3/3/5/6/7,8,8
20260718,0.775,10000,2659,33201.516039282404,14791.338173087672,33209.779197177144,14799.721631734288,0.3011910657383383,0.6760713522319877,2.244659384482968,2.243946205445318,0.3519856268364006,0.7743664569181219,0.6480143731635994,0.2256335430818781,2.84102509806399,1.291378250008233,0.35512813725799874,11689.364947816854,11460.408003340566,2.84102509806399,1.291378250008233,93514.91958253483,91683.26402672453,15368.147871905647,34236.02907714462,0.5511118466082519,4,1.0,1,2,5,1/1/3/3,2/2/2/2,0/1/1/3/3/5/6/7,8,8
20260719,0.775,10000,2656,33188.12380053462,14819.168377274033,33202.434577476975,14830.479154216388,0.3013126038730431,0.6748016990842429,2.239540233001896,2.2387971576789774,0.3518038570456808,0.7717166790396416,0.6481961429543193,0.22828332096035844,2.8424929970854547,1.2958123455935207,0.35531162463568183,11680.744547663278,11444.928121458503,2.8424929970854547,1.2958123455935207,93445.95638130623,91559.42497166802,15319.08120523898,34236.02907714462,0.5525450346265265,4,1.0,1,2,5,1/1/3/3,2/2/2/2,0/1/1/3/3/5/6/7,8,8
20260710,0.8,10000,2494,33334.99339900608,14999.965205664743,33346.31670727676,15008.28851393542,0.2999850601529791,0.6666682130851541,2.222338048252079,2.2218600526178722,0.3306585752551632,0.7182208351682277,0.6693414247448368,0.2817791648317724,3.024267552197363,1.392329421584897,0.3780334440246704,11026.245572435579,10779.265510924415,3.024267552197363,1.392329421584897,88209.96457948463,86234.12408739532,15526.014538572314,34502.695743811295,0.5500057545110169,4,1.0,1,2,5,1/1/3/3,2/2/2/2,0/1/1/3/3/5/6/7,8,8
20260711,0.8,10000,2488,33380.18873236413,14890.180029536095,33396.88547421876,14902.774014498502,0.2995788933423372,0.6715835523925193,2.241758572841385,2.240984493338478,0.32865386494011156,0.7208857613883847,0.6713461350598885,0.2791142386116153,3.042714864108546,1.3871823436685131,0.3803393580135683,10976.015488064266,10743.197592240787,3.042714864108546,1.3871823436685131,87808.12390451413,85945.5807379263,15472.68120523898,34502.695743811295,0.5515515274479881,4,1.0,1,2,5,1/1/3/3,2/2/2/2,0/1/1/3/3/5/6/7,8,8
20260712,0.8,10000,2490,33430.49092106129,14973.309087509999,33447.94956767783,14982.795303048846,0.299128122994448,0.6678550440357576,2.232672198622238,2.232423849565075,0.33081138583742725,0.72298067934897,0.6691886141625727,0.2770193206510299,3.0228705625369146,1.383162826564716,0.3778588203171143,11064.96254990388,10832.271526744813,3.0228705625369146,1.383162826564716,88519.70039923103,86658.1722139585,15460.947871905646,34502.695743811295,0.5518915974941216,4,1.0,1,2,5,1/1/3/3,2/2/2/2,0/1/1/3/3/5/6/7,8,8
20260713,0.8,10000,2472,33384.20847818818,14975.650626944469,33394.2560972358,14985.698245992087,0.2995428214670291,0.6677506205979334,2.2292325929480947,2.2284084164157694,0.32707036813097173,0.7116118681764666,0.6729296318690282,0.28838813182353346,3.05744603436396,1.4052604301872302,0.382180754295495,10922.27163518286,10664.000724759228,3.05744603436396,1.4052604301872302,87378.17308146288,85312.00579807382,15510.014538572314,34502.695743811295,0.5504694863921082,4,1.0,1,2,5,1/1/3/3,2/2/2/2,0/1/1/3/3/5/6/7,8,8
20260714,0.8,10000,2490,33363.1984481919,14909.65932216399,33376.90772137485,14921.691903617624,0.29973145457047584,0.6707061364664768,2.2376901931351143,2.2368045082932544,0.3301260688182633,0.7226323099486783,0.6698739311817368,0.27736769005132167,3.0291458156565847,1.3838296270907406,0.3786432269570731,11018.587335367418,10782.896688653695,3.0291458156565847,1.3838296270907406,88148.69868293934,86263.17350922956,15459.88120523898,34502.695743811295,0.5519225129528611,4,1.0,1,2,5,1/1/3/3,2/2/2/2,0/1/1/3/3/5/6/7,8,8
20260715,0.8,10000,2462,33452.30814610091,14929.71282959247,33466.93972504828,14941.184007537333,0.2989330349441244,0.6698052477056898,2.2406531544126187,2.2399121587797404,0.3271030247165679,0.7147526550780073,0.6728969752834322,0.2852473449219927,3.057140791854468,1.3990853939407348,0.3821425989818085,10947.137212070355,10679.25093939637,3.057140791854468,1.3990853939407348,87577.09769656284,85434.00751517096,15502.547871905646,34502.695743811295,0.5506858946032842,4,1.0,1,2,5,1/1/3/3,2/2/2/2,0/1/1/3/3/5/6/7,8,8
20260716,0.8,10000,2472,33408.26358099868,14907.264130326093,33416.032145260695,14915.032694588108,0.2993271402973368,0.6708139006980386,2.241072760831795,2.240426342302665,0.32756836894254365,0.7164636026188107,0.6724316310574563,0.28353639738118935,3.0527978120360046,1.3957443146376312,0.3815997265045006,10946.035146354654,10686.078057541943,3.0527978120360046,1.3957443146376312,87568.28117083723,85488.62446033554,15464.147871905647,34502.695743811295,0.5517988511179034,4,1.0,1,2,5,1/1/3/3,2/2/2/2,0/1/1/3/3/5/6/7,8,8
20260717,0.8,10000,2487,33428.540969700436,14980.316993699895,33441.17505491347,14994.855840817689,0.2991455717156181,0.6675426163682376,2.2314975700286652,2.230176495854186,0.32846472878996424,0.7136586898264171,0.6715352712100358,0.2863413101735829,3.0444669163837283,1.40123004771823,0.38055836454796604,10984.24649482987,10701.20917349395,3.0444669163837283,1.40123004771823,87873.97195863895,85609.6733879516,15519.614538572314,34502.695743811295,0.5501912472634534,4,1.0,1,2,5,1/1/3/3,2/2/2/2,0/1/1/3/3/5/6/7,8,8
20260718,0.8,10000,2504,33520.49822438792,14940.936818736898,33528.76138228266,14949.320277383515,0.2983249214572973,0.6693020739810207,2.243533898245996,2.2428284871926625,0.3305833039452945,0.7249936980918951,0.6694166960547054,0.27500630190810493,3.024956154971098,1.3793223342932384,0.37811951937138727,11084.048714948402,10838.162991860429,3.024956154971098,1.3793223342932384,88672.38971958721,86705.30393488343,15501.48120523898,34502.695743811295,0.5507168100620236,4,1.0,1,2,5,1/1/3/3,2/2/2/2,0/1/1/3/3/5/6/7,8,8
20260719,0.8,10000,2486,33485.54201405046,14941.005446774536,33499.852790992816,14952.31622371689,0.29863634866068534,0.6692989996974267,2.2411839774330127,2.240445713544796,0.3302288876428859,0.723326092070867,0.6697711123571142,0.27667390792913304,3.0282026722066,1.382502319440768,0.378525334025825,11062.619123369983,10815.400461508962,3.0282026722066,1.382502319440768,88500.95298695986,86523.2036920717,15459.88120523898,34502.695743811295,0.5519225129528611,4,1.0,1,2,5,1/1/3/3,2/2/2/2,0/1/1/3/3/5/6/7,8,8
