shuttles,hold,policy,variant,hot_share,dwell,seed,rate_req_min,p99_min,mean_min,helper_trips_per_req,traffic_wait_per_req_s,route_motion_per_req_s,restricted_idle_per_req_s,reader_busy
2,0.5,zone,zone,0.125,static,101,1.3248803042551969,6.403325046360633,1.8234611082345473,0.0,0.07147187630825631,51.392505609950376,11.548964164202822,0.23562033470626287
2,0.5,zone,zone,0.125,static,202,1.3248803042551969,8.815374937796387,2.166695921227514,0.0,0.0819351802565348,51.477723190242706,11.695249151949445,0.24513302961976008
2,0.5,zone,zone,0.125,static,303,1.3248803042551969,7.488356141910462,2.043290483803894,0.0,0.08321817619303924,51.88707361737523,10.483423198945765,0.24413084241810615
2,0.5,zone,zone,0.125,static,404,1.3248803042551969,8.165034453519683,2.084032812140888,0.0,0.08359704744622647,51.40030579952455,11.349659399617673,0.24381189434062575
2,0.5,zone,zone,0.125,static,505,1.3248803042551969,7.953192651056808,2.006874071195301,0.0,0.06720910626696444,51.14960043327823,10.273118899903572,0.24332031677785237
2,0.5,zone_ws,T1H1,0.125,static,101,1.3248803042551969,4.795716938918885,1.4726503205868533,0.12125,1.4394622844151401,52.07278678312095,4.782008194220153,0.23562033470626287
2,0.5,zone_ws,T1H1,0.125,static,202,1.3248803042551969,5.326138484103385,1.6308575236519023,0.13208333333333333,1.603530034786357,52.056360349549486,4.436623695462568,0.24544084475139166
2,0.5,zone_ws,T1H1,0.125,static,303,1.3248803042551969,5.34350270718142,1.6151762864760193,0.12416666666666666,1.4191451223911087,52.61495243451264,4.0823232128921605,0.24423954334389428
2,0.5,zone_ws,T1H1,0.125,static,404,1.3248803042551969,5.3697849269628595,1.5743112953514866,0.12708333333333333,1.5489733950924103,52.04722657183051,4.243733633909604,0.24381189434062575
2,0.5,zone_ws,T1H1,0.125,static,505,1.3248803042551969,5.686633564059888,1.6383225962625885,0.11291666666666667,1.2678848638285845,51.66696708754143,4.0019204344803985,0.24400570960079423
2,0.5,zone_ws,T1H3,0.125,static,101,1.3248803042551969,4.795716938918885,1.4726503205868533,0.12125,1.4394622844151401,52.07278678312095,4.782008194220153,0.23562033470626287
2,0.5,zone_ws,T1H3,0.125,static,202,1.3248803042551969,5.326138484103385,1.6308575236519023,0.13208333333333333,1.603530034786357,52.056360349549486,4.436623695462568,0.24544084475139166
2,0.5,zone_ws,T1H3,0.125,static,303,1.3248803042551969,5.34350270718142,1.6151762864760193,0.12416666666666666,1.4191451223911087,52.61495243451264,4.0823232128921605,0.24423954334389428
2,0.5,zone_ws,T1H3,0.125,static,404,1.3248803042551969,5.3697849269628595,1.5743112953514866,0.12708333333333333,1.5489733950924103,52.04722657183051,4.243733633909604,0.24381189434062575
2,0.5,zone_ws,T1H3,0.125,static,505,1.3248803042551969,5.686633564059888,1.6383225962625885,0.11291666666666667,1.2678848638285845,51.66696708754143,4.0019204344803985,0.24400570960079423
2,0.5,zone_ws,T4H1,0.125,static,101,1.3248803042551969,5.765101837281181,1.7562656059425,0.010833333333333334,0.20366395116879857,51.44417437455183,10.885336324532481,0.23562033470626287
2,0.5,zone_ws,T4H1,0.125,static,202,1.3248803042551969,6.550335667105617,1.9701617726621345,0.02666666666666667,0.4007231390888274,51.64486962781706,9.82154859979275,0.24522148165921573
2,0.5,zone_ws,T4H1,0.125,static,303,1.3248803042551969,6.294529522301116,1.9209550547550045,0.021666666666666667,0.39737390535714,52.018848025261384,9.339709503930907,0.24417780892383345
2,0.5,zone_ws,T4H1,0.125,static,404,1.3248803042551969,6.211197797437246,1.8896585762486058,0.020416666666666666,0.27747912760574767,51.48839277147896,9.98376901697842,0.24381189434062575
2,0.5,zone_ws,T4H1,0.125,static,505,1.3248803042551969,6.710773306925139,1.8834256157419993,0.014583333333333334,0.22120673864817444,51.242878166066106,9.372811321331499,0.24345011888548357
2,0.5,zone_ws,T4H3,0.125,static,101,1.3248803042551969,5.765101837281181,1.7562656059425,0.010833333333333334,0.20366395116879857,51.44417437455183,10.885336324532481,0.23562033470626287
2,0.5,zone_ws,T4H3,0.125,static,202,1.3248803042551969,6.550335667105617,1.9701617726621345,0.02666666666666667,0.4007231390888274,51.64486962781706,9.82154859979275,0.24522148165921573
2,0.5,zone_ws,T4H3,0.125,static,303,1.3248803042551969,6.294529522301116,1.9209550547550045,0.021666666666666667,0.39737390535714,52.018848025261384,9.339709503930907,0.24417780892383345
2,0.5,zone_ws,T4H3,0.125,static,404,1.3248803042551969,6.211197797437246,1.8896585762486058,0.020416666666666666,0.27747912760574767,51.48839277147896,9.98376901697842,0.24381189434062575
2,0.5,zone_ws,T4H3,0.125,static,505,1.3248803042551969,6.710773306925139,1.8834256157419993,0.014583333333333334,0.22120673864817444,51.242878166066106,9.372811321331499,0.24345011888548357
2,0.5,zone,zone,0.3,100,101,1.3248803042551969,11.851622232392524,2.575715155244657,0.0,0.07566326854870738,51.233927483860406,15.413997273998735,0.23548518336257498
2,0.5,zone,zone,0.3,100,202,1.3248803042551969,14.2010203715301,2.5273009364929497,0.0,0.08897892255794727,51.163878269515045,12.87771819341373,0.2453643176232792
2,0.5,zone,zone,0.3,100,303,1.3248803042551969,10.011047274512233,2.111172476772928,0.0,0.09128876368892204,50.3481096823517,12.067780205199602,0.2445962877459303
2,0.5,zone,zone,0.3,100,404,1.3248803042551969,10.552451631604605,2.4414264173328375,0.0,0.06982559054098289,51.502177093885514,13.546994955034341,0.24372809772443438
2,0.5,zone,zone,0.3,100,505,1.3248803042551969,14.458617172431389,2.71755345238474,0.0,0.0758743537270395,50.4199159304853,13.168166150407805,0.24395123181977693
2,0.5,zone_ws,T1H1,0.3,100,101,1.3248803042551969,5.7777360620124165,1.6632362115539574,0.16875,2.6007199132886103,52.261158032102834,4.537920131297283,0.2355943175455326
2,0.5,zone_ws,T1H1,0.3,100,202,1.3248803042551969,6.758648865127918,1.696377415665791,0.15625,2.182062372265792,51.93994283005639,3.9487183140221713,0.24541603009306204
2,0.5,zone_ws,T1H1,0.3,100,303,1.3248803042551969,6.247110866771464,1.6492862754891626,0.13666666666666666,1.9042766563859626,51.24557279285117,4.441972617266342,0.24452056285822368
2,0.5,zone_ws,T1H1,0.3,100,404,1.3248803042551969,6.047526955523049,1.6998690830592564,0.15458333333333332,2.3187802120436136,52.511126864617445,4.046048416253596,0.2438321931165689
2,0.5,zone_ws,T1H1,0.3,100,505,1.3248803042551969,5.832465845790527,1.6875400114659613,0.15541666666666668,2.069326765591822,51.289683199147724,4.732847727391417,0.24416218948796828
2,0.5,zone_ws,T1H3,0.3,100,101,1.3248803042551969,5.7777360620124165,1.6632362115539574,0.16875,2.6007199132886103,52.261158032102834,4.537920131297283,0.2355943175455326
2,0.5,zone_ws,T1H3,0.3,100,202,1.3248803042551969,6.758648865127918,1.696377415665791,0.15625,2.182062372265792,51.93994283005639,3.9487183140221713,0.24541603009306204
2,0.5,zone_ws,T1H3,0.3,100,303,1.3248803042551969,6.247110866771464,1.6492862754891626,0.13666666666666666,1.9042766563859626,51.24557279285117,4.441972617266342,0.24452056285822368
2,0.5,zone_ws,T1H3,0.3,100,404,1.3248803042551969,6.047526955523049,1.6998690830592564,0.15458333333333332,2.3187802120436136,52.511126864617445,4.046048416253596,0.2438321931165689
2,0.5,zone_ws,T1H3,0.3,100,505,1.3248803042551969,5.832465845790527,1.6875400114659613,0.15541666666666668,2.069326765591822,51.289683199147724,4.732847727391417,0.24416218948796828
2,0.5,zone_ws,T4H1,0.3,100,101,1.3248803042551969,7.316436676790826,2.0751294874276387,0.04125,0.62441267755724,51.48785792665071,12.414112928077087,0.23548518336257498
2,0.5,zone_ws,T4H1,0.3,100,202,1.3248803042551969,7.293758423041797,2.1062804734510876,0.04,0.6387445802929762,51.440998097781865,10.556666156848227,0.2453643176232792
2,0.5,zone_ws,T4H1,0.3,100,303,1.3248803042551969,6.5336857432342885,1.8760449688006904,0.025833333333333333,0.44325614585071493,50.42676025579333,10.467956470865802,0.2445962877459303
2,0.5,zone_ws,T4H1,0.3,100,404,1.3248803042551969,6.921900832929326,2.109341971932991,0.03,0.5484343823421473,51.86763547409006,11.482269310304213,0.24372809772443438
2,0.5,zone_ws,T4H1,0.3,100,505,1.3248803042551969,6.93325595220146,2.055051180566984,0.044583333333333336,0.6266701165359103,50.718481169583924,11.071909497149514,0.24395123181977693
2,0.5,zone_ws,T4H3,0.3,100,101,1.3248803042551969,7.316436676790826,2.0751294874276387,0.04125,0.62441267755724,51.48785792665071,12.414112928077087,0.23548518336257498
2,0.5,zone_ws,T4H3,0.3,100,202,1.3248803042551969,7.293758423041797,2.1062804734510876,0.04,0.6387445802929762,51.440998097781865,10.556666156848227,0.2453643176232792
2,0.5,zone_ws,T4H3,0.3,100,303,1.3248803042551969,6.5336857432342885,1.8760449688006904,0.025833333333333333,0.44325614585071493,50.42676025579333,10.467956470865802,0.2445962877459303
2,0.5,zone_ws,T4H3,0.3,100,404,1.3248803042551969,6.921900832929326,2.109341971932991,0.03,0.5484343823421473,51.86763547409006,11.482269310304213,0.24372809772443438
2,0.5,zone_ws,T4H3,0.3,100,505,1.3248803042551969,6.93325595220146,2.055051180566984,0.044583333333333336,0.6266701165359103,50.718481169583924,11.071909497149514,0.24395123181977693
2,0.5,zone,zone,0.3,500,101,1.3248803042551969,9.73445110990922,1.9657929501490519,0.0,0.07816969329392938,49.10821190666297,13.435509123271423,0.23552940018826166
2,0.5,zone,zone,0.3,500,202,1.3248803042551969,8.931636003945556,2.2632531990123224,0.0,0.08197580599769398,51.0000821487603,12.468097780542518,0.24552430065820308
2,0.5,zone,zone,0.3,500,303,1.3248803042551969,21.628538760474367,3.384896807831954,0.0,0.07846929897050953,52.609659933085226,14.929760798351747,0.24432617296740958
2,0.5,zone,zone,0.3,500,404,1.3248803042551969,15.684862483810162,2.5860720798469647,0.0,0.08509115044496061,51.34139151016239,13.449197385380685,0.2437642171998986
2,0.5,zone,zone,0.3,500,505,1.3248803042551969,31.696153379513117,3.5820754915619646,0.0,0.06966647395540582,50.23176182660768,13.09763775185274,0.24392539503223637
2,0.5,zone_ws,T1H1,0.3,500,101,1.3248803042551969,4.608146384116509,1.4199564172456927,0.13416666666666666,1.7574497063931138,50.04431753221937,5.147700268287898,0.23552940018826166
2,0.5,zone_ws,T1H1,0.3,500,202,1.3248803042551969,6.874639210288818,1.6578745449381533,0.14,2.0221073634203535,51.84021103605981,3.8626708129091707,0.24566298229744962
2,0.5,zone_ws,T1H1,0.3,500,303,1.3248803042551969,9.57460030680562,1.9215568673136894,0.16083333333333333,2.413326893337244,53.555600183888004,4.3760515100583515,0.24450648072850098
2,0.5,zone_ws,T1H1,0.3,500,404,1.3248803042551969,7.202634646709069,1.6860687233282872,0.15458333333333332,2.2338788223699004,52.12619372274301,4.088077913655536,0.24378918653500037
2,0.5,zone_ws,T1H1,0.3,500,505,1.3248803042551969,8.580692272037309,1.7856306141749063,0.15833333333333333,2.2818476540337373,51.11384403924683,4.3028502907357185,0.2440966740459611
2,0.5,zone_ws,T1H3,0.3,500,101,1.3248803042551969,4.608146384116509,1.4199564172456927,0.13416666666666666,1.7574497063931138,50.04431753221937,5.147700268287898,0.23552940018826166
2,0.5,zone_ws,T1H3,0.3,500,202,1.3248803042551969,6.874639210288818,1.6578745449381533,0.14,2.0221073634203535,51.84021103605981,3.8626708129091707,0.24566298229744962
2,0.5,zone_ws,T1H3,0.3,500,303,1.3248803042551969,9.57460030680562,1.9215568673136894,0.16083333333333333,2.413326893337244,53.555600183888004,4.3760515100583515,0.24450648072850098
2,0.5,zone_ws,T1H3,0.3,500,404,1.3248803042551969,7.202634646709069,1.6860687233282872,0.15458333333333332,2.2338788223699004,52.12619372274301,4.088077913655536,0.24378918653500037
2,0.5,zone_ws,T1H3,0.3,500,505,1.3248803042551969,8.580692272037309,1.7856306141749063,0.15833333333333333,2.2818476540337373,51.11384403924683,4.3028502907357185,0.2440966740459611
2,0.5,zone_ws,T4H1,0.3,500,101,1.3248803042551969,5.7423242858641474,1.71047700720731,0.022083333333333333,0.3457725427797912,49.25595314943066,11.847347230815494,0.23552940018826166
2,0.5,zone_ws,T4H1,0.3,500,202,1.3248803042551969,6.907923208398435,1.9823248461094718,0.02666666666666667,0.4765944968314787,51.17747354997772,10.417787629250467,0.24552430065820308
2,0.5,zone_ws,T4H1,0.3,500,303,1.3248803042551969,10.895169560143923,2.3536309364461725,0.050416666666666665,0.9036129567306581,52.826317963035905,11.47639104144577,0.24442749544882705
2,0.5,zone_ws,T4H1,0.3,500,404,1.3248803042551969,7.5084457975227075,2.038014140094692,0.03833333333333333,0.6424360782965348,51.41952246162319,10.941077039574287,0.24376831303388247
2,0.5,zone_ws,T4H1,0.3,500,505,1.3248803042551969,9.465437429893425,2.152756965793631,0.05416666666666667,0.7933024225656885,50.47515381260744,10.247150358711943,0.24392539503223637
2,0.5,zone_ws,T4H3,0.3,500,101,1.3248803042551969,5.7423242858641474,1.71047700720731,0.022083333333333333,0.3457725427797912,49.25595314943066,11.847347230815494,0.23552940018826166
2,0.5,zone_ws,T4H3,0.3,500,202,1.3248803042551969,6.907923208398435,1.9823248461094718,0.02666666666666667,0.4765944968314787,51.17747354997772,10.417787629250467,0.24552430065820308
2,0.5,zone_ws,T4H3,0.3,500,303,1.3248803042551969,10.895169560143923,2.3536309364461725,0.050416666666666665,0.9036129567306581,52.826317963035905,11.47639104144577,0.24442749544882705
2,0.5,zone_ws,T4H3,0.3,500,404,1.3248803042551969,7.5084457975227075,2.038014140094692,0.03833333333333333,0.6424360782965348,51.41952246162319,10.941077039574287,0.24376831303388247
2,0.5,zone_ws,T4H3,0.3,500,505,1.3248803042551969,9.465437429893425,2.152756965793631,0.05416666666666667,0.7933024225656885,50.47515381260744,10.247150358711943,0.24392539503223637
2,0.5,zone,zone,0.3,static,101,1.3248803042551969,6.554853884070188,1.664493977532897,0.0,0.08344910493046029,48.14942104218761,11.10297883849816,0.23554210459026223
2,0.5,zone,zone,0.3,static,202,1.3248803042551969,26.162498828062652,4.754127180887132,0.0,0.07858196556848945,52.527474585825985,16.394409670728862,0.24302265809102447
2,0.5,zone,zone,0.3,static,303,1.3248803042551969,10.891971846558734,2.3214768739089693,0.0,0.06541645978548924,52.30476709472073,12.373334903617051,0.24401641393928342
2,0.5,zone,zone,0.3,static,404,1.3248803042551969,10.044510591564602,2.513036389792148,0.0,0.07173353064294086,51.0956374355086,14.224492180606424,0.24358690635988334
2,0.5,zone,zone,0.3,static,505,1.3248803042551969,6.709646305947652,1.8969183252306216,0.0,0.06145508647200212,49.36003780449299,11.968100534614587,0.2439928095455684
2,0.5,zone_ws,T1H1,0.3,static,101,1.3248803042551969,4.525392987267084,1.3613080477950608,0.11833333333333333,1.5758166703584513,48.92837888751175,4.727243111092457,0.2356239436265229
2,0.5,zone_ws,T1H1,0.3,static,202,1.3248803042551969,8.188039599417658,1.902067742850316,0.17708333333333334,2.7869940214864526,53.5238686324319,3.8356107343191215,0.24545261343626656
2,0.5,zone_ws,T1H1,0.3,static,303,1.3248803042551969,7.154718330867238,1.8119361192565366,0.145,2.1213547179263426,53.286930642077195,4.234309877836803,0.24413859711327318
2,0.5,zone_ws,T1H1,0.3,static,404,1.3248803042551969,4.8907844560997145,1.5604575044157716,0.15125,1.8687680013173182,51.84004359174427,4.967250593112748,0.24384277821433867
2,0.5,zone_ws,T1H1,0.3,static,505,1.3248803042551969,5.338353752801023,1.5316663742554202,0.13666666666666666,1.7851430751091373,50.21901571444912,4.38743764332503,0.24397896526095345
2,0.5,zone_ws,T1H3,0.3,static,101,1.3248803042551969,4.525392987267084,1.3613080477950608,0.11833333333333333,1.5758166703584513,48.92837888751175,4.727243111092457,0.2356239436265229
2,0.5,zone_ws,T1H3,0.3,static,202,1.3248803042551969,8.188039599417658,1.902067742850316,0.17708333333333334,2.7869940214864526,53.5238686324319,3.8356107343191215,0.24545261343626656
2,0.5,zone_ws,T1H3,0.3,static,303,1.3248803042551969,7.154718330867238,1.8119361192565366,0.145,2.1213547179263426,53.286930642077195,4.234309877836803,0.24413859711327318
2,0.5,zone_ws,T1H3,0.3,static,404,1.3248803042551969,4.8907844560997145,1.5604575044157716,0.15125,1.8687680013173182,51.84004359174427,4.967250593112748,0.24384277821433867
2,0.5,zone_ws,T1H3,0.3,static,505,1.3248803042551969,5.338353752801023,1.5316663742554202,0.13666666666666666,1.7851430751091373,50.21901571444912,4.38743764332503,0.24397896526095345
2,0.5,zone_ws,T4H1,0.3,static,101,1.3248803042551969,5.7258803637701154,1.5917464659584095,0.014166666666666666,0.23541532144753072,48.221348444374314,10.356264091802482,0.23554210459026223
2,0.5,zone_ws,T4H1,0.3,static,202,1.3248803042551969,9.475480778174976,2.4100357482582404,0.07541666666666667,1.3570168291381208,52.907672509631645,10.478238365461777,0.2453439589434724
2,0.5,zone_ws,T4H1,0.3,static,303,1.3248803042551969,7.714698512403373,2.092802701697036,0.03125,0.5769040350508327,52.56417650720155,10.401095112417964,0.24438561538805664
2,0.5,zone_ws,T4H1,0.3,static,404,1.3248803042551969,6.094192264537265,2.006804088077529,0.04041666666666666,0.5822641865539522,51.18033199805649,11.589696689222277,0.2437339107243583
2,0.5,zone_ws,T4H1,0.3,static,505,1.3248803042551969,5.699994467406038,1.784012762893018,0.025,0.29225506352986275,49.55970911263353,10.515996647904913,0.2439928095455684
2,0.5,zone_ws,T4H3,0.3,static,101,1.3248803042551969,5.7258803637701154,1.5917464659584095,0.014166666666666666,0.23541532144753072,48.221348444374314,10.356264091802482,0.23554210459026223
2,0.5,zone_ws,T4H3,0.3,static,202,1.3248803042551969,9.475480778174976,2.4100357482582404,0.07541666666666667,1.3570168291381208,52.907672509631645,10.478238365461777,0.2453439589434724
2,0.5,zone_ws,T4H3,0.3,static,303,1.3248803042551969,7.714698512403373,2.092802701697036,0.03125,0.5769040350508327,52.56417650720155,10.401095112417964,0.24438561538805664
2,0.5,zone_ws,T4H3,0.3,static,404,1.3248803042551969,6.094192264537265,2.006804088077529,0.04041666666666666,0.5822641865539522,51.18033199805649,11.589696689222277,0.2437339107243583
2,0.5,zone_ws,T4H3,0.3,static,505,1.3248803042551969,5.699994467406038,1.784012762893018,0.025,0.29225506352986275,49.55970911263353,10.515996647904913,0.2439928095455684
2,0.5,zone,zone,0.47,100,101,1.3248803042551969,11.033316830716007,2.6282538316502695,0.0,0.06310037025434705,48.28847668277991,17.338988932247695,0.235135221359114
2,0.5,zone,zone,0.47,100,202,1.3248803042551969,42.949564608486284,7.823867002540209,0.0,0.08057460981461342,51.4280855248793,20.52115075940456,0.24134301767051197
2,0.5,zone,zone,0.47,100,303,1.3248803042551969,19.315466000835077,5.419921080807683,0.0,0.0663418463846774,49.761909352712976,21.548898882957165,0.24305749912489918
2,0.5,zone,zone,0.47,100,404,1.3248803042551969,20.552663605393153,4.422436175080272,0.0,0.06801898518667956,48.53272272747368,19.152356925654235,0.24378230104796686
2,0.5,zone,zone,0.47,100,505,1.3248803042551969,23.987558596402913,4.2491281110917445,0.0,0.07002851427513927,50.1280821736147,18.65326196751571,0.24343838324086936
2,0.5,zone_ws,T1H1,0.47,100,101,1.3248803042551969,6.186766798264802,1.6641221564631543,0.20041666666666666,3.769207134669945,49.81639653426011,4.709813445762102,0.23552400997833303
2,0.5,zone_ws,T1H1,0.47,100,202,1.3248803042551969,10.65937151872771,2.3911368738912264,0.27416666666666667,5.372893213846884,53.19776526089799,4.57245867660152,0.24568905039097755
2,0.5,zone_ws,T1H1,0.47,100,303,1.3248803042551969,9.122568709637967,2.0704814197252794,0.25333333333333335,4.8805605000467915,51.32398437032897,4.369468948214778,0.24401455820475898
2,0.5,zone_ws,T1H1,0.47,100,404,1.3248803042551969,7.247556337366342,1.8566085683831612,0.24041666666666667,4.333789823641821,50.00626805466104,4.565383965228432,0.24372122723523626
2,0.5,zone_ws,T1H1,0.47,100,505,1.3248803042551969,11.714420552524919,2.2137109422201675,0.22208333333333333,4.106187711005787,51.149867693801916,4.442845411933284,0.24397070860231385
2,0.5,zone_ws,T1H3,0.47,100,101,1.3248803042551969,6.186766798264802,1.6641221564631543,0.20041666666666666,3.769207134669945,49.81639653426011,4.709813445762102,0.23552400997833303
2,0.5,zone_ws,T1H3,0.47,100,202,1.3248803042551969,10.65937151872771,2.3911368738912264,0.27416666666666667,5.372893213846884,53.19776526089799,4.57245867660152,0.24568905039097755
2,0.5,zone_ws,T1H3,0.47,100,303,1.3248803042551969,9.122568709637967,2.0704814197252794,0.25333333333333335,4.8805605000467915,51.32398437032897,4.369468948214778,0.24401455820475898
2,0.5,zone_ws,T1H3,0.47,100,404,1.3248803042551969,7.247556337366342,1.8566085683831612,0.24041666666666667,4.333789823641821,50.00626805466104,4.565383965228432,0.24372122723523626
2,0.5,zone_ws,T1H3,0.47,100,505,1.3248803042551969,11.714420552524919,2.2137109422201675,0.22208333333333333,4.106187711005787,51.149867693801916,4.442845411933284,0.24397070860231385
2,0.5,zone_ws,T4H1,0.47,100,101,1.3248803042551969,6.792173714113457,2.1001346527231557,0.06166666666666667,1.1717699900190899,48.813681081286035,13.673200540984105,0.2351901177904299
2,0.5,zone_ws,T4H1,0.47,100,202,1.3248803042551969,12.815802578831713,3.3074969017225615,0.1675,3.334388706350189,52.36879346698914,12.47906760329756,0.24523839967749356
2,0.5,zone_ws,T4H1,0.47,100,303,1.3248803042551969,9.654654144012012,2.735779114856932,0.125,2.6448523872151948,50.60286818845288,13.343315815548479,0.24368723721868826
2,0.5,zone_ws,T4H1,0.47,100,404,1.3248803042551969,8.11808114553566,2.453062085849333,0.11666666666666667,2.1539686721073807,49.190650949224086,12.589905930762521,0.24378230104796686
2,0.5,zone_ws,T4H1,0.47,100,505,1.3248803042551969,13.288412731739415,2.8774199689790487,0.10083333333333333,2.1327706396267985,50.795098075500164,13.047810511433733,0.24353831704954065
2,0.5,zone_ws,T4H3,0.47,100,101,1.3248803042551969,6.792173714113457,2.1001346527231557,0.06166666666666667,1.1717699900190899,48.813681081286035,13.673200540984105,0.2351901177904299
2,0.5,zone_ws,T4H3,0.47,100,202,1.3248803042551969,12.815802578831713,3.3074969017225615,0.1675,3.334388706350189,52.36879346698914,12.47906760329756,0.24523839967749356
2,0.5,zone_ws,T4H3,0.47,100,303,1.3248803042551969,9.654654144012012,2.735779114856932,0.125,2.6448523872151948,50.60286818845288,13.343315815548479,0.24368723721868826
2,0.5,zone_ws,T4H3,0.47,100,404,1.3248803042551969,8.11808114553566,2.453062085849333,0.11666666666666667,2.1539686721073807,49.190650949224086,12.589905930762521,0.24378230104796686
2,0.5,zone_ws,T4H3,0.47,100,505,1.3248803042551969,13.288412731739415,2.8774199689790487,0.10083333333333333,2.1327706396267985,50.795098075500164,13.047810511433733,0.24353831704954065
2,0.5,zone,zone,0.47,500,101,1.3248803042551969,52.130168325200906,9.43166439240066,0.0,0.05779016683799265,50.93582125198131,24.526430601550697,0.22899838284474794
2,0.5,zone,zone,0.47,500,202,1.3248803042551969,55.95725747770521,11.713614296939305,0.0,0.06826226387106052,50.0736717907903,21.22345063449733,0.2452095251108554
2,0.5,zone,zone,0.47,500,303,1.3248803042551969,54.44942308633579,9.33262963497832,0.0,0.07084343118370792,51.24339560101558,22.886072708810723,0.24115493649024314
2,0.5,zone,zone,0.47,500,404,1.3248803042551969,73.6190276284344,17.967868091878,0.0,0.06745061951455698,52.250571636516334,25.62616754665764,0.23560951896799087
2,0.5,zone,zone,0.47,500,505,1.3248803042551969,54.98371807560202,7.08365477698195,0.0,0.058541930309471864,48.728671466276225,19.56490513658771,0.24375008072852478
2,0.5,zone_ws,T1H1,0.47,500,101,1.3248803042551969,9.199575164449373,2.294010153464862,0.26458333333333334,5.444175803345511,52.506109032563245,4.565977210235769,0.23519947836803773
2,0.5,zone_ws,T1H1,0.47,500,202,1.3248803042551969,10.920308113038173,2.350333938552602,0.2725,5.218443517786741,51.90372248465121,3.90935171280571,0.245689498737229
2,0.5,zone_ws,T1H1,0.47,500,303,1.3248803042551969,9.635664094328604,2.2331344847643093,0.26916666666666667,5.219189334765332,52.754625455344865,4.73022999452128,0.24394549710235833
2,0.5,zone_ws,T1H1,0.47,500,404,1.3248803042551969,12.290528457491193,2.820241639012328,0.28958333333333336,6.1971022316252595,54.3014684565277,4.170064909627668,0.24377149158058836
2,0.5,zone_ws,T1H1,0.47,500,505,1.3248803042551969,10.78185948563442,2.22932785858704,0.25583333333333336,4.627274808094489,50.26084179703979,4.4071557135977475,0.24391541816017798
2,0.5,zone_ws,T1H3,0.47,500,101,1.3248803042551969,9.199575164449373,2.294010153464862,0.26458333333333334,5.444175803345511,52.506109032563245,4.565977210235769,0.23519947836803773
2,0.5,zone_ws,T1H3,0.47,500,202,1.3248803042551969,10.920308113038173,2.350333938552602,0.2725,5.218443517786741,51.90372248465121,3.90935171280571,0.245689498737229
2,0.5,zone_ws,T1H3,0.47,500,303,1.3248803042551969,9.635664094328604,2.2331344847643093,0.26916666666666667,5.219189334765332,52.754625455344865,4.73022999452128,0.24394549710235833
2,0.5,zone_ws,T1H3,0.47,500,404,1.3248803042551969,12.290528457491193,2.820241639012328,0.28958333333333336,6.1971022316252595,54.3014684565277,4.170064909627668,0.24377149158058836
2,0.5,zone_ws,T1H3,0.47,500,505,1.3248803042551969,10.78185948563442,2.22932785858704,0.25583333333333336,4.627274808094489,50.26084179703979,4.4071557135977475,0.24391541816017798
2,0.5,zone_ws,T4H1,0.47,500,101,1.3248803042551969,10.823330913169627,3.0773655804751785,0.15041666666666667,3.375769592382053,52.025842621013346,13.178152450335078,0.2347080886557625
2,0.5,zone_ws,T4H1,0.47,500,202,1.3248803042551969,12.054507688504875,3.024576055758042,0.155,2.897778845139444,50.854871832566765,12.305605375910906,0.24534625519886685
2,0.5,zone_ws,T4H1,0.47,500,303,1.3248803042551969,12.676376302741197,3.0493944249321414,0.14541666666666667,3.0872892238034213,51.76339247624147,13.086693156810973,0.2436576019033064
2,0.5,zone_ws,T4H1,0.47,500,404,1.3248803042551969,13.190308181305056,3.5911553351793684,0.17791666666666667,3.8553225573843344,53.4007651685837,13.362904553703853,0.24376268634891293
2,0.5,zone_ws,T4H1,0.47,500,505,1.3248803042551969,13.022822192557548,2.867899432733768,0.13,2.599856887202612,49.44043439087554,12.233003001144294,0.24375008072852478
2,0.5,zone_ws,T4H3,0.47,500,101,1.3248803042551969,10.823330913169627,3.0773655804751785,0.15041666666666667,3.375769592382053,52.025842621013346,13.178152450335078,0.2347080886557625
2,0.5,zone_ws,T4H3,0.47,500,202,1.3248803042551969,12.054507688504875,3.024576055758042,0.155,2.897778845139444,50.854871832566765,12.305605375910906,0.24534625519886685
2,0.5,zone_ws,T4H3,0.47,500,303,1.3248803042551969,12.676376302741197,3.0493944249321414,0.14541666666666667,3.0872892238034213,51.76339247624147,13.086693156810973,0.2436576019033064
2,0.5,zone_ws,T4H3,0.47,500,404,1.3248803042551969,13.190308181305056,3.5911553351793684,0.17791666666666667,3.8553225573843344,53.4007651685837,13.362904553703853,0.24376268634891293
2,0.5,zone_ws,T4H3,0.47,500,505,1.3248803042551969,13.022822192557548,2.867899432733768,0.13,2.599856887202612,49.44043439087554,12.233003001144294,0.24375008072852478
2,0.5,zone,zone,0.47,static,101,1.3248803042551969,7.021746703810778,1.605770258223736,0.0,0.05718999919968875,43.89202906578848,12.660284267801527,0.23504377070383714
2,0.5,zone,zone,0.47,static,202,1.3248803042551969,109.10437640542895,26.15683025211945,0.0,0.06619152735889922,52.95209366437943,29.324104215068346,0.2308605033753632
2,0.5,zone,zone,0.47,static,303,1.3248803042551969,60.08030179032554,20.289267256353355,0.0,0.06371342288166859,52.74148011059921,25.444585815378943,0.24009258041232967
2,0.5,zone,zone,0.47,static,404,1.3248803042551969,37.61985936393264,6.886157032113308,0.0,0.07180141461530959,49.69218305129106,23.972453200556753,0.2430784752872495
2,0.5,zone,zone,0.47,static,505,1.3248803042551969,11.171369562123319,2.826183757200808,0.0,0.06071729807692151,46.82145282501435,17.452534830007345,0.24393057273583219
2,0.5,zone_ws,T1H1,0.47,static,101,1.3248803042551969,4.159608970302267,1.251083229894869,0.14541666666666667,2.2481422939927116,44.71534743119832,4.8096917644680675,0.23544117899773231
2,0.5,zone_ws,T1H1,0.47,static,202,1.3248803042551969,9.269400269100052,2.709542742431965,0.31916666666666665,6.6140953434886445,54.843117699092666,3.91810118367828,0.24510853543634264
2,0.5,zone_ws,T1H1,0.47,static,303,1.3248803042551969,9.483137931919458,2.428556268306706,0.2654166666666667,5.297571646588776,54.17936109862786,4.310128656455422,0.24394549710235833
2,0.5,zone_ws,T1H1,0.47,static,404,1.3248803042551969,9.931784664284828,2.0168515532734834,0.2683333333333333,4.784282979943364,51.09235073326592,4.468273859151249,0.24367737582097201
2,0.5,zone_ws,T1H1,0.47,static,505,1.3248803042551969,6.6699198710549705,1.6414375588963384,0.21625,3.6902329323870906,47.9821571164654,4.781928843070449,0.24401286668427424
2,0.5,zone_ws,T1H3,0.47,static,101,1.3248803042551969,4.159608970302267,1.251083229894869,0.14541666666666667,2.2481422939927116,44.71534743119832,4.8096917644680675,0.23544117899773231
2,0.5,zone_ws,T1H3,0.47,static,202,1.3248803042551969,9.269400269100052,2.709542742431965,0.31916666666666665,6.6140953434886445,54.843117699092666,3.91810118367828,0.24510853543634264
2,0.5,zone_ws,T1H3,0.47,static,303,1.3248803042551969,9.483137931919458,2.428556268306706,0.2654166666666667,5.297571646588776,54.17936109862786,4.310128656455422,0.24394549710235833
2,0.5,zone_ws,T1H3,0.47,static,404,1.3248803042551969,9.931784664284828,2.0168515532734834,0.2683333333333333,4.784282979943364,51.09235073326592,4.468273859151249,0.24367737582097201
2,0.5,zone_ws,T1H3,0.47,static,505,1.3248803042551969,6.6699198710549705,1.6414375588963384,0.21625,3.6902329323870906,47.9821571164654,4.781928843070449,0.24401286668427424
2,0.5,zone_ws,T4H1,0.47,static,101,1.3248803042551969,5.3555835145578445,1.496731570693664,0.018333333333333333,0.322022701834026,44.009127151699886,11.65083454198068,0.23513726666286586
2,0.5,zone_ws,T4H1,0.47,static,202,1.3248803042551969,11.412950101640067,3.772869506381242,0.215,4.4109513252901635,54.17306506339002,13.267551947649903,0.24442697058053275
2,0.5,zone_ws,T4H1,0.47,static,303,1.3248803042551969,13.14459063458832,3.3183576980720146,0.15833333333333333,3.3223311868079146,53.41724737608738,12.65597685823936,0.2436576019033064
2,0.5,zone_ws,T4H1,0.47,static,404,1.3248803042551969,10.600680560721742,2.6335910920760313,0.13708333333333333,2.4321033836031822,50.36564380733301,13.741388088880358,0.24342050800329454
2,0.5,zone_ws,T4H1,0.47,static,505,1.3248803042551969,7.508598537495871,2.065953173128672,0.07458333333333333,1.1747825963489837,47.17618643287267,13.175608577795234,0.24393057273583219
2,0.5,zone_ws,T4H3,0.47,static,101,1.3248803042551969,5.3555835145578445,1.496731570693664,0.018333333333333333,0.322022701834026,44.009127151699886,11.65083454198068,0.23513726666286586
2,0.5,zone_ws,T4H3,0.47,static,202,1.3248803042551969,11.412950101640067,3.772869506381242,0.215,4.4109513252901635,54.17306506339002,13.267551947649903,0.24442697058053275
2,0.5,zone_ws,T4H3,0.47,static,303,1.3248803042551969,13.14459063458832,3.3183576980720146,0.15833333333333333,3.3223311868079146,53.41724737608738,12.65597685823936,0.2436576019033064
2,0.5,zone_ws,T4H3,0.47,static,404,1.3248803042551969,10.600680560721742,2.6335910920760313,0.13708333333333333,2.4321033836031822,50.36564380733301,13.741388088880358,0.24342050800329454
2,0.5,zone_ws,T4H3,0.47,static,505,1.3248803042551969,7.508598537495871,2.065953173128672,0.07458333333333333,1.1747825963489837,47.17618643287267,13.175608577795234,0.24393057273583219
2,0.5,zone,zone,0.6,100,101,1.3248803042551969,37.86698945232861,5.2063151948738415,0.0,0.0542934950236319,47.78549787849877,22.470406982631022,0.23538502422362634
2,0.5,zone,zone,0.6,100,202,1.3248803042551969,53.99158554938401,9.20532272428216,0.0,0.06145845220905339,49.176054271750004,26.78577498172511,0.23754185617188872
2,0.5,zone,zone,0.6,100,303,1.3248803042551969,37.28571787102765,7.8993659372541805,0.0,0.07536051034734442,48.45573495096793,25.597634288389433,0.2430401418343437
2,0.5,zone,zone,0.6,100,404,1.3248803042551969,28.672332210835815,5.48011798898769,0.0,0.05850098171925706,47.22454297337771,25.076133767598016,0.2425520138676658
2,0.5,zone,zone,0.6,100,505,1.3248803042551969,51.8635421618908,11.784806940797177,0.0,0.06197629935341117,49.4148006887667,26.72095188234209,0.24161107283794864
2,0.5,zone_ws,T1H1,0.6,100,101,1.3248803042551969,13.390270167619352,2.576380241615372,0.31583333333333335,7.231561215295865,49.97869952362352,4.776956957983271,0.235618843378072
2,0.5,zone_ws,T1H1,0.6,100,202,1.3248803042551969,15.127575651477182,2.9782636488600898,0.35125,8.12660874112357,51.38307133877328,3.7587526350210463,0.24482910925877574
2,0.5,zone_ws,T1H1,0.6,100,303,1.3248803042551969,16.329506360622272,2.9583510545387184,0.33208333333333334,7.7333727330156306,50.485850737643695,4.517789674991973,0.24424978030227631
2,0.5,zone_ws,T1H1,0.6,100,404,1.3248803042551969,10.092173761848887,2.3249598509659486,0.33916666666666667,8.000840276336342,49.34607394754771,4.784963150493102,0.24376286065326497
2,0.5,zone_ws,T1H1,0.6,100,505,1.3248803042551969,18.628405443269727,3.6252495015185335,0.4175,9.688620881815945,52.2122673263599,3.3726610574561655,0.2433981736435805
2,0.5,zone_ws,T1H3,0.6,100,101,1.3248803042551969,13.390270167619352,2.576380241615372,0.31583333333333335,7.231561215295865,49.97869952362352,4.776956957983271,0.235618843378072
2,0.5,zone_ws,T1H3,0.6,100,202,1.3248803042551969,15.127575651477182,2.9782636488600898,0.35125,8.12660874112357,51.38307133877328,3.7587526350210463,0.24482910925877574
2,0.5,zone_ws,T1H3,0.6,100,303,1.3248803042551969,16.329506360622272,2.9583510545387184,0.33208333333333334,7.7333727330156306,50.485850737643695,4.517789674991973,0.24424978030227631
2,0.5,zone_ws,T1H3,0.6,100,404,1.3248803042551969,10.092173761848887,2.3249598509659486,0.33916666666666667,8.000840276336342,49.34607394754771,4.784963150493102,0.24376286065326497
2,0.5,zone_ws,T1H3,0.6,100,505,1.3248803042551969,18.628405443269727,3.6252495015185335,0.4175,9.688620881815945,52.2122673263599,3.3726610574561655,0.2433981736435805
2,0.5,zone_ws,T4H1,0.6,100,101,1.3248803042551969,17.414125139513576,3.2706260512050283,0.185,4.673335446373926,49.33328125094663,12.93491327243242,0.23555401114232333
2,0.5,zone_ws,T4H1,0.6,100,202,1.3248803042551969,20.64275987271101,4.208653705732353,0.23958333333333334,5.550857081927233,50.74615035601398,12.33895821119956,0.2440276368312877
2,0.5,zone_ws,T4H1,0.6,100,303,1.3248803042551969,17.016982791054165,3.624890137068377,0.1925,4.378013977156428,49.72472057465797,14.738468596927065,0.24426313602004593
2,0.5,zone_ws,T4H1,0.6,100,404,1.3248803042551969,12.614307849047261,3.095307878669687,0.17458333333333334,4.162971236066089,48.201206749213924,15.001687550663073,0.24355008564656144
2,0.5,zone_ws,T4H1,0.6,100,505,1.3248803042551969,19.253373404094003,4.446709548718632,0.2733333333333333,6.576408964604951,51.34710041414392,12.419252002587113,0.24313448060131154
2,0.5,zone_ws,T4H3,0.6,100,101,1.3248803042551969,17.414125139513576,3.2706260512050283,0.185,4.673335446373926,49.33328125094663,12.93491327243242,0.23555401114232333
2,0.5,zone_ws,T4H3,0.6,100,202,1.3248803042551969,20.64275987271101,4.208653705732353,0.23958333333333334,5.550857081927233,50.74615035601398,12.33895821119956,0.2440276368312877
2,0.5,zone_ws,T4H3,0.6,100,303,1.3248803042551969,17.016982791054165,3.624890137068377,0.1925,4.378013977156428,49.72472057465797,14.738468596927065,0.24426313602004593
2,0.5,zone_ws,T4H3,0.6,100,404,1.3248803042551969,12.614307849047261,3.095307878669687,0.17458333333333334,4.162971236066089,48.201206749213924,15.001687550663073,0.24355008564656144
2,0.5,zone_ws,T4H3,0.6,100,505,1.3248803042551969,19.253373404094003,4.446709548718632,0.2733333333333333,6.576408964604951,51.34710041414392,12.419252002587113,0.24313448060131154
2,0.5,zone,zone,0.6,500,101,1.3248803042551969,29.68326096341729,6.126103213852904,0.0,0.051039737066760155,45.3238290175309,23.900982343669757,0.2357451629910188
2,0.5,zone,zone,0.6,500,202,1.3248803042551969,243.74640964508495,89.74022445900528,0.0,0.051815496550061464,52.15822423494278,37.7522220175211,0.2156556267554376
2,0.5,zone,zone,0.6,500,303,1.3248803042551969,70.92559347993799,28.2682537232921,0.0,0.047886191642076026,48.4937538206767,30.76197065991466,0.2435198244752346
2,0.5,zone,zone,0.6,500,404,1.3248803042551969,61.29593171459114,14.97805344224434,0.0,0.051296637337396166,47.02445673038927,28.96917605500678,0.24383182047518684
2,0.5,zone,zone,0.6,500,505,1.3248803042551969,109.64308396180738,40.45629097283618,0.0,0.052701836643298916,48.94077440347094,30.915426273566343,0.22962068504584057
2,0.5,zone_ws,T1H1,0.6,500,101,1.3248803042551969,7.824455786880866,1.8674971274495065,0.2758333333333333,6.215563792623793,47.03867240665812,5.194090664308146,0.2357451629910188
2,0.5,zone_ws,T1H1,0.6,500,202,1.3248803042551969,21.753220386806756,5.997370591582697,0.4708333333333333,11.811388403898107,55.109138525331616,2.7540727955398263,0.24515149054917057
2,0.5,zone_ws,T1H1,0.6,500,303,1.3248803042551969,8.578123247492776,2.279697589219373,0.3416666666666667,7.486212462179689,50.435953775065535,5.04556609053702,0.24451722337528883
2,0.5,zone_ws,T1H1,0.6,500,404,1.3248803042551969,13.493848236994127,2.3956813103421997,0.3279166666666667,7.298725513942318,48.723045450716185,4.25559197225614,0.2438461566304915
2,0.5,zone_ws,T1H1,0.6,500,505,1.3248803042551969,14.107793543005466,3.3581179224312723,0.4379166666666667,9.861588634832025,51.33508744291037,3.5775677595703157,0.24323120903845044
2,0.5,zone_ws,T1H3,0.6,500,101,1.3248803042551969,7.824455786880866,1.8674971274495065,0.2758333333333333,6.215563792623793,47.03867240665812,5.194090664308146,0.2357451629910188
2,0.5,zone_ws,T1H3,0.6,500,202,1.3248803042551969,21.753220386806756,5.997370591582697,0.4708333333333333,11.811388403898107,55.109138525331616,2.7540727955398263,0.24515149054917057
2,0.5,zone_ws,T1H3,0.6,500,303,1.3248803042551969,8.578123247492776,2.279697589219373,0.3416666666666667,7.486212462179689,50.435953775065535,5.04556609053702,0.24451722337528883
2,0.5,zone_ws,T1H3,0.6,500,404,1.3248803042551969,13.493848236994127,2.3956813103421997,0.3279166666666667,7.298725513942318,48.723045450716185,4.25559197225614,0.2438461566304915
2,0.5,zone_ws,T1H3,0.6,500,505,1.3248803042551969,14.107793543005466,3.3581179224312723,0.4379166666666667,9.861588634832025,51.33508744291037,3.5775677595703157,0.24323120903845044
2,0.5,zone_ws,T4H1,0.6,500,101,1.3248803042551969,10.672949714635651,2.5530047622102248,0.13166666666666665,3.195818239700867,46.20958166727601,14.861223947286508,0.2357451629910188
2,0.5,zone_ws,T4H1,0.6,500,202,1.3248803042551969,25.244275353710147,7.400640046564776,0.3829166666666667,9.39005054219659,54.4383924341492,10.153558390412005,0.2449949391182571
2,0.5,zone_ws,T4H1,0.6,500,303,1.3248803042551969,9.181214013279924,3.102310915055063,0.2075,4.216920660251058,49.55808030363371,15.60088438298406,0.2443849320794895
2,0.5,zone_ws,T4H1,0.6,500,404,1.3248803042551969,18.824821154245797,3.448867171434642,0.2,4.615484942442103,48.17572777862136,13.231444661604321,0.2438461566304915
2,0.5,zone_ws,T4H1,0.6,500,505,1.3248803042551969,15.83384055185902,4.528051689436558,0.31833333333333336,7.09728437578876,50.68621824683373,11.871207626490083,0.24314372359804817
2,0.5,zone_ws,T4H3,0.6,500,101,1.3248803042551969,10.672949714635651,2.5530047622102248,0.13166666666666665,3.195818239700867,46.20958166727601,14.861223947286508,0.2357451629910188
2,0.5,zone_ws,T4H3,0.6,500,202,1.3248803042551969,25.244275353710147,7.400640046564776,0.3829166666666667,9.39005054219659,54.4383924341492,10.153558390412005,0.2449949391182571
2,0.5,zone_ws,T4H3,0.6,500,303,1.3248803042551969,9.181214013279924,3.102310915055063,0.2075,4.216920660251058,49.55808030363371,15.60088438298406,0.2443849320794895
2,0.5,zone_ws,T4H3,0.6,500,404,1.3248803042551969,18.824821154245797,3.448867171434642,0.2,4.615484942442103,48.17572777862136,13.231444661604321,0.2438461566304915
2,0.5,zone_ws,T4H3,0.6,500,505,1.3248803042551969,15.83384055185902,4.528051689436558,0.31833333333333336,7.09728437578876,50.68621824683373,11.871207626490083,0.24314372359804817
2,0.5,zone,zone,0.6,static,101,1.3248803042551969,6.749581209226647,1.623462998946052,0.0,0.04949872490635016,40.42447997821221,15.02508458606777,0.2356807904297321
2,0.5,zone,zone,0.6,static,202,1.3248803042551969,273.7841921504973,84.29070216996689,0.0,0.05872830598461083,52.84251339690563,38.52874473035206,0.21239953748107807
2,0.5,zone,zone,0.6,static,303,1.3248803042551969,205.38429881364723,89.61622369174735,0.0,0.04477783190690919,52.69405297674378,35.836927340129016,0.21901492815149048
2,0.5,zone,zone,0.6,static,404,1.3248803042551969,49.125923688363464,19.773223643968283,0.0,0.0450592316748079,47.92657727650384,31.77783991227149,0.23908068277685168
2,0.5,zone,zone,0.6,static,505,1.3248803042551969,12.903526841389128,3.6080010557669158,0.0,0.05135779757687042,43.78542961042057,24.442554585009027,0.2438963244889153
2,0.5,zone_ws,T1H1,0.6,static,101,1.3248803042551969,3.7199972528253187,1.1896990996509056,0.18208333333333335,3.4564283030403575,41.48005652225602,5.391520398765136,0.23568689216957367
2,0.5,zone_ws,T1H1,0.6,static,202,1.3248803042551969,35.885598029700084,8.240968434085145,0.47708333333333336,12.182372046828892,55.710839057679685,2.883223425339303,0.24166766429782185
2,0.5,zone_ws,T1H1,0.6,static,303,1.3248803042551969,20.43542490199275,4.405825021828262,0.42791666666666667,10.390655380714547,55.346546015761994,3.3492863389866168,0.24419377429383882
2,0.5,zone_ws,T1H1,0.6,static,404,1.3248803042551969,9.207269256110408,2.299746054064834,0.35583333333333333,7.836366953470774,49.73088340711133,5.021175127822452,0.24378091307709382
2,0.5,zone_ws,T1H1,0.6,static,505,1.3248803042551969,5.662283721624371,1.646542649389748,0.29125,6.114205487653996,45.28122874212808,5.593665066878419,0.24393470905527542
2,0.5,zone_ws,T1H3,0.6,static,101,1.3248803042551969,3.7199972528253187,1.1896990996509056,0.18208333333333335,3.4564283030403575,41.48005652225602,5.391520398765136,0.23568689216957367
2,0.5,zone_ws,T1H3,0.6,static,202,1.3248803042551969,35.885598029700084,8.240968434085145,0.47708333333333336,12.182372046828892,55.710839057679685,2.883223425339303,0.24166766429782185
2,0.5,zone_ws,T1H3,0.6,static,303,1.3248803042551969,20.43542490199275,4.405825021828262,0.42791666666666667,10.390655380714547,55.346546015761994,3.3492863389866168,0.24419377429383882
2,0.5,zone_ws,T1H3,0.6,static,404,1.3248803042551969,9.207269256110408,2.299746054064834,0.35583333333333333,7.836366953470774,49.73088340711133,5.021175127822452,0.24378091307709382
2,0.5,zone_ws,T1H3,0.6,static,505,1.3248803042551969,5.662283721624371,1.646542649389748,0.29125,6.114205487653996,45.28122874212808,5.593665066878419,0.24393470905527542
2,0.5,zone_ws,T4H1,0.6,static,101,1.3248803042551969,4.9040533509458575,1.4704404655896386,0.028333333333333332,0.532990493717945,40.55699459052743,13.483731495330163,0.2356807904297321
2,0.5,zone_ws,T4H1,0.6,static,202,1.3248803042551969,27.61545997497254,8.412661563661446,0.40375,10.058046305853027,55.14916599667864,9.228271609169063,0.24247544793250478
2,0.5,zone_ws,T4H1,0.6,static,303,1.3248803042551969,20.81941803411896,5.572368316971415,0.3516666666666667,8.32830746493158,54.881845052257646,11.381443943235627,0.24368948878518507
2,0.5,zone_ws,T4H1,0.6,static,404,1.3248803042551969,11.15444065062294,3.257961972288695,0.215,4.961297348100188,49.14282271867114,15.95942620738379,0.24363506379960012
2,0.5,zone_ws,T4H1,0.6,static,505,1.3248803042551969,6.915185596239609,2.2461583908035205,0.10916666666666666,2.279711052349794,44.49449217026968,17.4548530474896,0.2438963244889153
2,0.5,zone_ws,T4H3,0.6,static,101,1.3248803042551969,4.9040533509458575,1.4704404655896386,0.028333333333333332,0.532990493717945,40.55699459052743,13.483731495330163,0.2356807904297321
2,0.5,zone_ws,T4H3,0.6,static,202,1.3248803042551969,27.61545997497254,8.412661563661446,0.40375,10.058046305853027,55.14916599667864,9.228271609169063,0.24247544793250478
2,0.5,zone_ws,T4H3,0.6,static,303,1.3248803042551969,20.81941803411896,5.572368316971415,0.3516666666666667,8.32830746493158,54.881845052257646,11.381443943235627,0.24368948878518507
2,0.5,zone_ws,T4H3,0.6,static,404,1.3248803042551969,11.15444065062294,3.257961972288695,0.215,4.961297348100188,49.14282271867114,15.95942620738379,0.24363506379960012
2,0.5,zone_ws,T4H3,0.6,static,505,1.3248803042551969,6.915185596239609,2.2461583908035205,0.10916666666666666,2.279711052349794,44.49449217026968,17.4548530474896,0.2438963244889153
2,0.0,zone,zone,0.125,static,101,1.3269959807909044,6.39781894358229,1.824503309406345,0.0,0.05620070505212671,51.36028142340018,11.560713085790864,0.2359958524438468
2,0.0,zone,zone,0.125,static,202,1.3269959807909044,8.66861048947513,2.150595060201006,0.0,0.06356212053936493,51.336864170960055,11.594125568506685,0.24552219781771836
2,0.0,zone,zone,0.125,static,303,1.3269959807909044,7.4047164896977895,2.040436288985597,0.0,0.06250903517303791,51.84989689791084,10.450062240573594,0.24451906881103108
2,0.0,zone,zone,0.125,static,404,1.3269959807909044,8.152739701503544,2.0837620285924077,0.0,0.06804871878301126,51.341231345322065,11.344916866351388,0.24420108635867807
2,0.0,zone,zone,0.125,static,505,1.3269959807909044,7.631619380899378,1.9981975632768367,0.0,0.058845179299990204,51.071807669359934,10.19665680639871,0.2437008006577281
2,0.0,zone_ws,T1H1,0.125,static,101,1.3269959807909044,4.676955164422359,1.4601810742527,0.12041666666666667,1.371421214787694,51.94194414809588,4.7871308040177025,0.2359958524438468
2,0.0,zone_ws,T1H1,0.125,static,202,1.3269959807909044,5.234191250521472,1.598247738070646,0.13041666666666665,1.4933474799631241,51.774626472286315,4.425338239360384,0.24584427345652202
2,0.0,zone_ws,T1H1,0.125,static,303,1.3269959807909044,5.301326053332279,1.6014946569311301,0.12666666666666668,1.4196360113825293,52.46598013368095,4.103727751407887,0.24463117258191094
2,0.0,zone_ws,T1H1,0.125,static,404,1.3269959807909044,5.17592975802958,1.5321756188190483,0.13125,1.432832796009506,51.78589630057013,4.001915007192668,0.24420108635867807
2,0.0,zone_ws,T1H1,0.125,static,505,1.3269959807909044,5.496243219834861,1.6178233005189795,0.11208333333333333,1.1694158426021934,51.444578428827825,4.083273749635188,0.24417594031905934
2,0.0,zone_ws,T1H3,0.125,static,101,1.3269959807909044,4.676955164422359,1.4601810742527,0.12041666666666667,1.371421214787694,51.94194414809588,4.7871308040177025,0.2359958524438468
2,0.0,zone_ws,T1H3,0.125,static,202,1.3269959807909044,5.234191250521472,1.598247738070646,0.13041666666666665,1.4933474799631241,51.774626472286315,4.425338239360384,0.24584427345652202
2,0.0,zone_ws,T1H3,0.125,static,303,1.3269959807909044,5.301326053332279,1.6014946569311301,0.12666666666666668,1.4196360113825293,52.46598013368095,4.103727751407887,0.24463117258191094
2,0.0,zone_ws,T1H3,0.125,static,404,1.3269959807909044,5.17592975802958,1.5321756188190483,0.13125,1.432832796009506,51.78589630057013,4.001915007192668,0.24420108635867807
2,0.0,zone_ws,T1H3,0.125,static,505,1.3269959807909044,5.496243219834861,1.6178233005189795,0.11208333333333333,1.1694158426021934,51.444578428827825,4.083273749635188,0.24417594031905934
2,0.0,zone_ws,T4H1,0.125,static,101,1.3269959807909044,5.6189006945761495,1.7459115742714064,0.01125,0.16832031482747217,51.34520208587035,10.860619996587747,0.2359958524438468
2,0.0,zone_ws,T4H1,0.125,static,202,1.3269959807909044,6.350638064616766,1.9364451686324398,0.025833333333333333,0.32324701007321666,51.50265473805623,9.67430563703435,0.24561418639295937
2,0.0,zone_ws,T4H1,0.125,static,303,1.3269959807909044,6.129400628352192,1.9070374131356396,0.02125,0.3616565911272206,51.91613731883908,9.303518101862737,0.2445661848258851
2,0.0,zone_ws,T4H1,0.125,static,404,1.3269959807909044,6.289720947713389,1.896049034479763,0.020833333333333332,0.2508840598949602,51.40736691164722,10.004943749648993,0.24420108635867807
2,0.0,zone_ws,T4H1,0.125,static,505,1.3269959807909044,6.676073524792787,1.8783009409119187,0.014166666666666666,0.21796959368610422,51.149344782727624,9.396473503677452,0.24381789973415985
2,0.0,zone_ws,T4H3,0.125,static,101,1.3269959807909044,5.6189006945761495,1.7459115742714064,0.01125,0.16832031482747217,51.34520208587035,10.860619996587747,0.2359958524438468
2,0.0,zone_ws,T4H3,0.125,static,202,1.3269959807909044,6.350638064616766,1.9364451686324398,0.025833333333333333,0.32324701007321666,51.50265473805623,9.67430563703435,0.24561418639295937
2,0.0,zone_ws,T4H3,0.125,static,303,1.3269959807909044,6.129400628352192,1.9070374131356396,0.02125,0.3616565911272206,51.91613731883908,9.303518101862737,0.2445661848258851
2,0.0,zone_ws,T4H3,0.125,static,404,1.3269959807909044,6.289720947713389,1.896049034479763,0.020833333333333332,0.2508840598949602,51.40736691164722,10.004943749648993,0.24420108635867807
2,0.0,zone_ws,T4H3,0.125,static,505,1.3269959807909044,6.676073524792787,1.8783009409119187,0.014166666666666666,0.21796959368610422,51.149344782727624,9.396473503677452,0.24381789973415985
2,0.0,zone,zone,0.3,100,101,1.3269959807909044,11.867691728406394,2.5726626888582182,0.0,0.05091544311940472,51.16865241904383,15.398085637680063,0.23586814523005617
2,0.0,zone,zone,0.3,100,202,1.3269959807909044,14.211871079590162,2.5235755411023746,0.0,0.06775693835140632,51.09774806579727,12.84233483484274,0.24583596138732364
2,0.0,zone,zone,0.3,100,303,1.3269959807909044,10.280411026907752,2.1274680032667175,0.0,0.06172036001904148,50.312780993025854,12.166625221950284,0.24498672424183526
2,0.0,zone,zone,0.3,100,404,1.3269959807909044,10.596797812058815,2.452605200659518,0.0,0.0589538823849684,51.442699018461695,13.454327068644009,0.2441149313937734
2,0.0,zone,zone,0.3,100,505,1.3269959807909044,14.413755573048132,2.731366058588568,0.0,0.05719026818464561,50.39966747810068,13.180647980269214,0.24434064265852987
2,0.0,zone_ws,T1H1,0.3,100,101,1.3269959807909044,5.429234820499989,1.6144499337789415,0.16625,2.4886010867036545,51.92812498840934,4.666976352418059,0.2359667432398621
2,0.0,zone_ws,T1H1,0.3,100,202,1.3269959807909044,6.500612928133778,1.6497174896279183,0.15708333333333332,2.0415110385395177,51.55581999494372,3.8992514589112384,0.24583233159360715
2,0.0,zone_ws,T1H1,0.3,100,303,1.3269959807909044,5.804410359502001,1.593228881220078,0.13416666666666666,1.802030639272195,50.87033715804107,4.429071345569158,0.2449101286995633
2,0.0,zone_ws,T1H1,0.3,100,404,1.3269959807909044,5.584327148863823,1.6510754289617189,0.1475,1.9832818140128146,52.09296796057546,4.167483897797893,0.24422144999410575
2,0.0,zone_ws,T1H1,0.3,100,505,1.3269959807909044,5.748493727282513,1.6418708503079855,0.15291666666666667,1.8206697621850088,51.02739528991136,4.853870022819146,0.2445533175199053
2,0.0,zone_ws,T1H3,0.3,100,101,1.3269959807909044,5.429234820499989,1.6144499337789415,0.16625,2.4886010867036545,51.92812498840934,4.666976352418059,0.2359667432398621
2,0.0,zone_ws,T1H3,0.3,100,202,1.3269959807909044,6.500612928133778,1.6497174896279183,0.15708333333333332,2.0415110385395177,51.55581999494372,3.8992514589112384,0.24583233159360715
2,0.0,zone_ws,T1H3,0.3,100,303,1.3269959807909044,5.804410359502001,1.593228881220078,0.13416666666666666,1.802030639272195,50.87033715804107,4.429071345569158,0.2449101286995633
2,0.0,zone_ws,T1H3,0.3,100,404,1.3269959807909044,5.584327148863823,1.6510754289617189,0.1475,1.9832818140128146,52.09296796057546,4.167483897797893,0.24422144999410575
2,0.0,zone_ws,T1H3,0.3,100,505,1.3269959807909044,5.748493727282513,1.6418708503079855,0.15291666666666667,1.8206697621850088,51.02739528991136,4.853870022819146,0.2445533175199053
2,0.0,zone_ws,T4H1,0.3,100,101,1.3269959807909044,6.743513174358321,2.057498693227708,0.042916666666666665,0.632981191185794,51.383525808463865,12.346201835651977,0.23586814523005617
2,0.0,zone_ws,T4H1,0.3,100,202,1.3269959807909044,7.115312253705583,2.0898199053251285,0.03875,0.5297237232075154,51.301358726373515,10.643985177620705,0.24583596138732364
2,0.0,zone_ws,T4H1,0.3,100,303,1.3269959807909044,6.500256275631964,1.8647536083613672,0.025833333333333333,0.33425111616921116,50.37992975577636,10.585900358386283,0.24498672424183526
2,0.0,zone_ws,T4H1,0.3,100,404,1.3269959807909044,6.777439724735946,2.080693103102204,0.029583333333333333,0.5254408696442565,51.66428944067533,11.440734695025563,0.2441149313937734
2,0.0,zone_ws,T4H1,0.3,100,505,1.3269959807909044,6.721084358093593,2.0418786856455426,0.04041666666666666,0.5066788056543368,50.58104641708904,11.268724804525554,0.24434064265852987
2,0.0,zone_ws,T4H3,0.3,100,101,1.3269959807909044,6.743513174358321,2.057498693227708,0.042916666666666665,0.632981191185794,51.383525808463865,12.346201835651977,0.23586814523005617
2,0.0,zone_ws,T4H3,0.3,100,202,1.3269959807909044,7.115312253705583,2.0898199053251285,0.03875,0.5297237232075154,51.301358726373515,10.643985177620705,0.24583596138732364
2,0.0,zone_ws,T4H3,0.3,100,303,1.3269959807909044,6.500256275631964,1.8647536083613672,0.025833333333333333,0.33425111616921116,50.37992975577636,10.585900358386283,0.24498672424183526
2,0.0,zone_ws,T4H3,0.3,100,404,1.3269959807909044,6.777439724735946,2.080693103102204,0.029583333333333333,0.5254408696442565,51.66428944067533,11.440734695025563,0.2441149313937734
2,0.0,zone_ws,T4H3,0.3,100,505,1.3269959807909044,6.721084358093593,2.0418786856455426,0.04041666666666666,0.5066788056543368,50.58104641708904,11.268724804525554,0.24434064265852987
2,0.0,zone,zone,0.3,500,101,1.3269959807909044,9.779693636373162,1.968156676891441,0.0,0.057335973490444773,49.0860047980818,13.45021799555383,0.23590448996590666
2,0.0,zone,zone,0.3,500,202,1.3269959807909044,9.348901264374263,2.2995838255926833,0.0,0.0557006443320047,50.986349904003504,12.493251638475844,0.24591471318480937
2,0.0,zone,zone,0.3,500,303,1.3269959807909044,21.8941435800287,3.426692474757898,0.0,0.05800076063655028,52.55954282246565,15.06094826569986,0.2447130479988365
2,0.0,zone,zone,0.3,500,404,1.3269959807909044,15.786910074480325,2.589215972287152,0.0,0.05727671731057607,51.30963925739785,13.453062886157435,0.24414963362273334
2,0.0,zone,zone,0.3,500,505,1.3269959807909044,31.90328128481163,3.5928265523536513,0.0,0.05323735422460066,50.214877031283734,13.052794936656456,0.2443126927782471
2,0.0,zone_ws,T1H1,0.3,500,101,1.3269959807909044,4.372219841151709,1.386488616328719,0.12958333333333333,1.5408402805133772,49.813615145917254,5.175417397751281,0.23590448996590666
2,0.0,zone_ws,T1H1,0.3,500,202,1.3269959807909044,6.871251407530268,1.6419066043144517,0.14208333333333334,1.8933545212738048,51.61274783243524,3.8839175922898166,0.2460641590808302
2,0.0,zone_ws,T1H1,0.3,500,303,1.3269959807909044,10.175559417102212,1.9221811145882124,0.15916666666666668,2.266680738823336,53.22951980677426,4.348036703664937,0.24491277375996826
2,0.0,zone_ws,T1H1,0.3,500,404,1.3269959807909044,6.840346774698911,1.64873771073936,0.15291666666666667,2.0658283732855502,51.922829160097656,4.137299069796331,0.2441783060025517
2,0.0,zone_ws,T1H1,0.3,500,505,1.3269959807909044,6.398250029512708,1.6567814557660059,0.15916666666666668,1.9952078773840294,50.74309336702887,4.337133080442623,0.2444853302562541
2,0.0,zone_ws,T1H3,0.3,500,101,1.3269959807909044,4.372219841151709,1.386488616328719,0.12958333333333333,1.5408402805133772,49.813615145917254,5.175417397751281,0.23590448996590666
2,0.0,zone_ws,T1H3,0.3,500,202,1.3269959807909044,6.871251407530268,1.6419066043144517,0.14208333333333334,1.8933545212738048,51.61274783243524,3.8839175922898166,0.2460641590808302
2,0.0,zone_ws,T1H3,0.3,500,303,1.3269959807909044,10.175559417102212,1.9221811145882124,0.15916666666666668,2.266680738823336,53.22951980677426,4.348036703664937,0.24491277375996826
2,0.0,zone_ws,T1H3,0.3,500,404,1.3269959807909044,6.840346774698911,1.64873771073936,0.15291666666666667,2.0658283732855502,51.922829160097656,4.137299069796331,0.2441783060025517
2,0.0,zone_ws,T1H3,0.3,500,505,1.3269959807909044,6.398250029512708,1.6567814557660059,0.15916666666666668,1.9952078773840294,50.74309336702887,4.337133080442623,0.2444853302562541
2,0.0,zone_ws,T4H1,0.3,500,101,1.3269959807909044,5.703048288208133,1.7069381869291853,0.022916666666666665,0.3108962714285164,49.160510326451686,11.876307348836107,0.23590448996590666
2,0.0,zone_ws,T4H1,0.3,500,202,1.3269959807909044,6.865977153409926,1.9725018446167146,0.02666666666666667,0.4196413057681326,51.02292825928637,10.441508338440268,0.24591471318480937
2,0.0,zone_ws,T4H1,0.3,500,303,1.3269959807909044,10.416963792412725,2.3402972756048768,0.04958333333333333,0.7832938106047536,52.72667957837594,11.55082519665217,0.24482036739836724
2,0.0,zone_ws,T4H1,0.3,500,404,1.3269959807909044,7.402074399995412,2.020960824222211,0.03666666666666667,0.5558717232938214,51.29116744932384,11.007490200446451,0.2441662737971762
2,0.0,zone_ws,T4H1,0.3,500,505,1.3269959807909044,9.028512319642457,2.1215121408371473,0.05375,0.7366006729831931,50.36149793880771,10.20606861520904,0.2443126927782471
2,0.0,zone_ws,T4H3,0.3,500,101,1.3269959807909044,5.703048288208133,1.7069381869291853,0.022916666666666665,0.3108962714285164,49.160510326451686,11.876307348836107,0.23590448996590666
2,0.0,zone_ws,T4H3,0.3,500,202,1.3269959807909044,6.865977153409926,1.9725018446167146,0.02666666666666667,0.4196413057681326,51.02292825928637,10.441508338440268,0.24591471318480937
2,0.0,zone_ws,T4H3,0.3,500,303,1.3269959807909044,10.416963792412725,2.3402972756048768,0.04958333333333333,0.7832938106047536,52.72667957837594,11.55082519665217,0.24482036739836724
2,0.0,zone_ws,T4H3,0.3,500,404,1.3269959807909044,7.402074399995412,2.020960824222211,0.03666666666666667,0.5558717232938214,51.29116744932384,11.007490200446451,0.2441662737971762
2,0.0,zone_ws,T4H3,0.3,500,505,1.3269959807909044,9.028512319642457,2.1215121408371473,0.05375,0.7366006729831931,50.36149793880771,10.20606861520904,0.2443126927782471
2,0.0,zone,zone,0.3,static,101,1.3269959807909044,6.567602392936094,1.6640001621595384,0.0,0.05561381032604506,48.11054604218762,11.098196613744102,0.23591860851429963
2,0.0,zone,zone,0.3,static,202,1.3269959807909044,26.324352473683835,4.765320540307146,0.0,0.06598839109326296,52.40722572856087,16.36269882365356,0.24325654630074492
2,0.0,zone,zone,0.3,static,303,1.3269959807909044,10.881100129543393,2.326969325909235,0.0,0.05473838725149218,52.23869182465026,12.379312577202306,0.2444012755533564
2,0.0,zone,zone,0.3,static,404,1.3269959807909044,10.065988599105692,2.5206502548087637,0.0,0.05449852882536012,51.07645419232191,14.23948828537163,0.24397266279895308
2,0.0,zone,zone,0.3,static,505,1.3269959807909044,6.673050912703451,1.8934819969944594,0.0,0.044636372570296935,49.30723151743634,11.920671048426627,0.24438127856397004
2,0.0,zone_ws,T1H1,0.3,static,101,1.3269959807909044,4.325759712723208,1.3424671542313633,0.12041666666666667,1.5539555552225421,48.748410276412976,4.764912671277774,0.235965004790045
2,0.0,zone_ws,T1H1,0.3,static,202,1.3269959807909044,7.244437254916298,1.8323497223055851,0.17791666666666667,2.5577181594805056,53.10816412830638,3.9181020607268637,0.24587408627562737
2,0.0,zone_ws,T1H1,0.3,static,303,1.3269959807909044,6.513483434043639,1.7522596847780247,0.14375,1.830010213337057,52.89591393004277,4.3213909441219664,0.24457789756997145
2,0.0,zone_ws,T1H1,0.3,static,404,1.3269959807909044,4.774021839932347,1.551836836745792,0.15416666666666667,1.819890109529412,51.643725684805275,4.796130957141899,0.24423206891596283
2,0.0,zone_ws,T1H1,0.3,static,505,1.3269959807909044,5.228897496538932,1.5239930876806798,0.13708333333333333,1.6570007579961072,50.10134706325405,4.423342600730365,0.24437018462088353
2,0.0,zone_ws,T1H3,0.3,static,101,1.3269959807909044,4.325759712723208,1.3424671542313633,0.12041666666666667,1.5539555552225421,48.748410276412976,4.764912671277774,0.235965004790045
2,0.0,zone_ws,T1H3,0.3,static,202,1.3269959807909044,7.244437254916298,1.8323497223055851,0.17791666666666667,2.5577181594805056,53.10816412830638,3.9181020607268637,0.24587408627562737
2,0.0,zone_ws,T1H3,0.3,static,303,1.3269959807909044,6.513483434043639,1.7522596847780247,0.14375,1.830010213337057,52.89591393004277,4.3213909441219664,0.24457789756997145
2,0.0,zone_ws,T1H3,0.3,static,404,1.3269959807909044,4.774021839932347,1.551836836745792,0.15416666666666667,1.819890109529412,51.643725684805275,4.796130957141899,0.24423206891596283
2,0.0,zone_ws,T1H3,0.3,static,505,1.3269959807909044,5.228897496538932,1.5239930876806798,0.13708333333333333,1.6570007579961072,50.10134706325405,4.423342600730365,0.24437018462088353
2,0.0,zone_ws,T4H1,0.3,static,101,1.3269959807909044,5.64406846007344,1.5952067801338363,0.01375,0.217122644190392,48.15922344437433,10.348643674734516,0.23591860851429963
2,0.0,zone_ws,T4H1,0.3,static,202,1.3269959807909044,8.95924073272836,2.3420805221978074,0.07125,1.1616500896038502,52.71757689029376,10.445374351860433,0.2457412572144299
2,0.0,zone_ws,T4H1,0.3,static,303,1.3269959807909044,7.226935676973844,2.077823935024915,0.029583333333333333,0.5289217570371497,52.4666924632772,10.422770635939147,0.24479537551229433
2,0.0,zone_ws,T4H1,0.3,static,404,1.3269959807909044,6.066059178295703,1.9874418005511163,0.03875,0.5392892689505923,51.08187564855198,11.5601612821649,0.24412665870486872
2,0.0,zone_ws,T4H1,0.3,static,505,1.3269959807909044,5.617643910285858,1.7782677805435911,0.024166666666666666,0.2746805739599989,49.487502503286464,10.546147248179704,0.24438127856397004
2,0.0,zone_ws,T4H3,0.3,static,101,1.3269959807909044,5.64406846007344,1.5952067801338363,0.01375,0.217122644190392,48.15922344437433,10.348643674734516,0.23591860851429963
2,0.0,zone_ws,T4H3,0.3,static,202,1.3269959807909044,8.95924073272836,2.3420805221978074,0.07125,1.1616500896038502,52.71757689029376,10.445374351860433,0.2457412572144299
2,0.0,zone_ws,T4H3,0.3,static,303,1.3269959807909044,7.226935676973844,2.077823935024915,0.029583333333333333,0.5289217570371497,52.4666924632772,10.422770635939147,0.24479537551229433
2,0.0,zone_ws,T4H3,0.3,static,404,1.3269959807909044,6.066059178295703,1.9874418005511163,0.03875,0.5392892689505923,51.08187564855198,11.5601612821649,0.24412665870486872
2,0.0,zone_ws,T4H3,0.3,static,505,1.3269959807909044,5.617643910285858,1.7782677805435911,0.024166666666666666,0.2746805739599989,49.487502503286464,10.546147248179704,0.24438127856397004
2,0.0,zone,zone,0.47,100,101,1.3269959807909044,11.018205021373412,2.6231101207335277,0.0,0.05142241246099976,48.250006127475636,17.38345836821585,0.23550952393185448
2,0.0,zone,zone,0.47,100,202,1.3269959807909044,43.436451232407464,7.850460883481697,0.0,0.0587548356622068,51.37376352887235,20.562727169984058,0.24165982928327776
2,0.0,zone,zone,0.47,100,303,1.3269959807909044,19.412164524524414,5.4512069071981815,0.0,0.0487262491267998,49.67998056639973,21.529077215509666,0.24341881979942898
2,0.0,zone,zone,0.47,100,404,1.3269959807909044,20.398960281035794,4.430817253041597,0.0,0.04980960052392369,48.4954846493778,19.151432733809767,0.24417092058076428
2,0.0,zone,zone,0.47,100,505,1.3269959807909044,24.13442395250963,4.272853132173226,0.0,0.05943305865897154,50.12989040872664,18.6331200934424,0.24382331943315574
2,0.0,zone_ws,T1H1,0.47,100,101,1.3269959807909044,5.956330309416232,1.6188320417470843,0.19166666666666668,3.313169391940495,49.3644548222095,5.0504481962603265,0.23591886991187955
2,0.0,zone_ws,T1H1,0.47,100,202,1.3269959807909044,9.389594816960205,2.1621284628595863,0.265,4.707789013969691,52.3721811440115,4.67919356502916,0.2460694924940967
2,0.0,zone_ws,T1H1,0.47,100,303,1.3269959807909044,8.488282236139604,1.9354042704708319,0.24,4.2163475299492035,50.812233700384795,4.632479286386359,0.24460646640291298
2,0.0,zone_ws,T1H1,0.47,100,404,1.3269959807909044,6.605966124720651,1.750773281790235,0.23208333333333334,3.9424278809148054,49.58495373674357,4.512982105676824,0.24411590242349362
2,0.0,zone_ws,T1H1,0.47,100,505,1.3269959807909044,10.460114674168867,2.120999348197625,0.22208333333333333,3.8849805266397435,50.626073571875125,4.5689621619402105,0.2443418916936662
2,0.0,zone_ws,T1H3,0.47,100,101,1.3269959807909044,5.956330309416232,1.6188320417470843,0.19166666666666668,3.313169391940495,49.3644548222095,5.0504481962603265,0.23591886991187955
2,0.0,zone_ws,T1H3,0.47,100,202,1.3269959807909044,9.389594816960205,2.1621284628595863,0.265,4.707789013969691,52.3721811440115,4.67919356502916,0.2460694924940967
2,0.0,zone_ws,T1H3,0.47,100,303,1.3269959807909044,8.488282236139604,1.9354042704708319,0.24,4.2163475299492035,50.812233700384795,4.632479286386359,0.24460646640291298
2,0.0,zone_ws,T1H3,0.47,100,404,1.3269959807909044,6.605966124720651,1.750773281790235,0.23208333333333334,3.9424278809148054,49.58495373674357,4.512982105676824,0.24411590242349362
2,0.0,zone_ws,T1H3,0.47,100,505,1.3269959807909044,10.460114674168867,2.120999348197625,0.22208333333333333,3.8849805266397435,50.626073571875125,4.5689621619402105,0.2443418916936662
2,0.0,zone_ws,T4H1,0.47,100,101,1.3269959807909044,6.678194745726145,2.073050470486563,0.058333333333333334,1.0574759194549552,48.64465166365033,13.897298964518631,0.23559609101943466
2,0.0,zone_ws,T4H1,0.47,100,202,1.3269959807909044,12.238485686120791,3.12764107601864,0.15583333333333332,2.7353346147811073,51.94112630951969,13.236323232897378,0.2455747764540139
2,0.0,zone_ws,T4H1,0.47,100,303,1.3269959807909044,9.091315049873693,2.642737681272467,0.11916666666666667,2.2626223419033185,50.3734148271397,13.790910394984367,0.24413836107982287
2,0.0,zone_ws,T4H1,0.47,100,404,1.3269959807909044,7.667206761042029,2.379236551470638,0.11083333333333334,1.8282202882823007,48.891209955552,12.902431707377968,0.24417092058076428
2,0.0,zone_ws,T4H1,0.47,100,505,1.3269959807909044,11.88392210083234,2.7807352763049145,0.09791666666666667,1.918234047389126,50.5675657327418,13.292751498704474,0.24392582335657864
2,0.0,zone_ws,T4H3,0.47,100,101,1.3269959807909044,6.678194745726145,2.073050470486563,0.058333333333333334,1.0574759194549552,48.64465166365033,13.897298964518631,0.23559609101943466
2,0.0,zone_ws,T4H3,0.47,100,202,1.3269959807909044,12.238485686120791,3.12764107601864,0.15583333333333332,2.7353346147811073,51.94112630951969,13.236323232897378,0.2455747764540139
2,0.0,zone_ws,T4H3,0.47,100,303,1.3269959807909044,9.091315049873693,2.642737681272467,0.11916666666666667,2.2626223419033185,50.3734148271397,13.790910394984367,0.24413836107982287
2,0.0,zone_ws,T4H3,0.47,100,404,1.3269959807909044,7.667206761042029,2.379236551470638,0.11083333333333334,1.8282202882823007,48.891209955552,12.902431707377968,0.24417092058076428
2,0.0,zone_ws,T4H3,0.47,100,505,1.3269959807909044,11.88392210083234,2.7807352763049145,0.09791666666666667,1.918234047389126,50.5675657327418,13.292751498704474,0.24392582335657864
2,0.0,zone,zone,0.47,500,101,1.3269959807909044,52.777042161531625,9.45498364120511,0.0,0.04598983082514091,50.876252862860746,24.497702174466188,0.2292664670791353
2,0.0,zone,zone,0.47,500,202,1.3269959807909044,57.34832052579292,12.330848476046876,0.0,0.05172566687392096,50.14991395801754,21.31709112407886,0.2456035813418786
2,0.0,zone,zone,0.47,500,303,1.3269959807909044,53.26455857618171,9.265296838372924,0.0,0.051390140438161216,51.11461128977422,22.886970727141524,0.24145604315330865
2,0.0,zone,zone,0.47,500,404,1.3269959807909044,72.32934745083317,17.97942251126843,0.0,0.05149209631603183,52.278180147873535,25.528377456619957,0.2359577017480735
2,0.0,zone,zone,0.47,500,505,1.3269959807909044,55.11843594039134,7.129759410389243,0.0,0.05522602338923491,48.725078709352644,19.515967431450285,0.2441397040953233
2,0.0,zone_ws,T1H1,0.47,500,101,1.3269959807909044,7.745702535944401,2.0659928446712805,0.25958333333333333,4.937934227501885,51.87470496783539,4.977134070270799,0.23559224868025863
2,0.0,zone_ws,T1H1,0.47,500,202,1.3269959807909044,8.742498130891184,2.0619018490705043,0.2604166666666667,4.5269261759276995,51.15717608666862,4.3057924748091825,0.24608870824697682
2,0.0,zone_ws,T1H1,0.47,500,303,1.3269959807909044,9.184574995590536,2.1423455361286394,0.26,4.81546210327432,52.20072856038457,5.000137931618345,0.2443831802944481
2,0.0,zone_ws,T1H1,0.47,500,404,1.3269959807909044,10.901023391068232,2.4905143380891475,0.27458333333333335,5.331807757699331,53.55938641628691,4.415426462566935,0.24416181334008782
2,0.0,zone_ws,T1H1,0.47,500,505,1.3269959807909044,9.578391313216056,2.0555214795084553,0.25125,4.201802885228683,49.759664669946496,4.667012069140381,0.24430349692655084
2,0.0,zone_ws,T1H3,0.47,500,101,1.3269959807909044,7.745702535944401,2.0659928446712805,0.25958333333333333,4.937934227501885,51.87470496783539,4.977134070270799,0.23559224868025863
2,0.0,zone_ws,T1H3,0.47,500,202,1.3269959807909044,8.742498130891184,2.0619018490705043,0.2604166666666667,4.5269261759276995,51.15717608666862,4.3057924748091825,0.24608870824697682
2,0.0,zone_ws,T1H3,0.47,500,303,1.3269959807909044,9.184574995590536,2.1423455361286394,0.26,4.81546210327432,52.20072856038457,5.000137931618345,0.2443831802944481
2,0.0,zone_ws,T1H3,0.47,500,404,1.3269959807909044,10.901023391068232,2.4905143380891475,0.27458333333333335,5.331807757699331,53.55938641628691,4.415426462566935,0.24416181334008782
2,0.0,zone_ws,T1H3,0.47,500,505,1.3269959807909044,9.578391313216056,2.0555214795084553,0.25125,4.201802885228683,49.759664669946496,4.667012069140381,0.24430349692655084
2,0.0,zone_ws,T4H1,0.47,500,101,1.3269959807909044,9.38494308077434,2.881538540962158,0.13875,2.8548412693704197,51.439101969911675,13.897061126276489,0.2351768353772757
2,0.0,zone_ws,T4H1,0.47,500,202,1.3269959807909044,10.756759757662369,2.878193645257686,0.14625,2.6310391134175037,50.489963724084625,12.74055108856578,0.24574075136146045
2,0.0,zone_ws,T4H1,0.47,500,303,1.3269959807909044,10.527132341350105,2.8380831786396525,0.13958333333333334,2.5084603731535435,51.50548422404868,13.722384634052414,0.2441203537401921
2,0.0,zone_ws,T4H1,0.47,500,404,1.3269959807909044,11.12859538185052,3.2616823079613924,0.16,3.1401014109780223,52.789783692840125,14.156551360343437,0.24415414183948922
2,0.0,zone_ws,T4H1,0.47,500,505,1.3269959807909044,10.53522835296861,2.6549151392413575,0.12041666666666667,2.1717127012366793,49.18306873608822,12.770050394836593,0.2441397040953233
2,0.0,zone_ws,T4H3,0.47,500,101,1.3269959807909044,9.38494308077434,2.881538540962158,0.13875,2.8548412693704197,51.439101969911675,13.897061126276489,0.2351768353772757
2,0.0,zone_ws,T4H3,0.47,500,202,1.3269959807909044,10.756759757662369,2.878193645257686,0.14625,2.6310391134175037,50.489963724084625,12.74055108856578,0.24574075136146045
2,0.0,zone_ws,T4H3,0.47,500,303,1.3269959807909044,10.527132341350105,2.8380831786396525,0.13958333333333334,2.5084603731535435,51.50548422404868,13.722384634052414,0.2441203537401921
2,0.0,zone_ws,T4H3,0.47,500,404,1.3269959807909044,11.12859538185052,3.2616823079613924,0.16,3.1401014109780223,52.789783692840125,14.156551360343437,0.24415414183948922
2,0.0,zone_ws,T4H3,0.47,500,505,1.3269959807909044,10.53522835296861,2.6549151392413575,0.12041666666666667,2.1717127012366793,49.18306873608822,12.770050394836593,0.2441397040953233
2,0.0,zone,zone,0.47,static,101,1.3269959807909044,7.258443534962222,1.6161492851165895,0.0,0.04681822450099863,43.85127501172365,12.663925328491178,0.23541565609972578
2,0.0,zone,zone,0.47,static,202,1.3269959807909044,110.78393279753813,26.587943613234003,0.0,0.04533305472374252,52.93215363814036,29.33839595534845,0.23099850075303646
2,0.0,zone,zone,0.47,static,303,1.3269959807909044,59.903024556844315,20.763941692330743,0.0,0.05242924740398383,52.66458881462501,25.468290458340828,0.24014402785817646
2,0.0,zone,zone,0.47,static,404,1.3269959807909044,36.84731922616004,6.776381374546372,0.0,0.04694231973217671,49.638378459503514,23.940149646115362,0.243459832892947
2,0.0,zone,zone,0.47,static,505,1.3269959807909044,11.17281347511902,2.8379584438988457,0.0,0.05576548052301386,46.80732318100686,17.453122405706175,0.24431830278263772
2,0.0,zone_ws,T1H1,0.47,static,101,1.3269959807909044,4.093689926623249,1.2342606445284838,0.14375,2.086743112796968,44.528408231236554,4.874258471896225,0.23577313706865582
2,0.0,zone_ws,T1H1,0.47,static,202,1.3269959807909044,8.442689725249501,2.4174830416145094,0.30291666666666667,5.69566930079905,53.807832419741786,4.338617836300624,0.2456912357288016
2,0.0,zone_ws,T1H1,0.47,static,303,1.3269959807909044,9.399658280695624,2.361355312598107,0.25916666666666666,5.06319218586616,53.62194914847806,4.4484146218649725,0.2443831802944481
2,0.0,zone_ws,T1H1,0.47,static,404,1.3269959807909044,8.302660368539694,1.8783567856385817,0.25458333333333333,4.1901481962105525,50.672253245112024,4.741506312572526,0.2441814485098304
2,0.0,zone_ws,T1H1,0.47,static,505,1.3269959807909044,6.236413066066492,1.5906813205193095,0.21458333333333332,3.536011809388091,47.646896474126734,4.920249561610399,0.24438310264140295
2,0.0,zone_ws,T1H3,0.47,static,101,1.3269959807909044,4.093689926623249,1.2342606445284838,0.14375,2.086743112796968,44.528408231236554,4.874258471896225,0.23577313706865582
2,0.0,zone_ws,T1H3,0.47,static,202,1.3269959807909044,8.442689725249501,2.4174830416145094,0.30291666666666667,5.69566930079905,53.807832419741786,4.338617836300624,0.2456912357288016
2,0.0,zone_ws,T1H3,0.47,static,303,1.3269959807909044,9.399658280695624,2.361355312598107,0.25916666666666666,5.06319218586616,53.62194914847806,4.4484146218649725,0.2443831802944481
2,0.0,zone_ws,T1H3,0.47,static,404,1.3269959807909044,8.302660368539694,1.8783567856385817,0.25458333333333333,4.1901481962105525,50.672253245112024,4.741506312572526,0.2441814485098304
2,0.0,zone_ws,T1H3,0.47,static,505,1.3269959807909044,6.236413066066492,1.5906813205193095,0.21458333333333332,3.536011809388091,47.646896474126734,4.920249561610399,0.24438310264140295
2,0.0,zone_ws,T4H1,0.47,static,101,1.3269959807909044,5.268015493529531,1.4916377752492975,0.018333333333333333,0.2964893218005312,43.89460227222767,11.607963301873182,0.23551645540685265
2,0.0,zone_ws,T4H1,0.47,static,202,1.3269959807909044,10.874736659602142,3.6432022457637157,0.20041666666666666,3.9491103078472207,53.64704261826435,14.04288880558812,0.24516205321505655
2,0.0,zone_ws,T4H1,0.47,static,303,1.3269959807909044,11.722090548223953,3.1705729604415622,0.14916666666666667,2.930998692619111,53.06532835767396,13.181454349296592,0.2441203537401921
2,0.0,zone_ws,T4H1,0.47,static,404,1.3269959807909044,10.293282514236305,2.575365079919747,0.13208333333333333,2.314521447229552,50.16537432418634,13.95861993770044,0.24380553016067047
2,0.0,zone_ws,T4H1,0.47,static,505,1.3269959807909044,7.364869361894956,2.0587320083607445,0.075,1.1978778846001386,47.02792949309016,13.195831851270727,0.24431830278263772
2,0.0,zone_ws,T4H3,0.47,static,101,1.3269959807909044,5.268015493529531,1.4916377752492975,0.018333333333333333,0.2964893218005312,43.89460227222767,11.607963301873182,0.23551645540685265
2,0.0,zone_ws,T4H3,0.47,static,202,1.3269959807909044,10.874736659602142,3.6432022457637157,0.20041666666666666,3.9491103078472207,53.64704261826435,14.04288880558812,0.24516205321505655
2,0.0,zone_ws,T4H3,0.47,static,303,1.3269959807909044,11.722090548223953,3.1705729604415622,0.14916666666666667,2.930998692619111,53.06532835767396,13.181454349296592,0.2441203537401921
2,0.0,zone_ws,T4H3,0.47,static,404,1.3269959807909044,10.293282514236305,2.575365079919747,0.13208333333333333,2.314521447229552,50.16537432418634,13.95861993770044,0.24380553016067047
2,0.0,zone_ws,T4H3,0.47,static,505,1.3269959807909044,7.364869361894956,2.0587320083607445,0.075,1.1978778846001386,47.02792949309016,13.195831851270727,0.24431830278263772
2,0.0,zone,zone,0.6,100,101,1.3269959807909044,39.99327639657426,5.279864062474865,0.0,0.04417810804525572,47.83263001274536,22.42913818290829,0.23575583570371522
2,0.0,zone,zone,0.6,100,202,1.3269959807909044,53.83397131181896,9.128003413270882,0.0,0.046618446785319824,49.041478273303696,26.62517682049322,0.23792488025717032
2,0.0,zone,zone,0.6,100,303,1.3269959807909044,36.957461649356155,7.988761098154369,0.0,0.05196474669040474,48.44864716386612,25.549271294959414,0.24341431682015363
2,0.0,zone,zone,0.6,100,404,1.3269959807909044,28.769236734692093,5.557504283849055,0.0,0.04754332031670418,47.266332717379974,25.02571981282665,0.24303790793372856
2,0.0,zone,zone,0.6,100,505,1.3269959807909044,52.93100956296568,12.039424834249179,0.0,0.04933402425912296,49.46838735624886,26.549601529739128,0.24195101482184384
2,0.0,zone_ws,T1H1,0.6,100,101,1.3269959807909044,9.94495366441443,2.1522209614700225,0.30791666666666667,6.488236539179894,49.17058521953675,5.210113862521907,0.23599874327836418
2,0.0,zone_ws,T1H1,0.6,100,202,1.3269959807909044,10.480296062602743,2.4321060506104444,0.3329166666666667,6.955149122985333,50.260068785606656,4.67401106611341,0.24539684816655025
2,0.0,zone_ws,T1H1,0.6,100,303,1.3269959807909044,13.488767569170156,2.5679711853443097,0.3258333333333333,6.936708229697143,49.70786787602408,4.773805017830358,0.2446747600097503
2,0.0,zone_ws,T1H1,0.6,100,404,1.3269959807909044,11.058124220590214,2.1867746458054627,0.32375,7.229056218418477,48.41420384622439,5.158160717073118,0.24420111846527334
2,0.0,zone_ws,T1H1,0.6,100,505,1.3269959807909044,14.226250642713435,2.9565482599996207,0.3908333333333333,8.694257216301642,51.18433682979321,4.020953626630727,0.24380047787056489
2,0.0,zone_ws,T1H3,0.6,100,101,1.3269959807909044,9.94495366441443,2.1522209614700225,0.30791666666666667,6.488236539179894,49.17058521953675,5.210113862521907,0.23599874327836418
2,0.0,zone_ws,T1H3,0.6,100,202,1.3269959807909044,10.480296062602743,2.4321060506104444,0.3329166666666667,6.955149122985333,50.260068785606656,4.67401106611341,0.24539684816655025
2,0.0,zone_ws,T1H3,0.6,100,303,1.3269959807909044,13.488767569170156,2.5679711853443097,0.3258333333333333,6.936708229697143,49.70786787602408,4.773805017830358,0.2446747600097503
2,0.0,zone_ws,T1H3,0.6,100,404,1.3269959807909044,11.058124220590214,2.1867746458054627,0.32375,7.229056218418477,48.41420384622439,5.158160717073118,0.24420111846527334
2,0.0,zone_ws,T1H3,0.6,100,505,1.3269959807909044,14.226250642713435,2.9565482599996207,0.3908333333333333,8.694257216301642,51.18433682979321,4.020953626630727,0.24380047787056489
2,0.0,zone_ws,T4H1,0.6,100,101,1.3269959807909044,14.297608657949757,3.024627467852897,0.17583333333333334,4.0295898439649624,48.9618220650575,13.419112698849151,0.23592933532176644
2,0.0,zone_ws,T4H1,0.6,100,202,1.3269959807909044,13.635420892271064,3.5614712052490023,0.2275,4.6918270887453675,50.09284990422182,13.15591395670208,0.24499341737369437
2,0.0,zone_ws,T4H1,0.6,100,303,1.3269959807909044,14.231341547986428,3.3854884030192536,0.18625,4.069010366732449,49.18666756927696,15.18438365190384,0.24452635672790152
2,0.0,zone_ws,T4H1,0.6,100,404,1.3269959807909044,10.850672907226587,2.895644258247195,0.16416666666666666,3.5623407479997415,47.736590234903964,15.764763750393843,0.24415131130002113
2,0.0,zone_ws,T4H1,0.6,100,505,1.3269959807909044,16.899469613228305,3.995839447615685,0.26125,5.9168623805301115,50.50469736469558,13.062661997004167,0.24361517812186104
2,0.0,zone_ws,T4H3,0.6,100,101,1.3269959807909044,14.297608657949757,3.024627467852897,0.17583333333333334,4.0295898439649624,48.9618220650575,13.419112698849151,0.23592933532176644
2,0.0,zone_ws,T4H3,0.6,100,202,1.3269959807909044,13.635420892271064,3.5614712052490023,0.2275,4.6918270887453675,50.09284990422182,13.15591395670208,0.24499341737369437
2,0.0,zone_ws,T4H3,0.6,100,303,1.3269959807909044,14.231341547986428,3.3854884030192536,0.18625,4.069010366732449,49.18666756927696,15.18438365190384,0.24452635672790152
2,0.0,zone_ws,T4H3,0.6,100,404,1.3269959807909044,10.850672907226587,2.895644258247195,0.16416666666666666,3.5623407479997415,47.736590234903964,15.764763750393843,0.24415131130002113
2,0.0,zone_ws,T4H3,0.6,100,505,1.3269959807909044,16.899469613228305,3.995839447615685,0.26125,5.9168623805301115,50.50469736469558,13.062661997004167,0.24361517812186104
2,0.0,zone,zone,0.6,500,101,1.3269959807909044,29.84990803614135,6.253561377998005,0.0,0.04558111235340126,45.32886550310581,23.89505334310759,0.2361213584335241
2,0.0,zone,zone,0.6,500,202,1.3269959807909044,244.8836192700037,90.32919659749948,0.0,0.03987900648553402,52.14539423447341,37.68236530990564,0.21583420149110707
2,0.0,zone,zone,0.6,500,303,1.3269959807909044,74.77631402531725,30.839791290783424,0.0,0.03909705992026512,48.60211083362986,30.857996991010264,0.2430208313702143
2,0.0,zone,zone,0.6,500,404,1.3269959807909044,62.0372333575387,15.210923080440711,0.0,0.039068503772406844,46.94868707212152,29.21519090412346,0.2441964829253621
2,0.0,zone,zone,0.6,500,505,1.3269959807909044,110.37513508171676,40.85438284702707,0.0,0.04085895317496863,49.00553133160813,30.796963350296757,0.2298733604893104
2,0.0,zone_ws,T1H1,0.6,500,101,1.3269959807909044,5.837456677905673,1.6662151315559277,0.25916666666666666,5.41986814359921,46.3783208315654,5.585698942315877,0.2361213584335241
2,0.0,zone_ws,T1H1,0.6,500,202,1.3269959807909044,14.480029977506483,3.4591863515733134,0.43083333333333335,9.51148636450994,53.398767455400076,3.7413547695812484,0.2456383649174474
2,0.0,zone_ws,T1H1,0.6,500,303,1.3269959807909044,7.761806210754671,2.0598488949715077,0.3283333333333333,6.5838412670422,49.5355334340603,5.195036364088473,0.24501820814391512
2,0.0,zone_ws,T1H1,0.6,500,404,1.3269959807909044,10.533732739178953,2.0707292930591232,0.3104166666666667,6.384760108419659,47.90785829447695,4.764657008055635,0.24423545812796515
2,0.0,zone_ws,T1H1,0.6,500,505,1.3269959807909044,12.297029612270272,2.916076349310023,0.415,8.804777923784961,50.2475143938641,4.348070487005522,0.2439358816643014
2,0.0,zone_ws,T1H3,0.6,500,101,1.3269959807909044,5.837456677905673,1.6662151315559277,0.25916666666666666,5.41986814359921,46.3783208315654,5.585698942315877,0.2361213584335241
2,0.0,zone_ws,T1H3,0.6,500,202,1.3269959807909044,14.480029977506483,3.4591863515733134,0.43083333333333335,9.51148636450994,53.398767455400076,3.7413547695812484,0.2456383649174474
2,0.0,zone_ws,T1H3,0.6,500,303,1.3269959807909044,7.761806210754671,2.0598488949715077,0.3283333333333333,6.5838412670422,49.5355334340603,5.195036364088473,0.24501820814391512
2,0.0,zone_ws,T1H3,0.6,500,404,1.3269959807909044,10.533732739178953,2.0707292930591232,0.3104166666666667,6.384760108419659,47.90785829447695,4.764657008055635,0.24423545812796515
2,0.0,zone_ws,T1H3,0.6,500,505,1.3269959807909044,12.297029612270272,2.916076349310023,0.415,8.804777923784961,50.2475143938641,4.348070487005522,0.2439358816643014
2,0.0,zone_ws,T4H1,0.6,500,101,1.3269959807909044,8.480863565978414,2.3579165052217896,0.12125,2.7562333941592656,45.85861652146156,15.237670119993409,0.2361213584335241
2,0.0,zone_ws,T4H1,0.6,500,202,1.3269959807909044,16.123815990147015,4.653298555062601,0.3333333333333333,7.108299073695025,52.99385224449937,13.03406785556161,0.2454798740470641
2,0.0,zone_ws,T4H1,0.6,500,303,1.3269959807909044,8.535083251665473,2.939307161895881,0.19375,3.808699330920021,49.08568675974772,15.939709700503027,0.2447753829509158
2,0.0,zone_ws,T4H1,0.6,500,404,1.3269959807909044,13.104518046127343,2.9366829574595936,0.17791666666666667,3.7758358234575016,47.47953254539191,14.361894887704388,0.24423545812796515
2,0.0,zone_ws,T4H1,0.6,500,505,1.3269959807909044,12.804284587483796,3.846477051215072,0.28875,6.124193729615804,49.79462505848201,13.382704352626405,0.24375323829877404
2,0.0,zone_ws,T4H3,0.6,500,101,1.3269959807909044,8.480863565978414,2.3579165052217896,0.12125,2.7562333941592656,45.85861652146156,15.237670119993409,0.2361213584335241
2,0.0,zone_ws,T4H3,0.6,500,202,1.3269959807909044,16.123815990147015,4.653298555062601,0.3333333333333333,7.108299073695025,52.99385224449937,13.03406785556161,0.2454798740470641
2,0.0,zone_ws,T4H3,0.6,500,303,1.3269959807909044,8.535083251665473,2.939307161895881,0.19375,3.808699330920021,49.08568675974772,15.939709700503027,0.2447753829509158
2,0.0,zone_ws,T4H3,0.6,500,404,1.3269959807909044,13.104518046127343,2.9366829574595936,0.17791666666666667,3.7758358234575016,47.47953254539191,14.361894887704388,0.24423545812796515
2,0.0,zone_ws,T4H3,0.6,500,505,1.3269959807909044,12.804284587483796,3.846477051215072,0.28875,6.124193729615804,49.79462505848201,13.382704352626405,0.24375323829877404
2,0.0,zone,zone,0.6,static,101,1.3269959807909044,6.8489794137982,1.6263759514668763,0.0,0.03708101815341611,40.3877897810927,15.062305994823479,0.23605853212593866
2,0.0,zone,zone,0.6,static,202,1.3269959807909044,278.13457944097144,86.07691299930896,0.0,0.035390868014499116,52.875952001025034,38.61515997300563,0.2122426932747861
2,0.0,zone,zone,0.6,static,303,1.3269959807909044,209.93715429111623,91.38038740558095,0.0,0.03306153597303502,52.70540436556883,35.88516408614728,0.2188275066842245
2,0.0,zone,zone,0.6,static,404,1.3269959807909044,51.184291238877655,21.60948770819571,0.0,0.03588642255408726,47.935022070759636,32.02090877301101,0.23868233885014215
2,0.0,zone,zone,0.6,static,505,1.3269959807909044,12.966759051477556,3.635890809701665,0.0,0.033263047950616166,43.77739855626194,24.467643251667344,0.24428253541607595
2,0.0,zone_ws,T1H1,0.6,static,101,1.3269959807909044,3.6924108139335776,1.157140347388316,0.17375,2.9821767549621043,41.17198262828172,5.587034107872836,0.23606248413916722
2,0.0,zone_ws,T1H1,0.6,static,202,1.3269959807909044,13.958358076561032,3.7341234960388183,0.4475,10.189683756452705,54.041667760272716,3.5022221461149607,0.24550138800786386
2,0.0,zone_ws,T1H1,0.6,static,303,1.3269959807909044,14.811932528557277,3.497453683489433,0.41,9.000389723752075,53.89644918556231,3.855031169904328,0.24458796323139348
2,0.0,zone_ws,T1H1,0.6,static,404,1.3269959807909044,8.32110194265275,2.0579529665937546,0.3375,6.865046775358839,48.78229760742025,5.478890186250742,0.24416942130705674
2,0.0,zone_ws,T1H1,0.6,static,505,1.3269959807909044,5.4134140031856015,1.5919443695563607,0.28833333333333333,5.648371464293858,44.94261526574514,5.76360823576996,0.24432384550688419
2,0.0,zone_ws,T1H3,0.6,static,101,1.3269959807909044,3.6924108139335776,1.157140347388316,0.17375,2.9821767549621043,41.17198262828172,5.587034107872836,0.23606248413916722
2,0.0,zone_ws,T1H3,0.6,static,202,1.3269959807909044,13.958358076561032,3.7341234960388183,0.4475,10.189683756452705,54.041667760272716,3.5022221461149607,0.24550138800786386
2,0.0,zone_ws,T1H3,0.6,static,303,1.3269959807909044,14.811932528557277,3.497453683489433,0.41,9.000389723752075,53.89644918556231,3.855031169904328,0.24458796323139348
2,0.0,zone_ws,T1H3,0.6,static,404,1.3269959807909044,8.32110194265275,2.0579529665937546,0.3375,6.865046775358839,48.78229760742025,5.478890186250742,0.24416942130705674
2,0.0,zone_ws,T1H3,0.6,static,505,1.3269959807909044,5.4134140031856015,1.5919443695563607,0.28833333333333333,5.648371464293858,44.94261526574514,5.76360823576996,0.24432384550688419
2,0.0,zone_ws,T4H1,0.6,static,101,1.3269959807909044,4.970131131948914,1.4685851820861113,0.025,0.4404591126975905,40.55562428809294,13.61374816486208,0.23605853212593866
2,0.0,zone_ws,T4H1,0.6,static,202,1.3269959807909044,15.418702245000526,5.110609032134133,0.37625,8.270480383405145,53.95418694463654,11.256774511967752,0.24511523450884365
2,0.0,zone_ws,T4H1,0.6,static,303,1.3269959807909044,16.837577543276314,4.762563767170553,0.31833333333333336,7.106098263495247,53.902048676358916,12.824015499677698,0.24431256372983226
2,0.0,zone_ws,T4H1,0.6,static,404,1.3269959807909044,8.632337271635958,2.954825145295762,0.19958333333333333,4.0570858646073304,48.34408968540616,16.89729748930351,0.24416942130705674
2,0.0,zone_ws,T4H1,0.6,static,505,1.3269959807909044,6.73465741814533,2.1992566047196735,0.10083333333333333,2.0119026090359404,44.22205984727973,17.76213315722545,0.24428253541607595
2,0.0,zone_ws,T4H3,0.6,static,101,1.3269959807909044,4.970131131948914,1.4685851820861113,0.025,0.4404591126975905,40.55562428809294,13.61374816486208,0.23605853212593866
2,0.0,zone_ws,T4H3,0.6,static,202,1.3269959807909044,15.418702245000526,5.110609032134133,0.37625,8.270480383405145,53.95418694463654,11.256774511967752,0.24511523450884365
2,0.0,zone_ws,T4H3,0.6,static,303,1.3269959807909044,16.837577543276314,4.762563767170553,0.31833333333333336,7.106098263495247,53.902048676358916,12.824015499677698,0.24431256372983226
2,0.0,zone_ws,T4H3,0.6,static,404,1.3269959807909044,8.632337271635958,2.954825145295762,0.19958333333333333,4.0570858646073304,48.34408968540616,16.89729748930351,0.24416942130705674
2,0.0,zone_ws,T4H3,0.6,static,505,1.3269959807909044,6.73465741814533,2.1992566047196735,0.10083333333333333,2.0119026090359404,44.22205984727973,17.76213315722545,0.24428253541607595
4,0.5,zone,zone,0.125,static,101,2.3555930387911013,6.632796426277088,1.578805974833431,0.0,1.3410450247152204,48.53755540489953,27.55448152105097,0.4190448129964885
4,0.5,zone,zone,0.125,static,202,2.3555930387911013,6.90304842713305,1.670517320820182,0.0,1.423474248547316,48.563003029996224,26.82436795730445,0.4352259050202885
4,0.5,zone,zone,0.125,static,303,2.3555930387911013,8.010406976579011,1.8422756343059261,0.0,1.4940533196897607,49.03552971788718,28.43952385634886,0.43454192720800555
4,0.5,zone,zone,0.125,static,404,2.3555930387911013,9.536505545682523,1.6747143277003755,0.0,1.479118697848301,48.38584706832571,26.807260715954286,0.43337079391482985
4,0.5,zone,zone,0.125,static,505,2.3555930387911013,8.322976886129103,1.7802197471830334,0.0,1.4337506235564017,48.414843515103406,25.681901959949624,0.4317863134392155
4,0.5,zone_ws,T1H1,0.125,static,101,2.3555930387911013,3.926560799110377,1.269451290637303,0.14958333333333335,4.713223844714419,49.799410966739124,15.670671279205532,0.4190448129964885
4,0.5,zone_ws,T1H1,0.125,static,202,2.3555930387911013,4.220491218950104,1.3489132873660064,0.1725,5.221626094315027,50.108141738613305,14.235990454180401,0.4358862935696516
4,0.5,zone_ws,T1H1,0.125,static,303,2.3555930387911013,5.1292669450228825,1.4527381005790712,0.185,5.743559812561725,50.93412917117814,13.61735924501685,0.43421270091530945
4,0.5,zone_ws,T1H1,0.125,static,404,2.3555930387911013,4.37331080927906,1.3225833513155543,0.17333333333333334,5.243973914464987,49.84507048265418,14.07894440095721,0.43341540622488034
4,0.5,zone_ws,T1H1,0.125,static,505,2.3555930387911013,4.574755826958156,1.381019865561613,0.16208333333333333,5.038433686261275,49.817296521195374,14.841990004330567,0.4325552053426742
4,0.5,zone_ws,T1H3,0.125,static,101,2.3555930387911013,3.643069083651925,1.2536212784543446,0.16291666666666665,5.345296455780117,50.00687336237146,14.38074957413122,0.4190448129964885
4,0.5,zone_ws,T1H3,0.125,static,202,2.3555930387911013,4.043668932822985,1.3691239443436454,0.195,6.789859648277454,50.2789608667182,12.35751113175725,0.4355425035441625
4,0.5,zone_ws,T1H3,0.125,static,303,2.3555930387911013,4.520881663255819,1.3948554934433812,0.19333333333333333,6.592980636033451,51.05839912541314,12.130580641627908,0.43419326557870785
4,0.5,zone_ws,T1H3,0.125,static,404,2.3555930387911013,4.292177442874846,1.338245305003426,0.18333333333333332,6.446445534528904,50.188691478066254,12.71525140013996,0.43341540622488034
4,0.5,zone_ws,T1H3,0.125,static,505,2.3555930387911013,4.360311267538309,1.3691619344943502,0.17583333333333334,6.061891770231526,50.123759328700665,13.134295576011402,0.4324818808159661
4,0.5,zone_ws,T4H1,0.125,static,101,2.3555930387911013,5.672641786911233,1.4980296502578196,0.010833333333333334,1.542268153879541,48.54075078266919,26.582767028564433,0.4190448129964885
4,0.5,zone_ws,T4H1,0.125,static,202,2.3555930387911013,5.911658724273806,1.6142772809133368,0.013333333333333334,1.753139754517147,48.770987515570795,26.057374224473932,0.4345884915881824
4,0.5,zone_ws,T4H1,0.125,static,303,2.3555930387911013,6.351719636569821,1.7016769764912947,0.0225,2.0656056241796845,49.305218275870615,26.076263223949848,0.43454192720800555
4,0.5,zone_ws,T4H1,0.125,static,404,2.3555930387911013,6.528258847705201,1.5786151334146312,0.0175,1.9852865559262736,48.62129856690493,25.11124281444125,0.43337079391482985
4,0.5,zone_ws,T4H1,0.125,static,505,2.3555930387911013,6.362610044053164,1.649668188549987,0.025833333333333333,2.186571475029034,48.69087845365923,23.63739154367306,0.43232972449720913
4,0.5,zone_ws,T4H3,0.125,static,101,2.3555930387911013,5.571355810545055,1.4972639721660685,0.012083333333333333,1.612345794888503,48.616402798013866,26.42624381893302,0.4190448129964885
4,0.5,zone_ws,T4H3,0.125,static,202,2.3555930387911013,5.868828289760588,1.612420176848166,0.015416666666666667,1.9279308019555899,48.77935850389994,25.614940049401568,0.43520276759296156
4,0.5,zone_ws,T4H3,0.125,static,303,2.3555930387911013,6.283751362339777,1.718711250679527,0.024166666666666666,2.364825053777046,49.410277677258584,25.893299396445197,0.43454192720800555
4,0.5,zone_ws,T4H3,0.125,static,404,2.3555930387911013,5.871831247503036,1.5540909878262883,0.02,2.1489871105743252,48.64637187277055,24.671984889301477,0.43337079391482985
4,0.5,zone_ws,T4H3,0.125,static,505,2.3555930387911013,6.251063463976879,1.6481092559718955,0.03,2.296806048480934,48.767105570583524,23.40190118950373,0.43232972449720913
4,0.5,zone,zone,0.3,100,101,2.3555930387911013,14.444200849202476,2.838294676184617,0.0,1.436254069803073,48.571025129615535,34.60909678460016,0.4184519721713933
4,0.5,zone,zone,0.3,100,202,2.3555930387911013,17.036344506210675,2.8980655656556755,0.0,1.5323802766345573,48.310331999239615,33.08741010789072,0.4353124879360689
4,0.5,zone,zone,0.3,100,303,2.3555930387911013,17.015289073224675,2.509074831838561,0.0,1.3173707578033875,47.67043376958932,31.84155859500987,0.43355792880565414
4,0.5,zone,zone,0.3,100,404,2.3555930387911013,34.57921266731566,3.5985743790519877,0.0,1.5007940196187364,48.962843603525535,34.26405196700679,0.4312796260397173
4,0.5,zone,zone,0.3,100,505,2.3555930387911013,13.16521467756766,2.633616491118126,0.0,1.3838007394567835,47.44699833699577,33.0076088399804,0.43278815382829894
4,0.5,zone_ws,T1H1,0.3,100,101,2.3555930387911013,6.54296675027162,1.62012199622747,0.25083333333333335,7.798946648783217,50.73914291956212,16.221765169354985,0.41855728089943894
4,0.5,zone_ws,T1H1,0.3,100,202,2.3555930387911013,7.17867129779784,1.6506047437858755,0.25166666666666665,7.298161043494586,50.61128167522964,15.640372581916957,0.43543056407338476
4,0.5,zone_ws,T1H1,0.3,100,303,2.3555930387911013,7.818322650485873,1.5469890803022577,0.22333333333333333,6.5305307849468734,49.593478016679846,15.64568126463903,0.4339842452394788
4,0.5,zone_ws,T1H1,0.3,100,404,2.3555930387911013,8.075696336990434,1.8081214603281366,0.28208333333333335,8.659117759703712,51.5300627512779,15.094686820935722,0.43333683464371825
4,0.5,zone_ws,T1H1,0.3,100,505,2.3555930387911013,5.562109249039987,1.5491415848101908,0.25,7.368029643774198,49.51271311912522,16.17727462987482,0.43298282429888635
4,0.5,zone_ws,T1H3,0.3,100,101,2.3555930387911013,5.756183096149697,1.5986930784793343,0.2654166666666667,10.307316648786362,51.143400805956354,12.636508282971747,0.41873194425300087
4,0.5,zone_ws,T1H3,0.3,100,202,2.3555930387911013,5.858300234553641,1.5697661246114691,0.27458333333333335,9.68067835918002,50.87701382640868,11.821563908338474,0.4361365853014365
4,0.5,zone_ws,T1H3,0.3,100,303,2.3555930387911013,7.157918474589286,1.574358940117762,0.23625,8.900745453747952,49.823557988560076,12.643462757650942,0.43461937936157347
4,0.5,zone_ws,T1H3,0.3,100,404,2.3555930387911013,10.815013367518825,1.871347803844148,0.30291666666666667,12.204988296126912,51.49152817897651,10.608770451984746,0.43332730659730584
4,0.5,zone_ws,T1H3,0.3,100,505,2.3555930387911013,4.985594452668019,1.5339538469709946,0.2775,9.711276651791795,49.96243379199442,11.745579361175668,0.43384796703136874
4,0.5,zone_ws,T4H1,0.3,100,101,2.3555930387911013,8.496359860195348,2.0405425291299806,0.08625,3.7283213050143247,49.27607554967802,28.10085076245221,0.4184519721713933
4,0.5,zone_ws,T4H1,0.3,100,202,2.3555930387911013,8.793586068033344,2.089056541923493,0.08958333333333333,3.8052080217233923,49.35558104916858,26.90997307607888,0.4354832295401849
4,0.5,zone_ws,T4H1,0.3,100,303,2.3555930387911013,8.871502050716192,1.8721369252449955,0.06875,3.0414710656509745,48.288169535457506,27.12407615079218,0.4335143440935682
4,0.5,zone_ws,T4H1,0.3,100,404,2.3555930387911013,10.244997693255216,2.266028208778464,0.10458333333333333,4.24204449141894,49.811162433219955,27.564680782688363,0.43302408251381536
4,0.5,zone_ws,T4H1,0.3,100,505,2.3555930387911013,7.212730529816543,2.04758480124469,0.08541666666666667,3.529782383074403,48.235643122557406,27.710879951584975,0.4327756349591563
4,0.5,zone_ws,T4H3,0.3,100,101,2.3555930387911013,7.503273511134467,2.042974998367616,0.09666666666666666,5.028116056530968,49.418428151666085,26.57024816269648,0.4184519721713933
4,0.5,zone_ws,T4H3,0.3,100,202,2.3555930387911013,7.6018942366689775,2.003079388093711,0.09166666666666666,4.461627770923511,49.25941933930915,25.94256926121066,0.4354832295401849
4,0.5,zone_ws,T4H3,0.3,100,303,2.3555930387911013,8.843649867582435,1.9172029494733562,0.07708333333333334,4.327096592967432,48.34504259609347,25.86652633474574,0.4335143440935682
4,0.5,zone_ws,T4H3,0.3,100,404,2.3555930387911013,12.974089641916976,2.352177162841948,0.11708333333333333,6.066448050864523,50.00872040492434,25.342849090431894,0.43322944633386296
4,0.5,zone_ws,T4H3,0.3,100,505,2.3555930387911013,6.684559447563453,1.985164514799698,0.08625,4.314797161872829,48.305961456404845,26.816863834508702,0.4327756349591563
4,0.5,zone,zone,0.3,500,101,2.3555930387911013,8.054829474329473,1.6925897897676425,0.0,1.1636317443058999,46.170789111997415,29.652046096455138,0.41866016406325746
4,0.5,zone,zone,0.3,500,202,2.3555930387911013,50.84799882015534,6.0602725073718124,0.0,1.4177591728902772,48.38594322344329,34.77644358085702,0.4359064742494183
4,0.5,zone,zone,0.3,500,303,2.3555930387911013,112.47870942827194,22.65289076223279,0.0,1.4872856929123712,50.0528184207418,42.32230283070419,0.41259861939856324
4,0.5,zone,zone,0.3,500,404,2.3555930387911013,70.17408767466077,6.657326800487234,0.0,1.4807013225204062,48.38297759992642,35.95750434606831,0.43228748394752164
4,0.5,zone,zone,0.3,500,505,2.3555930387911013,66.47372983475061,5.534046112543477,0.0,1.3873533158193503,47.3723885487163,29.680809494489683,0.4325746763019953
4,0.5,zone_ws,T1H1,0.3,500,101,2.3555930387911013,3.9470741021305344,1.2603141428400024,0.18375,5.319934650645329,47.85109935905988,16.332333062433097,0.41866016406325746
4,0.5,zone_ws,T1H1,0.3,500,202,2.3555930387911013,7.235022718070181,1.616474101055504,0.2629166666666667,7.476296978694551,50.41155978251463,15.783307966315393,0.43614995864200473
4,0.5,zone_ws,T1H1,0.3,500,303,2.3555930387911013,19.783343248307517,3.088825866064299,0.33208333333333334,10.457512021893713,53.299563102272614,15.691794594423493,0.434457645411945
4,0.5,zone_ws,T1H1,0.3,500,404,2.3555930387911013,26.480464394798982,2.928692438255008,0.29625,9.551057550476466,51.36799481907491,14.879275286878386,0.4333279033776064
4,0.5,zone_ws,T1H1,0.3,500,505,2.3555930387911013,17.584409761169876,2.088928889303695,0.23833333333333334,7.745572280863262,49.537398268975906,13.40176694379505,0.4331619232779945
4,0.5,zone_ws,T1H3,0.3,500,101,2.3555930387911013,4.054180334554332,1.26318339803931,0.20791666666666667,7.384316809099508,47.99635160447876,13.189910252424506,0.41866016406325746
4,0.5,zone_ws,T1H3,0.3,500,202,2.3555930387911013,5.796245440712539,1.5530084495280732,0.28,9.670277428735528,50.841511540130796,11.743656843097027,0.4361712216893327
4,0.5,zone_ws,T1H3,0.3,500,303,2.3555930387911013,13.02863077148584,2.342897711128046,0.33666666666666667,14.040288247307123,53.17340678390824,9.97233681911,0.4344712303649308
4,0.5,zone_ws,T1H3,0.3,500,404,2.3555930387911013,24.35770250541134,2.9329525931641256,0.32166666666666666,14.310626730127767,51.70991535215413,9.342915744494242,0.4333279033776064
4,0.5,zone_ws,T1H3,0.3,500,505,2.3555930387911013,15.256061718864354,1.9648041833495091,0.25416666666666665,10.525246555836324,49.9657529832637,10.062543247856775,0.4333114801721018
4,0.5,zone_ws,T4H1,0.3,500,101,2.3555930387911013,5.491275247435861,1.491928561526719,0.030833333333333334,1.7793600672975425,46.45632908878221,27.25951713513408,0.41866016406325746
4,0.5,zone_ws,T4H1,0.3,500,202,2.3555930387911013,9.589535433052317,2.273335342068525,0.12625,4.632763173500188,49.528820006307406,26.006447925731013,0.4359064742494183
4,0.5,zone_ws,T4H1,0.3,500,303,2.3555930387911013,24.892059568529636,3.8413270070709236,0.18958333333333333,7.176393475220631,52.01948858775924,26.882622473082304,0.43334248038900053
4,0.5,zone_ws,T4H1,0.3,500,404,2.3555930387911013,24.65106609863231,3.074082296678615,0.13625,5.847414635902351,49.89838428271566,25.527099121804756,0.43324110271476596
4,0.5,zone_ws,T4H1,0.3,500,505,2.3555930387911013,15.433628402923548,2.236526780017961,0.09583333333333334,4.275567164719424,48.35534057742215,22.230161758021765,0.4327864187929419
4,0.5,zone_ws,T4H3,0.3,500,101,2.3555930387911013,5.439309015332983,1.4985051914785543,0.03666666666666667,2.0889154493109046,46.57258737389927,26.93194654736353,0.41866016406325746
4,0.5,zone_ws,T4H3,0.3,500,202,2.3555930387911013,8.04156498923718,2.150763105180084,0.12583333333333332,5.558327265479282,49.63432949506387,24.984597817445636,0.4359064742494183
4,0.5,zone_ws,T4H3,0.3,500,303,2.3555930387911013,13.708118291907175,2.9051005164900507,0.18875,9.34372834699255,51.82417740260279,24.205588120260707,0.4334350351852886
4,0.5,zone_ws,T4H3,0.3,500,404,2.3555930387911013,12.120958202581116,2.3884201793228623,0.1375,7.401299299502957,49.78678923852494,23.36442831644278,0.4332817182327099
4,0.5,zone_ws,T4H3,0.3,500,505,2.3555930387911013,14.026806998747448,2.191448367320731,0.10458333333333333,5.969333206253521,48.37777426436785,20.525637129452498,0.4328034509442769
4,0.5,zone,zone,0.3,static,101,2.3555930387911013,5.290114296860538,1.3083689468391855,0.0,0.9647703722917425,45.06692871532466,24.64505685026135,0.41850080409867957
4,0.5,zone,zone,0.3,static,202,2.3555930387911013,145.03160188701193,21.370169480641593,0.0,1.4107056666498026,49.94466733209068,52.4289391983454,0.3809231920560051
4,0.5,zone,zone,0.3,static,303,2.3555930387911013,58.03666486429596,14.440363593515087,0.0,1.2560057987305615,49.428614881927864,43.420319468073615,0.412778546691802
4,0.5,zone,zone,0.3,static,404,2.3555930387911013,61.49232607786433,12.175461321639935,0.0,1.0647269896268026,48.3590763537776,44.3900456761679,0.41392326368222493
4,0.5,zone,zone,0.3,static,505,2.3555930387911013,8.194818649955442,1.7634571379497932,0.0,1.2310576054901774,46.28652646808164,28.172703524576814,0.4322147825875426
4,0.5,zone_ws,T1H1,0.3,static,101,2.3555930387911013,3.6075650435582465,1.1471613180231695,0.14875,4.173540955510676,46.40247523027744,15.304649491392514,0.41853729538936757
4,0.5,zone_ws,T1H1,0.3,static,202,2.3555930387911013,11.804895541178768,2.402145025162225,0.3358333333333333,9.825363346133972,52.74123702592842,17.061797578422283,0.4343738344714485
4,0.5,zone_ws,T1H1,0.3,static,303,2.3555930387911013,7.904744999281437,1.8388599935606236,0.2866666666666667,8.367580725453163,52.32145968655681,15.344647491946828,0.4342604984178963
4,0.5,zone_ws,T1H1,0.3,static,404,2.3555930387911013,9.148238780352141,1.966923593104846,0.2941666666666667,8.358508717159644,50.855953255068286,17.86571890646877,0.43295452216828606
4,0.5,zone_ws,T1H1,0.3,static,505,2.3555930387911013,4.854936857783353,1.3611979712549624,0.19666666666666666,5.614002245185961,47.932309924215815,14.21600457787202,0.43377956250856825
4,0.5,zone_ws,T1H3,0.3,static,101,2.3555930387911013,3.503748020935004,1.1535423567127865,0.17708333333333334,5.707570729379309,46.76255763458351,13.539446739910282,0.41853729538936757
4,0.5,zone_ws,T1H3,0.3,static,202,2.3555930387911013,10.907029106619092,2.1767290387653078,0.3475,13.875213481239967,53.191274923545386,10.697620587787622,0.43634773574079994
4,0.5,zone_ws,T1H3,0.3,static,303,2.3555930387911013,7.59449448535835,1.711182891761534,0.29541666666666666,10.414347495622234,52.3155101212346,11.63077655094823,0.4340741589722369
4,0.5,zone_ws,T1H3,0.3,static,404,2.3555930387911013,7.046020879557383,1.771609528829861,0.32625,12.790054256542266,51.40519573541571,11.056453245023368,0.43287359314510077
4,0.5,zone_ws,T1H3,0.3,static,505,2.3555930387911013,4.902235437605659,1.405960684964872,0.21791666666666668,8.080232334056237,48.23968862395151,11.72017789360335,0.43354645908755424
4,0.5,zone_ws,T4H1,0.3,static,101,2.3555930387911013,4.858355849667149,1.280869387307867,0.012916666666666667,1.2230192179591484,45.18924202643908,24.010751551204994,0.41850080409867957
4,0.5,zone_ws,T4H1,0.3,static,202,2.3555930387911013,18.47192893471654,3.6781367948041668,0.215,7.801008377429989,52.173813718021535,26.83228585826098,0.4324415499482259
4,0.5,zone_ws,T4H1,0.3,static,303,2.3555930387911013,9.679433244262643,2.3583342604572315,0.1325,4.560896050862297,50.64133883543561,27.970323143601085,0.43278225413614635
4,0.5,zone_ws,T4H1,0.3,static,404,2.3555930387911013,9.054392317705075,2.4039800767662034,0.15416666666666667,5.015550453054309,49.674616522336706,29.498259293475325,0.43249271843760095
4,0.5,zone_ws,T4H1,0.3,static,505,2.3555930387911013,6.471089184610954,1.5839949155712956,0.045,2.2391380554271314,46.668862125633495,24.305690281557347,0.43261985456703766
4,0.5,zone_ws,T4H3,0.3,static,101,2.3555930387911013,4.924991495859192,1.2863993013625707,0.015,1.339917135950106,45.254742959199135,23.892707500715904,0.41850080409867957
4,0.5,zone_ws,T4H3,0.3,static,202,2.3555930387911013,13.271685499251173,2.883850018666434,0.21416666666666667,10.117731335997652,52.26284226032624,23.6606609212655,0.43503798892259454
4,0.5,zone_ws,T4H3,0.3,static,303,2.3555930387911013,10.464995970654464,2.5131598052378488,0.15583333333333332,7.233984009928874,51.194762050800634,24.714066408445667,0.4324241674934619
4,0.5,zone_ws,T4H3,0.3,static,404,2.3555930387911013,7.522084852304461,2.273150423506307,0.155,6.575230634002985,49.55514258229097,27.896664006932006,0.4324332107325919
4,0.5,zone_ws,T4H3,0.3,static,505,2.3555930387911013,6.387373818028619,1.592976323949852,0.05291666666666667,3.1455138524956596,46.78789827409155,23.337499831688355,0.43261985456703766
4,0.5,zone,zone,0.47,100,101,2.3555930387911013,33.703962997977534,6.41238307016932,0.0,1.097365809122423,45.97167508895718,43.48813325923055,0.4152883637117318
4,0.5,zone,zone,0.47,100,202,2.3555930387911013,108.17164858917526,15.893222591367369,0.0,1.5045029274901898,49.63996519661411,44.671579275825614,0.40733419342334326
4,0.5,zone,zone,0.47,100,303,2.3555930387911013,80.532329370441,12.186126531997521,0.0,1.2103313289793123,47.40395044315191,43.48338212438737,0.4249166268136221
4,0.5,zone,zone,0.47,100,404,2.3555930387911013,32.569661336594315,6.184029010941119,0.0,1.2582090551809284,46.358573393415085,42.596002246456834,0.42876631393596737
4,0.5,zone,zone,0.47,100,505,2.3555930387911013,62.852716481473685,8.992804168504282,0.0,1.4270258559881759,47.76612862957518,41.88261308517719,0.4276150890016477
4,0.5,zone_ws,T1H1,0.47,100,101,2.3555930387911013,14.2305192157915,2.8073193998004813,0.40875,12.929964283796696,49.58569461624445,19.880791145762352,0.41699046935123785
4,0.5,zone_ws,T1H1,0.47,100,202,2.3555930387911013,53.04537717356717,6.913109991657204,0.455,14.836378835335593,53.62271603706319,16.106011792391858,0.4312731308553886
4,0.5,zone_ws,T1H1,0.47,100,303,2.3555930387911013,25.111224675823824,4.239433254781015,0.47333333333333333,14.733196973759316,51.6443352091339,18.54700127311423,0.42895627476809206
4,0.5,zone_ws,T1H1,0.47,100,404,2.3555930387911013,16.637212805164367,3.6354861263101808,0.4716666666666667,15.401699389977603,50.54680078630161,17.969016878136205,0.4317172612903717
4,0.5,zone_ws,T1H1,0.47,100,505,2.3555930387911013,27.722413556419728,4.7401791541986915,0.47458333333333336,15.838740324659435,51.950678031026015,17.014289527272354,0.4314696965167748
4,0.5,zone_ws,T1H3,0.47,100,101,2.3555930387911013,18.620363313313746,3.5873686475817177,0.47,23.645393530689244,50.42270330265497,8.247624282635043,0.4169409565623337
4,0.5,zone_ws,T1H3,0.47,100,202,2.3555930387911013,52.657166894383906,7.087342698862995,0.5066666666666667,26.51512698162341,54.596583947800255,4.306729897009499,0.4302870753664713
4,0.5,zone_ws,T1H3,0.47,100,303,2.3555930387911013,18.572344396038,3.9833198473491134,0.5395833333333333,27.51706614024047,52.35288180213834,4.579366670272978,0.4288074843071677
4,0.5,zone_ws,T1H3,0.47,100,404,2.3555930387911013,15.552443472330804,3.619197351442404,0.5133333333333333,25.867449926761363,50.80893683847442,5.9703433783940465,0.4323038599116861
4,0.5,zone_ws,T1H3,0.47,100,505,2.3555930387911013,28.22387123490209,5.253859782173043,0.5066666666666667,26.24642098742819,52.6049871024992,5.185666199024856,0.4308144821594453
4,0.5,zone_ws,T4H1,0.47,100,101,2.3555930387911013,17.375948228275202,3.742673328006214,0.27416666666666667,9.713454584985026,48.761805966180006,28.264068403010484,0.4166905942954297
4,0.5,zone_ws,T4H1,0.47,100,202,2.3555930387911013,59.428466471030745,8.133698449526957,0.3575,12.640220657707033,53.04591982758979,22.317890411297082,0.42916827004738944
4,0.5,zone_ws,T4H1,0.47,100,303,2.3555930387911013,32.81054945350997,5.217493296510635,0.34208333333333335,11.894501367977378,50.68025020102025,24.692884687194415,0.42933210967485685
4,0.5,zone_ws,T4H1,0.47,100,404,2.3555930387911013,16.520005610620938,3.9657434439529373,0.3233333333333333,10.722107065970237,49.20584431626257,26.615060664764368,0.431171154607509
4,0.5,zone_ws,T4H1,0.47,100,505,2.3555930387911013,33.04997269919896,5.318783931245635,0.35083333333333333,12.615729790514223,51.19424818493702,23.544437505866966,0.4302963253537823
4,0.5,zone_ws,T4H3,0.47,100,101,2.3555930387911013,16.74698100075509,3.6438170179731935,0.32708333333333334,17.679869889248316,49.38743324942401,19.516384577509697,0.4166856424137043
4,0.5,zone_ws,T4H3,0.47,100,202,2.3555930387911013,55.13662392185178,7.753454857064249,0.4083333333333333,22.407107740163504,53.59986397713175,11.973128231296368,0.42951811970222936
4,0.5,zone_ws,T4H3,0.47,100,303,2.3555930387911013,24.342837716982604,4.6644119204452235,0.41541666666666666,22.367499505235614,51.49641624555699,13.544776749884662,0.4283983239990815
4,0.5,zone_ws,T4H3,0.47,100,404,2.3555930387911013,16.311625573087646,3.7669495424015,0.36375,18.977010873142852,49.52903788487031,17.651045560537504,0.43112159508330467
4,0.5,zone_ws,T4H3,0.47,100,505,2.3555930387911013,27.60890237096908,5.12239437173467,0.41458333333333336,21.547664284185075,51.77490581851241,13.659198003348523,0.4309031367330028
4,0.5,zone,zone,0.47,500,101,2.3555930387911013,125.99073402372423,23.567147203009323,0.0,1.2589528903191023,48.43338227977141,54.172490294995264,0.37037716432319145
4,0.5,zone,zone,0.47,500,202,2.3555930387911013,135.14866864746799,26.671033714285844,0.0,1.0896266461951833,47.611495837503476,41.622428310923006,0.4321347045087996
4,0.5,zone,zone,0.47,500,303,2.3555930387911013,146.01450808827403,34.88892858319094,0.0,1.1987428633672792,49.0623129581166,55.832601434265015,0.37583345658454304
4,0.5,zone,zone,0.47,500,404,2.3555930387911013,223.7163874510642,46.23622683117917,0.0,1.1219268900821548,50.131323824423,62.084847048062,0.3536821119790627
4,0.5,zone,zone,0.47,500,505,2.3555930387911013,106.04564613554226,18.089613487808084,0.0,0.9927468964443097,46.42516299467931,45.777179652328826,0.41620829129029047
4,0.5,zone_ws,T1H1,0.47,500,101,2.3555930387911013,73.03835129820983,12.587572587754492,0.47625,15.669511744374416,53.00614347626158,23.480171130822534,0.3892934092690333
4,0.5,zone_ws,T1H1,0.47,500,202,2.3555930387911013,77.01167529407546,12.08592461537763,0.4575,14.289369326064364,51.75477380582791,15.515683191145827,0.43604348723575903
4,0.5,zone_ws,T1H1,0.47,500,303,2.3555930387911013,66.91053954816564,12.554453926774892,0.56875,18.626097044688724,54.2498600721913,21.323535481713225,0.4081889988495477
4,0.5,zone_ws,T1H1,0.47,500,404,2.3555930387911013,136.40840065533095,25.588886868033644,0.55625,18.320346781042748,55.479642038418206,26.607104778915268,0.3818075585863767
4,0.5,zone_ws,T1H1,0.47,500,505,2.3555930387911013,57.20537988767535,8.198505322051009,0.46166666666666667,13.61363085214764,49.949799674769274,18.611551914565275,0.4293586034094727
4,0.5,zone_ws,T1H3,0.47,500,101,2.3555930387911013,59.64242663543864,11.140860110029145,0.5466666666666666,32.53953062582309,54.15911589994508,4.27429796701995,0.39353113246705757
4,0.5,zone_ws,T1H3,0.47,500,202,2.3555930387911013,60.27804985222714,12.176516753615612,0.4895833333333333,26.431187169158164,52.74683938464525,2.9126595782917586,0.4360198332162757
4,0.5,zone_ws,T1H3,0.47,500,303,2.3555930387911013,69.7500921103271,15.050141262216306,0.64375,38.568522474217495,55.10244081542771,0.7947477641782451,0.4046844433529708
4,0.5,zone_ws,T1H3,0.47,500,404,2.3555930387911013,121.75393194667043,22.92750132233829,0.6558333333333334,41.16503317230581,56.600814812122714,0.9771711015862106,0.38805209847320543
4,0.5,zone_ws,T1H3,0.47,500,505,2.3555930387911013,67.23871949622269,8.268236837103796,0.5125,24.608477447017023,50.69830379919047,5.152733001198204,0.4305881194657387
4,0.5,zone_ws,T4H1,0.47,500,101,2.3555930387911013,67.20346429468036,12.2952072019036,0.39208333333333334,13.705408692855363,52.44233105681583,28.344898534350698,0.39151457503194104
4,0.5,zone_ws,T4H1,0.47,500,202,2.3555930387911013,71.8117112869304,12.612130709926136,0.37958333333333333,13.22319528556356,51.59270510598999,18.862574828407766,0.4352000245757822
4,0.5,zone_ws,T4H1,0.47,500,303,2.3555930387911013,76.35346412307065,14.137489123984114,0.5066666666666667,16.123505532173947,53.298646839541654,24.391556842960544,0.4087549040862978
4,0.5,zone_ws,T4H1,0.47,500,404,2.3555930387911013,132.69251954634495,26.398781800636907,0.5154166666666666,17.28798799702063,55.2169511804852,27.925070576908407,0.38309891761121706
4,0.5,zone_ws,T4H1,0.47,500,505,2.3555930387911013,60.71859839787279,8.451918037042624,0.3645833333333333,11.88824643181473,49.358750795933666,24.044796892160353,0.42761998066171936
4,0.5,zone_ws,T4H3,0.47,500,101,2.3555930387911013,70.21139772356625,11.835998604936156,0.46708333333333335,30.408964687381193,53.47059222592722,10.749622887091904,0.3891341355892417
4,0.5,zone_ws,T4H3,0.47,500,202,2.3555930387911013,60.867965716401535,11.563113651768374,0.4241666666666667,23.594536606696806,52.044056580136385,8.20219125499477,0.4351182539845228
4,0.5,zone_ws,T4H3,0.47,500,303,2.3555930387911013,65.06552114563323,14.072546055591824,0.6033333333333334,36.07633091314052,54.792276916961676,4.0575120872614985,0.4056854394065398
4,0.5,zone_ws,T4H3,0.47,500,404,2.3555930387911013,141.80287514770586,25.01939370176773,0.6304166666666666,42.25953884382793,56.6076595720015,2.1954454201660742,0.3812612706757502
4,0.5,zone_ws,T4H3,0.47,500,505,2.3555930387911013,51.138921698360654,7.543942549548103,0.43166666666666664,21.88776258639689,50.050911003280554,12.590243114031752,0.42894262863026306
4,0.5,zone,zone,0.47,static,101,2.3555930387911013,6.991094737160322,1.8247691286973797,0.0,0.4600441743393725,40.8450588140076,37.44858440983024,0.418165614961003
4,0.5,zone,zone,0.47,static,202,2.3555930387911013,509.0780423661089,135.24466034546796,0.0,1.0612666648395874,50.70472598745606,89.81919412832251,0.28807080914076316
4,0.5,zone,zone,0.47,static,303,2.3555930387911013,440.6239340980707,121.83900990178823,0.0,0.6440222080709398,50.09834765223903,84.71660901182295,0.30027145575620584
4,0.5,zone,zone,0.47,static,404,2.3555930387911013,326.83647220475035,89.74893771885844,0.0,0.7119277245569154,47.18420556706197,76.40724211235633,0.3271034963543792
4,0.5,zone,zone,0.47,static,505,2.3555930387911013,85.24485109041832,25.83482548385585,0.0,0.9975430066209621,44.352372149301665,53.242267101950674,0.4001230231497924
4,0.5,zone_ws,T1H1,0.47,static,101,2.3555930387911013,4.100360821189669,1.3108328777278715,0.27791666666666665,6.937207692121911,42.874358039301725,19.231415912093002,0.4181763344589301
4,0.5,zone_ws,T1H1,0.47,static,202,2.3555930387911013,233.38118606281625,55.70035004774271,0.5870833333333333,19.80394890411886,56.74812899094482,33.65716133684684,0.3520039035714194
4,0.5,zone_ws,T1H1,0.47,static,303,2.3555930387911013,180.7246146411859,48.677910079798444,0.5841666666666666,18.830281857448124,55.89962263808751,31.32776556150382,0.3658590636099396
4,0.5,zone_ws,T1H1,0.47,static,404,2.3555930387911013,99.35706857916573,27.229171913211726,0.5808333333333333,17.695034215588727,52.15983060770331,27.425778535548787,0.3977052028744142
4,0.5,zone_ws,T1H1,0.47,static,505,2.3555930387911013,13.011142761799858,3.0578973976237327,0.44666666666666666,13.184196325594831,47.68610686004114,20.725481802219328,0.4324274696680258
4,0.5,zone_ws,T1H3,0.47,static,101,2.3555930387911013,6.435066698328652,1.4792905337212434,0.3458333333333333,13.063030355886108,43.699032794720736,12.613355114814366,0.4187630192535372
4,0.5,zone_ws,T1H3,0.47,static,202,2.3555930387911013,201.04024486328953,46.5424507395035,0.6991666666666667,48.27251385930919,58.163700804514484,0.4148825827971425,0.36177175520450056
4,0.5,zone_ws,T1H3,0.47,static,303,2.3555930387911013,159.2047539935392,40.85567169782162,0.7033333333333334,45.32844803780862,57.34359793361944,0.6891764858899893,0.3726614751220674
4,0.5,zone_ws,T1H3,0.47,static,404,2.3555930387911013,62.06251758155765,17.07999492873212,0.6920833333333334,38.440003364964014,53.42887900730105,1.1190534837651571,0.4114822695187251
4,0.5,zone_ws,T1H3,0.47,static,505,2.3555930387911013,13.566209348884474,3.0744187213354692,0.5370833333333334,24.403306870689313,48.419697056861246,7.581394606166349,0.43289615815171656
4,0.5,zone_ws,T4H1,0.47,static,101,2.3555930387911013,4.482217611692573,1.5479514292129741,0.08291666666666667,2.3398192420634643,41.42097794825873,31.43077123469764,0.418165614961003
4,0.5,zone_ws,T4H1,0.47,static,202,2.3555930387911013,235.90720882272882,57.41117311730298,0.54625,18.76472197843659,56.441145234478036,35.2077280289474,0.35139078373509364
4,0.5,zone_ws,T4H1,0.47,static,303,2.3555930387911013,184.47904264667483,49.63847849595398,0.53875,17.5580243197849,55.407928455614154,33.269768673376355,0.36474833769668646
4,0.5,zone_ws,T4H1,0.47,static,404,2.3555930387911013,101.99567873665937,29.091765525601833,0.5433333333333333,17.07579560568906,52.09175559827803,28.821779702585438,0.3959451150140911
4,0.5,zone_ws,T4H1,0.47,static,505,2.3555930387911013,11.41412428387133,3.0276070998560405,0.30666666666666664,8.912831648951713,46.243860370726836,29.913936655704298,0.4322016116561843
4,0.5,zone_ws,T4H3,0.47,static,101,2.3555930387911013,5.217129433587206,1.5727924122815973,0.10708333333333334,4.2771953991853495,41.73676386559152,29.28977782332701,0.418165614961003
4,0.5,zone_ws,T4H3,0.47,static,202,2.3555930387911013,212.3602348383536,48.194873434400286,0.69,48.823039982942,57.98402625798488,0.9649030099194412,0.35902791307057036
4,0.5,zone_ws,T4H3,0.47,static,303,2.3555930387911013,173.56125284189577,40.97896657532712,0.6695833333333333,44.72938454268823,56.991531874579884,3.4273513898337207,0.36859305488191735
4,0.5,zone_ws,T4H3,0.47,static,404,2.3555930387911013,93.32091617881314,23.41808936784438,0.67,40.97809803559551,53.72279559053825,2.1283159477734266,0.39866811667922547
4,0.5,zone_ws,T4H3,0.47,static,505,2.3555930387911013,17.737709244529142,3.8263935340496755,0.3929166666666667,19.018110425196593,47.39741760058952,18.54650720474073,0.4321672176258056
4,0.5,zone,zone,0.6,100,101,2.3555930387911013,75.1352252752083,11.578518885312839,0.0,1.0629012711111234,45.84112887165638,48.760033190918826,0.4110671807547812
4,0.5,zone,zone,0.6,100,202,2.3555930387911013,74.53719937768457,14.155673908998894,0.0,1.381843529947723,47.24362548462405,49.433125185935644,0.4022704899663722
4,0.5,zone,zone,0.6,100,303,2.3555930387911013,80.0256718172523,17.062905317135353,0.0,1.4414259063863917,46.74427878970913,45.226856041459726,0.42039772027476624
4,0.5,zone,zone,0.6,100,404,2.3555930387911013,53.44330736440937,14.39814961945266,0.0,0.9584716834672726,45.22256667046482,48.314306790123844,0.4199142289462208
4,0.5,zone,zone,0.6,100,505,2.3555930387911013,92.81096177406317,20.661007212645522,0.0,1.4265684630139353,47.8450060945068,46.299251324694076,0.4104916123439089
4,0.5,zone_ws,T1H1,0.6,100,101,2.3555930387911013,50.907561890420126,7.428254281197183,0.5395833333333333,18.20642984419137,50.75641909258247,19.53449647397548,0.41598230267687336
4,0.5,zone_ws,T1H1,0.6,100,202,2.3555930387911013,42.057275553530566,8.476207559462592,0.5779166666666666,20.59001153768985,52.377502023693296,17.13483578257231,0.41648272862791996
4,0.5,zone_ws,T1H1,0.6,100,303,2.3555930387911013,47.53839242673459,10.646762428452996,0.58125,19.929751333965886,51.67316078303705,16.987459095543908,0.42311350374045437
4,0.5,zone_ws,T1H1,0.6,100,404,2.3555930387911013,35.360201288886095,9.166486945086449,0.5954166666666667,19.90549601432749,50.419298780043576,19.88514356565266,0.42432474918292795
4,0.5,zone_ws,T1H1,0.6,100,505,2.3555930387911013,57.384155883353046,12.612912175831125,0.5958333333333333,21.736240242557127,53.57762778928226,15.626265116301541,0.4163159749803874
4,0.5,zone_ws,T1H3,0.6,100,101,2.3555930387911013,48.751214842316124,7.727968983899198,0.5845833333333333,31.67041036726287,51.51143799489139,4.5787006812596145,0.4143670798861237
4,0.5,zone_ws,T1H3,0.6,100,202,2.3555930387911013,38.18539672304372,9.653956215728114,0.6166666666666667,34.844425301408656,53.54931681328427,1.3925285962815566,0.4194150975311099
4,0.5,zone_ws,T1H3,0.6,100,303,2.3555930387911013,49.80233778319269,11.781006592598887,0.6054166666666667,35.1336825889171,52.636104905850786,1.4688963527411458,0.4206413031948859
4,0.5,zone_ws,T1H3,0.6,100,404,2.3555930387911013,37.798683145005064,9.778364934602552,0.6733333333333333,37.688460206443054,51.62027462153534,0.8085005936360549,0.42383122059110906
4,0.5,zone_ws,T1H3,0.6,100,505,2.3555930387911013,51.64401930277002,12.6634396389196,0.6225,37.4839533373071,54.02611250766054,0.373843519118082,0.4133670463110364
4,0.5,zone_ws,T4H1,0.6,100,101,2.3555930387911013,55.76237587667586,7.954744831624622,0.41583333333333333,14.518261824359476,49.96328418036448,26.94790165816516,0.41536058018886396
4,0.5,zone_ws,T4H1,0.6,100,202,2.3555930387911013,47.67585567241486,9.459070593129443,0.50625,18.806470593394288,52.1843015875175,20.238868743857097,0.4143726814790228
4,0.5,zone_ws,T4H1,0.6,100,303,2.3555930387911013,50.128458693297134,11.173945047096977,0.5091666666666667,18.384344842493878,51.681079288599804,18.897016814609746,0.42435131396292897
4,0.5,zone_ws,T4H1,0.6,100,404,2.3555930387911013,34.95845426064782,9.035589019715053,0.5404166666666667,17.912312935348613,50.03266145785381,22.800813339123373,0.4243519737807351
4,0.5,zone_ws,T4H1,0.6,100,505,2.3555930387911013,55.33587293335904,12.371771925994016,0.5375,19.447973080669733,52.870306067663485,18.95495656268371,0.4149375900475451
4,0.5,zone_ws,T4H3,0.6,100,101,2.3555930387911013,46.07563948430338,7.875482015479775,0.4875,27.376649604534578,50.84774168646389,13.91033662117644,0.41442685228675225
4,0.5,zone_ws,T4H3,0.6,100,202,2.3555930387911013,46.43043458253146,9.813428701720511,0.5454166666666667,32.953874717920385,52.80978872493254,5.616054976683047,0.4151832014484085
4,0.5,zone_ws,T4H3,0.6,100,303,2.3555930387911013,52.219524573251626,11.625577580585945,0.56125,31.90272059311433,52.27135697988581,5.076838816125096,0.4227366144393
4,0.5,zone_ws,T4H3,0.6,100,404,2.3555930387911013,36.53148945598783,9.470381489196672,0.6370833333333333,35.99294865520016,51.09336010837085,4.1085110988065985,0.42047333446251467
4,0.5,zone_ws,T4H3,0.6,100,505,2.3555930387911013,54.49017073841737,13.393796002246189,0.5854166666666667,36.34922395881165,53.745565148766495,1.6949804787032945,0.4149494044544061
4,0.5,zone,zone,0.6,500,101,2.3555930387911013,142.01218991416513,27.960060139873317,0.0,1.2626229719499327,43.26543183739753,52.68228584922502,0.40816002548963226
4,0.5,zone,zone,0.6,500,202,2.3555930387911013,421.7604718303219,120.52755619396548,0.0,2.791583255243001,50.718299566617304,68.07910776925297,0.3305789588446052
4,0.5,zone,zone,0.6,500,303,2.3555930387911013,266.68406986133675,67.30153075706335,0.0,1.4438848800827226,46.70939959642424,57.646933034797364,0.37806926159495574
4,0.5,zone,zone,0.6,500,404,2.3555930387911013,185.85873654858364,51.70962841551664,0.0,1.2591547212053624,45.30739193010168,50.355121413008895,0.4097789223426921
4,0.5,zone,zone,0.6,500,505,2.3555930387911013,395.4440066145709,102.38025224323925,0.0,0.826599324926119,46.99505680158247,83.26434926908303,0.3092022951394859
4,0.5,zone_ws,T1H1,0.6,500,101,2.3555930387911013,95.22371754830304,17.160159376559307,0.5908333333333333,19.80286178585915,48.07976771226525,21.279231011728093,0.41743696468818536
4,0.5,zone_ws,T1H1,0.6,500,202,2.3555930387911013,263.5646196992294,76.08177829661612,0.63125,27.692355048227395,57.39191500986834,15.702315267002028,0.377829967164892
4,0.5,zone_ws,T1H1,0.6,500,303,2.3555930387911013,181.53137461956746,45.589471765746545,0.6170833333333333,22.303841591267588,52.45382886966745,18.217562177130784,0.4105831934759498
4,0.5,zone_ws,T1H1,0.6,500,404,2.3555930387911013,117.571417864741,32.85574313191712,0.6183333333333333,20.872862336920466,50.294605221121714,19.753767128445986,0.42355403721331547
4,0.5,zone_ws,T1H1,0.6,500,505,2.3555930387911013,262.44364898552374,65.35980887759388,0.6770833333333334,22.136579523307898,52.699562467728704,38.975251447739474,0.34247145832374837
4,0.5,zone_ws,T1H3,0.6,500,101,2.3555930387911013,85.51249293830266,18.823045058229045,0.6958333333333333,40.38429721259765,49.546582983516274,1.4891029421840623,0.41220930402430606
4,0.5,zone_ws,T1H3,0.6,500,202,2.3555930387911013,238.79551210690104,73.91289705957239,0.6491666666666667,40.70095643444154,57.90226920773005,0.2589031779563105,0.38579486791080947
4,0.5,zone_ws,T1H3,0.6,500,303,2.3555930387911013,166.09404360350956,44.5806905406908,0.67625,39.64855271885173,53.166864451053854,0.2456512700777602,0.4117066394920151
4,0.5,zone_ws,T1H3,0.6,500,404,2.3555930387911013,130.47228326962875,38.92887314103364,0.6729166666666667,40.91453746893374,51.50214322485822,0.3360064839828247,0.4142097536061819
4,0.5,zone_ws,T1H3,0.6,500,505,2.3555930387911013,285.7132721904482,66.63611120636374,0.8479166666666667,61.31612766855857,55.068881767305975,0.38743511969414357,0.3337428871175071
4,0.5,zone_ws,T4H1,0.6,500,101,2.3555930387911013,92.54794400573535,17.153752254100798,0.545,18.695545493125486,47.77210054719695,24.164454160701258,0.41693814588920985
4,0.5,zone_ws,T4H1,0.6,500,202,2.3555930387911013,257.53697507787433,75.2026459394502,0.6133333333333333,27.32732452506485,57.15834796289148,15.913342042980936,0.3788883518007665
4,0.5,zone_ws,T4H1,0.6,500,303,2.3555930387911013,184.60007251175332,46.79873937803077,0.595,21.98636023840927,52.50774721522244,19.026689198900332,0.40870436359050083
4,0.5,zone_ws,T4H1,0.6,500,404,2.3555930387911013,127.00944864659053,36.989611520380144,0.58875,20.445157802324637,50.58045682167359,20.081328272703256,0.42072164262970324
4,0.5,zone_ws,T4H1,0.6,500,505,2.3555930387911013,253.7058118809337,64.85091848628693,0.6525,21.235017731549192,52.53754133919351,38.935150468964316,0.3449120768731071
4,0.5,zone_ws,T4H3,0.6,500,101,2.3555930387911013,90.66567271226398,18.08636040681139,0.65625,38.5407141652883,48.92942220324453,3.7240810864304255,0.4137654791525582
4,0.5,zone_ws,T4H3,0.6,500,202,2.3555930387911013,236.47032973417652,74.63896348666223,0.6425,41.06323442044166,57.94577151908326,0.649646282767661,0.38295293311290224
4,0.5,zone_ws,T4H3,0.6,500,303,2.3555930387911013,176.42103576855098,46.409505639722134,0.6516666666666666,39.31591858362941,53.27499637419948,0.6971932926658614,0.41068626982589373
4,0.5,zone_ws,T4H3,0.6,500,404,2.3555930387911013,126.95300744693355,38.51286067478399,0.66,40.04007801058014,51.14802731863331,1.2851310396367983,0.415613125508933
4,0.5,zone_ws,T4H3,0.6,500,505,2.3555930387911013,294.7453406931603,70.09293984758452,0.8266666666666667,61.41595948981622,54.973258753002156,1.0498347285897531,0.33204023709758723
4,0.5,zone,zone,0.6,static,101,2.3555930387911013,26.61850742291115,6.1386417436836025,0.0,0.3118734649048411,37.90995015495287,57.202603206276144,0.4092477898581065
4,0.5,zone,zone,0.6,static,202,2.3555930387911013,765.2980080556505,242.0315657701222,0.0,0.7770434392535918,50.81656358807589,115.6125189385112,0.24629278189917927
4,0.5,zone,zone,0.6,static,303,2.3555930387911013,726.7776709701319,244.6179373590027,0.0,0.4188204239673297,50.65028047061079,112.6442397313308,0.2515338943965723
4,0.5,zone,zone,0.6,static,404,2.3555930387911013,527.4137720041215,176.55440371471653,0.0,0.4328870242215697,45.79185016331998,97.97358144979968,0.28461537529940384
4,0.5,zone,zone,0.6,static,505,2.3555930387911013,287.09136239744214,103.47404201671841,0.0,0.5942207960312315,41.92439597838002,78.11171912877452,0.33691205543789093
4,0.5,zone_ws,T1H1,0.6,static,101,2.3555930387911013,11.382732888776987,2.5618132914612604,0.5008333333333334,13.591070702028063,40.732359040002684,26.273195252081447,0.4181759076734963
4,0.5,zone_ws,T1H1,0.6,static,202,2.3555930387911013,501.7886634164513,149.52579393627673,0.67625,23.612261144588327,57.83991396198223,54.14382882776378,0.28949236623989744
4,0.5,zone_ws,T1H1,0.6,static,303,2.3555930387911013,477.47311685064875,159.17479658721987,0.6979166666666666,23.496460424357046,57.6568906164511,52.59096893366026,0.2940279313222241
4,0.5,zone_ws,T1H1,0.6,static,404,2.3555930387911013,323.28614802362455,107.2521973750872,0.68,22.122625278334695,51.42967072472655,45.86310278819476,0.32943101357726084
4,0.5,zone_ws,T1H1,0.6,static,505,2.3555930387911013,109.90884699783767,42.49094487205765,0.6929166666666666,20.838875261053385,46.37154702197683,32.52354494757318,0.39267262552864
4,0.5,zone_ws,T1H3,0.6,static,101,2.3555930387911013,13.250546964695777,3.5113121906959956,0.6725,33.45782093189697,42.7852476958531,6.9986712518592595,0.41670885480102676
4,0.5,zone_ws,T1H3,0.6,static,202,2.3555930387911013,527.8862609109087,149.5352015348417,0.8929166666666667,77.88706629277225,60.43610451146756,0.1866531779188357,0.2847836774439548
4,0.5,zone_ws,T1H3,0.6,static,303,2.3555930387911013,549.9801773535678,163.87252619802922,0.9041666666666667,80.26320646507133,60.837627388144426,0.13873460337360777,0.27987261555791265
4,0.5,zone_ws,T1H3,0.6,static,404,2.3555930387911013,333.862522868022,106.89311994693766,0.8979166666666667,66.2302584240863,54.00489288546592,0.4160748035084083,0.3263313683785293
4,0.5,zone_ws,T1H3,0.6,static,505,2.3555930387911013,142.92808551831976,53.15216225451707,0.8845833333333334,54.62055664128101,48.38152912658034,0.31797678636497695,0.37778961159884483
4,0.5,zone_ws,T4H1,0.6,static,101,2.3555930387911013,10.58615480380482,3.139709643419019,0.36041666666666666,10.333974867081503,40.10800384353981,35.986665697923875,0.41673321488944803
4,0.5,zone_ws,T4H1,0.6,static,202,2.3555930387911013,519.2821135123628,153.4692236141813,0.6525,23.144904044260883,57.86105776742855,55.8101792248012,0.28621540574928656
4,0.5,zone_ws,T4H1,0.6,static,303,2.3555930387911013,493.2264136033654,164.86109123691404,0.66875,22.939710986665308,57.59197274051894,54.638168047754604,0.2905895673728585
4,0.5,zone_ws,T4H1,0.6,static,404,2.3555930387911013,324.18538130063376,109.7099039138336,0.6675,21.457322274674414,51.46075594955524,46.81515901366558,0.32877335150677883
4,0.5,zone_ws,T4H1,0.6,static,505,2.3555930387911013,118.02997940639987,48.065734185362665,0.6675,20.56401813882129,46.34209999120383,33.83678109125108,0.38833948062778345
4,0.5,zone_ws,T4H3,0.6,static,101,2.3555930387911013,13.811515839928461,4.01048182837418,0.5383333333333333,27.53430286897847,41.74550396759942,17.93028302257714,0.4160712075526135
4,0.5,zone_ws,T4H3,0.6,static,202,2.3555930387911013,507.0672251833599,143.92668794135994,0.8816666666666667,75.40943138421326,60.472150558146225,0.7676509267542908,0.2886498293768717
4,0.5,zone_ws,T4H3,0.6,static,303,2.3555930387911013,537.2723326508861,160.31951189000608,0.8891666666666667,79.05482424943256,60.526902378644394,0.6804016260200725,0.2817215297451239
4,0.5,zone_ws,T4H3,0.6,static,404,2.3555930387911013,351.5964906929475,110.63666806319311,0.8825,66.96034022364775,53.96088298643439,1.3147104758069652,0.3221552587916126
4,0.5,zone_ws,T4H3,0.6,static,505,2.3555930387911013,145.68857264790486,55.32546947187725,0.8729166666666667,54.08910532385134,48.50178538684802,0.9936936020764987,0.3768038303744845
4,0.0,zone,zone,0.125,static,101,2.4026388484230576,6.856436755595784,1.5849227933024872,0.0,1.1471891591321481,48.18428680701395,27.22858922397279,0.427403431417159
4,0.0,zone,zone,0.125,static,202,2.4026388484230576,6.785457565320105,1.6598596958424237,0.0,1.15933654703641,48.09848568959209,26.606384136816537,0.44388153852486417
4,0.0,zone,zone,0.125,static,303,2.4026388484230576,7.872303356251886,1.852163999330503,0.0,1.2894956393116077,48.573557226560894,27.730912022209832,0.4431657318064106
4,0.0,zone,zone,0.125,static,404,2.4026388484230576,9.700012958150495,1.669983145784543,0.0,1.1997319588290785,47.95992857013927,26.339749876779614,0.44201688858018623
4,0.0,zone,zone,0.125,static,505,2.4026388484230576,7.884442663660846,1.795274141118846,0.0,1.2253548358072577,48.080285393839446,25.14852861832167,0.4403483354591258
4,0.0,zone_ws,T1H1,0.125,static,101,2.4026388484230576,3.538615853074008,1.2271762198348204,0.1475,4.079257028461995,49.01645413189555,15.581821599317673,0.427403431417159
4,0.0,zone_ws,T1H1,0.125,static,202,2.4026388484230576,3.83679177345974,1.297486171007107,0.17583333333333334,4.7199807551529895,49.233611788814905,13.867218227510438,0.44463151918094285
4,0.0,zone_ws,T1H1,0.125,static,303,2.4026388484230576,4.387507068386429,1.3723951158571834,0.18,5.062529703329986,49.877081768011806,13.780168594111762,0.44262161374951275
4,0.0,zone_ws,T1H1,0.125,static,404,2.4026388484230576,4.180834942246956,1.285190802094902,0.17458333333333334,4.646686477098702,49.05105614124247,13.846669004553002,0.44206673459157464
4,0.0,zone_ws,T1H1,0.125,static,505,2.4026388484230576,4.282021726510474,1.3622803213668235,0.165,4.598708404655989,49.11208608594265,15.079556347169028,0.4412149792337413
4,0.0,zone_ws,T1H3,0.125,static,101,2.4026388484230576,3.5737934851982636,1.2415678184360845,0.16875,5.3442433774347595,49.374303727175985,13.982265565783507,0.427403431417159
4,0.0,zone_ws,T1H3,0.125,static,202,2.4026388484230576,3.716992855752145,1.2934062583222963,0.1975,5.79900678428402,49.37110778468957,12.6106688024045,0.4443805478748204
4,0.0,zone_ws,T1H3,0.125,static,303,2.4026388484230576,4.214117500968876,1.3516006503163058,0.20041666666666666,6.277394418085207,50.066126346960466,11.655268791151556,0.4428248176400937
4,0.0,zone_ws,T1H3,0.125,static,404,2.4026388484230576,3.5513736427840485,1.2623169923984439,0.18416666666666667,5.353609570273121,49.18569243337215,12.595397784084264,0.44206673459157464
4,0.0,zone_ws,T1H3,0.125,static,505,2.4026388484230576,4.171265140146712,1.3232856071057373,0.16875,5.272902063711645,49.14449607400111,12.893696820964522,0.44117737560701464
4,0.0,zone_ws,T4H1,0.125,static,101,2.4026388484230576,5.41844491790933,1.50728951844097,0.010416666666666666,1.3088500236135745,48.21635164204866,26.420409917059352,0.427403431417159
4,0.0,zone_ws,T4H1,0.125,static,202,2.4026388484230576,5.805199480256181,1.6058672921352115,0.014166666666666666,1.524695626727838,48.29707100838921,25.434234602119737,0.4438806489341283
4,0.0,zone_ws,T4H1,0.125,static,303,2.4026388484230576,6.081591358524874,1.6963916165053616,0.020416666666666666,1.809127367439547,48.769837610216484,25.82483489753658,0.4431657318064106
4,0.0,zone_ws,T4H1,0.125,static,404,2.4026388484230576,5.753129789283678,1.550738941265383,0.017083333333333332,1.5808179797255701,48.163381556804374,24.706065128112982,0.44201688858018623
4,0.0,zone_ws,T4H1,0.125,static,505,2.4026388484230576,6.0661877610011885,1.6335834050113027,0.02666666666666667,1.8728682712484959,48.16795349022663,23.234394352862633,0.4409208891564406
4,0.0,zone_ws,T4H3,0.125,static,101,2.4026388484230576,5.3261753424003055,1.50076964710052,0.012916666666666667,1.4150620027128917,48.25892335011239,26.0880876415835,0.427403431417159
4,0.0,zone_ws,T4H3,0.125,static,202,2.4026388484230576,5.805084070820396,1.6064651976402602,0.015416666666666667,1.6711035556872618,48.32081265788271,25.11351433489066,0.44385765728602566
4,0.0,zone_ws,T4H3,0.125,static,303,2.4026388484230576,6.070527422442526,1.6907278518458662,0.024583333333333332,2.052460412308543,48.782673923116164,25.026302400993465,0.4431657318064106
4,0.0,zone_ws,T4H3,0.125,static,404,2.4026388484230576,5.603251113473967,1.5342158414548364,0.01875,1.8003705746652572,48.08640082120186,24.287293526587703,0.44201688858018623
4,0.0,zone_ws,T4H3,0.125,static,505,2.4026388484230576,6.0716169003681175,1.6185626890591303,0.027083333333333334,1.8094997889993347,48.09043417227114,23.25252925254374,0.4409208891564406
4,0.0,zone,zone,0.3,100,101,2.4026388484230576,14.774238918320567,2.85741925237069,0.0,1.2742939609680086,48.02785519608247,34.26343109827764,0.42680051456662643
4,0.0,zone,zone,0.3,100,202,2.4026388484230576,17.062992553342507,2.9234285065042886,0.0,1.3138756447687565,47.93236137679668,32.22177231382769,0.4439912183902114
4,0.0,zone,zone,0.3,100,303,2.4026388484230576,17.67305890197646,2.5475935337333224,0.0,1.16656930526139,47.236097687644445,31.31740979744946,0.442155137739241
4,0.0,zone,zone,0.3,100,404,2.4026388484230576,34.205912226411456,3.5527256068520447,0.0,1.2448816775062552,48.303979009644955,33.837742796212034,0.4393737117265325
4,0.0,zone,zone,0.3,100,505,2.4026388484230576,13.088797724613409,2.638876162696488,0.0,1.1951636478999237,46.987887753547284,32.25645757881381,0.44163799907439694
4,0.0,zone_ws,T1H1,0.3,100,101,2.4026388484230576,5.63012547636147,1.5258128539777307,0.2425,6.737302600409823,49.6668795550425,16.212702813095195,0.42688935832129593
4,0.0,zone_ws,T1H1,0.3,100,202,2.4026388484230576,5.591833827127138,1.4968112332338872,0.24375,6.075724567435646,49.23662143820242,15.733202171499855,0.4442151947367722
4,0.0,zone_ws,T1H1,0.3,100,303,2.4026388484230576,6.515021356099985,1.450408983989817,0.21416666666666667,5.384342026438354,48.37790166149071,15.489849094723759,0.44301277923768434
4,0.0,zone_ws,T1H1,0.3,100,404,2.4026388484230576,7.5349699960753105,1.6593897120528935,0.2633333333333333,7.173182116916138,50.07707134454174,14.84059927197839,0.442064393804825
4,0.0,zone_ws,T1H1,0.3,100,505,2.4026388484230576,4.6860538725699055,1.431460794588852,0.23416666666666666,5.923625241240126,48.43561027127263,16.252060284931215,0.44255231035199
4,0.0,zone_ws,T1H3,0.3,100,101,2.4026388484230576,5.5051686240299,1.505211480900921,0.255,8.930078961934043,49.74718651586454,12.679218954726837,0.4273077000881806
4,0.0,zone_ws,T1H3,0.3,100,202,2.4026388484230576,4.579950936819764,1.420043312075344,0.25958333333333333,7.87500056963636,49.53760845589221,12.547928153036532,0.4451054000413549
4,0.0,zone_ws,T1H3,0.3,100,303,2.4026388484230576,6.0555861926565,1.466057996165266,0.23375,7.745256489060148,48.84544027831116,12.831605248143493,0.4434113511549611
4,0.0,zone_ws,T1H3,0.3,100,404,2.4026388484230576,5.877067320411503,1.6120803292187884,0.2916666666666667,10.326461524423765,50.21894053841137,11.297125389540865,0.4420467472163749
4,0.0,zone_ws,T1H3,0.3,100,505,2.4026388484230576,4.616742011330788,1.434944155841973,0.26375,8.23345270942249,48.7727153297282,12.324005007762436,0.4424694347344637
4,0.0,zone_ws,T4H1,0.3,100,101,2.4026388484230576,7.477543373637106,2.0161018925740555,0.085,3.55392660951571,48.757455826966,27.596876130600055,0.42680051456662643
4,0.0,zone_ws,T4H1,0.3,100,202,2.4026388484230576,7.985717990222704,2.0402568972700554,0.0875,3.2273635505125347,48.5139624309432,26.79658468822205,0.4439912183902114
4,0.0,zone_ws,T4H1,0.3,100,303,2.4026388484230576,7.573555817774344,1.807953269384501,0.06875,2.7831973797607144,47.60897033842564,26.667337200629397,0.44227465553286366
4,0.0,zone_ws,T4H1,0.3,100,404,2.4026388484230576,11.045946938740792,2.239012549868134,0.10416666666666667,3.915022909297922,49.232759056532196,26.89049232339193,0.4415978642388435
4,0.0,zone_ws,T4H1,0.3,100,505,2.4026388484230576,6.22409036401227,1.914881471274689,0.07416666666666667,2.7927481450917178,47.50891613777607,27.8079133009653,0.44139654241586046
4,0.0,zone_ws,T4H3,0.3,100,101,2.4026388484230576,7.3507658387806005,1.9781126329689467,0.08666666666666667,4.172951994428504,48.71685492386359,27.349190508720785,0.42680051456662643
4,0.0,zone_ws,T4H3,0.3,100,202,2.4026388484230576,6.7481920805549995,1.9179330212752963,0.08541666666666667,3.469767140927946,48.456342656449145,26.36646010589268,0.4439912183902114
4,0.0,zone_ws,T4H3,0.3,100,303,2.4026388484230576,6.703687775437418,1.7876694539256814,0.07416666666666667,3.4118014042964937,47.582031055114854,25.435162938404925,0.44227465553286366
4,0.0,zone_ws,T4H3,0.3,100,404,2.4026388484230576,9.700831535937056,2.190908862172281,0.11458333333333333,5.349594564188778,49.07819081073431,25.538730706689478,0.4415795236076228
4,0.0,zone_ws,T4H3,0.3,100,505,2.4026388484230576,5.924424920962559,1.9069099327664558,0.07833333333333334,3.339926830261513,47.54730226292572,27.16350579554566,0.44139654241586046
4,0.0,zone,zone,0.3,500,101,2.4026388484230576,7.680444859407389,1.6807766099458807,0.0,0.9925456996636381,45.77140791319846,29.107287273424955,0.42700328529519577
4,0.0,zone,zone,0.3,500,202,2.4026388484230576,50.91646495554033,6.217163517556893,0.0,1.192469972330674,47.95777305150036,34.06444322540479,0.4445839941543041
4,0.0,zone,zone,0.3,500,303,2.4026388484230576,119.98821584470441,23.952941075947198,0.0,1.261929119151434,49.56729497356147,42.23302040714415,0.4170039240117131
4,0.0,zone,zone,0.3,500,404,2.4026388484230576,71.76054478859986,6.9174114938379,0.0,1.2551761925862446,47.91300478267705,35.41955049878613,0.4411307811853288
4,0.0,zone,zone,0.3,500,505,2.4026388484230576,63.30854136933407,5.3288551868688545,0.0,1.1637907523361617,46.87202899668866,29.046843281608496,0.44136244395826785
4,0.0,zone_ws,T1H1,0.3,500,101,2.4026388484230576,3.6282007689700464,1.2093435647715074,0.18375,4.792891819120894,46.95785605839813,15.478700213784368,0.42700328529519577
4,0.0,zone_ws,T1H1,0.3,500,202,2.4026388484230576,6.303804542241321,1.5291698410775352,0.26166666666666666,6.59503505393706,49.355072967493676,15.513272920398089,0.44472502278011866
4,0.0,zone_ws,T1H1,0.3,500,303,2.4026388484230576,11.67716535249415,2.1089011377730644,0.30791666666666667,8.323819417255768,51.544154360358164,15.83574319150338,0.44288664498461183
4,0.0,zone_ws,T1H1,0.3,500,404,2.4026388484230576,14.688215191555011,2.0840096454269252,0.27,7.383720123114185,49.855705320823915,15.800850769168683,0.4419488853596202
4,0.0,zone_ws,T1H1,0.3,500,505,2.4026388484230576,9.83725114068611,1.624449706854731,0.2275,6.106747034845345,48.243226894704094,14.083098876298394,0.44186402422229865
4,0.0,zone_ws,T1H3,0.3,500,101,2.4026388484230576,3.6061629658499337,1.1949002941043694,0.20541666666666666,6.34583473515184,47.05244539944881,12.72569601861164,0.42700328529519577
4,0.0,zone_ws,T1H3,0.3,500,202,2.4026388484230576,4.121176149955883,1.373038330292953,0.2633333333333333,7.522932964702014,49.2295730641211,13.590641175493698,0.4449153929015362
4,0.0,zone_ws,T1H3,0.3,500,303,2.4026388484230576,7.251230914992954,1.762255134805586,0.31583333333333335,10.98541634144315,51.28250815072382,11.350816887480365,0.4428581457089451
4,0.0,zone_ws,T1H3,0.3,500,404,2.4026388484230576,6.8536976471851485,1.6454860973163647,0.29291666666666666,10.364824117648144,49.855244716077884,11.767561376747386,0.44197570398923963
4,0.0,zone_ws,T1H3,0.3,500,505,2.4026388484230576,9.251402850248997,1.6572577628158354,0.2529166666666667,8.98479867514697,48.5094109092163,10.948342252499545,0.44233907675912243
4,0.0,zone_ws,T4H1,0.3,500,101,2.4026388484230576,5.516555922035091,1.511789450479173,0.04,1.7992332438740262,46.1927971381098,26.597532025677666,0.42700328529519577
4,0.0,zone_ws,T4H1,0.3,500,202,2.4026388484230576,7.592824972045974,2.1143294747283057,0.11083333333333334,3.5142511815165913,48.477006209364326,26.803706126754694,0.4445839941543041
4,0.0,zone_ws,T4H1,0.3,500,303,2.4026388484230576,14.862748508162912,2.910019374286711,0.17833333333333334,6.022328057567075,50.66225782678344,27.503066979138342,0.4419794349754436
4,0.0,zone_ws,T4H1,0.3,500,404,2.4026388484230576,11.673766073308922,2.2470291788743655,0.12125,4.339780881864007,48.57008667261315,26.694954633703073,0.4419611587882327
4,0.0,zone_ws,T4H1,0.3,500,505,2.4026388484230576,12.616433127083114,2.0621519378502535,0.09,3.3532659925950457,47.486628730588514,22.88414727303965,0.4414624306687714
4,0.0,zone_ws,T4H3,0.3,500,101,2.4026388484230576,5.200671374928367,1.4838750258505737,0.03958333333333333,1.9846894470891108,46.154396964789214,26.065312305802777,0.42700328529519577
4,0.0,zone_ws,T4H3,0.3,500,202,2.4026388484230576,7.772094686953436,2.092409362249516,0.11541666666666667,4.870832547658519,48.65973743090503,25.14857752247841,0.4445839941543041
4,0.0,zone_ws,T4H3,0.3,500,303,2.4026388484230576,9.684273222955367,2.5123784399087348,0.16833333333333333,6.735828098504687,50.47109510088465,26.83568432892063,0.442272395098505
4,0.0,zone_ws,T4H3,0.3,500,404,2.4026388484230576,8.922408593712747,2.137614496647578,0.1275,6.030241688596473,48.67507120026283,24.290323267703187,0.4419611587882327
4,0.0,zone_ws,T4H3,0.3,500,505,2.4026388484230576,9.285820800186602,1.9636755801360646,0.10208333333333333,4.9154201216783076,47.61962362722814,21.07764384232805,0.4414624306687714
4,0.0,zone,zone,0.3,static,101,2.4026388484230576,5.456299951517157,1.3054921357242912,0.0,0.802524557178264,44.7192624391734,24.623945963781612,0.42686728215280756
4,0.0,zone,zone,0.3,static,202,2.4026388484230576,149.74181631452979,21.94918220817737,0.0,1.2515911801605195,49.48317029983187,51.658785012664715,0.3857839334167692
4,0.0,zone,zone,0.3,static,303,2.4026388484230576,65.15331670990606,16.183589418276018,0.0,0.9647813542430801,49.12390743770538,43.398857828007465,0.41679356322494954
4,0.0,zone,zone,0.3,static,404,2.4026388484230576,62.81557029234505,12.606393247434273,0.0,0.8681439734604569,48.036291228029555,43.74856568200886,0.419856499994989
4,0.0,zone,zone,0.3,static,505,2.4026388484230576,8.297148875534136,1.7789883146309733,0.0,1.1116719614778174,45.87652553759528,28.040853524674095,0.44078632582615507
4,0.0,zone_ws,T1H1,0.3,static,101,2.4026388484230576,3.2469133492024156,1.1181877667784736,0.14958333333333335,3.6606758325802526,45.79721316613278,15.101628463519027,0.42686728215280756
4,0.0,zone_ws,T1H1,0.3,static,202,2.4026388484230576,13.195669152066658,2.275644235264146,0.3204166666666667,8.435133851198097,51.10784194001609,17.085426728204467,0.4448878264862636
4,0.0,zone_ws,T1H1,0.3,static,303,2.4026388484230576,6.938465826190463,1.6789147617588611,0.27666666666666667,7.299403935734451,50.87450222609854,15.937358306472193,0.4426251497987802
4,0.0,zone_ws,T1H1,0.3,static,404,2.4026388484230576,5.728826709845765,1.6099307941827596,0.2758333333333333,7.1421636595032165,49.57997063707333,17.534045865073185,0.4413370646349163
4,0.0,zone_ws,T1H1,0.3,static,505,2.4026388484230576,4.395560228681865,1.3022498984186408,0.195,4.912149732354092,47.008661939443556,14.485215600313813,0.44172606146694937
4,0.0,zone_ws,T1H3,0.3,static,101,2.4026388484230576,3.257443215592225,1.1073649393956264,0.16625,4.457478259055838,46.05241159026198,13.513518686009748,0.42686728215280756
4,0.0,zone_ws,T1H3,0.3,static,202,2.4026388484230576,5.566891602743373,1.6221556051993522,0.3104166666666667,10.070936484058068,51.01984013528349,13.691010520040475,0.4451428294595482
4,0.0,zone_ws,T1H3,0.3,static,303,2.4026388484230576,5.924139379545128,1.6378027098311962,0.3025,9.81663486704104,51.13089972858656,11.622566591936787,0.4429281040652588
4,0.0,zone_ws,T1H3,0.3,static,404,2.4026388484230576,4.573976844998044,1.5048043408767457,0.31,9.945035218247678,49.93422410978814,13.043454205014521,0.44128050091744453
4,0.0,zone_ws,T1H3,0.3,static,505,2.4026388484230576,4.393670538647723,1.3182892083449371,0.21083333333333334,6.904438182857468,47.356208318343974,11.695567666408687,0.4420083342953975
4,0.0,zone_ws,T4H1,0.3,static,101,2.4026388484230576,5.058450353509331,1.283518062725608,0.012916666666666667,1.0458846472066525,44.857007541480996,24.195025948071276,0.42686728215280756
4,0.0,zone_ws,T4H1,0.3,static,202,2.4026388484230576,10.157096132009015,2.7056628908687586,0.18208333333333335,5.673126476125161,50.52946327473485,28.81837419483768,0.4433231838670723
4,0.0,zone_ws,T4H1,0.3,static,303,2.4026388484230576,8.411867572696696,2.258881527763314,0.12208333333333334,3.644867837938638,49.76715486594652,28.359061711569733,0.44090772018494273
4,0.0,zone_ws,T4H1,0.3,static,404,2.4026388484230576,6.976185062107657,2.2339924952275814,0.13791666666666666,3.896197400720732,48.49151092224321,30.1981923666053,0.44130910795341594
4,0.0,zone_ws,T4H1,0.3,static,505,2.4026388484230576,5.71688993188008,1.5530563221581168,0.04416666666666667,1.9953051488841922,46.09190502943392,24.449043285794236,0.441209300773835
4,0.0,zone_ws,T4H3,0.3,static,101,2.4026388484230576,4.676011039104322,1.2790229650829912,0.014583333333333334,1.1011695079659047,44.881931178647434,24.024651165734078,0.42686728215280756
4,0.0,zone_ws,T4H3,0.3,static,202,2.4026388484230576,7.965381806186685,2.4899177026383628,0.18583333333333332,7.687953825111942,50.57808165560269,26.293814401349426,0.4436575540423669
4,0.0,zone_ws,T4H3,0.3,static,303,2.4026388484230576,7.573615722669826,2.1978958471003067,0.12875,4.682454718317989,50.052862093307525,26.834068606579443,0.441883014929008
4,0.0,zone_ws,T4H3,0.3,static,404,2.4026388484230576,6.809977114585692,2.2029088200795734,0.15083333333333335,5.844219486049406,48.80168471599678,27.643821385569403,0.44130910795341594
4,0.0,zone_ws,T4H3,0.3,static,505,2.4026388484230576,5.793094545207319,1.5754530514372769,0.05291666666666667,2.8562086793694914,46.3006541992009,23.52035217612944,0.441209300773835
4,0.0,zone,zone,0.47,100,101,2.4026388484230576,35.44151204606101,6.905009360794631,0.0,1.0134852554888965,45.68860298195584,42.85958040726063,0.42350322606156154
4,0.0,zone,zone,0.47,100,202,2.4026388484230576,108.13756913038564,16.098841131271197,0.0,1.2953584582633773,49.102317449015125,43.79527287763705,0.41376258406559985
4,0.0,zone,zone,0.47,100,303,2.4026388484230576,85.34026288369562,12.996018708728752,0.0,1.0394790630731257,47.25913572455302,42.016656582082824,0.43299170572068885
4,0.0,zone,zone,0.47,100,404,2.4026388484230576,32.35769843902944,6.211504307844793,0.0,1.0754303734326016,45.89480989466294,41.43669799195212,0.4369953147796768
4,0.0,zone,zone,0.47,100,505,2.4026388484230576,64.27373376520747,9.231445178984133,0.0,1.1759949928572948,47.40595247209918,40.59977271447123,0.4358708258549473
4,0.0,zone_ws,T1H1,0.47,100,101,2.4026388484230576,12.739551018578226,2.568379961324591,0.40625,11.341902256378948,47.928601200030236,20.341457710888044,0.4257490988843334
4,0.0,zone_ws,T1H1,0.47,100,202,2.4026388484230576,46.544979183660054,6.064275776801634,0.4554166666666667,13.113985448656884,51.64703229708854,17.49963379582542,0.43998171991881385
4,0.0,zone_ws,T1H1,0.47,100,303,2.4026388484230576,16.63113466844154,3.357529983486588,0.4529166666666667,13.050610376303352,49.74511356624062,19.3417560863488,0.43860188140767675
4,0.0,zone_ws,T1H1,0.47,100,404,2.4026388484230576,14.943825962918677,3.0766637873750247,0.4554166666666667,13.093274824529024,48.404928709527475,18.493825748646827,0.4409494643838314
4,0.0,zone_ws,T1H1,0.47,100,505,2.4026388484230576,24.833485448387087,3.806033407118967,0.46291666666666664,13.45869637354513,49.86217401488323,18.093019539318053,0.4406057274628846
4,0.0,zone_ws,T1H3,0.47,100,101,2.4026388484230576,10.85466850504628,2.2117425028255155,0.45166666666666666,18.460838798873908,48.196878875750414,10.901288299719893,0.42627034386716234
4,0.0,zone_ws,T1H3,0.47,100,202,2.4026388484230576,32.358383049078775,4.9448287893318374,0.52,23.54636882384613,51.61996520237205,6.630035176510105,0.4418976366553578
4,0.0,zone_ws,T1H3,0.47,100,303,2.4026388484230576,11.956078178831808,2.817210262393132,0.5208333333333334,23.623450059668947,50.00535332504805,6.698438031235756,0.4387258788220161
4,0.0,zone_ws,T1H3,0.47,100,404,2.4026388484230576,12.337898591882539,2.6702932445096415,0.5120833333333333,22.419651331209685,48.53105486514335,7.659344718704349,0.44140543353398487
4,0.0,zone_ws,T1H3,0.47,100,505,2.4026388484230576,17.738704605686348,3.4083825334155438,0.5279166666666667,22.796321840591126,50.066858927694476,6.9008336224003175,0.44099852103649895
4,0.0,zone_ws,T4H1,0.47,100,101,2.4026388484230576,14.641853191757725,3.1869431154374452,0.26208333333333333,8.059935720016584,47.253763444208296,29.507219599771936,0.42534254968878077
4,0.0,zone_ws,T4H1,0.47,100,202,2.4026388484230576,47.924347199378175,6.911687727023174,0.355,11.385331755673265,51.30149357439637,23.00504722441391,0.4395422797463246
4,0.0,zone_ws,T4H1,0.47,100,303,2.4026388484230576,19.028968199766144,4.085320772003997,0.32875,10.239306500673877,48.94275747155194,26.381477748482574,0.43833794765591694
4,0.0,zone_ws,T4H1,0.47,100,404,2.4026388484230576,14.500487273161962,3.4781470004842188,0.2991666666666667,8.807126590741202,47.470348294215334,28.113864212007986,0.43988467693853966
4,0.0,zone_ws,T4H1,0.47,100,505,2.4026388484230576,24.769851501225823,4.491318825167641,0.35,10.67272244881439,49.359668735125474,24.952138492593978,0.4389074392449987
4,0.0,zone_ws,T4H3,0.47,100,101,2.4026388484230576,11.126667085046725,2.891171533870377,0.2975,13.544720208594732,47.457723974166605,24.03482143978015,0.42541935976379636
4,0.0,zone_ws,T4H3,0.47,100,202,2.4026388484230576,39.00500937609199,5.572884438067174,0.4091666666666667,19.50026527295445,51.05694089284365,14.770272289916145,0.4415767998920287
4,0.0,zone_ws,T4H3,0.47,100,303,2.4026388484230576,13.789023162945586,3.414757924004898,0.3775,17.312991457665266,48.951382277638864,18.834079346274326,0.4385488627507625
4,0.0,zone_ws,T4H3,0.47,100,404,2.4026388484230576,10.635088160144315,3.0345548236326008,0.35,15.308899260013147,47.71311230205759,21.55051497589867,0.43988467693853966
4,0.0,zone_ws,T4H3,0.47,100,505,2.4026388484230576,20.091986544796818,4.055126540967566,0.38375,17.076165611753172,49.30574631421156,18.046180299202405,0.4403019047476983
4,0.0,zone,zone,0.47,500,101,2.4026388484230576,126.1543277555836,24.073603738856487,0.0,1.0039451953221503,48.086879302621604,53.15205565049495,0.3767182838267887
4,0.0,zone,zone,0.47,500,202,2.4026388484230576,136.0663078844443,27.389745174339986,0.0,1.0029011863720394,47.443273221393625,40.58513957834135,0.43864068964833586
4,0.0,zone,zone,0.47,500,303,2.4026388484230576,147.8488120180722,35.34999412678222,0.0,0.9493331809370235,48.66434525180982,54.70466024139765,0.38154959695697716
4,0.0,zone,zone,0.47,500,404,2.4026388484230576,226.59160107305,46.66566330320981,0.0,0.9214276277409617,49.654668877121615,60.84642539323599,0.3587892133103135
4,0.0,zone,zone,0.47,500,505,2.4026388484230576,104.24606449921784,18.51354415855642,0.0,0.9076298706398586,46.067649740053504,44.55367606025714,0.42333389749439543
4,0.0,zone_ws,T1H1,0.47,500,101,2.4026388484230576,59.44394188019978,8.760724605770308,0.46875,13.480541315428837,50.85333375003458,23.506036443893922,0.40191676474703514
4,0.0,zone_ws,T1H1,0.47,500,202,2.4026388484230576,55.27796501628306,9.07552686737135,0.4483333333333333,12.860840998425811,49.93843499695638,16.75721270015029,0.44462831774705847
4,0.0,zone_ws,T1H1,0.47,500,303,2.4026388484230576,65.96747980889818,10.67063873344478,0.54125,15.688528255328869,51.72675970884971,22.26042695801998,0.42161762179133244
4,0.0,zone_ws,T1H1,0.47,500,404,2.4026388484230576,106.10744872537462,19.40215136912064,0.5533333333333333,15.982177425115548,52.851486010243185,26.8157114715009,0.39959168852767446
4,0.0,zone_ws,T1H1,0.47,500,505,2.4026388484230576,43.10170546586224,5.237231605160535,0.45208333333333334,12.00672380023603,48.078778650319705,19.07619989504838,0.43990813868018497
4,0.0,zone_ws,T1H3,0.47,500,101,2.4026388484230576,39.50701092097256,6.9937582279053725,0.545,28.25632432165287,51.045086753631445,5.559607448826489,0.4104192536126912
4,0.0,zone_ws,T1H3,0.47,500,202,2.4026388484230576,36.855609853005724,6.885741354018095,0.4975,22.075847198656128,49.94166422283334,5.75334514604205,0.44512856896696323
4,0.0,zone_ws,T1H3,0.47,500,303,2.4026388484230576,38.260686902522664,6.713297049834868,0.62125,30.06372644493398,51.58519619944894,3.4022287103116673,0.4323925302779921
4,0.0,zone_ws,T1H3,0.47,500,404,2.4026388484230576,55.48049322940123,12.513431379184153,0.6575,34.31896547125154,52.800744926841475,2.2064221581629644,0.4213520491751783
4,0.0,zone_ws,T1H3,0.47,500,505,2.4026388484230576,26.956502905789616,4.202699993992082,0.5170833333333333,21.95091232269399,48.4376986903038,6.83162443013243,0.4406490777766935
4,0.0,zone_ws,T4H1,0.47,500,101,2.4026388484230576,62.48478994676261,10.164939471372614,0.38125,11.525392814572745,50.56554443306575,29.553262759406014,0.4006662113623472
4,0.0,zone_ws,T4H1,0.47,500,202,2.4026388484230576,60.49919346717049,10.005212746354982,0.3754166666666667,11.625927673972372,49.7871658318337,20.851650839672487,0.44376156500330216
4,0.0,zone_ws,T4H1,0.47,500,303,2.4026388484230576,60.41955083086755,10.755499098407947,0.4791666666666667,14.099451192315419,51.219437767222104,25.329018054495425,0.42201048214867865
4,0.0,zone_ws,T4H1,0.47,500,404,2.4026388484230576,102.9807070635707,20.200957811754005,0.5116666666666667,15.358040304113535,52.96980385148025,27.41727604445446,0.40060372356134616
4,0.0,zone_ws,T4H1,0.47,500,505,2.4026388484230576,43.75312127035612,6.477439420176989,0.36666666666666664,10.573959877624663,47.834714507705115,25.253608711563228,0.437171409044656
4,0.0,zone_ws,T4H3,0.47,500,101,2.4026388484230576,32.763883510360465,7.046887597982582,0.4625,25.06697053867522,50.463731076521476,13.549683554622758,0.4122781112015501
4,0.0,zone_ws,T4H3,0.47,500,202,2.4026388484230576,29.319804516714115,6.242541419391283,0.42625,19.570770179455245,49.56448646855845,13.239434778382865,0.44381054995274766
4,0.0,zone_ws,T4H3,0.47,500,303,2.4026388484230576,31.560712623860514,7.03294528046418,0.5483333333333333,27.172390938406114,50.96095744380248,10.547700689848709,0.4296947092623252
4,0.0,zone_ws,T4H3,0.47,500,404,2.4026388484230576,50.38479603141611,11.319118622746062,0.6208333333333333,31.492682070795983,52.23809796075463,6.795653277095252,0.42320842404621595
4,0.0,zone_ws,T4H3,0.47,500,505,2.4026388484230576,24.905254756242563,4.655410144676737,0.41125,18.25964912691015,47.84874852413414,16.453045115405093,0.43961936071519797
4,0.0,zone,zone,0.47,static,101,2.4026388484230576,7.078756075535785,1.8678403909644412,0.0,0.4536599796999235,40.655174842842,37.56020485647998,0.4263734581172002
4,0.0,zone,zone,0.47,static,202,2.4026388484230576,522.174797620644,138.3205067810059,0.0,0.9958197818704267,50.499316748411566,89.43343639533408,0.28925235198099863
4,0.0,zone,zone,0.47,static,303,2.4026388484230576,459.177915219333,126.89174544301854,0.0,0.5461610562479507,50.0348788954082,84.78437065736881,0.30043947745708055
4,0.0,zone,zone,0.47,static,404,2.4026388484230576,340.3736238579414,92.89940354180688,0.0,0.5980801097765421,46.884398450803666,76.15587421993781,0.3286059513752304
4,0.0,zone,zone,0.47,static,505,2.4026388484230576,96.47058635037882,28.10837017841128,0.0,0.8759790304116893,44.07205764994055,52.90603809986047,0.4032278702647463
4,0.0,zone_ws,T1H1,0.47,static,101,2.4026388484230576,3.993658932124954,1.2382908112131537,0.25958333333333333,5.839930638961456,42.06288513324898,19.274681114527652,0.42644951000879544
4,0.0,zone_ws,T1H1,0.47,static,202,2.4026388484230576,170.8233655626395,38.75628872090075,0.5779166666666666,17.526385309482965,54.05293447880452,30.524894346809234,0.3773332538220538
4,0.0,zone_ws,T1H1,0.47,static,303,2.4026388484230576,118.4530132836116,31.02850460945136,0.5695833333333333,16.25190337660773,53.32912890649785,27.73387337791669,0.3951249978537736
4,0.0,zone_ws,T1H1,0.47,static,404,2.4026388484230576,46.396668280846214,13.347283028900126,0.5645833333333333,15.31682661039085,49.88923318545681,24.625960391179245,0.4243955523697633
4,0.0,zone_ws,T1H1,0.47,static,505,2.4026388484230576,8.90297497714822,2.253036657504071,0.41875,10.666110151311862,45.80522117344664,20.739634944517793,0.44182721380053985
4,0.0,zone_ws,T1H3,0.47,static,101,2.4026388484230576,3.5773835386567936,1.225833671540453,0.29375,9.209435516240024,42.544728382247285,14.362202926065287,0.4270796908422477
4,0.0,zone_ws,T1H3,0.47,static,202,2.4026388484230576,75.50326697031169,14.58430202383048,0.6708333333333333,35.890102992380044,53.45727045374069,2.5315791809213315,0.4106400127636185
4,0.0,zone_ws,T1H3,0.47,static,303,2.4026388484230576,59.28986853677159,18.91057609666638,0.6770833333333334,35.52627399593882,53.2137308962057,1.6541296651843391,0.41809051332129554
4,0.0,zone_ws,T1H3,0.47,static,404,2.4026388484230576,13.820208434317955,3.677016197372874,0.6466666666666666,29.792425689395458,49.83672864232481,4.726191315614506,0.44059625303470373
4,0.0,zone_ws,T1H3,0.47,static,505,2.4026388484230576,9.367483631269911,2.148722985740292,0.47333333333333333,18.31760684927257,46.266927391282024,10.610970738475903,0.44164436583481476
4,0.0,zone_ws,T4H1,0.47,static,101,2.4026388484230576,4.624758830719903,1.5885797008296647,0.09208333333333334,2.4841329979479214,41.216155611990345,31.30156032098587,0.4263734581172002
4,0.0,zone_ws,T4H1,0.47,static,202,2.4026388484230576,167.07235560799424,38.238676288480825,0.5429166666666667,17.381610403448768,54.12575705788625,30.316356760252976,0.37858625262090195
4,0.0,zone_ws,T4H1,0.47,static,303,2.4026388484230576,136.10673873860912,37.45612301778049,0.5241666666666667,15.507987762329964,53.16449202311699,30.735165307450345,0.38844955774118206
4,0.0,zone_ws,T4H1,0.47,static,404,2.4026388484230576,45.19677559460877,14.306475662833115,0.5279166666666667,14.528695546173465,49.79563382720669,26.579503366171355,0.42499598300726793
4,0.0,zone_ws,T4H1,0.47,static,505,2.4026388484230576,10.88997671884278,2.8248944559086753,0.2841666666666667,7.712993506893783,45.1790043383349,30.21636086179709,0.441036694039853
4,0.0,zone_ws,T4H3,0.47,static,101,2.4026388484230576,4.422377147028911,1.5570090836733068,0.10208333333333333,3.7740840045121984,41.340059453707326,29.950198651967064,0.4263734581172002
4,0.0,zone_ws,T4H3,0.47,static,202,2.4026388484230576,64.20559599521965,13.668030082786988,0.6533333333333333,34.442708277126236,53.443107891747474,4.466827793071874,0.4153537109313348
4,0.0,zone_ws,T4H3,0.47,static,303,2.4026388484230576,67.55702556426009,19.74770355364427,0.6533333333333333,35.12331098083757,53.10044832179325,4.341018897064332,0.4145700161733777
4,0.0,zone_ws,T4H3,0.47,static,404,2.4026388484230576,18.4051919068271,4.745288882736788,0.58,26.61202371089378,49.67261404167983,11.104901147012392,0.4399844707224557
4,0.0,zone_ws,T4H3,0.47,static,505,2.4026388484230576,9.320181606579743,2.6879536075210124,0.3233333333333333,13.109729687403686,45.67748510568414,24.363926961097725,0.4409439912754214
4,0.0,zone,zone,0.6,100,101,2.4026388484230576,75.21488196417376,11.734479061256327,0.0,0.8814639555893264,45.498113003673474,47.77213975901392,0.41796971796085847
4,0.0,zone,zone,0.6,100,202,2.4026388484230576,75.77438160265176,14.344907694330553,0.0,1.1936561166375936,46.82327066691077,48.36112052591267,0.4091234714763833
4,0.0,zone,zone,0.6,100,303,2.4026388484230576,83.53756904004075,17.338070552708317,0.0,1.2321249070025393,46.32457922839614,43.93424797547829,0.42819551644761117
4,0.0,zone,zone,0.6,100,404,2.4026388484230576,56.37750729331906,15.231800047047484,0.0,0.9110962799386141,44.98251990667195,47.19137898058628,0.42561984728902985
4,0.0,zone,zone,0.6,100,505,2.4026388484230576,92.5046148474226,20.972555154319092,0.0,1.0835390553064537,47.42887436093145,45.230401552538254,0.41752181788142645
4,0.0,zone_ws,T1H1,0.6,100,101,2.4026388484230576,40.015413751836164,5.852229101197094,0.5354166666666667,15.358242621892762,48.16693983435514,21.641528635498286,0.42456652754231744
4,0.0,zone_ws,T1H1,0.6,100,202,2.4026388484230576,26.1867628106023,5.979928810810316,0.5666666666666667,17.337226773478385,49.712846824986315,18.460052318829778,0.4340326330592494
4,0.0,zone_ws,T1H1,0.6,100,303,2.4026388484230576,44.502580906963225,8.831879655585123,0.5791666666666667,17.761309093535694,49.427447830131634,18.309306300967712,0.4340916899265685
4,0.0,zone_ws,T1H1,0.6,100,404,2.4026388484230576,28.283876130319584,6.9485325072835655,0.6020833333333333,17.537438921298307,47.98909834884764,21.817461087620934,0.43442814518175815
4,0.0,zone_ws,T1H1,0.6,100,505,2.4026388484230576,34.69776868942353,8.223763192499412,0.6116666666666667,18.443673904412613,50.538818298320216,19.407107873892983,0.42805524707022463
4,0.0,zone_ws,T1H3,0.6,100,101,2.4026388484230576,33.61752903623153,5.490077659249425,0.61375,30.33980723840466,48.52237725114557,5.866137274567188,0.4250815628459105
4,0.0,zone_ws,T1H3,0.6,100,202,2.4026388484230576,26.73573977603971,6.443784986327449,0.6391666666666667,31.607310458593833,49.868140225339936,3.593898645819983,0.4336981356021127
4,0.0,zone_ws,T1H3,0.6,100,303,2.4026388484230576,34.73445538162069,7.631323513931748,0.6583333333333333,33.127983036346635,49.32799531938317,2.8705472990159033,0.4339430950757373
4,0.0,zone_ws,T1H3,0.6,100,404,2.4026388484230576,27.87606691264946,6.474804882072695,0.7266666666666667,36.561918081879725,48.10614263225952,2.1466643986242935,0.43613624396839856
4,0.0,zone_ws,T1H3,0.6,100,505,2.4026388484230576,36.50952358431716,8.508310895239509,0.6929166666666666,36.744385425916164,50.34495688586832,0.7056513585341581,0.4315960437986339
4,0.0,zone_ws,T4H1,0.6,100,101,2.4026388484230576,44.72005157260932,6.8681330324185375,0.4191666666666667,12.614654045159217,48.03201824666779,28.503423916140562,0.4233171255353086
4,0.0,zone_ws,T4H1,0.6,100,202,2.4026388484230576,30.9379321764498,6.993534326258076,0.4825,15.267625130623319,49.633977920508116,22.376016972547912,0.4319210450733405
4,0.0,zone_ws,T4H1,0.6,100,303,2.4026388484230576,42.568718750007605,8.554694121335435,0.5029166666666667,15.256366120856416,48.900113157602576,22.736084523531012,0.433498656033735
4,0.0,zone_ws,T4H1,0.6,100,404,2.4026388484230576,29.0908952140801,7.203978975025251,0.5245833333333333,15.29908615121239,47.48158516172033,25.987261408557277,0.4335560209042387
4,0.0,zone_ws,T4H1,0.6,100,505,2.4026388484230576,42.109819177438666,8.943831149735368,0.54875,17.175159240115292,50.415815527705696,21.109657285290538,0.4292301319376524
4,0.0,zone_ws,T4H3,0.6,100,101,2.4026388484230576,36.36749781868699,5.864443457312695,0.5025,25.480342401440044,48.04573966155171,16.253093703213953,0.42346433604028005
4,0.0,zone_ws,T4H3,0.6,100,202,2.4026388484230576,28.67181503252365,7.201685790289532,0.57,29.18830033228483,49.701895122931774,8.706569286632357,0.4329640028732179
4,0.0,zone_ws,T4H3,0.6,100,303,2.4026388484230576,33.13276911639474,7.545454602015777,0.6004166666666667,31.044010359261417,49.051354531297726,6.773762534641841,0.43355467995139196
4,0.0,zone_ws,T4H3,0.6,100,404,2.4026388484230576,28.363243928857358,6.662843860387674,0.645,32.548476935577355,47.80922714728091,8.010572565074739,0.4347068952383826
4,0.0,zone_ws,T4H3,0.6,100,505,2.4026388484230576,33.77888304072406,8.973689330830132,0.6541666666666667,35.53829511691207,50.35550200751326,2.721602352275799,0.4297595073714837
4,0.0,zone,zone,0.6,500,101,2.4026388484230576,138.59637111194158,28.27813823058195,0.0,1.1237968869154575,42.91028880134201,51.53013434340395,0.4159241483137808
4,0.0,zone,zone,0.6,500,202,2.4026388484230576,411.0782280233797,117.89211954441762,0.0,2.361985998104784,49.90698469283733,66.6663441488056,0.33741278495026256
4,0.0,zone,zone,0.6,500,303,2.4026388484230576,277.27912327875254,69.78638194375107,0.0,1.2421840508672404,46.36314264536513,57.53420340249714,0.37998248649072314
4,0.0,zone,zone,0.6,500,404,2.4026388484230576,184.06759737098824,51.7434645005661,0.0,1.0922586150945435,44.904865221012855,49.19565754228712,0.41661369559274564
4,0.0,zone,zone,0.6,500,505,2.4026388484230576,405.55961781032534,104.49153067561377,0.0,0.7604493422367208,46.69980442531581,82.64082101522254,0.3112772227980249
4,0.0,zone_ws,T1H1,0.6,500,101,2.4026388484230576,68.25786919871445,11.377361615605965,0.5883333333333334,17.388577106184695,45.75700840816623,23.26964210755702,0.42661073250760206
4,0.0,zone_ws,T1H1,0.6,500,202,2.4026388484230576,168.8185780530986,51.97289307174372,0.6254166666666666,22.61973526905524,53.260426818422495,15.972446619596992,0.41038229070014304
4,0.0,zone_ws,T1H1,0.6,500,303,2.4026388484230576,129.21155221268597,33.006715646541195,0.6270833333333333,19.68615036651423,49.67137793345936,19.385281750297892,0.43038953177694367
4,0.0,zone_ws,T1H1,0.6,500,404,2.4026388484230576,95.18491941893589,26.422333811826192,0.6229166666666667,18.968619664219048,48.21824653981801,20.954131682310855,0.43508206202083993
4,0.0,zone_ws,T1H1,0.6,500,505,2.4026388484230576,202.556771021183,54.21156082620124,0.6779166666666666,19.785588551363418,50.08149046353265,35.96840332102434,0.36550890049955115
4,0.0,zone_ws,T1H3,0.6,500,101,2.4026388484230576,42.197720748988736,8.87219446175009,0.70375,35.654057670503626,45.98884156138294,4.449537435269452,0.4263056260020909
4,0.0,zone_ws,T1H3,0.6,500,202,2.4026388484230576,131.1570989637505,39.849392383610194,0.6975,39.0508534742018,53.421286777371876,0.16321436311447315,0.4105451829700195
4,0.0,zone_ws,T1H3,0.6,500,303,2.4026388484230576,92.90704030241913,25.689531294800723,0.7391666666666666,39.011165426825734,49.176440121354375,0.22126072639684238,0.43303805595115835
4,0.0,zone_ws,T1H3,0.6,500,404,2.4026388484230576,62.58677722894627,18.518965705479008,0.7708333333333334,39.325007996863896,47.805545506798865,0.6030895092891098,0.436258053697183
4,0.0,zone_ws,T1H3,0.6,500,505,2.4026388484230576,171.58134524581172,42.71709581015361,0.8554166666666667,51.478711258715485,50.15951354967081,1.1817593239014574,0.374599062999906
4,0.0,zone_ws,T4H1,0.6,500,101,2.4026388484230576,60.0508784609653,11.921948426581633,0.5245833333333333,15.600987259249596,45.21972790930522,27.578306626355687,0.426145352369882
4,0.0,zone_ws,T4H1,0.6,500,202,2.4026388484230576,182.04372210083574,56.5703547909155,0.6083333333333333,22.727630328560082,53.471114472034024,16.197107969110935,0.408134136790063
4,0.0,zone_ws,T4H1,0.6,500,303,2.4026388484230576,128.81515146114526,32.94884017763018,0.5970833333333333,17.85292104950739,49.37257564337942,21.69789775234608,0.43082498991892243
4,0.0,zone_ws,T4H1,0.6,500,404,2.4026388484230576,99.7337945296344,25.700931947650314,0.6029166666666667,18.324589088177053,47.89612832849771,22.551047854016545,0.43197459018094675
4,0.0,zone_ws,T4H1,0.6,500,505,2.4026388484230576,201.5524829337492,52.726600187579265,0.6454166666666666,18.753225460871178,49.61376777567426,37.50745639266276,0.3658429813098269
4,0.0,zone_ws,T4H3,0.6,500,101,2.4026388484230576,33.17195644797858,7.926801801898603,0.655,33.38460199237205,45.464842865730525,9.991080459856196,0.42559241920526153
4,0.0,zone_ws,T4H3,0.6,500,202,2.4026388484230576,131.76474171534224,41.1830677223303,0.67625,38.94215444192513,53.18638803768898,0.7767939340305622,0.40990670518917854
4,0.0,zone_ws,T4H3,0.6,500,303,2.4026388484230576,91.76811714133359,26.481519084254323,0.7216666666666667,38.53893451416976,49.532938788058416,0.7541028679832921,0.43109573356659997
4,0.0,zone_ws,T4H3,0.6,500,404,2.4026388484230576,67.43187869998621,20.687995275012515,0.745,39.03297743426116,47.96909134484536,1.3095533057853872,0.43572626712580625
4,0.0,zone_ws,T4H3,0.6,500,505,2.4026388484230576,169.63506328637075,42.02983464590879,0.8354166666666667,50.386008005355094,50.028660835801524,2.7451641553349875,0.3751600732488163
4,0.0,zone,zone,0.6,static,101,2.4026388484230576,29.051143826970517,8.626095791070576,0.0,0.3017536347096433,37.81876604847137,58.81671408732641,0.4159950780160896
4,0.0,zone,zone,0.6,static,202,2.4026388484230576,775.4767353523714,244.3040450260154,0.0,0.637112830698634,50.56168321320524,115.10986120388321,0.24755856446526234
4,0.0,zone,zone,0.6,static,303,2.4026388484230576,746.2479702984656,251.03383277058225,0.0,0.3916290193693953,50.48610341780989,112.68995945813896,0.25154676225855227
4,0.0,zone,zone,0.6,static,404,2.4026388484230576,543.1502493035682,181.41422958538175,0.0,0.3984526633622688,45.66007605569697,97.75327697008912,0.28530665891319257
4,0.0,zone,zone,0.6,static,505,2.4026388484230576,298.40942693382584,106.76832026590886,0.0,0.6087730518528827,41.62580614390717,77.54010702719407,0.3390606994357656
4,0.0,zone_ws,T1H1,0.6,static,101,2.4026388484230576,6.889591993166764,1.9482332517305656,0.465,11.710694509102515,39.44077837074107,25.289852007462155,0.426425210056173
4,0.0,zone_ws,T1H1,0.6,static,202,2.4026388484230576,413.19283818397236,121.64448020171321,0.6741666666666667,20.224342502655716,54.48453172342662,49.85821287158951,0.31211780134762107
4,0.0,zone_ws,T1H1,0.6,static,303,2.4026388484230576,366.3484621337783,123.48288534391209,0.6916666666666667,20.504048787589888,54.30349831166297,46.446551094310614,0.32275666203290704
4,0.0,zone_ws,T1H1,0.6,static,404,2.4026388484230576,209.3557893176829,69.56007974393337,0.6870833333333334,19.160424109310103,48.777083991636964,39.02306381508886,0.3663445862660044
4,0.0,zone_ws,T1H1,0.6,static,505,2.4026388484230576,83.19851200702003,34.477155600774836,0.6925,19.56039704251985,44.475771583621224,30.278912078930123,0.41246322178025735
4,0.0,zone_ws,T1H3,0.6,static,101,2.4026388484230576,7.115772267066744,1.9810147029610796,0.56875,23.408186042418233,40.461829814239046,11.526728715169268,0.4262108459388981
4,0.0,zone_ws,T1H3,0.6,static,202,2.4026388484230576,278.143308534671,73.055711417115,0.8783333333333333,58.19929494161918,53.80031513161166,0.3278810298227753,0.34581291613332177
4,0.0,zone_ws,T1H3,0.6,static,303,2.4026388484230576,302.51959643474055,93.5500380299699,0.8991666666666667,60.99142835142919,54.08312821039579,0.2297607263802235,0.3381662622316299
4,0.0,zone_ws,T1H3,0.6,static,404,2.4026388484230576,152.39954878449907,49.56535580951366,0.875,52.01839557706585,48.56435474483895,0.47886174253657204,0.38433136224248154
4,0.0,zone_ws,T1H3,0.6,static,505,2.4026388484230576,43.85828298604897,17.743677621444654,0.86375,44.293247649734695,44.71894447425659,1.0549058322279172,0.4271428889347277
4,0.0,zone_ws,T4H1,0.6,static,101,2.4026388484230576,9.831329724532655,2.582532824626802,0.31708333333333333,8.376498821050037,39.05749253337317,36.4801181808079,0.42634498403408827
4,0.0,zone_ws,T4H1,0.6,static,202,2.4026388484230576,416.5547227894623,123.72056072126065,0.6525,20.32027361670802,54.5291825482933,50.3222045540807,0.31132273113025116
4,0.0,zone_ws,T4H1,0.6,static,303,2.4026388484230576,365.83923194009094,120.0223325178451,0.6679166666666667,19.860956007733133,54.18779785848514,47.18423596830059,0.32238953419991623
4,0.0,zone_ws,T4H1,0.6,static,404,2.4026388484230576,226.03522468787017,75.25361854747979,0.6629166666666667,19.155493261467505,48.46639885683023,40.814906965605225,0.3609165116651603
4,0.0,zone_ws,T4H1,0.6,static,505,2.4026388484230576,64.92325302152928,25.1475551215348,0.65375,17.840971297021778,43.81735698893701,31.074907240775502,0.4197660545260144
4,0.0,zone_ws,T4H3,0.6,static,101,2.4026388484230576,7.628215265845354,2.5469965366586664,0.4075,17.41682006666718,39.72591364793209,26.590493145733223,0.42619976255292574
4,0.0,zone_ws,T4H3,0.6,static,202,2.4026388484230576,305.26513427755776,83.82367565156447,0.8708333333333333,60.6049780707087,53.91399166661465,0.8247939340222087,0.33822276191308076
4,0.0,zone_ws,T4H3,0.6,static,303,2.4026388484230576,301.4592145283374,93.44535541670129,0.8825,60.49051602476235,54.03174925540081,0.7922684374108693,0.33831717135902833
4,0.0,zone_ws,T4H3,0.6,static,404,2.4026388484230576,155.7099100329772,50.75778290453527,0.8629166666666667,51.81728855452586,48.68653687762285,1.4156833307676966,0.38257116204597047
4,0.0,zone_ws,T4H3,0.6,static,505,2.4026388484230576,44.66686249858125,17.93526872079763,0.8408333333333333,43.278808281454474,44.58018942518772,2.4813830213039196,0.4278402376177532
8,0.5,zone,zone,0.125,static,101,3.5667814712026678,5.049412214505233,1.1190818168809928,0.0,3.6925065963876493,43.249520640382336,46.5347845299546,0.6340402401098075
8,0.5,zone,zone,0.125,static,202,3.5667814712026678,5.250598994357403,1.1856050213869473,0.0,3.922967085207779,43.398489439945294,45.11972063134086,0.65949590290943
8,0.5,zone,zone,0.125,static,303,3.5667814712026678,6.026909155175589,1.2013879585164164,0.0,4.121215403676902,43.74432924416556,46.395277113769204,0.6579870145806829
8,0.5,zone,zone,0.125,static,404,3.5667814712026678,5.462537123216355,1.1529355990536578,0.0,3.872867040378647,43.010675690417735,44.266470024840054,0.655976640629544
8,0.5,zone,zone,0.125,static,505,3.5667814712026678,4.259182241582552,1.1232668884440804,0.0,3.592790732819753,42.92668284244216,41.60799759839816,0.6551102863840021
8,0.5,zone_ws,T1H1,0.125,static,101,3.5667814712026678,3.855906077406311,1.0975006864390993,0.09791666666666667,7.436036392505052,44.978962416785244,37.168742188862225,0.6340402401098075
8,0.5,zone_ws,T1H1,0.125,static,202,3.5667814712026678,4.162576180560291,1.1638108109879342,0.11958333333333333,8.951154872552804,45.47300011620189,33.727584345391286,0.66018857145678
8,0.5,zone_ws,T1H1,0.125,static,303,3.5667814712026678,4.4244243716364595,1.1756676744096548,0.11416666666666667,8.773464053270878,45.796530166351666,35.128654035758224,0.6579033877384173
8,0.5,zone_ws,T1H1,0.125,static,404,3.5667814712026678,3.7685503745460123,1.10910770241822,0.10083333333333333,7.865091906720818,44.731580203761744,34.469327569023605,0.655976640629544
8,0.5,zone_ws,T1H1,0.125,static,505,3.5667814712026678,3.6785843199937522,1.1135372870584874,0.09666666666666666,7.68090379640987,44.57080912564697,32.51652433126101,0.6549248872410229
8,0.5,zone_ws,T1H3,0.125,static,101,3.5667814712026678,4.721003432709172,1.2343500104629004,0.13833333333333334,12.310231389949577,46.113590617991,31.855514025305958,0.6340402401098075
8,0.5,zone_ws,T1H3,0.125,static,202,3.5667814712026678,4.22447160998202,1.2385232478109889,0.15208333333333332,12.982508096122745,46.38858013655886,30.478293336281943,0.6595221146089987
8,0.5,zone_ws,T1H3,0.125,static,303,3.5667814712026678,4.110227326485965,1.1986275546475442,0.13875,11.880796668908589,46.585436470262565,29.94301001833712,0.6581047996166899
8,0.5,zone_ws,T1H3,0.125,static,404,3.5667814712026678,4.904333943736742,1.2058302867770212,0.13458333333333333,12.096457017339736,45.801994584721605,29.962380066207672,0.655976640629544
8,0.5,zone_ws,T1H3,0.125,static,505,3.5667814712026678,3.899351853172283,1.1744588590972829,0.13166666666666665,11.142160247728393,45.578221186517176,28.199590797448298,0.6549248872410229
8,0.5,zone_ws,T4H1,0.125,static,101,3.5667814712026678,4.773301065414709,1.1082482285887951,0.0025,3.7800774873573997,43.266763631977135,46.06277291045325,0.6340402401098075
8,0.5,zone_ws,T4H1,0.125,static,202,3.5667814712026678,5.109324796306009,1.1840114049326076,0.00375,4.182213689877157,43.487692211221734,44.40771057230012,0.65949590290943
8,0.5,zone_ws,T4H1,0.125,static,303,3.5667814712026678,5.288961919930004,1.1870693084931325,0.005416666666666667,4.398252180764605,43.8715144950411,45.824642648129554,0.6579870145806829
8,0.5,zone_ws,T4H1,0.125,static,404,3.5667814712026678,4.8260628086789215,1.1503607979270947,0.0025,3.987437196159958,43.065024196675225,43.87431135154562,0.655976640629544
8,0.5,zone_ws,T4H1,0.125,static,505,3.5667814712026678,4.172534757726539,1.1045232356191212,0.0020833333333333333,3.4727674989973463,42.88241705646007,41.40646147508264,0.6551102863840021
8,0.5,zone_ws,T4H3,0.125,static,101,3.5667814712026678,4.773301065414709,1.1074054034294278,0.002916666666666667,3.8000212255277197,43.287132709659474,46.06909693575089,0.6340402401098075
8,0.5,zone_ws,T4H3,0.125,static,202,3.5667814712026678,4.995780640181095,1.181684129444306,0.00375,4.193426503008862,43.50838575118133,44.46991636510161,0.65949590290943
8,0.5,zone_ws,T4H3,0.125,static,303,3.5667814712026678,5.288961919930004,1.1867398773898183,0.005,4.343103251835557,43.851539939230015,45.78710484212832,0.6579870145806829
8,0.5,zone_ws,T4H3,0.125,static,404,3.5667814712026678,5.242629869026491,1.1551022664653847,0.002916666666666667,4.095008703295774,43.06302952097543,43.76587543451265,0.655976640629544
8,0.5,zone_ws,T4H3,0.125,static,505,3.5667814712026678,4.163667594904224,1.109263235020913,0.002916666666666667,3.5197224286099824,42.922177577301966,41.08323472299534,0.6551102863840021
8,0.5,zone,zone,0.3,100,101,3.5667814712026678,16.37360518144165,2.465631930319845,0.0,4.161111309160987,43.92667837220993,69.11010673106514,0.6339440805800428
8,0.5,zone,zone,0.3,100,202,3.5667814712026678,15.345842687222227,2.1500730984436087,0.0,4.2632037387957995,43.90336063132862,63.12562767414524,0.6587320011926167
8,0.5,zone,zone,0.3,100,303,3.5667814712026678,14.490625743814064,1.8613542859431342,0.0,3.3361755659954753,42.77070417082953,62.6255566808188,0.6546433075566515
8,0.5,zone,zone,0.3,100,404,3.5667814712026678,21.588509281991183,2.7307150431872658,0.0,4.167121343035146,44.25741460131449,71.89388674284845,0.6500541330261431
8,0.5,zone,zone,0.3,100,505,3.5667814712026678,12.063231159584385,1.9547669671024936,0.0,3.5974771433664188,42.81152902439456,64.93612582968645,0.6503488533738465
8,0.5,zone_ws,T1H1,0.3,100,101,3.5667814712026678,12.53982013255553,2.011771261219885,0.2675,16.249536380597483,48.70520895192268,44.242425731282154,0.6339440805800428
8,0.5,zone_ws,T1H1,0.3,100,202,3.5667814712026678,10.039355515087241,1.8058154035240974,0.2520833333333333,16.016739603725867,48.28840495960933,40.58313137667282,0.6597955012657745
8,0.5,zone_ws,T1H1,0.3,100,303,3.5667814712026678,11.978018764802469,1.6065818280238657,0.21291666666666667,11.729960939129537,46.20430510462264,43.98217255880062,0.6551894435338224
8,0.5,zone_ws,T1H1,0.3,100,404,3.5667814712026678,14.824661554797693,2.215402865313387,0.29541666666666666,17.244017403308547,49.161412194855856,45.434565051252484,0.6530396989108636
8,0.5,zone_ws,T1H1,0.3,100,505,3.5667814712026678,9.260046304303057,1.8039517120494897,0.26958333333333334,15.679360783299035,47.2160527163908,41.97095709913614,0.6557623511772497
8,0.5,zone_ws,T1H3,0.3,100,101,3.5667814712026678,13.123251036527034,2.452885464267831,0.3720833333333333,35.087690147772406,50.95340874770653,23.8352122353842,0.6336373517670906
8,0.5,zone_ws,T1H3,0.3,100,202,3.5667814712026678,12.810976288321346,2.1802887737313736,0.3175,29.41147325190308,49.94194924120071,24.988664743225346,0.6595730913381829
8,0.5,zone_ws,T1H3,0.3,100,303,3.5667814712026678,12.159927717416565,1.8717914382657204,0.30291666666666667,26.278375350080353,48.434117312849075,27.332587315194633,0.6521692148317866
8,0.5,zone_ws,T1H3,0.3,100,404,3.5667814712026678,20.645762547479077,2.9344766187555207,0.4241666666666667,38.45450853452184,52.03324574446973,23.1319818654587,0.6495513639023196
8,0.5,zone_ws,T1H3,0.3,100,505,3.5667814712026678,13.07695368451857,2.4824230272776626,0.3625,32.977596294224085,49.66494513241081,22.86908361896175,0.6550421765710485
8,0.5,zone_ws,T4H1,0.3,100,101,3.5667814712026678,12.080805902522153,2.1267438165149977,0.11708333333333333,10.074693737067857,46.18827543318888,57.17163366100227,0.6339440805800428
8,0.5,zone_ws,T4H1,0.3,100,202,3.5667814712026678,10.212041647840497,1.8559134836454667,0.07208333333333333,7.506969261147563,45.27487669735956,55.52894109824565,0.6588290422609707
8,0.5,zone_ws,T4H1,0.3,100,303,3.5667814712026678,11.33673510554619,1.6653861424966319,0.056666666666666664,5.692010139254789,43.67784994721257,57.39272984519695,0.6552552874911086
8,0.5,zone_ws,T4H1,0.3,100,404,3.5667814712026678,16.61746292237603,2.3656618386517616,0.12666666666666668,9.946189907486541,46.7323978823402,60.130896700853285,0.652668865905662
8,0.5,zone_ws,T4H1,0.3,100,505,3.5667814712026678,8.630984399499397,1.8295012797874202,0.08416666666666667,7.573781949997765,44.37258212322499,58.53420986427535,0.651808706878374
8,0.5,zone_ws,T4H3,0.3,100,101,3.5667814712026678,13.307863675080025,2.6500308611079704,0.16916666666666666,22.847332078879422,47.823899234080145,43.95416633155303,0.6339440805800428
8,0.5,zone_ws,T4H3,0.3,100,202,3.5667814712026678,10.316771293505118,2.019019128245685,0.10625,13.932474992194107,46.2696661548657,48.66974566315116,0.6588290422609707
8,0.5,zone_ws,T4H3,0.3,100,303,3.5667814712026678,11.979886453278018,1.7932779059582846,0.07875,10.116972179471988,44.516340602135365,52.40281232921832,0.6549934572864843
8,0.5,zone_ws,T4H3,0.3,100,404,3.5667814712026678,16.0815066550382,2.6428368811570158,0.16458333333333333,20.0832896981628,47.805223937259,49.1931155445201,0.649896096675853
8,0.5,zone_ws,T4H3,0.3,100,505,3.5667814712026678,7.85476725604795,1.9214664979912857,0.11666666666666667,12.2197966732066,45.229030628603546,52.975753905813775,0.6526307376977423
8,0.5,zone,zone,0.3,500,101,3.5667814712026678,10.35475043801661,1.5440230631278502,0.0,3.026167201708209,41.290667128569794,58.436760792397905,0.6338093549749579
8,0.5,zone,zone,0.3,500,202,3.5667814712026678,46.814389581432756,4.749551065921216,0.0,3.9802812891900126,43.80065361730662,69.74512952293843,0.6571925540601655
8,0.5,zone,zone,0.3,500,303,3.5667814712026678,88.27952645322102,12.521736011943489,0.0,5.248801180490079,45.81742523150448,78.94438858576264,0.6289698294879621
8,0.5,zone,zone,0.3,500,404,3.5667814712026678,97.86690126071082,7.458739796810197,0.0,4.119200828390472,44.01518453605512,73.8901691708079,0.6491380849647581
8,0.5,zone,zone,0.3,500,505,3.5667814712026678,70.53238926909691,4.889174606237714,0.0,3.4144288342478224,42.32687294232895,62.98600384111213,0.6563673139330427
8,0.5,zone_ws,T1H1,0.3,500,101,3.5667814712026678,7.284722493549785,1.4099301127155826,0.19416666666666665,10.755957764692264,44.27580886367958,41.7430532120979,0.633248042113505
8,0.5,zone_ws,T1H1,0.3,500,202,3.5667814712026678,36.83970257382193,3.534749378208006,0.30541666666666667,17.139296236349598,49.08628046129307,44.49709239907774,0.6582774137214995
8,0.5,zone_ws,T1H1,0.3,500,303,3.5667814712026678,60.865932662409435,8.531024445699215,0.3933333333333333,26.88097355426809,53.84811180514736,38.59432402171592,0.6491341744475807
8,0.5,zone_ws,T1H1,0.3,500,404,3.5667814712026678,69.19101687707037,5.526531047110516,0.3275,19.25845854512113,49.536256532312166,43.63348858966202,0.6521305604575416
8,0.5,zone_ws,T1H1,0.3,500,505,3.5667814712026678,48.425007088564776,3.545399203364799,0.24791666666666667,14.146302443746263,46.792771137421674,41.30971031039979,0.6565466748478975
8,0.5,zone_ws,T1H3,0.3,500,101,3.5667814712026678,5.862703628905023,1.4616775830497388,0.26208333333333333,19.96897499185096,45.677789410367126,31.567108836403385,0.6338173860150118
8,0.5,zone_ws,T1H3,0.3,500,202,3.5667814712026678,46.18867097870802,4.836326499572168,0.39208333333333334,39.380429343857486,51.314178470860725,19.745440074474697,0.6526559778077836
8,0.5,zone_ws,T1H3,0.3,500,303,3.5667814712026678,100.93263471731436,17.28317538983644,0.48375,58.64781241727333,56.32219787168931,9.172433034068817,0.6198940191265667
8,0.5,zone_ws,T1H3,0.3,500,404,3.5667814712026678,76.57266619085864,8.365710416352831,0.45166666666666666,46.68166171334666,52.897462155651105,17.60084722232984,0.6418555354892618
8,0.5,zone_ws,T1H3,0.3,500,505,3.5667814712026678,61.15323228786608,4.81290972503128,0.36041666666666666,35.071264612917446,49.23440653428546,18.12987679862567,0.6546887409391584
8,0.5,zone_ws,T4H1,0.3,500,101,3.5667814712026678,8.543262881917126,1.4842127482004048,0.06333333333333334,5.911179277069154,42.375021526646826,52.79435906359777,0.6337388781469571
8,0.5,zone_ws,T4H1,0.3,500,202,3.5667814712026678,29.8565695000494,2.9333750107228695,0.14125,9.792227534706598,46.2279050721984,56.93490719288721,0.6601621958948833
8,0.5,zone_ws,T4H1,0.3,500,303,3.5667814712026678,64.29618232614762,7.803887896727644,0.2775,20.24780596479783,51.72104505378952,50.01134579328221,0.6493974182119043
8,0.5,zone_ws,T4H1,0.3,500,404,3.5667814712026678,63.383674875636224,5.900733588260676,0.21541666666666667,14.853828398930267,47.68490105884625,55.64839404177891,0.6520875832979974
8,0.5,zone_ws,T4H1,0.3,500,505,3.5667814712026678,43.45317424957779,3.388557233401339,0.11791666666666667,8.736516773210251,44.6217253203323,51.49921168847501,0.6565756803835217
8,0.5,zone_ws,T4H3,0.3,500,101,3.5667814712026678,7.501097620428468,1.5237735472413598,0.08041666666666666,9.982266946523975,42.86677127996764,48.493878381485,0.6338093549749579
8,0.5,zone_ws,T4H3,0.3,500,202,3.5667814712026678,36.51164677384978,3.630473090842139,0.19791666666666666,24.349198677246054,47.86984845727098,40.856799622238114,0.6597613358309525
8,0.5,zone_ws,T4H3,0.3,500,303,3.5667814712026678,69.55953572122165,12.331288572885345,0.37625,51.51681824109158,54.890434974835955,16.646960839210873,0.6373152172900839
8,0.5,zone_ws,T4H3,0.3,500,404,3.5667814712026678,71.95314077217479,7.31734805158427,0.28625,35.73929703468915,50.27891350920095,32.13877464125116,0.6502116659166717
8,0.5,zone_ws,T4H3,0.3,500,505,3.5667814712026678,43.76669663100937,3.8400556098759444,0.16541666666666666,22.494953791182265,46.43351102814619,35.823333830190215,0.6563673139330427
8,0.5,zone,zone,0.3,static,101,3.5667814712026678,3.720855103717561,1.0504398836867677,0.0,2.2879881297324247,39.86456182290334,46.10757103673331,0.6338224080617894
8,0.5,zone,zone,0.3,static,202,3.5667814712026678,152.55860564753687,19.373105975960424,0.0,4.429099985761887,45.28870938641187,104.28384913745198,0.5361798575165041
8,0.5,zone,zone,0.3,static,303,3.5667814712026678,111.22930818814598,18.8029409415719,0.0,2.9614759595863918,44.57459286214538,99.68716032242806,0.5625323659136504
8,0.5,zone,zone,0.3,static,404,3.5667814712026678,84.75775323378807,13.234600860991458,0.0,2.9528176251875933,43.53418752306958,92.68830102473115,0.589110678462481
8,0.5,zone,zone,0.3,static,505,3.5667814712026678,8.328160163449317,1.7395534317929566,0.0,2.9242818913059976,41.34462120531756,61.899302035116634,0.6546055258777667
8,0.5,zone_ws,T1H1,0.3,static,101,3.5667814712026678,4.131914015947749,1.0857001956997931,0.12708333333333333,6.614895140279787,41.640288774767235,37.06106183066788,0.6336684914399181
8,0.5,zone_ws,T1H1,0.3,static,202,3.5667814712026678,104.71733842178563,12.664716165300849,0.3641666666666667,22.18837019461099,52.3013982540476,63.276591820652754,0.5696304208438853
8,0.5,zone_ws,T1H1,0.3,static,303,3.5667814712026678,37.49532360181103,6.759782492904647,0.3516666666666667,17.59027051566613,50.59616170563625,54.60489128187335,0.6399725104405376
8,0.5,zone_ws,T1H1,0.3,static,404,3.5667814712026678,54.40646693810195,7.811176189951823,0.34125,16.580252137702868,49.005173124584395,60.38532501628365,0.6168309040734619
8,0.5,zone_ws,T1H1,0.3,static,505,3.5667814712026678,7.657760449256179,1.6113002826251672,0.23041666666666666,11.526988970390628,44.527606142550326,43.30311680114158,0.654175386087913
8,0.5,zone_ws,T1H3,0.3,static,101,3.5667814712026678,4.489609890113806,1.1524422661338716,0.18,11.502274528448943,42.826127036563605,32.56612107332402,0.6336733157811846
8,0.5,zone_ws,T1H3,0.3,static,202,3.5667814712026678,100.71024320308291,14.189947511382627,0.5116666666666667,56.380184556907274,55.18359163583545,21.189722207531908,0.5848456532379819
8,0.5,zone_ws,T1H3,0.3,static,303,3.5667814712026678,61.30743428384152,12.744506277158656,0.5416666666666666,54.793732538478665,54.90896181871298,18.464839958159395,0.6095508404291832
8,0.5,zone_ws,T1H3,0.3,static,404,3.5667814712026678,69.51219522373411,10.804519222959739,0.535,52.390465819751356,52.81284804495678,21.43735718417561,0.6156686730253097
8,0.5,zone_ws,T1H3,0.3,static,505,3.5667814712026678,7.850243485231542,1.8117726087500992,0.34125,26.69089997805869,47.0651109605037,26.687179694193965,0.6551658982581187
8,0.5,zone_ws,T4H1,0.3,static,101,3.5667814712026678,3.8749439082940054,1.0571068773639973,0.01375,2.756967308684126,40.05877957492457,45.675374668369045,0.6338224080617894
8,0.5,zone_ws,T4H1,0.3,static,202,3.5667814712026678,88.53658615686282,10.311468105409318,0.24833333333333332,16.504725092009288,50.85128469886062,69.57956334583808,0.5819721654217108
8,0.5,zone_ws,T4H1,0.3,static,303,3.5667814712026678,35.384198249760125,6.888729283448921,0.26458333333333334,13.846928280138215,49.224069450772824,63.69055554306719,0.6313123997710611
8,0.5,zone_ws,T4H1,0.3,static,404,3.5667814712026678,45.550400580685164,7.243786230438983,0.24375,12.913787281023493,47.43149058364852,67.02406953932963,0.6314748531337635
8,0.5,zone_ws,T4H1,0.3,static,505,3.5667814712026678,6.743908665979151,1.5693400634722086,0.07875,5.646832080004532,42.34249761612912,55.4678877889681,0.6565311418191045
8,0.5,zone_ws,T4H3,0.3,static,101,3.5667814712026678,3.838752195058859,1.0595522659687053,0.017916666666666668,3.1542140220576704,40.2065800817153,45.03837086977441,0.6338224080617894
8,0.5,zone_ws,T4H3,0.3,static,202,3.5667814712026678,83.51936958526043,12.029445433268348,0.37625,50.623313106525956,53.52592155077695,28.36770459676771,0.5973179157125084
8,0.5,zone_ws,T4H3,0.3,static,303,3.5667814712026678,59.473343867883635,12.365786258921787,0.3925,49.99379691608538,53.14031666843977,27.99098180976158,0.6078901125839241
8,0.5,zone_ws,T4H3,0.3,static,404,3.5667814712026678,46.62672186868374,7.181123250686085,0.34791666666666665,38.41088718179457,49.99163716281715,38.00490740108795,0.6296208420965971
8,0.5,zone_ws,T4H3,0.3,static,505,3.5667814712026678,7.063506613694344,1.6015946014931184,0.10041666666666667,9.615890293598813,43.10841009378596,50.49275639413238,0.6565311418191045
8,0.5,zone,zone,0.47,100,101,3.5667814712026678,30.369647027059823,5.719351983349695,0.0,3.2286536164510524,42.30628276579404,83.88258702227178,0.6233295374314761
8,0.5,zone,zone,0.47,100,202,3.5667814712026678,65.42786840594434,10.479538500231069,0.0,5.1293428774190115,46.248908493043785,77.6040612783105,0.6311130418588464
8,0.5,zone,zone,0.47,100,303,3.5667814712026678,39.37196360192843,7.845438478725438,0.0,3.745405863765442,44.10150560331954,81.0840838702175,0.6348859785842995
8,0.5,zone,zone,0.47,100,404,3.5667814712026678,30.457507817212694,6.228144363928405,0.0,3.373467695741801,42.71021864181461,81.05916019669758,0.6450405884311696
8,0.5,zone,zone,0.47,100,505,3.5667814712026678,49.589035057272056,7.8436154013702035,0.0,4.574290642433253,44.54173051939477,77.58167824899915,0.6404612000876861
8,0.5,zone_ws,T1H1,0.47,100,101,3.5667814712026678,23.586271761515444,4.722615908750984,0.49916666666666665,23.65296290979988,49.07850759212494,51.31551892335572,0.6261934440320291
8,0.5,zone_ws,T1H1,0.47,100,202,3.5667814712026678,60.01644372911133,9.015127919837719,0.55875,33.23131799887138,55.033227517991094,37.464945396000594,0.6288042043687343
8,0.5,zone_ws,T1H1,0.47,100,303,3.5667814712026678,35.18118947723404,6.674842529507798,0.5291666666666667,27.26543554295768,51.903286594043905,45.943279826782174,0.6369989022716737
8,0.5,zone_ws,T1H1,0.47,100,404,3.5667814712026678,26.900217157085404,5.4933524963846745,0.5325,27.169538554403612,50.13191234193753,46.48494772813341,0.6444638064384695
8,0.5,zone_ws,T1H1,0.47,100,505,3.5667814712026678,42.454338725100634,7.117689161263176,0.5370833333333334,30.00909191742427,52.70903226327662,40.41631485304017,0.6399450993313059
8,0.5,zone_ws,T1H3,0.47,100,101,3.5667814712026678,28.395177371394848,6.210155317181895,0.6479166666666667,57.83163605724402,52.735026344767086,15.223195429860628,0.6231890419874804
8,0.5,zone_ws,T1H3,0.47,100,202,3.5667814712026678,70.19155123798586,12.647878486058362,0.60375,64.71705987345113,57.83220947165631,4.436924823486706,0.6218103512120318
8,0.5,zone_ws,T1H3,0.47,100,303,3.5667814712026678,40.315193959616096,8.544344317757716,0.6395833333333333,62.267428806299336,54.964584475134565,6.681961195253419,0.6392662624803392
8,0.5,zone_ws,T1H3,0.47,100,404,3.5667814712026678,35.09127006322735,7.800400896298163,0.6529166666666667,63.43780595648241,53.41767174850794,6.838157239350682,0.6416091024072176
8,0.5,zone_ws,T1H3,0.47,100,505,3.5667814712026678,49.028316916502014,9.439289827975147,0.5920833333333333,58.67249015044382,55.05699183051798,8.358033227641368,0.6431177595906251
8,0.5,zone_ws,T4H1,0.47,100,101,3.5667814712026678,24.186192730536263,4.787116883976911,0.3829166666666667,18.914460747682813,47.76646716629077,60.18156319089541,0.6242432772268354
8,0.5,zone_ws,T4H1,0.47,100,202,3.5667814712026678,55.561212386606016,8.385778051589147,0.43291666666666667,26.875010107343154,53.392143164943235,45.111519404689815,0.6341476497983457
8,0.5,zone_ws,T4H1,0.47,100,303,3.5667814712026678,33.247607972451334,6.708438019173741,0.41125,22.649871845749082,50.98567839057587,51.78913841357613,0.637482251763536
8,0.5,zone_ws,T4H1,0.47,100,404,3.5667814712026678,25.9824449971819,5.617931100577488,0.40708333333333335,21.435408562419163,49.074010927101774,54.07452244907539,0.6460098403522762
8,0.5,zone_ws,T4H1,0.47,100,505,3.5667814712026678,39.84239259544799,7.137362214540729,0.44083333333333335,25.926978843895334,51.73601378699188,45.58738564043245,0.6447459352170196
8,0.5,zone_ws,T4H3,0.47,100,101,3.5667814712026678,28.354535202174766,6.207185694840535,0.5129166666666667,50.26913418619339,50.846317649775116,25.93530889116071,0.6227317443077232
8,0.5,zone_ws,T4H3,0.47,100,202,3.5667814712026678,68.67875017823863,11.645614819514122,0.5283333333333333,59.95474414471435,56.5149110684632,11.05457654578654,0.6220503787943226
8,0.5,zone_ws,T4H3,0.47,100,303,3.5667814712026678,48.48026237239023,9.428712923689444,0.5475,59.21926868249848,53.84707050428892,11.50537831769682,0.6390960969920888
8,0.5,zone_ws,T4H3,0.47,100,404,3.5667814712026678,28.52069201312088,6.639041378043836,0.54375,54.71012918762767,51.702018582133675,17.875796660821948,0.6445604210320633
8,0.5,zone_ws,T4H3,0.47,100,505,3.5667814712026678,41.30571517325786,8.600523657618234,0.5291666666666667,54.24966954343377,53.90428170218599,14.846710617704941,0.6437973266106225
8,0.5,zone,zone,0.47,500,101,3.5667814712026678,142.6237905356619,29.064587630762137,0.0,3.4587549307055085,44.79058689076814,111.46718154721265,0.5172258806444171
8,0.5,zone,zone,0.47,500,202,3.5667814712026678,168.32425622636927,29.421646496435724,0.0,2.961692797363436,43.93969427650267,87.18183097486843,0.6121781367021846
8,0.5,zone,zone,0.47,500,303,3.5667814712026678,160.40286691756603,32.626422933626785,0.0,3.7006241650677576,45.647998248184344,98.35264503227224,0.5580030178815051
8,0.5,zone,zone,0.47,500,404,3.5667814712026678,193.90284888415903,38.51948247959276,0.0,4.16620736973018,46.73836437008214,99.59548158494282,0.5473058657640746
8,0.5,zone,zone,0.47,500,505,3.5667814712026678,122.77416594184957,21.018223971394082,0.0,2.693291850557406,42.48877405069315,93.08498128718931,0.5958428787698301
8,0.5,zone_ws,T1H1,0.47,500,101,3.5667814712026678,111.7102493185058,22.313924080137603,0.555,27.687538082629537,52.84725438669493,69.05084643145256,0.5376781933137718
8,0.5,zone_ws,T1H1,0.47,500,202,3.5667814712026678,131.61835322044672,23.52071168385857,0.5520833333333334,26.225346932459292,52.21547892415933,47.33322121219936,0.632973365730937
8,0.5,zone_ws,T1H1,0.47,500,303,3.5667814712026678,131.05965179554667,28.14022864219964,0.5854166666666667,30.909918727735047,54.801227856283475,57.584693560493776,0.5580324738236925
8,0.5,zone_ws,T1H1,0.47,500,404,3.5667814712026678,152.45900063466038,30.98444644727322,0.5791666666666667,30.739301482337282,55.74303056494221,57.15882492450352,0.556450983933975
8,0.5,zone_ws,T1H1,0.47,500,505,3.5667814712026678,99.4909550698202,17.924731338516587,0.5425,25.616259771868286,50.19171809625887,57.754009453508345,0.6003303268307333
8,0.5,zone_ws,T1H3,0.47,500,101,3.5667814712026678,114.6792997336838,27.773517283952142,0.7325,72.27309421376292,56.83439530129017,20.683144072824238,0.5367232446665455
8,0.5,zone_ws,T1H3,0.47,500,202,3.5667814712026678,136.0911015925002,25.598161769286328,0.6391666666666667,63.63553437863427,55.435606507199395,9.285103698145905,0.6199305970800836
8,0.5,zone_ws,T1H3,0.47,500,303,3.5667814712026678,147.79963214713965,33.822576052432005,0.7004166666666667,71.33134289031821,57.1703625800079,11.672802565035424,0.5696496932521116
8,0.5,zone_ws,T1H3,0.47,500,404,3.5667814712026678,190.40271326242816,38.93429997336197,0.7220833333333333,82.00992143028995,59.84499981557099,7.209288590293936,0.5366598418715813
8,0.5,zone_ws,T1H3,0.47,500,505,3.5667814712026678,110.04033650293785,19.990828294554426,0.70625,61.485887537141586,53.08452954658806,15.085241071819913,0.6158184644407421
8,0.5,zone_ws,T4H1,0.47,500,101,3.5667814712026678,128.1492749993253,25.052861479012915,0.49041666666666667,24.95959771872678,52.88537663274651,74.3679775746053,0.5271059464118725
8,0.5,zone_ws,T4H1,0.47,500,202,3.5667814712026678,124.77937433885576,23.33177224922866,0.47875,23.36504736309591,51.43609367595088,53.57159155818039,0.6197909358334617
8,0.5,zone_ws,T4H1,0.47,500,303,3.5667814712026678,129.79221516422228,26.89143450821364,0.5370833333333334,28.845746180517683,54.06812379664774,60.33525341843228,0.5615436000030725
8,0.5,zone_ws,T4H1,0.47,500,404,3.5667814712026678,163.33895188439269,31.81539553683588,0.5245833333333333,29.84927792688734,55.67195942018213,59.224031522334386,0.5511852903172155
8,0.5,zone_ws,T4H1,0.47,500,505,3.5667814712026678,105.62595983912774,17.314997112519794,0.48125,22.191193995377194,49.28186880904809,63.21841935749155,0.5974461451075951
8,0.5,zone_ws,T4H3,0.47,500,101,3.5667814712026678,107.0958718150026,25.03327973799038,0.6583333333333333,66.23568564730236,55.68934096949267,25.67894793292517,0.5469120828542117
8,0.5,zone_ws,T4H3,0.47,500,202,3.5667814712026678,136.0039635156711,25.0478229760193,0.59375,62.407160251992316,54.709216062579024,12.875811899082484,0.6141269999287511
8,0.5,zone_ws,T4H3,0.47,500,303,3.5667814712026678,146.4322888536624,32.5314375627412,0.6516666666666666,68.68399535732459,56.65731884189732,13.890243612943241,0.5744862188753258
8,0.5,zone_ws,T4H3,0.47,500,404,3.5667814712026678,181.3551060884635,35.7285269600268,0.6841666666666667,80.07893615445825,58.73674228136289,10.022075708845236,0.5396515475729093
8,0.5,zone_ws,T4H3,0.47,500,505,3.5667814712026678,116.56308246839926,19.918574877991638,0.6395833333333333,60.43260038814127,52.3823287011749,18.22739462459609,0.6133024744568348
8,0.5,zone,zone,0.47,static,101,3.5667814712026678,28.801461569376546,7.183386803523468,0.0,1.2840137931912055,36.78262351936231,98.00416103252958,0.6086326392833318
8,0.5,zone,zone,0.47,static,202,3.5667814712026678,593.0348968743357,142.49814368687578,0.0,2.6508111746516825,46.60607042666899,195.15281882144393,0.34562856980351553
8,0.5,zone,zone,0.47,static,303,3.5667814712026678,585.5541944084874,142.9493148789327,0.0,1.6522375156324791,46.39075329346676,195.7461160325108,0.34672984583917443
8,0.5,zone,zone,0.47,static,404,3.5667814712026678,439.1643122478753,110.75112248877268,0.0,1.7779686098813037,43.1994973878009,168.98236675070547,0.3940777937549109
8,0.5,zone,zone,0.47,static,505,3.5667814712026678,243.01770944493222,59.72791895501429,0.0,1.6914325390080112,40.303434612747374,132.5471238228695,0.4796040338088231
8,0.5,zone_ws,T1H1,0.47,static,101,3.5667814712026678,30.218198415607347,6.5818388258334615,0.49416666666666664,17.254322857139424,41.135724062581815,75.2560908870486,0.6057019566274976
8,0.5,zone_ws,T1H1,0.47,static,202,3.5667814712026678,510.26848110646,118.22646237573784,0.5025,23.10148429654012,55.50812923910293,143.8227144350052,0.3697471733960776
8,0.5,zone_ws,T1H1,0.47,static,303,3.5667814712026678,478.35615863949874,112.05018909265775,0.51,21.366991335768727,53.993290678024785,142.5261444655026,0.3787756406750638
8,0.5,zone_ws,T1H1,0.47,static,404,3.5667814712026678,384.9389844750261,92.64366576094264,0.5141666666666667,21.38361005640684,50.61617982955327,126.86712594812876,0.4139335875692754
8,0.5,zone_ws,T1H1,0.47,static,505,3.5667814712026678,255.5752536033735,60.4773621321702,0.5104166666666666,20.4454564174766,46.98925715270477,106.53496679411404,0.4719972533680318
8,0.5,zone_ws,T1H3,0.47,static,101,3.5667814712026678,50.30721913767646,14.227302995609152,0.7883333333333333,58.559012015881784,46.221212494058435,32.39432608973509,0.5936934778645656
8,0.5,zone_ws,T1H3,0.47,static,202,3.5667814712026678,349.8109745185479,97.38340897439637,0.8295833333333333,81.30896668108022,58.40464513922206,53.061398184150946,0.42997111749273437
8,0.5,zone_ws,T1H3,0.47,static,303,3.5667814712026678,329.78570045410953,94.67939762521216,0.84625,76.13544286200104,57.37741689348261,56.21169479503397,0.4380947916469164
8,0.5,zone_ws,T1H3,0.47,static,404,3.5667814712026678,250.89276596130995,73.80114123460612,0.8370833333333333,71.52792887595308,53.54589420404301,47.66268715776565,0.4790786702985351
8,0.5,zone_ws,T1H3,0.47,static,505,3.5667814712026678,157.22178930302258,46.17785079172293,0.8220833333333334,65.23631786896364,50.025382527560694,38.217463830602014,0.5335773564120606
8,0.5,zone_ws,T4H1,0.47,static,101,3.5667814712026678,32.51859090121042,10.247733198947726,0.4691666666666667,16.57904720899774,40.94961657411916,77.62341092487553,0.6058242327655735
8,0.5,zone_ws,T4H1,0.47,static,202,3.5667814712026678,499.5439632601165,114.0486967082148,0.4666666666666667,21.41176819305122,55.012764157282994,143.66018767158434,0.37335084420947173
8,0.5,zone_ws,T4H1,0.47,static,303,3.5667814712026678,494.776561553391,114.99367640430438,0.48083333333333333,20.690349013458892,53.78994668587995,146.15049578790848,0.37352226716111075
8,0.5,zone_ws,T4H1,0.47,static,404,3.5667814712026678,383.8737171290323,93.08954517530091,0.4866666666666667,19.90750884950505,50.32424477231798,128.60057009495026,0.4145032429341583
8,0.5,zone_ws,T4H1,0.47,static,505,3.5667814712026678,212.68889276668128,49.105736561199926,0.49333333333333335,19.489569607719748,45.882845904639886,100.66238812152481,0.49517720641953744
8,0.5,zone_ws,T4H3,0.47,static,101,3.5667814712026678,39.85784127570333,10.178364255967152,0.6883333333333334,53.7769434920679,44.908593982201744,36.74869052018101,0.6029994054861044
8,0.5,zone_ws,T4H3,0.47,static,202,3.5667814712026678,309.5838768438005,84.99476958606706,0.73625,74.49191720669391,57.13367221952124,53.911586040370565,0.4471547152719818
8,0.5,zone_ws,T4H3,0.47,static,303,3.5667814712026678,326.72255082499316,91.90406662406872,0.74875,73.21225061229842,56.480241469697106,59.63277452804072,0.43901688614806345
8,0.5,zone_ws,T4H3,0.47,static,404,3.5667814712026678,246.2983477175797,72.5718474438505,0.755,68.61740273063953,52.52807750036257,51.2716711552897,0.48056715311609133
8,0.5,zone_ws,T4H3,0.47,static,505,3.5667814712026678,147.42351926082083,42.53435600669334,0.7333333333333333,62.29606808178064,49.02296552039502,41.02988935335306,0.5395415305606799
8,0.5,zone,zone,0.6,100,101,3.5667814712026678,53.74443774060668,11.340659193384115,0.0,3.307945897764418,43.29093703474468,86.62802920726021,0.613905301024348
8,0.5,zone,zone,0.6,100,202,3.5667814712026678,93.33303093096946,15.056106968864066,0.0,4.646581941532269,44.74737888227103,87.76204852635465,0.5966658390419494
8,0.5,zone,zone,0.6,100,303,3.5667814712026678,63.424021002316245,13.927365867413842,0.0,3.9901847765817435,44.22312406854504,84.13942312235552,0.6174105815423592
8,0.5,zone,zone,0.6,100,404,3.5667814712026678,45.77581571582151,12.51889114356225,0.0,3.264174230880151,42.87822756226081,86.19595542526773,0.6191049796581836
8,0.5,zone,zone,0.6,100,505,3.5667814712026678,89.992805982411,18.045648833870626,0.0,5.149960587441066,45.6256286806253,81.37823118355523,0.6145882185825059
8,0.5,zone_ws,T1H1,0.6,100,101,3.5667814712026678,51.680052414968635,10.251676179985749,0.6525,31.990398798102767,51.559845580517475,45.15411361787352,0.6196472473371026
8,0.5,zone_ws,T1H1,0.6,100,202,3.5667814712026678,81.86260536682872,13.798368669743928,0.685,39.46360272498697,53.92428930100632,39.13386799127212,0.6030431480731513
8,0.5,zone_ws,T1H1,0.6,100,303,3.5667814712026678,58.00660934960038,13.30557627193242,0.69375,37.22257039806152,53.35760063554242,36.93938857176756,0.621762589198881
8,0.5,zone_ws,T1H1,0.6,100,404,3.5667814712026678,42.485905420265205,12.328970558512882,0.6916666666666667,33.2933699785067,51.726890458926164,42.24000510573166,0.624388555819138
8,0.5,zone_ws,T1H1,0.6,100,505,3.5667814712026678,86.3821478984468,16.843510120178177,0.6954166666666667,38.71622189700307,54.913904835532676,33.83927587892629,0.6193063897372855
8,0.5,zone_ws,T1H3,0.6,100,101,3.5667814712026678,66.27622956254521,13.61212761775028,0.73125,68.01192439053445,54.417365622321476,7.3802273270117515,0.6112891818488805
8,0.5,zone_ws,T1H3,0.6,100,202,3.5667814712026678,97.48596198888002,17.647073234113158,0.7079166666666666,74.0471436549963,56.77017069172654,3.4014631893163374,0.5904337165229364
8,0.5,zone_ws,T1H3,0.6,100,303,3.5667814712026678,65.3798231890952,16.330125956803485,0.71875,66.1293310818764,55.36550608118339,5.16287155388581,0.6238370323871791
8,0.5,zone_ws,T1H3,0.6,100,404,3.5667814712026678,48.81831233089372,15.748275000678797,0.7679166666666667,69.6348255448011,54.43428440060498,3.5795992295284336,0.6199589270258217
8,0.5,zone_ws,T1H3,0.6,100,505,3.5667814712026678,98.52029390144635,20.97518427686392,0.6654166666666667,64.12895214043205,56.86238437104867,5.018312246190923,0.6220151225195828
8,0.5,zone_ws,T4H1,0.6,100,101,3.5667814712026678,46.22683081591321,9.901652816178219,0.5554166666666667,28.058160752992336,50.764190877494414,51.36679536738168,0.6162148219055599
8,0.5,zone_ws,T4H1,0.6,100,202,3.5667814712026678,92.01570490670942,13.60667770410282,0.6,34.543747327849026,53.056335180373786,46.60483805681532,0.593808445811122
8,0.5,zone_ws,T4H1,0.6,100,303,3.5667814712026678,52.50974464687464,12.808118126791804,0.6108333333333333,33.15378206333944,52.25295081243854,41.123979871308414,0.6290444351601864
8,0.5,zone_ws,T4H1,0.6,100,404,3.5667814712026678,39.52101132930669,11.982177729839117,0.62625,29.639048025600246,50.99889393899517,46.40303061326394,0.6280197649713978
8,0.5,zone_ws,T4H1,0.6,100,505,3.5667814712026678,79.17445543536654,17.224483596768515,0.6166666666666667,36.081681951507555,54.47860147951838,36.97859241464783,0.6183652391740047
8,0.5,zone_ws,T4H3,0.6,100,101,3.5667814712026678,59.921945930090175,12.875142120535083,0.6754166666666667,65.34160068751875,53.75259014042896,11.663588718134594,0.6104594198057335
8,0.5,zone_ws,T4H3,0.6,100,202,3.5667814712026678,86.3099449428305,17.067248863874926,0.68625,72.70303660649972,56.51599710468606,4.4951761356598645,0.5939773353129352
8,0.5,zone_ws,T4H3,0.6,100,303,3.5667814712026678,66.03349016212039,16.195595709096832,0.6679166666666667,64.52406781497851,55.04679201510401,6.678819834843701,0.6267580789895281
8,0.5,zone_ws,T4H3,0.6,100,404,3.5667814712026678,46.874407636490076,14.974918048612926,0.7495833333333334,68.87610020531581,54.11500426650221,5.560758244568034,0.6184764166243912
8,0.5,zone_ws,T4H3,0.6,100,505,3.5667814712026678,101.80468039967745,21.502661605530715,0.6279166666666667,63.31353752479384,56.15240371038045,6.977134717741436,0.6211149407109825
8,0.5,zone,zone,0.6,500,101,3.5667814712026678,186.45617578040122,39.086770255445735,0.0,2.410835032279731,40.41502833878706,107.09704870720823,0.5520928308730156
8,0.5,zone,zone,0.6,500,202,3.5667814712026678,295.1015581279901,97.15679014880429,0.0,8.23162092646689,48.952165166497025,117.81212854901709,0.472439560411609
8,0.5,zone,zone,0.6,500,303,3.5667814712026678,311.0782362753985,72.97095329506175,0.0,4.535686990403339,44.29418306674864,102.83673395479478,0.5439295360294879
8,0.5,zone,zone,0.6,500,404,3.5667814712026678,202.98347317632732,53.57412357798775,0.0,3.648153836851927,42.44891178561816,94.97544192412465,0.583663517325349
8,0.5,zone,zone,0.6,500,505,3.5667814712026678,276.25351422445874,73.54059908619,0.0,3.164103615880273,44.555550629610295,134.1726846244262,0.4569480739849616
8,0.5,zone_ws,T1H1,0.6,500,101,3.5667814712026678,186.14628582796635,39.50323321717556,0.6575,29.42146332422485,48.51746589676643,67.68571339406103,0.5524305298983536
8,0.5,zone_ws,T1H1,0.6,500,202,3.5667814712026678,329.7585762752305,108.03224537128746,0.71,56.5102016391715,60.81130549387806,66.04035194198981,0.43954043898558365
8,0.5,zone_ws,T1H1,0.6,500,303,3.5667814712026678,304.63862328584577,71.78391685169504,0.6808333333333333,41.12101872229471,54.65079258648778,52.342080029569516,0.5383719056129174
8,0.5,zone_ws,T1H1,0.6,500,404,3.5667814712026678,173.73954133810875,49.86377280623536,0.6966666666666667,36.01808638111959,51.57819043501341,50.03817488105768,0.5839954303078876
8,0.5,zone_ws,T1H1,0.6,500,505,3.5667814712026678,267.70493767909704,69.00898485830727,0.6983333333333334,33.851835230606845,54.363377666259446,86.85087997130783,0.4610806069607055
8,0.5,zone_ws,T1H3,0.6,500,101,3.5667814712026678,205.91392602242962,41.65081370821312,0.8529166666666667,78.34437595563918,51.468935705363144,18.252454724414402,0.5464807224682616
8,0.5,zone_ws,T1H3,0.6,500,202,3.5667814712026678,395.0196503685719,125.33387418392125,0.85875,113.42075017727024,64.71287742758228,8.805131042320756,0.43236717827524024
8,0.5,zone_ws,T1H3,0.6,500,303,3.5667814712026678,316.7217908754013,76.19491964042305,0.8241666666666667,85.34112440348463,56.946489959672945,7.198956218703731,0.5373795826668782
8,0.5,zone_ws,T1H3,0.6,500,404,3.5667814712026678,221.36203618222834,60.33509396282842,0.8195833333333333,80.42423821634786,54.409279221595625,10.572214677800702,0.5516096124513696
8,0.5,zone_ws,T1H3,0.6,500,505,3.5667814712026678,232.91004262517163,71.4741848935359,0.9166666666666666,90.09728591237086,56.90175272570925,20.474175859554933,0.4842734851183506
8,0.5,zone_ws,T4H1,0.6,500,101,3.5667814712026678,187.52522595872563,39.14178909338188,0.62625,28.721535617600335,48.44185725756859,68.91751493474624,0.5514906021752942
8,0.5,zone_ws,T4H1,0.6,500,202,3.5667814712026678,309.3073875188349,102.43076030154164,0.6966666666666667,53.64052019589825,59.99142939632624,66.64520736780018,0.4482401566766432
8,0.5,zone_ws,T4H1,0.6,500,303,3.5667814712026678,298.61015426521607,72.4155874656283,0.67125,38.42732328625929,54.23618952112581,53.15612373789168,0.5494211155504858
8,0.5,zone_ws,T4H1,0.6,500,404,3.5667814712026678,193.90539206176197,56.10622794114646,0.6670833333333334,36.54544396685142,52.135939238592215,51.78911000073522,0.568734018948407
8,0.5,zone_ws,T4H1,0.6,500,505,3.5667814712026678,270.98757169074565,69.87480394335753,0.6654166666666667,32.56526481120177,54.17410132223397,88.73062409142692,0.4596758995475167
8,0.5,zone_ws,T4H3,0.6,500,101,3.5667814712026678,198.08058452371765,41.041513095171304,0.8058333333333333,75.77704394449495,51.38584021698357,18.937772504191013,0.5541499376403268
8,0.5,zone_ws,T4H3,0.6,500,202,3.5667814712026678,370.6067420327647,116.71055569911192,0.8316666666666667,109.61705236054749,63.802129867482044,11.309237908349077,0.4381791671740483
8,0.5,zone_ws,T4H3,0.6,500,303,3.5667814712026678,303.4253646520236,73.46011975194342,0.8020833333333334,83.53645444547853,56.724659742631545,8.542998630503364,0.5397633457701445
8,0.5,zone_ws,T4H3,0.6,500,404,3.5667814712026678,213.98168108300663,59.60311939433881,0.7829166666666667,78.6762310574904,54.09705210253964,11.084521646565994,0.5586871404216014
8,0.5,zone_ws,T4H3,0.6,500,505,3.5667814712026678,250.0158113406885,75.09387374050443,0.8995833333333333,91.29888328488715,56.73292746544464,23.779521974062156,0.47327009181625534
8,0.5,zone,zone,0.6,static,101,3.5667814712026678,222.46056414693152,68.8054989820344,0.0,0.5643458777203691,34.82255778358714,140.34751711986124,0.4785367496956755
8,0.5,zone,zone,0.6,static,202,3.5667814712026678,907.2016114818513,271.1955042412936,0.0,1.6403038264170904,47.53049326643827,257.87777921696716,0.2767970686395106
8,0.5,zone,zone,0.6,static,303,3.5667814712026678,921.3838359972145,285.8246385175314,0.0,1.0639632931731422,47.47042783570161,261.4177755047723,0.2743377700464563
8,0.5,zone,zone,0.6,static,404,3.5667814712026678,718.5826937153618,225.33446357203084,0.0,1.0510723014197583,42.675496745006605,225.8409274685436,0.31505938855655474
8,0.5,zone,zone,0.6,static,505,3.5667814712026678,500.33387539998074,162.97417950387836,0.0,0.9457238576669046,38.87518169882659,186.83055413768437,0.372955948577637
8,0.5,zone_ws,T1H1,0.6,static,101,3.5667814712026678,271.95884599248603,81.61841730574095,0.6179166666666667,21.388184804183368,39.868801154074035,121.62333205998654,0.45320523849123745
8,0.5,zone_ws,T1H1,0.6,static,202,3.5667814712026678,797.5524876907278,229.40842812196857,0.6158333333333333,26.711773599812087,56.87550699245186,195.8669582539652,0.29738935120617
8,0.5,zone_ws,T1H1,0.6,static,303,3.5667814712026678,808.5251278460975,242.29212282569824,0.62,25.043022001936755,56.298537068561366,199.82719085724793,0.29526367134999726
8,0.5,zone_ws,T1H1,0.6,static,404,3.5667814712026678,657.5787199046832,197.45853845288153,0.6333333333333333,24.07667337830882,50.3299004415738,177.9112530789994,0.32938595791171743
8,0.5,zone_ws,T1H1,0.6,static,505,3.5667814712026678,498.7770277481217,151.78349996849272,0.6516666666666666,24.45510925652131,45.56318507213406,152.72505044042495,0.37289292474767305
8,0.5,zone_ws,T1H3,0.6,static,101,3.5667814712026678,174.7300361098125,60.74293290245154,0.9633333333333334,66.65541927267913,42.846065230953535,55.140584278643665,0.5054419146935525
8,0.5,zone_ws,T1H3,0.6,static,202,3.5667814712026678,508.46480516596023,165.19214975118737,0.98375,86.39396009353587,58.276184776622785,81.70968874350278,0.3716271701469685
8,0.5,zone_ws,T1H3,0.6,static,303,3.5667814712026678,526.6849863831321,183.88688022269125,1.0079166666666666,86.15010475217345,57.63735618836954,86.56675832423818,0.3660407051984107
8,0.5,zone_ws,T1H3,0.6,static,404,3.5667814712026678,398.10848226746623,137.11655364295362,1.0095833333333333,77.38217798783829,51.86410474248303,74.9174320199487,0.411198957058276
8,0.5,zone_ws,T1H3,0.6,static,505,3.5667814712026678,307.37227115677246,114.63552474177403,1.0175,73.750616300796,47.57785035832485,65.68053764061433,0.4473725332357119
8,0.5,zone_ws,T4H1,0.6,static,101,3.5667814712026678,262.90258908876945,78.26047854013385,0.6004166666666667,20.693617618472,39.815007646230214,120.95151454240889,0.45751340229735843
8,0.5,zone_ws,T4H1,0.6,static,202,3.5667814712026678,810.6297874767107,234.5327708013597,0.5958333333333333,25.428135241158145,56.848053083909605,199.0548812123002,0.29476760755697207
8,0.5,zone_ws,T4H1,0.6,static,303,3.5667814712026678,821.515027693645,248.95249910325867,0.6045833333333334,24.05107541291012,56.07475083684185,203.35066492797264,0.2927208857441959
8,0.5,zone_ws,T4H1,0.6,static,404,3.5667814712026678,664.0683882839775,202.90329612598146,0.61875,23.386361118658773,50.33669445066095,179.65519053834439,0.32792307062062204
8,0.5,zone_ws,T4H1,0.6,static,505,3.5667814712026678,515.2153904438516,161.0707231967253,0.6208333333333333,23.229364558472472,45.56225040153619,156.85085575714874,0.36796268630307905
8,0.5,zone_ws,T4H3,0.6,static,101,3.5667814712026678,172.3026753914587,61.651767999883845,0.9183333333333333,64.71384008225145,42.681255567364246,56.909163832480786,0.5074520622094676
8,0.5,zone_ws,T4H3,0.6,static,202,3.5667814712026678,505.27693856827915,161.62168870667224,0.9379166666666666,85.2144145568083,57.731425156969415,83.25423249997762,0.3720716934965228
8,0.5,zone_ws,T4H3,0.6,static,303,3.5667814712026678,518.8118513864745,180.35066800305907,0.9633333333333334,83.32610084697346,57.28441001878217,88.29816901776002,0.36799415127331275
8,0.5,zone_ws,T4H3,0.6,static,404,3.5667814712026678,398.9928364558898,139.8505709287347,0.96625,75.79721712215127,51.539319635781254,77.68817194997224,0.4105589739591227
8,0.5,zone_ws,T4H3,0.6,static,505,3.5667814712026678,307.34080208890424,113.64073050764645,0.9654166666666667,71.38684600769305,47.20675054831016,68.89510557117787,0.44705026147497323
8,0.0,zone,zone,0.125,static,101,3.6590420458633526,4.684894261012227,1.0864877071174663,0.0,2.997188561983591,42.281953944414596,45.024205940211296,0.6504009181543108
8,0.0,zone,zone,0.125,static,202,3.6590420458633526,4.862661754136382,1.1443641401632698,0.0,3.0519703641231097,42.42000793766707,43.77842279247341,0.6772430265874109
8,0.0,zone,zone,0.125,static,303,3.6590420458633526,5.23105204860596,1.1612483204609974,0.0,3.3125705313279385,42.68006362499282,43.7457981708286,0.6748571385150895
8,0.0,zone,zone,0.125,static,404,3.6590420458633526,4.244349232019084,1.102960992494837,0.0,3.0604328772689127,41.994326981302606,42.55050025465816,0.6729273242231341
8,0.0,zone,zone,0.125,static,505,3.6590420458633526,4.011009616523271,1.0763975822166365,0.0,2.694363033893657,41.87766638424213,40.57365049559413,0.6720567063152083
8,0.0,zone_ws,T1H1,0.125,static,101,3.6590420458633526,3.4621636853083606,1.0689219108130033,0.09041666666666667,6.094803683156347,43.47430171203854,36.72569714663498,0.6504009181543108
8,0.0,zone_ws,T1H1,0.125,static,202,3.6590420458633526,3.256898335959885,1.061098446111815,0.08916666666666667,5.922644842496898,43.38110675277086,32.31790026251485,0.6772473813082167
8,0.0,zone_ws,T1H1,0.125,static,303,3.6590420458633526,3.8604445011103428,1.115942401558838,0.10083333333333333,6.894435102446197,44.026431731488486,34.70809857189271,0.6748245628488363
8,0.0,zone_ws,T1H1,0.125,static,404,3.6590420458633526,3.2829543536747745,1.0516423242632937,0.09416666666666666,6.266430669288293,43.1281575261723,33.185981692012135,0.6729273242231341
8,0.0,zone_ws,T1H1,0.125,static,505,3.6590420458633526,3.2231132109301894,1.066542322227829,0.09208333333333334,5.8888061459409675,43.14781249444931,31.27325667685813,0.6722165314942474
8,0.0,zone_ws,T1H3,0.125,static,101,3.6590420458633526,3.1088671028339268,1.0633181752071577,0.10875,7.34138387281179,43.79418144215534,34.09149049298412,0.6504009181543108
8,0.0,zone_ws,T1H3,0.125,static,202,3.6590420458633526,3.1033454747567166,1.0839589835910453,0.11291666666666667,7.795386276167983,43.96629433818926,30.447270476121872,0.67750119995065
8,0.0,zone_ws,T1H3,0.125,static,303,3.6590420458633526,3.5210219027707277,1.0992161852754698,0.12,8.57305780370193,44.37975602837547,30.44819514457544,0.675014361295202
8,0.0,zone_ws,T1H3,0.125,static,404,3.6590420458633526,3.284790938577464,1.0717666720502221,0.11125,8.027019733112118,43.502273448697665,31.599338063202207,0.6729273242231341
8,0.0,zone_ws,T1H3,0.125,static,505,3.6590420458633526,3.243557750666528,1.0915871151269207,0.11541666666666667,7.76259366326796,43.564927758973674,29.546336185288062,0.6722165314942474
8,0.0,zone_ws,T4H1,0.125,static,101,3.6590420458633526,4.135439414794502,1.0767256924370123,0.0020833333333333333,3.034822499599227,42.271268560282685,44.80027718601499,0.6504009181543108
8,0.0,zone_ws,T4H1,0.125,static,202,3.6590420458633526,4.721314544523924,1.1485848647993957,0.0033333333333333335,3.248046188100451,42.49865754076208,43.40898387106751,0.6772430265874109
8,0.0,zone_ws,T4H1,0.125,static,303,3.6590420458633526,5.017069572453912,1.1448661519398642,0.0033333333333333335,3.345237007004276,42.72967112199013,43.513811067783024,0.6748571385150895
8,0.0,zone_ws,T4H1,0.125,static,404,3.6590420458633526,4.304468638404609,1.1057162076436535,0.00125,3.1585486374595724,42.058840921399884,42.61973213596638,0.6729273242231341
8,0.0,zone_ws,T4H1,0.125,static,505,3.6590420458633526,3.978617216084733,1.075628353275076,0.0008333333333333334,2.7122767653243574,41.90136939327527,40.45615452021603,0.6720567063152083
8,0.0,zone_ws,T4H3,0.125,static,101,3.6590420458633526,4.364903371310817,1.0774574338972023,0.0025,3.050420636733635,42.288554304631695,44.84477839606667,0.6504009181543108
8,0.0,zone_ws,T4H3,0.125,static,202,3.6590420458633526,4.631768314444732,1.1503775569723729,0.002916666666666667,3.247178798458333,42.517628308056906,43.534990192986285,0.6772430265874109
8,0.0,zone_ws,T4H3,0.125,static,303,3.6590420458633526,5.045369203659044,1.1482680114917065,0.005,3.564189661873401,42.724645817165374,43.36191587230908,0.6748571385150895
8,0.0,zone_ws,T4H3,0.125,static,404,3.6590420458633526,4.221088515931655,1.1011981135755298,0.0016666666666666668,3.1616733300220963,42.042632588066546,42.564810407937394,0.6729273242231341
8,0.0,zone_ws,T4H3,0.125,static,505,3.6590420458633526,3.841607519639099,1.0747796908862761,0.0016666666666666668,2.7403143178629294,41.92185354813317,40.345140840869526,0.6720567063152083
8,0.0,zone,zone,0.3,100,101,3.6590420458633526,14.393510195144357,2.2968581948680606,0.0,3.3537272802907694,42.81985686450444,66.72776409298999,0.6502970434730629
8,0.0,zone,zone,0.3,100,202,3.6590420458633526,13.387175862080754,1.9864924045280477,0.0,3.2129186074783838,42.76414591285277,61.97637435284733,0.6753416612096098
8,0.0,zone,zone,0.3,100,303,3.6590420458633526,14.162698508937506,1.8049983215527574,0.0,2.7689479873613965,41.805775861212865,60.58248429589648,0.6714728076029018
8,0.0,zone,zone,0.3,100,404,3.6590420458633526,19.027349537656914,2.499933842739208,0.0,3.1591097623601727,43.07525348343442,69.27299018617016,0.6664754036469369
8,0.0,zone,zone,0.3,100,505,3.6590420458633526,11.512629019822963,1.8907155132639,0.0,2.9696701812512685,41.828662333544216,62.918488678509455,0.6668112097575994
8,0.0,zone_ws,T1H1,0.3,100,101,3.6590420458633526,7.515135762025454,1.5093459064624721,0.2225,10.386638511913128,45.148947989701796,46.000530756594145,0.6502970434730629
8,0.0,zone_ws,T1H1,0.3,100,202,3.6590420458633526,6.651090825568389,1.4442472015090169,0.21041666666666667,10.644582675415185,45.10353393906535,41.89391307360045,0.6765152191042615
8,0.0,zone_ws,T1H1,0.3,100,303,3.6590420458633526,9.410631482083694,1.3940682024008189,0.19166666666666668,8.901514690269927,43.797570818995986,41.11600256454403,0.6736893615962385
8,0.0,zone_ws,T1H1,0.3,100,404,3.6590420458633526,13.272457398940968,1.8557294822514934,0.26375,12.22077125915734,46.12884032084798,45.8139640658148,0.6715130442386777
8,0.0,zone_ws,T1H1,0.3,100,505,3.6590420458633526,6.38883141826516,1.4475025355671747,0.225,10.133200373660992,43.922852851874,42.76745328915561,0.6726337524670201
8,0.0,zone_ws,T1H3,0.3,100,101,3.6590420458633526,5.8365491717375955,1.519435834948542,0.28708333333333336,20.698793167025478,46.05141983265615,31.982828132433006,0.6502970434730629
8,0.0,zone_ws,T1H3,0.3,100,202,3.6590420458633526,6.46977365320005,1.499228574346104,0.27416666666666667,19.16288021560554,45.74277966751098,31.84081828988201,0.6766522019661809
8,0.0,zone_ws,T1H3,0.3,100,303,3.6590420458633526,6.8018024154507115,1.3956080649502767,0.24958333333333332,15.98371508894495,44.712166491966315,31.83932712718577,0.6729710336460866
8,0.0,zone_ws,T1H3,0.3,100,404,3.6590420458633526,9.480195276293689,1.826953294831503,0.34125,24.143613520171794,46.925247321321415,30.903716818583963,0.6726956418822024
8,0.0,zone_ws,T1H3,0.3,100,505,3.6590420458633526,4.857959422718149,1.43557804449851,0.29333333333333333,18.037663544122974,45.15308452569899,31.48124452008371,0.672350077224356
8,0.0,zone_ws,T4H1,0.3,100,101,3.6590420458633526,8.690370947168123,1.7634541928560588,0.09083333333333334,6.548823667935948,43.872366958141065,58.14118273492008,0.6502970434730629
8,0.0,zone_ws,T4H1,0.3,100,202,3.6590420458633526,8.557260746738656,1.714940855030205,0.06666666666666667,5.840743787559902,43.53805719170154,55.30093205930232,0.6753416612096098
8,0.0,zone_ws,T4H1,0.3,100,303,3.6590420458633526,8.990484323706669,1.5741962036548978,0.055,4.646081786129619,42.464165385496905,56.430911099042206,0.6715490480310776
8,0.0,zone_ws,T4H1,0.3,100,404,3.6590420458633526,10.761034482280598,2.0232366214271758,0.11125,7.155506944620138,44.486604232098315,60.551988438339635,0.669703496658402
8,0.0,zone_ws,T4H1,0.3,100,505,3.6590420458633526,7.377610215765857,1.6685325032013667,0.075,5.513453702917174,42.60749678590961,57.75203562073434,0.6691661351481981
8,0.0,zone_ws,T4H3,0.3,100,101,3.6590420458633526,8.89975022802347,1.840844365063712,0.12458333333333334,12.094014550477004,44.450134685729545,52.05092406614013,0.6502970434730629
8,0.0,zone_ws,T4H3,0.3,100,202,3.6590420458633526,7.751396891433368,1.732236531000263,0.08166666666666667,9.044093072863124,43.783054974949444,51.638511272289556,0.6753416612096098
8,0.0,zone_ws,T4H3,0.3,100,303,3.6590420458633526,8.439335261471083,1.5751653070442189,0.07,7.566515191376107,42.71432780329166,52.8633512822235,0.6716054134199545
8,0.0,zone_ws,T4H3,0.3,100,404,3.6590420458633526,9.285276723160617,2.0821799349441164,0.14458333333333334,13.627082845901763,45.0677174025377,54.10934134101778,0.6709338986071492
8,0.0,zone_ws,T4H3,0.3,100,505,3.6590420458633526,6.34601501359062,1.6601248930195038,0.08625,7.668748263100892,42.82486578614728,55.186282703838685,0.6693408841110331
8,0.0,zone,zone,0.3,500,101,3.6590420458633526,8.529122558725655,1.4739537598070798,0.0,2.4888492174767634,40.5283435570017,56.477419986044865,0.650254868264424
8,0.0,zone,zone,0.3,500,202,3.6590420458633526,45.914026009229794,4.308330819421792,0.0,3.1441129045903717,42.63839582106234,66.36447990757442,0.6765800149068689
8,0.0,zone,zone,0.3,500,303,3.6590420458633526,78.14821278405051,10.159501669082713,0.0,4.113308278740761,44.38627155307799,74.40526213860544,0.6619982545054518
8,0.0,zone,zone,0.3,500,404,3.6590420458633526,93.30991705092033,6.841134477091733,0.0,3.207718683756097,42.870611570792065,70.89717734137103,0.6680282127634455
8,0.0,zone,zone,0.3,500,505,3.6590420458633526,61.13511503878558,4.298330112419749,0.0,2.660864771309555,41.35796461930722,61.01121182684618,0.6726332917590773
8,0.0,zone_ws,T1H1,0.3,500,101,3.6590420458633526,5.771906069277706,1.2781299563269888,0.17541666666666667,8.203223929005484,42.44232569715548,41.890808213317115,0.6503271803962573
8,0.0,zone_ws,T1H1,0.3,500,202,3.6590420458633526,13.44250169645787,1.87879235849797,0.25875,12.264226585246439,45.52432470781286,46.381045575831926,0.6779047422254786
8,0.0,zone_ws,T1H1,0.3,500,303,3.6590420458633526,35.00242518174192,3.516077465378335,0.32166666666666666,16.20726368773358,48.16701225878849,48.80956193124924,0.673584315453204
8,0.0,zone_ws,T1H1,0.3,500,404,3.6590420458633526,56.96845129471089,4.360190241330439,0.285,13.509075601697464,46.007833276129276,45.45177728217231,0.6728192795864585
8,0.0,zone_ws,T1H1,0.3,500,505,3.6590420458633526,26.821378490034647,2.405938757389785,0.22625,10.500367798440685,43.76733624606315,42.08025951491099,0.6734090516526731
8,0.0,zone_ws,T1H3,0.3,500,101,3.6590420458633526,3.96037304759767,1.2061234524350288,0.20875,13.315907601403683,42.920366242615515,33.496178285032535,0.6503061245935698
8,0.0,zone_ws,T1H3,0.3,500,202,3.6590420458633526,7.112681019519015,1.5678630067018122,0.30375,20.553543777633756,46.10348844815949,31.377405360398328,0.6779047422254786
8,0.0,zone_ws,T1H3,0.3,500,303,3.6590420458633526,22.305722816928185,3.083367863362446,0.43416666666666665,36.520476057972246,48.87940199227171,23.36834896618175,0.6739566441718248
8,0.0,zone_ws,T1H3,0.3,500,404,3.6590420458633526,34.174722575187346,3.3108209886696867,0.3754166666666667,30.164249157699622,46.829049815894244,26.389811047931776,0.6727712530625263
8,0.0,zone_ws,T1H3,0.3,500,505,3.6590420458633526,16.346229289983174,1.9507846226273222,0.30375,22.345546911580843,44.59071946878408,25.57851586496098,0.6733693438157983
8,0.0,zone_ws,T4H1,0.3,500,101,3.6590420458633526,5.798781896248091,1.3247595115606026,0.052083333333333336,4.353095105270858,41.02959854904416,51.55295978578649,0.6501510091993221
8,0.0,zone_ws,T4H1,0.3,500,202,3.6590420458633526,20.812998556052214,2.3362917830534067,0.125,7.5960209338181555,44.096239380758384,57.90283363094393,0.6773842821815851
8,0.0,zone_ws,T4H1,0.3,500,303,3.6590420458633526,38.86429625021548,4.330492515603159,0.2225,12.549382429260543,47.21676416456602,58.60327327488165,0.6688275743068562
8,0.0,zone_ws,T4H1,0.3,500,404,3.6590420458633526,43.48210874489193,3.5974592974961292,0.165,9.474966348467404,44.74160317879827,58.09414616410573,0.6711375168068895
8,0.0,zone_ws,T4H1,0.3,500,505,3.6590420458633526,32.89915284767541,2.7290491875109777,0.10916666666666666,6.73524072641941,42.888408549424874,50.26355357654719,0.6734536842603183
8,0.0,zone_ws,T4H3,0.3,500,101,3.6590420458633526,5.293958657798667,1.3055247730335067,0.059583333333333335,5.572302834392635,41.220067719108435,50.096591752888784,0.6500062594860617
8,0.0,zone_ws,T4H3,0.3,500,202,3.6590420458633526,11.101491537874237,2.063617236868086,0.14458333333333334,13.741372778111074,44.23091611789886,50.8214947712783,0.6773842821815851
8,0.0,zone_ws,T4H3,0.3,500,303,3.6590420458633526,19.517359340724887,3.2335757651871266,0.255,26.04123762766038,47.317472870895884,43.03660504831354,0.6717103623089634
8,0.0,zone_ws,T4H3,0.3,500,404,3.6590420458633526,37.67811838195071,3.4563947678106026,0.20791666666666667,20.84985570726254,45.01907032401916,46.277843571719835,0.6710467520100609
8,0.0,zone_ws,T4H3,0.3,500,505,3.6590420458633526,16.544608315405124,2.1119336491534657,0.135,14.790921078052742,43.03807937178468,40.658295147965,0.6734536842603183
8,0.0,zone,zone,0.3,static,101,3.6590420458633526,3.692335940492677,1.0571941094108679,0.0,1.848615091215936,39.297287582824104,45.70717959004095,0.65029572334445
8,0.0,zone,zone,0.3,static,202,3.6590420458633526,139.67415490212156,16.965426558630256,0.0,3.5771467425808843,44.12274772794546,99.22663709501768,0.5556917965254655
8,0.0,zone,zone,0.3,static,303,3.6590420458633526,108.76545229964235,18.108856845432964,0.0,2.4260313266385647,43.72844517500127,96.981955262016,0.5765077328151667
8,0.0,zone,zone,0.3,static,404,3.6590420458633526,82.27245006234418,12.864388418593993,0.0,2.4778728466265836,42.613984341680485,90.6873098429568,0.6034647681724176
8,0.0,zone,zone,0.3,static,505,3.6590420458633526,8.721567434932684,1.6815112403114025,0.0,2.311917982567704,40.617044717989934,60.02633133472411,0.6718293890986149
8,0.0,zone_ws,T1H1,0.3,static,101,3.6590420458633526,3.6991382578037775,1.0511496768724646,0.12541666666666668,5.566796474945534,40.46252454362535,37.186104447257485,0.6500796014284032
8,0.0,zone_ws,T1H1,0.3,static,202,3.6590420458633526,44.16781426479869,4.570048845493797,0.3104166666666667,15.290086024413625,48.109050598777166,56.53269051894373,0.6343451275899002
8,0.0,zone_ws,T1H1,0.3,static,303,3.6590420458633526,24.873482862999303,3.751300606583485,0.31125,13.87029258699875,47.15732334760891,51.763388131142314,0.6678344715714382
8,0.0,zone_ws,T1H1,0.3,static,404,3.6590420458633526,18.59084246039852,3.288828605401988,0.3254166666666667,14.078865936222144,45.921966643873425,52.353230346553005,0.6730194747899764
8,0.0,zone_ws,T1H1,0.3,static,505,3.6590420458633526,6.447423637135242,1.4081267832001225,0.20416666666666666,8.886076673654792,42.67609866469649,41.078014729123126,0.6727114825949058
8,0.0,zone_ws,T1H3,0.3,static,101,3.6590420458633526,3.347607863082968,1.0579987688443029,0.15583333333333332,8.651304000623883,41.20783960532349,31.929202776898794,0.6500796014284032
8,0.0,zone_ws,T1H3,0.3,static,202,3.6590420458633526,10.608004433469254,2.203530356924657,0.40541666666666665,31.602824855346924,48.392475135851925,28.314422036914895,0.6689611725729427
8,0.0,zone_ws,T1H3,0.3,static,303,3.6590420458633526,12.506344343879952,2.4125056374834575,0.40541666666666665,30.38757463586758,48.036251472559904,27.14265585204914,0.6713252652193247
8,0.0,zone_ws,T1H3,0.3,static,404,3.6590420458633526,8.54521734104145,1.9921075276019458,0.41125,30.00740918300495,46.84679981225151,29.30154259459364,0.6728537260932556
8,0.0,zone_ws,T1H3,0.3,static,505,3.6590420458633526,5.299134712122533,1.3903193530744633,0.26916666666666667,17.316730539441938,43.45232592314082,29.887933161162678,0.6731718834297976
8,0.0,zone_ws,T4H1,0.3,static,101,3.6590420458633526,3.708378255901132,1.0602350550606972,0.011666666666666667,2.228903082020913,39.44998918746676,44.87396516687508,0.65029572334445
8,0.0,zone_ws,T4H1,0.3,static,202,3.6590420458633526,39.904025161074884,4.635168294132961,0.21125,12.116948695031102,46.79677000237056,65.1360690273868,0.6381837528834432
8,0.0,zone_ws,T4H1,0.3,static,303,3.6590420458633526,30.74545050885696,4.663536065970518,0.23791666666666667,11.092046693445566,46.42670067747713,62.32996352396852,0.6667232479755341
8,0.0,zone_ws,T4H1,0.3,static,404,3.6590420458633526,26.287159837203568,4.238530115521864,0.21916666666666668,10.003310555935283,44.93146845368655,63.77290394399495,0.6724771512813784
8,0.0,zone_ws,T4H1,0.3,static,505,3.6590420458633526,6.729184785190292,1.4629774543453251,0.059583333333333335,4.192870067535194,41.092166642208056,53.43256059195114,0.6725468745858935
8,0.0,zone_ws,T4H3,0.3,static,101,3.6590420458633526,3.6907689486641724,1.0633697579050818,0.014583333333333334,2.512317145682085,39.48421331099625,44.78024348511322,0.65029572334445
8,0.0,zone_ws,T4H3,0.3,static,202,3.6590420458633526,12.512367451181948,2.87234213449415,0.25583333333333336,24.94807786559211,47.13435827786417,46.32931646708999,0.6679251434398326
8,0.0,zone_ws,T4H3,0.3,static,303,3.6590420458633526,13.02061433898179,2.7895505144195876,0.25625,23.362707574656316,46.842503768356536,47.383791780138395,0.667186677034507
8,0.0,zone_ws,T4H3,0.3,static,404,3.6590420458633526,7.742873503116252,2.126029419324083,0.22333333333333333,16.60397352943543,45.04465579026836,54.473269509830644,0.6728198292762056
8,0.0,zone_ws,T4H3,0.3,static,505,3.6590420458633526,5.835473366069175,1.468011690034825,0.08041666666666666,6.714368680698681,41.54252853195753,50.616559179908144,0.6725468745858935
8,0.0,zone,zone,0.47,100,101,3.6590420458633526,28.077020717994497,5.377305972442798,0.0,2.415346109540811,41.30138544041295,82.44855596029353,0.6396227510386522
8,0.0,zone,zone,0.47,100,202,3.6590420458633526,51.087373408251146,9.250099731272915,0.0,3.813771626110143,44.85413841025765,76.59103700976691,0.6496652370129203
8,0.0,zone,zone,0.47,100,303,3.6590420458633526,37.93047897069943,7.632552921344989,0.0,3.1105783537215412,42.99926943455704,79.69939010518732,0.6494111504819227
8,0.0,zone,zone,0.47,100,404,3.6590420458633526,28.65514579464112,5.99769744379224,0.0,2.771557138072076,41.752383220996336,79.30015094879745,0.6619492269164489
8,0.0,zone,zone,0.47,100,505,3.6590420458633526,44.91921019294669,7.25113618500245,0.0,3.304308191043964,43.32273104748436,76.85534495099161,0.6571354231923267
8,0.0,zone_ws,T1H1,0.47,100,101,3.6590420458633526,19.990637005824603,3.5339884717086876,0.48375,18.777975119952373,45.110364311931335,56.3871912692895,0.6438641064691935
8,0.0,zone_ws,T1H1,0.47,100,202,3.6590420458633526,39.80636817415873,5.980379166753688,0.5258333333333334,23.50131964881348,49.77247039901783,47.03073121647307,0.6552527261537947
8,0.0,zone_ws,T1H1,0.47,100,303,3.6590420458633526,20.380506006503158,4.258640798055639,0.4970833333333333,20.456231532992728,46.95330748409362,52.922881873374926,0.6572331872589374
8,0.0,zone_ws,T1H1,0.47,100,404,3.6590420458633526,18.253999010842403,4.041238028284349,0.5033333333333333,20.194700917588168,45.91613502665071,54.1302152530275,0.6666786714206785
8,0.0,zone_ws,T1H1,0.47,100,505,3.6590420458633526,28.004782780718028,4.799927563315161,0.5220833333333333,22.06858592667637,47.837635665467175,48.929378722518315,0.6642009137564359
8,0.0,zone_ws,T1H3,0.47,100,101,3.6590420458633526,17.790113586993396,3.464518444682492,0.6570833333333334,46.664276745560095,46.38584049301622,24.64870226358879,0.6441769180597479
8,0.0,zone_ws,T1H3,0.47,100,202,3.6590420458633526,29.71973702561524,5.536943112678954,0.6845833333333333,55.16865076400574,50.78355965171716,12.904543282315915,0.6602607475288788
8,0.0,zone_ws,T1H3,0.47,100,303,3.6590420458633526,19.752875601251024,4.337044182495555,0.7020833333333333,54.9669628017768,48.66718897961612,16.347774282293976,0.6597401716708036
8,0.0,zone_ws,T1H3,0.47,100,404,3.6590420458633526,15.510787879161233,3.679111377281889,0.6716666666666666,48.92377301591261,46.65912855867704,21.72760324286356,0.6681981721059984
8,0.0,zone_ws,T1H3,0.47,100,505,3.6590420458633526,23.944095701927896,4.831043169017546,0.6766666666666666,51.899451614276444,48.844716702003325,17.598022704374497,0.6645367984969293
8,0.0,zone_ws,T4H1,0.47,100,101,3.6590420458633526,17.699265908117344,3.7041411412806693,0.35125,13.866452395855354,44.149205083429145,65.32635390592975,0.6441588204811803
8,0.0,zone_ws,T4H1,0.47,100,202,3.6590420458633526,39.34358867588916,6.358200748111892,0.41375,20.115154616099527,49.05861192522852,51.402006404274736,0.6558085075981622
8,0.0,zone_ws,T4H1,0.47,100,303,3.6590420458633526,23.802093485039894,4.7839788680061,0.37583333333333335,16.8156386812217,46.43800321905339,58.80808491499699,0.6541270922036512
8,0.0,zone_ws,T4H1,0.47,100,404,3.6590420458633526,19.571133462340548,4.270758342209809,0.39,16.41881350641376,45.03743222910876,59.39074847067978,0.6663132448253469
8,0.0,zone_ws,T4H1,0.47,100,505,3.6590420458633526,25.846618247348992,4.992772934145779,0.40708333333333335,18.596506107646835,47.08565241179046,54.802217408061516,0.663188108756088
8,0.0,zone_ws,T4H3,0.47,100,101,3.6590420458633526,16.828878783166697,3.4327871064318343,0.48083333333333333,34.704940970212355,45.21607331179211,43.29426675296344,0.6441289844836574
8,0.0,zone_ws,T4H3,0.47,100,202,3.6590420458633526,28.1163780285059,5.743693288895139,0.5458333333333333,47.112200502425374,49.5944132990588,24.07813938546214,0.6582232076159014
8,0.0,zone_ws,T4H3,0.47,100,303,3.6590420458633526,19.190367006269135,4.361876813841042,0.5333333333333333,45.56571251851117,47.52782966623047,27.72769450915946,0.6608568827100162
8,0.0,zone_ws,T4H3,0.47,100,404,3.6590420458633526,15.209535731767563,3.85332034173647,0.5229166666666667,39.499947531725724,45.97023076760254,35.594161349582244,0.6647708923145078
8,0.0,zone_ws,T4H3,0.47,100,505,3.6590420458633526,23.7146512929571,4.662855116535362,0.5416666666666666,43.412874718519234,47.6467253863725,28.78799899359805,0.6650866442565593
8,0.0,zone,zone,0.47,500,101,3.6590420458633526,139.96836311086736,28.00812712554744,0.0,2.857140037991363,43.785270737236814,109.36521107332449,0.5292462747163215
8,0.0,zone,zone,0.47,500,202,3.6590420458633526,161.96761919345784,28.559148963630676,0.0,2.5633321358709833,43.01716564148062,85.60957074064734,0.6249491539495224
8,0.0,zone,zone,0.47,500,303,3.6590420458633526,154.27472950354158,31.220525456348003,0.0,2.860583480494333,44.631919630676784,96.00652766920192,0.5737111248635426
8,0.0,zone,zone,0.47,500,404,3.6590420458633526,180.5515206177686,36.35112491320378,0.0,3.564692973946888,45.435981892172926,95.65600881716477,0.5681469673112091
8,0.0,zone,zone,0.47,500,505,3.6590420458633526,121.87391855768978,20.96350108700145,0.0,2.213993347865873,41.889318336710566,90.72749370448707,0.6090491491968321
8,0.0,zone_ws,T1H1,0.47,500,101,3.6590420458633526,99.35101464523112,16.840903470764538,0.5291666666666667,21.12762706991153,48.646175990333695,72.96586085797395,0.5593043574700381
8,0.0,zone_ws,T1H1,0.47,500,202,3.6590420458633526,102.06385005196167,16.67202951070161,0.5295833333333333,20.689117252182783,47.79169769127723,49.79888458625098,0.6620160012886634
8,0.0,zone_ws,T1H1,0.47,500,303,3.6590420458633526,94.85148444923804,19.25539063523612,0.5558333333333333,23.597333092939135,49.51160941567378,63.27063614494789,0.5902848097638693
8,0.0,zone_ws,T1H1,0.47,500,404,3.6590420458633526,116.56956146269819,22.53317613762209,0.57125,24.817415789869838,50.51941645880752,59.16281483170979,0.5969364932435052
8,0.0,zone_ws,T1H1,0.47,500,505,3.6590420458633526,74.60202215286382,12.957691626142527,0.5333333333333333,20.30846636579282,46.174220415558594,62.10543660041482,0.6218311177476016
8,0.0,zone_ws,T1H3,0.47,500,101,3.6590420458633526,63.374565896585175,12.48543622441764,0.7320833333333333,55.74379307755378,48.84818543630557,26.404243458562274,0.6004252558097178
8,0.0,zone_ws,T1H3,0.47,500,202,3.6590420458633526,73.50336176707495,13.336605420911287,0.7070833333333333,53.7192227708402,48.55657321867713,16.34145921579871,0.6609308776436528
8,0.0,zone_ws,T1H3,0.47,500,303,3.6590420458633526,77.84513239614175,15.200772446817666,0.76375,59.432525555329605,49.838607618979,19.283525543569056,0.625448594087925
8,0.0,zone_ws,T1H3,0.47,500,404,3.6590420458633526,87.9096101672798,19.288844736498806,0.7608333333333334,61.87819811656158,50.84185407839493,17.14676268376203,0.6177025805927747
8,0.0,zone_ws,T1H3,0.47,500,505,3.6590420458633526,66.99574177406808,9.965492250035632,0.7295833333333334,53.329838559332245,47.20208842418772,21.16963874991605,0.6514516449788983
8,0.0,zone_ws,T4H1,0.47,500,101,3.6590420458633526,97.94829183444013,16.697056266063758,0.47375,19.243560034631088,48.05780529041615,75.45802413859047,0.5602206032276135
8,0.0,zone_ws,T4H1,0.47,500,202,3.6590420458633526,99.4728964151232,16.844404972193395,0.46041666666666664,19.314607728368536,47.455344676607574,53.9255502930957,0.6571647199457779
8,0.0,zone_ws,T4H1,0.47,500,303,3.6590420458633526,102.4446939734061,20.563316468366313,0.50625,21.589749907549827,49.34804670441664,63.961301600260946,0.5944092357649947
8,0.0,zone_ws,T4H1,0.47,500,404,3.6590420458633526,122.18511513711019,23.607936830685286,0.5166666666666667,22.21665959902991,50.61777282329778,60.79993895471433,0.5968864163403047
8,0.0,zone_ws,T4H1,0.47,500,505,3.6590420458633526,70.5744875264994,12.05143112505248,0.48,19.141792921494872,45.25586527238029,65.2075008229035,0.6245290231517214
8,0.0,zone_ws,T4H3,0.47,500,101,3.6590420458633526,56.23362026827154,13.15978081897075,0.645,51.88812928629904,48.14126878191191,32.73590433168614,0.5994719097098962
8,0.0,zone_ws,T4H3,0.47,500,202,3.6590420458633526,71.72457054171959,13.444816140919304,0.6116666666666667,50.530374367705946,47.846104654967846,21.712028282827575,0.6585844305390348
8,0.0,zone_ws,T4H3,0.47,500,303,3.6590420458633526,73.70394751959658,15.228708456484362,0.6875,57.542967163017046,49.39136963097511,21.87561101562867,0.626289067454372
8,0.0,zone_ws,T4H3,0.47,500,404,3.6590420458633526,95.6764744360348,18.810843389178327,0.6991666666666667,60.58506294795487,50.67741666536036,20.343237753892588,0.6125086797973893
8,0.0,zone_ws,T4H3,0.47,500,505,3.6590420458633526,59.673400657281405,9.40967918894923,0.6254166666666666,47.156876597084505,46.25406331252771,30.061291466252683,0.6524621129255451
8,0.0,zone,zone,0.47,static,101,3.6590420458633526,37.566129546084994,9.681561206782316,0.0,0.9301612255407542,36.347645242618306,97.33036168464034,0.6157437743644899
8,0.0,zone,zone,0.47,static,202,3.6590420458633526,591.4231887968252,140.06129785971163,0.0,2.2210155326728183,46.015126060762256,192.58092942054435,0.35059799673572045
8,0.0,zone,zone,0.47,static,303,3.6590420458633526,592.4799506250204,142.61667706802788,0.0,1.4523880300328211,45.90111724309094,194.4123730430772,0.34935571972465695
8,0.0,zone,zone,0.47,static,404,3.6590420458633526,439.93320711703865,109.49019548921565,0.0,1.4486472627551386,42.68475356110741,166.7115642082943,0.39968853685459527
8,0.0,zone,zone,0.47,static,505,3.6590420458633526,252.6142973382208,62.13972412518076,0.0,1.3968868199641655,39.88568846555722,131.83035596117818,0.48325300010252215
8,0.0,zone_ws,T1H1,0.47,static,101,3.6590420458633526,13.424004198137164,2.895243687914397,0.43875,13.736175221733113,38.40834923907776,63.65353722596685,0.6426979531383011
8,0.0,zone_ws,T1H1,0.47,static,202,3.6590420458633526,393.2967690305867,87.59080728929055,0.5129166666666667,20.126802409626233,51.23516013418686,125.3352373506469,0.4173154685659609
8,0.0,zone_ws,T1H1,0.47,static,303,3.6590420458633526,407.3491878095328,94.12929474432866,0.5070833333333333,18.602317483085656,50.52391940326885,131.0017605920825,0.41026816977865815
8,0.0,zone_ws,T1H1,0.47,static,404,3.6590420458633526,303.31130775018215,73.79510334308375,0.5170833333333333,18.534306868582437,47.20180297117816,114.04987323498868,0.4569885278397808
8,0.0,zone_ws,T1H1,0.47,static,505,3.6590420458633526,168.58446041383527,38.74125678067296,0.5175,18.52867192665113,43.8395831727324,91.56214484921905,0.5319461691740305
8,0.0,zone_ws,T1H3,0.47,static,101,3.6590420458633526,9.10331661941631,2.2426413396795173,0.5858333333333333,33.10651999102719,40.43425300607125,34.19164350531256,0.6461814519929426
8,0.0,zone_ws,T1H3,0.47,static,202,3.6590420458633526,174.3783585782342,44.61897283269333,0.8154166666666667,64.71785229348555,50.40881470364281,39.60350770642348,0.5311157848984109
8,0.0,zone_ws,T1H3,0.47,static,303,3.6590420458633526,188.22085405263022,51.91240911834361,0.8225,63.075532453969245,50.332110972814036,44.70931100327017,0.5209259514332116
8,0.0,zone_ws,T1H3,0.47,static,404,3.6590420458633526,124.58516112380659,34.08248771692389,0.8204166666666667,58.63689254507425,47.318504549570825,36.529979097306146,0.5733304508200333
8,0.0,zone_ws,T1H3,0.47,static,505,3.6590420458633526,62.86517052180314,17.945111738874274,0.7908333333333334,53.61879760910589,45.00676047289911,30.906215329745987,0.6213849241354403
8,0.0,zone_ws,T4H1,0.47,static,101,3.6590420458633526,18.024534521757328,3.626019519561358,0.36625,11.713689573793989,38.2000325542364,71.72666321808092,0.6400597056338238
8,0.0,zone_ws,T4H1,0.47,static,202,3.6590420458633526,378.1267397782278,83.35897513196092,0.48375,20.210372898722785,50.80932678158695,123.14055008946579,0.42358201599253115
8,0.0,zone_ws,T4H1,0.47,static,303,3.6590420458633526,399.45920186639063,92.16390160357177,0.48541666666666666,18.34027920392301,50.23806562727965,130.30636167383636,0.41346537294406294
8,0.0,zone_ws,T4H1,0.47,static,404,3.6590420458633526,308.92279831081294,72.08316243540543,0.48541666666666666,17.803581225308758,46.91891444429604,116.11258177500788,0.4544002853889707
8,0.0,zone_ws,T4H1,0.47,static,505,3.6590420458633526,138.85857460716338,32.06386555803652,0.48875,17.433921456704415,43.13346342897527,87.86182939898826,0.5521345896112668
8,0.0,zone_ws,T4H3,0.47,static,101,3.6590420458633526,12.463533385720977,2.7149103977721705,0.43583333333333335,26.095233276205658,39.49538960742733,52.33567278166829,0.6449156306909687
8,0.0,zone_ws,T4H3,0.47,static,202,3.6590420458633526,160.28058893401052,42.28291240007346,0.73625,60.998848812192726,49.86190219775416,41.1502787737917,0.5396755883336845
8,0.0,zone_ws,T4H3,0.47,static,303,3.6590420458633526,170.7468697553866,47.77393023250976,0.74125,60.18184616662047,49.81794815674965,44.4983259665269,0.5321972887347509
8,0.0,zone_ws,T4H3,0.47,static,404,3.6590420458633526,123.31977400216763,34.885696522594756,0.74375,57.076740924191604,47.21892254700515,39.08066368370115,0.572023509915008
8,0.0,zone_ws,T4H3,0.47,static,505,3.6590420458633526,53.17981812139181,15.35241001349141,0.68875,47.57231373943893,44.212296449732406,36.870331685956835,0.6318631851202409
8,0.0,zone,zone,0.6,100,101,3.6590420458633526,48.25231256121312,10.6198445657433,0.0,2.537546980814693,42.19159173651247,84.61266478563164,0.6320006717700424
8,0.0,zone,zone,0.6,100,202,3.6590420458633526,87.81653269327187,14.111409589719631,0.0,3.4018203948323036,43.567610280419856,86.09968844835409,0.6144297300639407
8,0.0,zone,zone,0.6,100,303,3.6590420458633526,57.678934439750925,12.975284921633845,0.0,3.109921526161689,42.980628225074156,82.69654144954056,0.6341657768868401
8,0.0,zone,zone,0.6,100,404,3.6590420458633526,43.48854637520639,11.968787688497786,0.0,2.4518551236843047,41.88051907902704,84.89252806434799,0.6339124286279365
8,0.0,zone,zone,0.6,100,505,3.6590420458633526,75.62496756942737,15.997231874905582,0.0,3.5838391216013794,44.12606919017038,81.12444442559494,0.6306335456458947
8,0.0,zone_ws,T1H1,0.6,100,101,3.6590420458633526,37.25196410777005,7.592224723969703,0.6283333333333333,24.130491082276336,46.78818918356922,54.619016905158375,0.6373873698303678
8,0.0,zone_ws,T1H1,0.6,100,202,3.6590420458633526,49.10865551477425,9.150430451285906,0.6675,27.913993380409885,48.19147033145673,50.55316664413959,0.6327358125694393
8,0.0,zone_ws,T1H1,0.6,100,303,3.6590420458633526,42.75907644980923,9.113637300244582,0.6716666666666666,27.509314825000953,48.10478639009739,47.8281660404054,0.644273910806856
8,0.0,zone_ws,T1H1,0.6,100,404,3.6590420458633526,31.353683656884186,8.432558453867186,0.6704166666666667,25.258812352588347,46.55545811634458,51.81222024448959,0.6469333033883602
8,0.0,zone_ws,T1H1,0.6,100,505,3.6590420458633526,45.650198074657254,10.590746336522907,0.6829166666666666,27.730368725568237,49.00012212817214,46.94395164765749,0.6403974704951008
8,0.0,zone_ws,T1H3,0.6,100,101,3.6590420458633526,30.706945272431053,7.163714892104857,0.83375,59.86008923079677,47.398499421891735,17.611817395424254,0.6379436839084811
8,0.0,zone_ws,T1H3,0.6,100,202,3.6590420458633526,54.02971184078732,9.570497966799495,0.8320833333333333,64.83413183667852,49.09120931711945,10.404835592828135,0.6412255781097962
8,0.0,zone_ws,T1H3,0.6,100,303,3.6590420458633526,35.59521727888177,8.646090567479765,0.8370833333333333,62.01740939622222,48.82533785413194,11.119057660289808,0.6539132231649051
8,0.0,zone_ws,T1H3,0.6,100,404,3.6590420458633526,27.977108764300162,8.356685614684988,0.8775,63.80273069027439,47.46542607941904,11.27842784848596,0.6526836605195149
8,0.0,zone_ws,T1H3,0.6,100,505,3.6590420458633526,39.625779213743265,11.312406697062881,0.8254166666666667,64.41888372583298,49.848817362730124,7.900556753084833,0.6474674741270863
8,0.0,zone_ws,T4H1,0.6,100,101,3.6590420458633526,37.269366508625815,7.932420421114131,0.52875,21.12728575870561,46.65609105851221,58.61005594472887,0.6347809892719996
8,0.0,zone_ws,T4H1,0.6,100,202,3.6590420458633526,55.128599935141864,9.786094437068895,0.5795833333333333,25.18580315395522,48.08221280580909,53.40670533130001,0.630877544168187
8,0.0,zone_ws,T4H1,0.6,100,303,3.6590420458633526,37.1444818686107,8.830254980054377,0.5754166666666667,23.612501149512205,47.48014149790907,52.247713481793944,0.6484422637477115
8,0.0,zone_ws,T4H1,0.6,100,404,3.6590420458633526,30.99032108694787,8.650375167585853,0.5983333333333334,22.510745800848678,46.16551789795676,54.939571343844946,0.6474565635006769
8,0.0,zone_ws,T4H1,0.6,100,505,3.6590420458633526,40.399200173677876,10.712563993929912,0.61125,25.204531406467737,48.69111438191688,51.023198415497696,0.6385019712635768
8,0.0,zone_ws,T4H3,0.6,100,101,3.6590420458633526,30.34345103831827,7.0380175863812635,0.7333333333333333,53.77525048779548,46.60216101640301,26.426623749906128,0.6359892913831671
8,0.0,zone_ws,T4H3,0.6,100,202,3.6590420458633526,47.132639063169286,9.20754868598734,0.7595833333333334,59.83826319512857,48.45649539882326,16.090372689329396,0.6413904479600974
8,0.0,zone_ws,T4H3,0.6,100,303,3.6590420458633526,38.090840293864886,8.890390185820005,0.75875,58.27749497370415,48.12121779453693,16.377555659245825,0.6518447082744196
8,0.0,zone_ws,T4H3,0.6,100,404,3.6590420458633526,28.13657184703605,8.22424624021969,0.8016666666666666,58.910353186645686,46.36675639198349,18.248697035640166,0.6507387698223942
8,0.0,zone_ws,T4H3,0.6,100,505,3.6590420458633526,37.81605224068951,10.49736627834736,0.78125,60.74465056574435,49.53107810402249,11.944149940365843,0.6514398499627568
8,0.0,zone,zone,0.6,500,101,3.6590420458633526,180.04798784466325,38.1918011980839,0.0,2.000837628507944,39.75326912271757,104.11894576385025,0.566762578463466
8,0.0,zone,zone,0.6,500,202,3.6590420458633526,260.2218026841982,85.69811159834266,0.0,6.72163650942139,46.750968150540665,111.99789790416081,0.49830056378650533
8,0.0,zone,zone,0.6,500,303,3.6590420458633526,290.1586053998098,68.7578011234356,0.0,3.5838932422112704,43.11367339982198,98.14474631559588,0.5683224656545867
8,0.0,zone,zone,0.6,500,404,3.6590420458633526,195.30274970934718,51.65053878682402,0.0,2.92045856920593,41.60367048879192,93.26192667927864,0.5971967923611065
8,0.0,zone,zone,0.6,500,505,3.6590420458633526,269.1366087139978,70.62495031149324,0.0,2.5790650071956547,43.61812279404589,131.08288324165395,0.46850985578993487
8,0.0,zone_ws,T1H1,0.6,500,101,3.6590420458633526,132.30025820812912,28.92107361152291,0.6520833333333333,23.890374083981587,44.299553847983056,64.21878812054759,0.6072751444989274
8,0.0,zone_ws,T1H1,0.6,500,202,3.6590420458633526,204.32346395232435,63.538756554076734,0.695,37.8171139111328,52.90443857436507,59.37417148052031,0.5321716223608309
8,0.0,zone_ws,T1H1,0.6,500,303,3.6590420458633526,172.58985961341105,42.41708062440103,0.6825,29.317031461171556,48.29920269065721,53.44743928898164,0.6111808280826765
8,0.0,zone_ws,T1H1,0.6,500,404,3.6590420458633526,138.64769126339098,37.21307771053728,0.6816666666666666,26.408556610896706,46.423296311865045,55.91744044439183,0.6222402137667107
8,0.0,zone_ws,T1H1,0.6,500,505,3.6590420458633526,167.25867966839863,47.697211187951936,0.7016666666666667,27.245570841667536,48.88348256917022,77.15710955080259,0.526916316836852
8,0.0,zone_ws,T1H3,0.6,500,101,3.6590420458633526,100.44549483407071,21.75024693256256,0.91375,64.00998728721115,44.64414269721346,22.519358604676846,0.6158412078010397
8,0.0,zone_ws,T1H3,0.6,500,202,3.6590420458633526,180.57707469197504,51.19710814686217,0.8820833333333333,80.52831847764386,52.02500357730163,10.941067071275109,0.5596807789726523
8,0.0,zone_ws,T1H3,0.6,500,303,3.6590420458633526,134.3197962815655,36.984983186096095,0.8808333333333334,69.05421320890463,48.79548112062158,12.249679719349551,0.6168893641576138
8,0.0,zone_ws,T1H3,0.6,500,404,3.6590420458633526,113.42259272500476,31.390348830359397,0.9104166666666667,67.06938084109409,46.79874537650718,14.402977606425257,0.6273021926021254
8,0.0,zone_ws,T1H3,0.6,500,505,3.6590420458633526,139.32112209994418,41.5267312917758,0.9404166666666667,73.2352396821124,48.86453205400231,20.23996561518597,0.5674076826585593
8,0.0,zone_ws,T4H1,0.6,500,101,3.6590420458633526,107.84213602005184,25.02923877391046,0.6304166666666666,23.031230491520162,43.260654637038826,65.25693107617478,0.6172305240496369
8,0.0,zone_ws,T4H1,0.6,500,202,3.6590420458633526,203.1460684513925,64.0478393812669,0.6745833333333333,37.36029633165861,52.91938832815614,58.67198862801708,0.5366920083445653
8,0.0,zone_ws,T4H1,0.6,500,303,3.6590420458633526,180.7419501763382,44.81696924782068,0.66375,28.35241876444445,48.02133355118019,54.66764211673699,0.6109308329207753
8,0.0,zone_ws,T4H1,0.6,500,404,3.6590420458633526,135.66934174488588,37.337696204456186,0.65375,25.274880900203215,46.30387232728774,57.80189845045769,0.619731200218679
8,0.0,zone_ws,T4H1,0.6,500,505,3.6590420458633526,187.85731551026893,50.157619568752544,0.6620833333333334,26.35383487783278,48.75794573313375,82.06433128256772,0.5142905494310324
8,0.0,zone_ws,T4H3,0.6,500,101,3.6590420458633526,105.7398609643625,21.260664884210037,0.87,61.857892058071776,44.4764833664163,25.335475797198022,0.6168639648811745
8,0.0,zone_ws,T4H3,0.6,500,202,3.6590420458633526,181.51063676902515,51.00546242980586,0.8558333333333333,79.88419969560574,52.044185434466854,11.485876555063726,0.5600398400807427
8,0.0,zone_ws,T4H3,0.6,500,303,3.6590420458633526,124.41314888082599,36.00135696009553,0.8670833333333333,68.67048996222422,48.54921534805711,12.830686941491532,0.6178330281527011
8,0.0,zone_ws,T4H3,0.6,500,404,3.6590420458633526,115.9876349770441,31.694868231692713,0.8791666666666667,65.92426235187817,46.709469620161684,16.38510613056491,0.6249400968232264
8,0.0,zone_ws,T4H3,0.6,500,505,3.6590420458633526,145.62656303294298,40.52420432400909,0.915,70.11648846447757,48.24190551884609,23.24707148447983,0.5717673582793958
8,0.0,zone,zone,0.6,static,101,3.6590420458633526,234.73496850068406,71.96055718583776,0.0,0.5040712382766124,34.65106261147641,139.6502822577935,0.4811887955915769
8,0.0,zone,zone,0.6,static,202,3.6590420458633526,910.7685220814186,270.6790104975911,0.0,1.393511028183382,47.14822903418373,255.8734338706106,0.27907009494708374
8,0.0,zone,zone,0.6,static,303,3.6590420458633526,928.878077600283,286.6045937978026,0.0,0.932690417599531,47.23285384464092,260.04017768673447,0.2759041930664145
8,0.0,zone,zone,0.6,static,404,3.6590420458633526,723.1330374390724,225.08057770514287,0.0,0.8448696418311767,42.354372954471245,223.95020374009493,0.317786754434833
8,0.0,zone,zone,0.6,static,505,3.6590420458633526,509.07610544257216,164.56376140548224,0.0,0.8202793621388639,38.61051730083697,185.61360649396943,0.3754789257506841
8,0.0,zone_ws,T1H1,0.6,static,101,3.6590420458633526,166.74933696868436,48.45562405590056,0.6233333333333333,19.350554576185274,37.43910656033919,102.49754145282476,0.519276000723257
8,0.0,zone_ws,T1H1,0.6,static,202,3.6590420458633526,682.0412891426603,193.1720952638506,0.6158333333333333,23.131110830927543,52.890349030810576,177.14919325036087,0.32700926856077767
8,0.0,zone_ws,T1H1,0.6,static,303,3.6590420458633526,698.0732920485432,208.04764920077585,0.6225,21.675606601288163,52.49070587189319,181.88132274616666,0.32327367721644956
8,0.0,zone_ws,T1H1,0.6,static,404,3.6590420458633526,583.6709366998699,178.25003909400374,0.62125,21.16910241625209,47.485778478206115,165.45322724212429,0.35384192081870025
8,0.0,zone_ws,T1H1,0.6,static,505,3.6590420458633526,419.10328479898413,127.40583547963546,0.6466666666666666,21.217409796330625,42.53671423067542,139.85812889140428,0.4066251097791299
8,0.0,zone_ws,T1H3,0.6,static,101,3.6590420458633526,60.44385570005366,21.98873692177363,0.955,55.38040032720538,38.486998418589934,43.640875835237,0.5978616038399467
8,0.0,zone_ws,T1H3,0.6,static,202,3.6590420458633526,326.50989320673733,103.93755984212959,0.9779166666666667,70.83284515986588,50.123241218303285,65.2253227165905,0.44874427969117975
8,0.0,zone_ws,T1H3,0.6,static,303,3.6590420458633526,345.65451717787016,120.12031464736755,0.9991666666666666,70.76551189736954,50.3359203638824,69.37529216642184,0.43911302698731164
8,0.0,zone_ws,T1H3,0.6,static,404,3.6590420458633526,247.64200746799196,86.26644388766732,1.00125,64.92934642174856,45.49257138847532,60.71953360234034,0.487358749690288
8,0.0,zone_ws,T1H3,0.6,static,505,3.6590420458633526,183.48652461606832,69.61191627466522,1.0033333333333334,62.22365660420721,42.11322760968482,53.85616914954261,0.5242653797559182
8,0.0,zone_ws,T4H1,0.6,static,101,3.6590420458633526,177.73413814416665,49.02442504594835,0.6054166666666667,18.583599645380247,37.303457643417055,105.72124238487501,0.5127482728127368
8,0.0,zone_ws,T4H1,0.6,static,202,3.6590420458633526,687.5224436610482,196.32489016299138,0.5983333333333334,22.391006165095487,52.831367875917316,178.83716270146726,0.32562512088012413
8,0.0,zone_ws,T4H1,0.6,static,303,3.6590420458633526,697.9221106706407,210.45878547140163,0.6108333333333333,21.752773387063616,52.47774312205368,181.98863344058464,0.3233361904747746
8,0.0,zone_ws,T4H1,0.6,static,404,3.6590420458633526,577.5206261575007,177.7141537298942,0.61875,21.102646549001545,47.246010828873494,164.54387788485027,0.35574892843880035
8,0.0,zone_ws,T4H1,0.6,static,505,3.6590420458633526,404.560457041005,123.57274255876291,0.6291666666666667,20.844896399890523,42.15325684440557,137.99797234115184,0.41232992864189616
8,0.0,zone_ws,T4H3,0.6,static,101,3.6590420458633526,62.51757627523157,22.950809611513495,0.9120833333333334,54.622468821229944,38.44759517789235,45.74247333394607,0.5947566064962492
8,0.0,zone_ws,T4H3,0.6,static,202,3.6590420458633526,328.25246649227034,103.25940957925204,0.93875,69.69721582614828,49.86355426638046,67.24648815511318,0.44687716235891417
8,0.0,zone_ws,T4H3,0.6,static,303,3.6590420458633526,332.28242092558787,116.30906531708091,0.955,68.34625732679947,50.04252526980217,69.75268777379372,0.44440153153066414
8,0.0,zone_ws,T4H3,0.6,static,404,3.6590420458633526,246.64008079690132,85.26568182536772,0.9579166666666666,63.32310921301356,45.259078756922854,62.60781186025437,0.48788911656280876
8,0.0,zone_ws,T4H3,0.6,static,505,3.6590420458633526,168.0114402031563,63.59550271362494,0.9566666666666667,59.2045911432629,41.71777329061445,54.854711875148084,0.5326114671112611
