seed,virtual_platter_id,service_lane,first_request_index,size_bytes,logical_request_count,unique_blob_version_count
20260804,471,7,0,3287045,125,124
20260804,274,2,1,5466576,125,125
20260804,154,2,2,26926873,1608,125
20260804,360,0,3,3478075,126,125
20260804,326,6,4,8111678,127,125
20260804,101,5,5,3628513,125,125
20260804,102,6,6,13919404,128,125
20260804,612,4,7,1568945,126,124
20260804,316,4,8,6320131,141,125
20260804,260,4,9,2908498,1129,125
20260804,314,2,10,15357560,129,125
20260804,342,6,11,1813517,126,125
20260804,199,7,12,3719485,676,125
20260804,531,3,14,6785987,126,124
20260804,438,6,15,21982962,126,124
20260804,387,3,16,35844189,127,125
20260804,123,3,17,4355898,125,125
20260804,626,2,18,28077566,124,124
20260804,548,4,19,3728955,129,124
20260804,117,5,20,1348279,125,125
20260804,472,0,21,13601483,124,124
20260804,48,0,22,6331856,128,125
20260804,379,3,23,24875068,669,125
20260804,542,6,24,11741041,128,124
20260804,217,1,25,3254931,126,125
20260804,32,0,26,70084867,141,125
20260804,578,2,28,2861261,124,124
20260804,299,3,30,6504097,1220,125
20260804,372,4,31,7196905,125,125
20260804,233,1,32,18042130,126,125
20260804,97,1,33,15869972,125,125
20260804,614,6,34,7360061,124,124
20260804,129,1,35,9491338,173,125
20260804,579,3,36,4419307,126,124
20260804,259,3,37,4803033,127,125
20260804,237,5,38,4712436,125,125
20260804,98,2,39,4232850,125,125
20260804,20,4,40,4606324,126,125
20260804,534,6,41,4507875,129,124
20260804,206,6,42,9962738,127,125
20260804,257,1,43,2203782,571,125
20260804,624,0,45,7469276,126,124
20260804,617,1,46,8538377,124,124
20260804,355,3,47,5162672,142,125
20260804,106,2,49,1176402,125,125
20260804,422,6,50,11242236,168,124
20260804,73,1,51,7464682,125,125
20260804,38,6,52,7790573,125,125
20260804,570,2,53,5007909,158,124
20260804,586,2,54,5835650,142,124
20260804,60,4,55,7360979,153,125
20260804,148,4,56,50879640,141,125
20260804,181,5,57,3490845,210,125
20260804,255,7,58,3164298,143,125
20260804,637,5,59,3256689,140,124
20260804,211,3,60,3381969,141,125
20260804,546,2,61,17383062,140,124
20260804,230,6,62,6236468,125,125
20260804,240,0,63,11955546,141,125
20260804,577,1,64,6976230,140,124
20260804,265,1,65,70015669,143,125
20260804,171,3,66,9567534,144,125
20260804,64,0,67,5847419,141,125
20260804,248,0,68,1688256,142,125
20260804,267,3,69,12418204,142,125
20260804,192,0,70,3161349,142,125
20260804,357,5,71,3040916,141,125
20260804,277,5,72,5919234,603,125
20260804,309,5,73,3820781,141,125
20260804,137,1,74,5829683,679,125
20260804,551,7,77,2814299,140,124
20260804,54,6,78,17511683,141,125
20260804,172,4,80,3372047,568,125
20260804,318,6,82,4574542,125,125
20260804,552,0,83,3806867,679,124
20260804,288,0,85,28523938,125,125
20260804,110,6,86,9556841,127,125
20260804,173,5,87,4542969,625,125
20260804,516,4,90,1826879,124,124
20260804,523,3,91,6932644,124,124
20260804,334,6,93,4106048,574,125
20260804,610,2,94,12515934,568,124
20260804,496,0,96,19635586,1934,124
20260804,111,7,99,26390929,125,125
20260804,498,2,101,59562469,124,124
20260804,256,0,102,35396743,128,125
20260804,537,1,103,4408148,124,124
20260804,512,0,104,4160493,144,124
20260804,493,5,105,7384131,126,124
20260804,298,2,108,3503505,126,125
20260804,567,7,109,4243281,126,124
20260804,203,3,111,5206226,127,125
20260804,458,2,112,19188176,124,124
20260804,153,1,113,828979,126,125
20260804,547,3,114,10905641,124,124
20260804,58,2,115,4508337,127,125
20260804,341,5,116,5052823,125,125
20260804,382,6,117,51188446,132,125
20260804,7,7,118,4549177,127,125
20260804,72,0,119,1453105,125,125
20260804,554,2,120,3636346,673,124
20260804,506,2,121,4755746,813,124
20260804,503,7,122,4148663,678,124
20260804,444,4,124,1071568,125,124
20260804,331,3,126,5820291,125,125
20260804,105,1,127,6792305,125,125
20260804,219,3,128,7880307,425,125
20260804,606,6,131,38580573,125,124
20260804,445,5,132,22091166,127,124
20260804,431,7,134,12656402,131,124
20260804,556,4,135,7927350,126,124
20260804,128,0,136,9996764,127,125
20260804,344,0,137,3384970,172,125
20260804,600,0,138,6424017,126,124
20260804,420,4,140,57122416,124,124
20260804,121,1,143,8557686,126,125
20260804,245,5,144,900655,125,125
20260804,564,4,150,4080132,578,124
20260804,12,4,151,12655689,170,125
20260804,194,2,152,3440094,126,125
20260804,41,1,160,5932721,579,125
20260804,396,4,164,5056351,125,124
20260804,532,4,165,1410063,125,124
20260804,266,2,166,5949745,127,125
20260804,580,4,167,9074733,126,124
20260804,452,4,168,12126480,130,124
20260804,476,4,169,6575800,124,124
20260804,21,5,170,3250946,125,125
20260804,589,5,174,4101704,125,124
20260804,583,7,176,14172011,124,124
20260804,384,0,178,8392090,125,125
20260804,538,2,179,2059408,126,124
20260804,636,4,180,3606449,124,124
20260804,214,6,182,16716551,127,125
20260804,47,7,184,5307517,128,125
20260804,201,1,185,10851430,126,125
20260804,520,0,186,3466438,126,124
20260804,209,1,187,3057487,572,125
20260804,507,3,188,22495692,372,124
20260804,461,5,189,3838631,915,124
20260804,477,5,190,3646907,567,124
20260804,403,3,192,1615354,124,124
20260804,514,2,194,8558988,128,124
20260804,229,5,196,3252596,125,125
20260804,262,6,197,4568963,125,125
20260804,327,7,201,27697964,126,125
20260804,594,2,202,6505759,124,124
20260804,475,3,203,2600506,125,124
20260804,114,2,204,1212676,125,125
20260804,263,7,206,7767838,126,125
20260804,182,6,208,6757748,125,125
20260804,492,4,209,8477237,125,124
20260804,400,0,211,7527342,124,124
20260804,311,7,212,7696316,126,125
20260804,618,2,213,22151624,124,124
20260804,446,6,214,3660303,124,124
20260804,529,1,215,4108765,679,124
20260804,466,2,216,3157077,125,124
20260804,244,4,217,6999720,127,125
20260804,390,6,221,8282215,127,125
20260804,49,1,223,4608015,125,125
20260804,269,5,224,10766180,129,125
20260804,77,5,234,3496594,573,125
20260804,305,1,240,6740914,678,125
20260804,599,7,242,2063430,126,124
20260804,79,7,244,23334228,125,125
20260804,550,6,245,9243088,124,124
20260804,413,5,248,4117731,124,124
20260804,33,1,252,10048542,137,125
20260804,522,2,254,6010820,127,124
20260804,226,2,255,6575656,127,125
20260804,409,1,256,5731355,124,124
20260804,304,0,257,3634320,127,125
20260804,366,6,259,8428149,129,125
20260804,82,2,260,29576234,125,125
20260804,609,1,262,4453855,124,124
20260804,521,1,263,4574861,124,124
20260804,285,5,264,55051721,129,125
20260804,394,2,265,10223591,129,124
20260804,343,7,266,2736417,213,125
20260804,180,4,268,4835941,127,125
20260804,427,3,269,13590421,124,124
20260804,604,4,271,1429977,124,124
20260804,23,7,272,1601832,125,125
20260804,350,6,276,4303090,127,125
20260804,241,1,277,140334025,126,125
20260804,190,6,282,3148733,468,125
20260804,186,2,287,13448641,136,125
20260804,418,2,288,20940631,127,124
20260804,14,6,298,2962043,126,125
20260804,464,0,301,2608637,127,124
20260804,439,7,302,6239072,124,124
20260804,221,5,303,6530207,128,125
20260804,5,5,304,17776060,127,125
20260804,31,7,306,6772297,127,125
20260804,205,5,307,7270554,126,125
20260804,517,5,308,3705471,124,124
20260804,287,7,309,6736641,126,125
20260804,407,7,310,5119206,124,124
20260804,635,3,311,5216486,125,124
20260804,185,1,312,33085281,125,125
20260804,383,7,314,16307599,130,125
20260804,9,1,315,9200794,129,125
20260804,480,0,318,3211668,124,124
20260804,336,0,320,11715431,125,125
20260804,46,6,322,38757092,139,125
20260804,131,3,324,31234178,142,125
20260804,44,4,327,6196496,127,125
20260804,356,4,337,6977255,125,125
20260804,487,7,338,3311040,128,124
20260804,283,3,339,4202004,125,125
20260804,188,4,341,1737880,128,125
20260804,598,6,342,4313885,126,124
20260804,112,0,344,16534372,125,125
20260804,535,7,357,3335463,124,124
20260804,442,2,359,4678959,127,124
20260804,581,5,360,71516181,130,124
20260804,61,5,361,6857855,125,125
20260804,375,7,362,27840469,125,125
20260804,74,2,363,3045853,129,125
20260804,195,3,364,1702745,125,125
20260804,625,1,365,7581421,134,124
20260804,386,2,366,9675959,126,125
20260804,530,2,368,4432035,124,124
20260804,524,4,369,2318606,127,124
20260804,421,5,370,13340734,125,124
20260804,254,6,374,4093125,125,125
20260804,629,5,378,4102088,169,124
20260804,454,6,381,1968072,125,124
20260804,175,7,384,4976725,125,125
20260804,247,7,389,15514592,126,125
20260804,127,7,391,6944149,125,125
20260804,596,4,392,3379105,124,124
20260804,70,6,394,3591246,128,125
20260804,177,1,395,5617648,129,125
20260804,75,3,410,4950620,128,125
20260804,284,4,421,15145005,132,125
20260804,565,5,434,6832609,128,124
20260804,150,6,450,15463817,125,125
20260804,76,4,451,6504771,125,125
20260804,591,7,452,18441658,124,124
20260804,135,7,453,3634030,125,125
20260804,559,7,464,4664912,128,124
20260804,270,6,479,31521952,127,125
20260804,113,1,492,7225424,129,125
20260804,53,5,493,16108111,125,125
20260804,215,7,501,1855705,126,125
20260804,467,3,502,5063487,126,124
20260804,155,3,504,3462365,125,125
20260804,353,1,506,799293,125,125
20260804,310,6,507,5927054,195,125
20260804,107,3,508,8868646,131,125
20260804,204,4,509,3556470,125,125
20260804,432,0,512,3098756,127,124
20260804,234,2,514,2343655,125,125
20260804,167,7,535,5647025,125,125
20260804,575,7,546,5847396,168,124
20260804,170,2,550,2875379,125,125
20260804,333,5,565,2146634,125,125
20260804,619,3,586,12246083,124,124
20260804,349,5,589,26966807,130,125
20260804,608,0,597,1968201,125,124
20260804,258,2,600,8362036,125,125
20260804,90,2,604,4799969,128,125
20260804,62,6,613,3446479,125,125
20260804,50,2,617,1091601,126,125
20260804,132,4,618,3447415,125,125
20260804,557,5,619,3499430,124,124
20260804,200,0,620,16980863,125,125
20260804,218,2,621,2207118,125,125
20260804,157,5,624,3125591,125,125
20260804,163,3,629,1535813,127,125
20260804,495,7,630,21640003,126,124
20260804,631,7,631,4937988,124,124
20260804,584,0,634,6779381,126,124
20260804,152,0,635,3702331,127,125
20260804,169,1,638,37682517,126,125
20260804,435,3,639,4349920,124,124
20260804,558,6,640,4606960,124,124
20260804,91,3,643,4201835,126,125
20260804,52,4,644,32491482,125,125
20260804,482,2,645,6204118,124,124
20260804,282,2,655,295991317,126,125
20260804,250,2,676,8827245,125,125
20260804,505,1,677,2068965,124,124
20260804,147,3,679,3410755,127,125
20260804,364,4,681,1531375,133,125
20260804,632,0,686,12727644,124,124
20260804,252,4,687,24632152,129,125
20260804,479,7,689,23173831,131,124
20260804,419,3,690,1833153,124,124
20260804,639,7,695,7633585,125,124
20260804,207,7,697,1619420,125,125
20260804,28,4,700,4936487,125,125
20260804,549,5,701,2303186,126,124
20260804,8,0,703,3702178,125,125
20260804,158,6,704,6252581,126,125
20260804,151,7,705,2184845,125,125
20260804,253,5,721,3704176,125,125
20260804,470,6,737,7032701,125,124
20260804,213,5,738,1980295,125,125
20260804,593,1,739,4645948,125,124
20260804,576,0,740,2633176,125,124
20260804,481,1,742,4668948,124,124
20260804,451,3,743,4117024,124,124
20260804,462,6,744,5413027,124,124
20260804,278,6,745,9412404,125,125
20260804,502,6,746,6907799,125,124
20260804,84,4,751,297669959,128,125
20260804,11,3,771,4684157,127,125
20260804,354,2,786,3199190,127,125
20260804,483,3,787,1219960,124,124
20260804,273,1,788,4931920,125,125
20260804,404,4,790,5897856,125,124
20260804,447,7,793,3288115,173,124
20260804,37,5,798,1747162,125,125
20260804,543,7,803,3176031,124,124
20260804,563,3,805,34320189,124,124
20260804,29,5,811,11469565,474,125
20260804,351,7,812,3840060,126,125
20260804,455,7,813,8731229,130,124
20260804,401,1,815,3581692,124,124
20260804,6,6,819,3405025,125,125
20260804,540,4,821,7414429,130,124
20260804,500,4,824,3301776,132,124
20260804,572,4,828,1651216,125,124
20260804,484,4,830,8739640,124,124
20260804,370,2,831,37265079,126,125
20260804,453,5,833,4692677,124,124
20260804,416,0,835,4464566,126,124
20260804,597,5,836,10261318,126,124
20260804,290,2,839,18559751,127,125
20260804,638,6,841,5849739,124,124
20260804,78,6,844,9623400,128,125
20260804,585,1,848,5578849,124,124
20260804,212,4,853,8869643,126,125
20260804,526,6,856,7152678,126,124
20260804,358,6,858,3279051,125,125
20260804,380,4,864,2061756,125,125
20260804,509,5,865,6868242,124,124
20260804,276,4,866,1254621,125,125
20260804,494,6,869,2049555,126,124
20260804,216,0,872,4649600,125,125
20260804,92,4,875,6333205,125,125
20260804,488,0,877,892386,124,124
20260804,324,4,879,173367638,128,125
20260804,145,1,889,4082172,125,125
20260804,125,5,891,5945868,127,125
20260804,536,0,903,1845173,127,124
20260804,232,0,905,4953565,127,125
20260804,616,0,907,15078810,124,124
20260804,193,1,908,44295558,126,125
20260804,108,4,910,23857465,127,125
20260804,411,3,917,7176383,124,124
20260804,337,1,919,3032758,126,125
20260804,510,6,929,6856305,125,124
20260804,0,0,940,7805343,195,125
20260804,36,4,947,151176876,125,125
20260804,308,4,948,4510971,125,125
20260804,468,4,950,1935377,124,124
20260804,489,1,952,6389506,125,124
20260804,414,6,956,7627923,124,124
20260804,399,7,969,5006199,130,124
20260804,588,4,971,10278503,127,124
20260804,124,4,974,5232170,125,125
20260804,264,0,975,3548823,127,125
20260804,473,1,977,302399349,125,124
20260804,307,3,978,1065534,128,125
20260804,398,6,980,4620547,125,124
20260804,246,6,981,1438882,125,125
20260804,115,3,982,5166808,125,125
20260804,381,5,986,5729539,125,125
20260804,198,6,987,3033719,127,125
20260804,59,3,988,3315538,125,125
20260804,189,5,990,6147496,128,125
20260804,210,2,991,1663524,127,125
20260804,425,1,994,3129463,124,124
20260804,96,0,995,2177989,125,125
20260804,18,2,998,6418901,125,125
20260804,611,3,1000,12217623,124,124
20260804,634,2,1002,5652561,124,124
20260804,615,7,1004,7053059,127,124
20260804,508,4,1006,3892866,124,124
20260804,417,1,1014,1996417,334,124
20260804,156,4,1020,7754907,125,125
20260804,275,3,1022,4747728,125,125
20260804,433,1,1024,1949791,124,124
20260804,306,2,1026,41922867,125,125
20260804,485,5,1029,65865024,124,124
20260804,627,3,1030,2404029,124,124
20260804,463,7,1031,29686437,125,124
20260804,377,1,1032,5347168,125,125
20260804,553,1,1033,4226545,126,124
20260804,174,6,1034,2771158,125,125
20260804,302,6,1039,4049314,125,125
20260804,450,2,1040,22746879,124,124
20260804,486,6,1041,3741189,130,124
20260804,465,1,1047,4714177,125,124
20260804,136,0,1050,7211362,129,125
20260804,291,3,1051,14454771,125,125
20260804,80,0,1052,5125161,130,125
20260804,595,3,1054,5204264,126,124
20260804,293,5,1063,3621509,125,125
20260804,281,1,1064,4756735,125,125
20260804,164,4,1066,6761971,125,125
20260804,633,1,1072,5250107,125,124
20260804,162,2,1073,8323925,131,125
20260804,235,3,1076,5806209,126,125
20260804,224,0,1078,3541571,127,125
20260804,10,2,1084,7992927,125,125
20260804,295,7,1085,5970744,127,125
20260804,513,1,1089,1901165,124,124
20260804,397,5,1090,6835746,125,124
20260804,126,6,1092,5564891,125,125
20260804,457,1,1098,10207609,124,124
20260804,335,7,1099,6622940,125,125
20260804,225,1,1105,3018764,125,125
20260804,359,7,1106,4015774,126,125
20260804,391,7,1107,1161193,124,124
20260804,51,3,1110,3436170,267,125
20260804,138,2,1114,12378109,125,125
20260804,85,5,1119,9522989,125,125
20260804,159,7,1120,12887849,126,125
20260804,363,3,1128,808266,128,125
20260804,376,0,1130,9005625,127,125
20260804,130,2,1132,18197735,125,125
20260804,94,6,1134,108888193,125,125
20260804,323,3,1136,5309055,125,125
20260804,25,1,1141,4714234,266,125
20260804,178,2,1142,5237464,126,125
20260804,367,7,1143,8275822,125,125
20260804,545,1,1144,4150383,124,124
20260804,456,0,1146,4494207,124,124
20260804,623,7,1161,3574366,124,124
20260804,555,3,1163,7995698,126,124
20260804,296,0,1165,5775937,127,125
20260804,176,0,1170,5484930,125,125
20260804,16,0,1172,4032610,127,125
20260804,459,3,1173,1080226,124,124
20260804,196,4,1178,815545,125,125
20260804,43,3,1186,3653755,149,125
20260804,582,6,1195,4085910,124,124
20260804,469,5,1199,6524091,126,124
20260804,227,3,1200,15886450,126,125
20260804,133,5,1202,2370815,125,125
20260804,402,2,1205,11371091,126,124
20260804,562,2,1208,1374765,124,124
20260804,362,2,1210,23627861,125,125
20260804,339,3,1222,9065500,125,125
20260804,519,7,1225,9015676,124,124
20260804,149,5,1245,3233140,127,125
20260804,319,7,1250,3814137,125,125
20260804,179,3,1251,5293122,125,125
20260804,120,0,1256,2119802,125,125
20260804,368,0,1257,8894139,125,125
20260804,160,0,1265,13839096,126,125
20260804,30,6,1270,25145488,127,125
20260804,603,3,1280,2539658,125,124
20260804,412,4,1289,9174171,124,124
20260804,436,4,1295,2665690,124,124
20260804,602,2,1303,8350809,125,124
20260804,69,5,1305,14389584,125,125
20260804,45,5,1311,37564719,125,125
20260804,621,5,1312,7435168,126,124
20260804,434,2,1313,152871527,128,124
20260804,415,7,1314,3518483,124,124
20260804,202,2,1317,7390796,132,125
20260804,352,0,1327,15263820,129,125
20260804,22,6,1333,2823715,125,125
20260804,448,0,1335,8919778,127,124
20260804,332,4,1338,2803817,125,125
20260804,140,4,1339,22466355,125,125
20260804,499,3,1345,6300100,128,124
20260804,249,1,1348,5133530,125,125
20260804,428,4,1350,12086935,124,124
20260804,361,1,1352,5184945,126,125
20260804,301,5,1356,1522571,126,125
20260804,19,3,1363,4597485,125,125
20260804,286,6,1372,22052104,125,125
20260804,272,0,1379,3102284,125,125
20260804,378,2,1380,4028893,125,125
20260804,574,6,1383,4206266,126,124
20260804,527,7,1384,6082911,124,124
20260804,280,0,1400,5719372,127,125
20260804,239,7,1404,35607358,125,125
20260804,388,4,1407,5396842,125,125
20260804,429,5,1408,1922239,125,124
20260804,2,2,1409,7980100,126,125
20260804,1,1,1411,1174820,125,125
20260804,426,2,1413,5766206,125,124
20260804,99,3,1432,2044558,125,125
20260804,424,0,1437,12310677,130,124
20260804,561,1,1438,2411873,124,124
20260804,322,2,1442,4128357,125,125
20260804,329,1,1453,9837869,129,125
20260804,405,5,1465,7018715,124,124
20260804,348,4,1469,7351420,125,125
20260804,369,1,1474,3825317,125,125
20260804,541,5,1475,3085951,124,124
20260804,365,5,1487,5191121,130,125
20260804,474,2,1488,5917428,124,124
20260804,271,7,1490,4090718,127,125
20260804,630,6,1510,12732069,125,124
20260804,166,6,1532,9543131,127,125
20260804,146,2,1538,4251175,128,125
20260804,34,2,1541,25257584,125,125
20260804,374,6,1543,801844,125,125
20260804,587,3,1545,85722411,127,124
20260804,573,5,1546,3955185,125,124
20260804,395,3,1547,14421891,124,124
20260804,143,7,1552,2413597,125,125
20260804,197,5,1553,10682460,125,125
20260804,430,6,1575,9105552,126,124
20260804,168,0,1584,8862520,126,125
20260804,571,3,1592,1724336,127,124
20260804,620,4,1596,10790291,124,124
20260804,81,1,1597,6803190,125,125
20260804,236,4,1599,3169269,125,125
20260804,340,4,1601,3434407,126,125
20260804,345,1,1622,2563244,126,125
20260804,139,3,1624,1929810,125,125
20260804,142,6,1633,1958982,125,125
20260804,183,7,1638,4001262,125,125
20260804,338,2,1643,161519390,125,125
20260804,518,6,1650,5187384,124,124
20260804,313,1,1655,6444173,126,125
20260804,491,3,1656,1787794,125,124
20260804,533,5,1658,8837349,125,124
20260804,437,5,1700,11451490,126,124
20260804,228,4,1703,3425695,125,125
20260804,303,7,1706,24847197,127,125
20260804,243,3,1709,1201427,125,125
20260804,408,0,1742,2078041,125,124
20260804,440,0,1748,3116741,125,124
20260804,89,1,1749,1629480,125,125
20260804,320,0,1750,4217260,129,125
20260804,67,3,1756,4594742,126,125
20260804,560,0,1768,4908418,124,124
20260804,4,4,1782,4115236,125,125
20260804,220,4,1784,2362692,126,125
20260804,268,4,1814,12204017,132,125
20260804,525,5,1830,3793476,125,124
20260804,490,2,1851,6219744,125,124
20260804,119,7,1870,4851429,196,125
20260804,184,0,1955,36556663,125,125
20260804,504,0,1958,3176127,125,124
20260804,191,7,1959,1584733,126,125
20260804,568,0,1962,4363307,125,124
20260804,141,5,1982,3808023,125,125
20260804,17,1,2072,5318356,125,125
20260804,86,6,2085,5295881,125,125
20260804,161,1,2090,2128040,125,125
20260804,13,5,2130,10743201,125,125
20260804,321,1,2136,4936338,126,125
20260804,622,6,2145,8211549,125,124
20260804,289,1,2150,4439645,125,125
20260804,109,5,2178,7395244,125,125
20260804,300,4,2189,15792928,125,125
20260804,100,4,2190,4528160,125,125
20260804,26,2,2221,15379802,126,125
20260804,251,3,2232,6320004,125,125
20260804,87,7,2259,15354229,127,125
20260804,539,3,2326,4925054,127,124
20260804,297,1,2342,7880622,127,125
20260804,208,0,2346,9573482,404,125
20260804,95,7,2357,3954149,126,125
20260804,449,1,2367,2879338,124,124
20260804,317,5,2372,6395733,126,125
20260804,56,0,2381,22990619,196,125
20260804,3,3,2388,14393304,125,125
20260804,330,2,2396,18433478,125,125
20260804,261,5,2412,3881332,125,125
20260804,406,6,2417,8999830,125,124
20260804,15,7,2435,68078890,130,125
20260804,607,7,2436,10430038,124,124
20260804,42,2,2444,2819030,125,125
20260804,605,5,2471,3801401,126,124
20260804,312,0,2494,8568593,128,125
20260804,242,2,2497,49204057,126,125
20260804,88,0,2499,6809500,125,125
20260804,497,1,2550,1266270,124,124
20260804,187,3,2551,4991490,125,125
20260804,325,5,2575,4006590,125,125
20260804,328,0,2597,4739694,125,125
20260804,393,1,2626,3979886,124,124
20260804,83,3,2652,6516547,126,125
20260804,118,6,2666,6988040,127,125
20260804,39,7,2667,90944615,125,125
20260804,346,2,2668,9798323,125,125
20260804,222,6,2675,9393467,127,125
20260804,57,1,2691,3220840,127,125
20260804,65,1,2719,48635876,125,125
20260804,385,1,2744,8551628,126,125
20260804,35,3,2757,28804762,127,125
20260804,134,6,2761,4159021,128,125
20260804,544,0,2766,6906827,124,124
20260804,116,4,2774,5051667,125,125
20260804,71,7,2777,5139850,127,125
20260804,392,0,2780,3667269,124,124
20260804,443,3,2802,7190074,124,124
20260804,27,3,2827,3193209,125,125
20260804,144,0,2853,3010938,125,125
20260804,592,0,2871,11653853,124,124
20260804,24,0,2884,6428434,125,125
20260804,628,4,2919,19501396,124,124
20260804,55,7,2940,16244252,128,125
20260804,68,4,2956,3435538,127,125
20260804,231,7,2966,10093756,125,125
20260804,528,0,2973,3242943,124,124
20260804,238,6,3002,4793334,127,125
20260804,347,3,3007,23860886,125,125
20260804,223,7,3008,11287752,125,125
20260804,601,1,3018,9625088,124,124
20260804,389,5,3062,73742051,130,125
20260804,315,3,3082,3539185,125,125
20260804,441,1,3092,4910768,124,124
20260804,423,7,3126,57288777,126,124
20260804,371,3,3156,4051937,130,125
20260804,511,7,3169,7804175,128,124
20260804,460,4,3199,15072186,126,124
20260804,165,5,3286,10834438,125,125
20260804,40,0,3365,3175399,125,125
20260804,63,7,3373,6999958,127,125
20260804,279,7,3481,11727589,126,125
20260804,294,6,3745,2048784,129,125
20260804,410,2,3878,2668623,125,124
20260804,373,5,3901,2283477,125,125
20260804,569,1,3903,2299807,124,124
20260804,613,5,4004,2307056,127,124
20260804,292,4,4069,1609959,126,125
20260804,478,6,4107,1290773,128,124
20260804,103,7,4175,2691076,127,125
20260804,66,2,4262,1374866,127,125
20260804,515,3,4434,5512438,128,124
20260804,566,6,4470,2501063,124,124
20260804,93,5,4573,1650642,125,125
20260804,501,5,4993,1005665,124,124
20260804,122,2,5019,10008129,127,125
20260804,590,6,5441,4638043,128,124
20260804,104,0,6299,42422835,127,125
20260805,560,0,0,2855471,128,124
20260805,570,2,1,27525238,126,124
20260805,600,0,2,11749763,1605,124
20260805,182,6,3,8393727,125,125
20260805,592,0,4,3863886,125,124
20260805,167,7,5,5960028,125,125
20260805,142,6,6,85556946,127,125
20260805,8,0,7,5359552,126,125
20260805,54,6,8,3562958,141,125
20260805,406,6,9,3388636,1128,124
20260805,78,6,10,16865585,125,125
20260805,107,3,11,5909716,125,125
20260805,312,0,12,74569585,677,125
20260805,151,7,14,4222692,125,125
20260805,20,4,15,10011215,128,125
20260805,291,3,16,3109949,174,125
20260805,547,3,17,4858989,124,124
20260805,587,3,18,3559781,469,124
20260805,496,0,19,6863322,125,124
20260805,42,2,20,7478977,127,125
20260805,520,0,21,2711498,125,124
20260805,66,2,22,8716670,126,125
20260805,6,6,23,7950046,126,125
20260805,170,2,24,16256423,125,125
20260805,473,1,25,4260251,126,124
20260805,260,4,26,17362781,125,125
20260805,434,2,27,3204003,125,124
20260805,529,1,28,9349446,130,124
20260805,227,3,29,3143053,125,125
20260805,331,3,30,22337589,1221,125
20260805,231,7,31,3525976,125,125
20260805,516,4,32,8102432,140,124
20260805,175,7,33,15337706,125,125
20260805,327,7,34,4120585,125,125
20260805,582,6,35,6515129,124,124
20260805,270,6,36,9179203,126,125
20260805,278,6,37,3657927,125,125
20260805,72,0,38,8035911,127,125
20260805,263,7,39,1692188,125,125
20260805,398,6,40,38141645,128,124
20260805,32,0,41,3084844,125,125
20260805,329,1,42,1761047,125,125
20260805,576,0,43,8680745,603,124
20260805,5,5,46,3280185,127,125
20260805,52,4,47,8967321,141,125
20260805,94,6,48,3334084,141,125
20260805,85,5,49,10867407,127,125
20260805,515,3,50,32494306,128,124
20260805,387,3,51,3627092,125,125
20260805,79,7,52,1746880,128,125
20260805,17,1,53,14021442,159,125
20260805,176,0,54,15878193,143,125
20260805,289,1,55,2892169,141,125
20260805,149,5,56,2953713,141,125
20260805,563,3,57,1098020,140,124
20260805,150,6,58,3521668,141,125
20260805,25,1,59,3841879,141,125
20260805,543,7,60,4085231,140,124
20260805,369,1,61,4180788,142,125
20260805,585,1,62,3563747,124,124
20260805,457,1,63,1249305,140,124
20260805,481,1,64,5310514,141,124
20260805,59,3,65,2010948,141,125
20260805,161,1,66,4201777,143,125
20260805,438,6,67,1379729,142,124
20260805,502,6,68,5638197,140,124
20260805,340,4,69,8087665,141,125
20260805,619,3,70,5612492,140,124
20260805,33,1,71,11412999,141,125
20260805,334,6,73,6052421,141,125
20260805,204,4,74,7257568,676,125
20260805,471,7,78,14308931,141,124
20260805,97,1,80,9923082,568,125
20260805,374,6,81,66382471,126,125
20260805,390,6,82,2152279,125,125
20260805,598,6,83,43982148,678,124
20260805,330,2,84,2948314,125,125
20260805,579,3,85,5161599,124,124
20260805,333,5,86,47539175,125,125
20260805,306,2,87,4083384,628,125
20260805,218,2,90,3294266,125,125
20260805,507,3,91,4163594,125,124
20260805,639,7,92,23010769,124,124
20260805,125,5,93,3836698,2524,125
20260805,517,5,94,4166242,568,124
20260805,380,4,99,5976015,128,125
20260805,618,2,102,3149270,124,124
20260805,41,1,103,8876971,125,125
20260805,124,4,104,20608903,125,125
20260805,38,6,105,7485229,129,125
20260805,127,7,106,3570266,125,125
20260805,235,3,107,5521884,169,125
20260805,297,1,108,4465232,127,125
20260805,203,3,109,3383885,125,125
20260805,9,1,111,6481584,125,125
20260805,477,5,112,10940432,125,124
20260805,463,7,113,4799426,124,124
20260805,266,2,114,3712841,125,125
20260805,202,2,115,7813897,125,125
20260805,493,5,116,2525796,125,124
20260805,505,1,119,1662680,124,124
20260805,184,0,120,2413588,674,125
20260805,583,7,121,15691349,814,124
20260805,75,3,122,6560561,678,125
20260805,474,2,123,3341265,124,124
20260805,285,5,126,6949599,125,125
20260805,301,5,128,18172341,137,125
20260805,137,1,129,6158194,137,125
20260805,158,6,130,28447452,412,125
20260805,426,2,132,13920439,124,124
20260805,414,6,133,4582274,124,124
20260805,628,4,134,6930341,124,124
20260805,154,2,136,25961974,126,125
20260805,126,6,137,2656377,620,125
20260805,569,1,138,2611360,124,124
20260805,208,0,140,6606541,131,125
20260805,245,5,141,19671656,125,125
20260805,162,2,143,1362145,125,125
20260805,247,7,144,4882330,125,125
20260805,326,6,150,5344241,574,125
20260805,606,6,151,64836067,616,124
20260805,615,7,152,7419945,128,124
20260805,568,0,156,15504290,125,124
20260805,610,2,164,10491365,125,124
20260805,117,5,165,11063242,125,125
20260805,164,4,168,3394570,126,125
20260805,264,0,169,3993039,125,125
20260805,248,0,170,4858186,128,125
20260805,82,2,174,1639526,125,125
20260805,246,6,178,4940028,125,125
20260805,84,4,179,1685381,125,125
20260805,261,5,181,3343965,127,125
20260805,395,3,182,1613052,124,124
20260805,518,6,183,1548473,124,124
20260805,397,5,184,3336859,126,124
20260805,379,3,185,6238421,131,125
20260805,305,1,186,8174922,128,125
20260805,533,5,187,6075835,1115,124
20260805,454,6,188,5801524,372,124
20260805,67,3,190,8753032,569,125
20260805,629,5,192,86349376,124,124
20260805,594,2,197,10520942,125,124
20260805,364,4,200,5376223,127,125
20260805,404,4,201,4324431,125,124
20260805,402,2,203,1568826,126,124
20260805,281,1,205,20913088,125,125
20260805,37,5,206,7394395,126,125
20260805,21,5,207,4690825,127,125
20260805,46,6,208,16349842,125,125
20260805,531,3,211,5249464,126,124
20260805,119,7,212,2227536,128,125
20260805,485,5,213,7748353,125,124
20260805,535,7,214,5058428,124,124
20260805,479,7,215,7150597,687,124
20260805,40,0,216,3072147,125,125
20260805,49,1,220,6765693,125,125
20260805,304,0,221,5005677,125,125
20260805,36,4,222,11931531,125,125
20260805,359,7,223,3990039,130,125
20260805,251,3,224,2333002,125,125
20260805,440,0,226,3279606,126,124
20260805,495,7,228,3402503,125,124
20260805,141,5,234,24569965,572,125
20260805,274,2,240,1721864,959,125
20260805,571,3,241,3090783,568,124
20260805,11,3,242,24169513,128,125
20260805,210,2,245,4114155,135,125
20260805,213,5,248,6633187,125,125
20260805,366,6,249,3206642,125,125
20260805,636,4,251,7565626,124,124
20260805,323,3,252,1749453,138,125
20260805,173,5,253,4130081,129,125
20260805,90,2,254,53743842,126,125
20260805,195,3,255,49502383,129,125
20260805,514,2,256,5429928,127,124
20260805,192,0,257,1941684,127,125
20260805,540,4,259,5447271,124,124
20260805,447,7,261,4666276,126,124
20260805,185,1,262,4764575,125,125
20260805,487,7,264,5474823,126,124
20260805,433,1,267,3437530,125,124
20260805,489,1,269,19873217,126,124
20260805,179,3,272,1439375,127,125
20260805,513,1,274,8071149,126,124
20260805,214,6,276,8108373,125,125
20260805,435,3,277,16136293,124,124
20260805,530,2,279,13322636,210,124
20260805,93,5,282,2540813,472,125
20260805,61,5,286,3883604,125,125
20260805,27,3,287,8937133,125,125
20260805,510,6,288,3371705,125,124
20260805,581,5,298,1349514,124,124
20260805,34,2,299,7203064,150,125
20260805,243,3,300,6741702,126,125
20260805,148,4,301,5320635,127,125
20260805,432,0,302,6569319,124,124
20260805,14,6,303,12770505,126,125
20260805,580,4,304,3101867,125,124
20260805,295,7,305,8169513,126,125
20260805,257,1,306,28286010,125,125
20260805,409,1,307,8090732,128,124
20260805,244,4,309,2409783,125,125
20260805,611,3,310,14987505,124,124
20260805,441,1,311,68098089,126,124
20260805,212,4,313,2603392,125,125
20260805,500,4,314,10657220,124,124
20260805,91,3,318,7657104,125,125
20260805,377,1,322,6674779,142,125
20260805,400,0,324,3363788,141,124
20260805,492,4,337,1757024,124,124
20260805,349,5,339,33057154,125,125
20260805,573,5,341,5096385,124,124
20260805,410,2,342,4839335,124,124
20260805,132,4,355,6512020,125,125
20260805,396,4,357,1466186,124,124
20260805,534,6,359,5997509,127,124
20260805,370,2,360,9089735,125,125
20260805,449,1,361,6562703,125,124
20260805,262,6,363,4225418,125,125
20260805,363,3,364,3109899,126,125
20260805,572,4,365,3762751,125,124
20260805,156,4,366,6965662,125,125
20260805,98,2,367,3924505,125,125
20260805,501,5,368,40631321,125,124
20260805,468,4,369,4673973,127,124
20260805,171,3,371,1350681,125,125
20260805,338,2,372,4488976,128,125
20260805,322,2,374,1524385,131,125
20260805,230,6,378,7894471,125,125
20260805,613,5,381,5337874,126,124
20260805,226,2,384,9441326,128,125
20260805,420,4,391,3561107,172,124
20260805,105,1,394,3793449,128,125
20260805,284,4,395,10670426,130,125
20260805,191,7,396,2156930,127,125
20260805,258,2,410,12025331,125,125
20260805,69,5,421,6938074,126,125
20260805,482,2,434,6713219,127,124
20260805,100,4,442,47119087,125,125
20260805,209,1,451,4063696,125,125
20260805,526,6,452,5163517,126,124
20260805,188,4,463,1940716,125,125
20260805,623,7,479,3152179,127,124
20260805,275,3,492,138521964,125,125
20260805,63,7,493,4841091,125,125
20260805,109,5,499,3326299,125,125
20260805,65,1,501,1856758,125,125
20260805,328,0,503,25577585,127,125
20260805,130,2,504,90968992,126,125
20260805,53,5,505,2824340,125,125
20260805,207,7,506,1560974,125,125
20260805,237,5,507,4905751,125,125
20260805,551,7,508,1269514,124,124
20260805,337,1,509,13242184,129,125
20260805,451,3,510,3826143,124,124
20260805,74,2,511,8907993,169,125
20260805,452,4,513,4667088,124,124
20260805,597,5,525,4343336,124,124
20260805,276,4,535,3249155,127,125
20260805,254,6,558,39618712,125,125
20260805,442,2,565,2755590,125,124
20260805,139,3,566,2594385,129,125
20260805,381,5,571,4663930,126,125
20260805,448,0,572,55206310,127,124
20260805,602,2,585,1624344,124,124
20260805,354,2,589,7462475,125,125
20260805,242,2,599,3790103,127,125
20260805,499,3,611,7267060,124,124
20260805,80,0,613,29813305,127,125
20260805,470,6,614,6801885,126,124
20260805,190,6,617,2420324,125,125
20260805,169,1,618,7149017,129,125
20260805,564,4,619,3482874,125,124
20260805,382,6,621,30402033,125,125
20260805,412,4,629,2316852,124,124
20260805,71,7,630,3625660,125,125
20260805,310,6,632,7601985,125,125
20260805,43,3,633,12238853,125,125
20260805,498,2,635,9776996,126,124
20260805,467,3,638,2872502,124,124
20260805,58,2,639,9186750,125,125
20260805,357,5,642,4698318,194,125
20260805,631,7,655,8310843,199,124
20260805,537,1,673,1056267,125,124
20260805,26,2,674,13034200,125,125
20260805,565,5,676,8097521,124,124
20260805,335,7,677,5820710,125,125
20260805,302,6,678,5116729,125,125
20260805,187,3,679,8931142,127,125
20260805,28,4,684,6881627,125,125
20260805,614,6,686,4009680,124,124
20260805,316,4,689,5566212,126,125
20260805,311,7,690,1929414,127,125
20260805,575,7,695,37103470,127,124
20260805,96,0,700,43019619,135,125
20260805,318,6,701,3809763,125,125
20260805,199,7,702,6134307,125,125
20260805,638,6,703,10634232,127,124
20260805,106,2,721,1403267,127,125
20260805,3,3,729,4328288,125,125
20260805,336,0,730,71620630,126,125
20260805,240,0,737,5874098,125,125
20260805,56,0,738,5171165,125,125
20260805,555,3,740,2888667,124,124
20260805,16,0,742,7573374,126,125
20260805,280,0,746,5468716,128,125
20260805,233,1,747,7250408,125,125
20260805,135,7,748,3359800,127,125
20260805,465,1,749,4685653,124,124
20260805,111,7,786,4272047,125,125
20260805,186,2,788,1704452,126,125
20260805,31,7,789,151579643,125,125
20260805,445,5,790,4972958,130,124
20260805,347,3,791,3123939,126,125
20260805,189,5,793,19544557,126,125
20260805,239,7,794,2109900,127,125
20260805,77,5,797,1622777,125,125
20260805,484,4,798,2535444,124,124
20260805,511,7,801,905232,126,124
20260805,298,2,803,7750686,125,125
20260805,196,4,805,9066882,125,125
20260805,365,5,807,6693941,126,125
20260805,128,0,810,4375297,126,125
20260805,422,6,811,7478705,125,124
20260805,99,3,812,2676808,125,125
20260805,504,0,814,2413510,124,124
20260805,300,4,815,5541110,125,125
20260805,460,4,816,15881071,124,124
20260805,446,6,817,19344376,128,124
20260805,249,1,818,2370656,126,125
20260805,352,0,819,2138970,126,125
20260805,548,4,822,4441603,126,124
20260805,411,3,824,1608515,124,124
20260805,617,1,829,32362327,124,124
20260805,503,7,832,3490282,126,124
20260805,48,0,833,6208761,125,125
20260805,193,1,835,5465911,126,125
20260805,562,2,836,5142453,124,124
20260805,375,7,839,3810322,127,125
20260805,140,4,842,9584751,128,125
20260805,319,7,849,2290829,125,125
20260805,113,1,852,4136863,128,125
20260805,273,1,856,779499,126,125
20260805,180,4,859,298022504,127,125
20260805,605,5,861,4578129,126,124
20260805,596,4,865,7380426,124,124
20260805,589,5,866,10447438,128,124
20260805,456,0,870,7541229,124,124
20260805,269,5,871,8201917,125,125
20260805,50,2,872,5009751,125,125
20260805,561,1,873,1138140,124,124
20260805,595,3,876,3046279,124,124
20260805,81,1,879,3514427,125,125
20260805,223,7,881,7161523,132,125
20260805,532,4,903,27379114,125,124
20260805,346,2,905,4949083,127,125
20260805,527,7,906,5887492,126,124
20260805,181,5,907,25116297,125,125
20260805,394,2,910,8735849,128,124
20260805,490,2,941,4626373,125,124
20260805,178,2,947,5981583,125,125
20260805,443,3,953,3547405,126,124
20260805,123,3,969,6881905,125,125
20260805,378,2,975,4494891,125,125
20260805,566,6,980,2454856,125,124
20260805,509,5,981,33672973,124,124
20260805,417,1,983,7040335,124,124
20260805,234,2,987,4686436,125,125
20260805,392,0,988,3542030,126,124
20260805,478,6,991,14273625,125,124
20260805,177,1,994,17937498,131,125
20260805,497,1,998,3467732,126,124
20260805,508,4,999,23579144,126,124
20260805,87,7,1003,6171963,125,125
20260805,401,1,1004,3471976,124,124
20260805,455,7,1006,23553937,127,124
20260805,376,0,1016,10004741,126,125
20260805,480,0,1019,7315265,124,124
20260805,256,0,1023,8409253,125,125
20260805,225,1,1024,4414097,127,125
20260805,30,6,1026,3209065,127,125
20260805,146,2,1030,8488106,127,125
20260805,546,2,1033,14404982,264,124
20260805,86,6,1035,2320831,126,125
20260805,519,7,1037,5177135,124,124
20260805,590,6,1038,5364233,124,124
20260805,22,6,1041,1152251,125,125
20260805,157,5,1044,3179067,128,125
20260805,399,7,1045,7925388,131,124
20260805,160,0,1046,26495347,125,125
20260805,407,7,1048,57551172,126,124
20260805,296,0,1056,6962032,126,125
20260805,92,4,1057,6626195,125,125
20260805,62,6,1060,5671776,125,125
20260805,388,4,1061,3139134,125,125
20260805,574,6,1063,5385470,124,124
20260805,292,4,1064,1878575,127,125
20260805,2,2,1071,2459843,125,125
20260805,459,3,1074,3469029,125,124
20260805,622,6,1081,3033056,124,124
20260805,391,7,1083,5711834,124,124
20260805,229,5,1084,6785164,125,125
20260805,115,3,1085,23495939,129,125
20260805,95,7,1099,299130302,126,125
20260805,68,4,1101,4323605,125,125
20260805,609,1,1102,4274546,126,124
20260805,544,0,1105,2345157,124,124
20260805,541,5,1107,9564355,124,124
20260805,625,1,1110,7445329,125,124
20260805,458,2,1111,4129968,125,124
20260805,424,0,1113,3061997,127,124
20260805,444,4,1116,37757205,128,124
20260805,294,6,1117,2140597,126,125
20260805,325,5,1120,5343691,125,125
20260805,558,6,1126,44852038,124,124
20260805,267,3,1127,5628736,125,125
20260805,549,5,1135,3087619,125,124
20260805,103,7,1141,13327976,127,125
20260805,620,4,1142,5734161,124,124
20260805,348,4,1143,21885397,125,125
20260805,389,5,1149,1751693,125,125
20260805,545,1,1153,3920922,124,124
20260805,416,0,1159,4749142,126,124
20260805,35,3,1167,4579439,125,125
20260805,607,7,1169,4285066,124,124
20260805,265,1,1170,3787860,126,125
20260805,552,0,1175,3331526,125,124
20260805,332,4,1176,4580329,125,125
20260805,217,1,1181,51057111,125,125
20260805,39,7,1190,2934067,127,125
20260805,588,4,1194,3393568,142,124
20260805,557,5,1195,5195912,125,124
20260805,342,6,1197,5528446,127,125
20260805,12,4,1200,2894715,129,125
20260805,367,7,1219,28361951,126,125
20260805,88,0,1226,7677982,125,125
20260805,136,0,1231,1647234,196,125
20260805,198,6,1238,5252247,130,125
20260805,539,3,1239,9483021,126,124
20260805,419,3,1245,3313250,124,124
20260805,415,7,1246,2278503,126,124
20260805,120,0,1252,6498469,126,125
20260805,166,6,1257,7194380,126,125
20260805,18,2,1259,20482994,125,125
20260805,550,6,1262,20751109,124,124
20260805,236,4,1263,4856813,126,125
20260805,145,1,1265,9506686,126,125
20260805,431,7,1266,13514701,125,124
20260805,83,3,1268,11315893,125,125
20260805,47,7,1278,3160485,126,125
20260805,10,2,1285,4784911,127,125
20260805,112,0,1288,12744854,126,125
20260805,259,3,1290,4340115,125,125
20260805,439,7,1291,3153523,124,124
20260805,224,0,1293,5984083,126,125
20260805,73,1,1296,1238052,125,125
20260805,418,2,1298,6841885,124,124
20260805,528,0,1302,5291790,135,124
20260805,462,6,1305,2903663,126,124
20260805,129,1,1312,985700,338,125
20260805,512,0,1314,7008942,475,124
20260805,253,5,1315,5183584,125,125
20260805,343,7,1319,4351237,126,125
20260805,76,4,1322,5225397,125,125
20260805,393,1,1328,7408582,126,124
20260805,293,5,1332,3943474,125,125
20260805,205,5,1333,10105246,199,125
20260805,271,7,1338,2073998,125,125
20260805,559,7,1340,8718756,129,124
20260805,633,1,1343,837619,124,124
20260805,194,2,1345,9299702,129,125
20260805,309,5,1353,3369848,125,125
20260805,483,3,1363,38506468,130,124
20260805,567,7,1372,2031833,126,124
20260805,168,0,1381,6756533,127,125
20260805,44,4,1382,4589886,126,125
20260805,315,3,1384,6221857,130,125
20260805,299,3,1394,25547029,127,125
20260805,425,1,1395,6138300,125,124
20260805,250,2,1396,15879163,125,125
20260805,584,0,1405,152322363,125,124
20260805,601,1,1415,2125911,124,124
20260805,133,5,1421,31222494,127,125
20260805,314,2,1441,2504436,125,125
20260805,344,0,1447,2945929,127,125
20260805,238,6,1452,8837584,126,125
20260805,360,0,1462,301330055,127,125
20260805,19,3,1465,14125989,126,125
20260805,612,4,1468,150047673,124,124
20260805,475,3,1470,6251236,132,124
20260805,461,5,1472,8745606,125,124
20260805,174,6,1476,23417959,127,125
20260805,542,6,1478,28532121,124,124
20260805,522,2,1483,2608562,124,124
20260805,604,4,1487,5970941,126,124
20260805,430,6,1490,3064319,124,124
20260805,525,5,1521,4919874,125,124
20260805,287,7,1524,5714546,125,125
20260805,408,0,1544,3052460,126,124
20260805,144,0,1555,6083732,132,125
20260805,252,4,1558,2736577,125,125
20260805,222,6,1562,8601362,173,125
20260805,350,6,1577,6065678,127,125
20260805,215,7,1578,8395730,125,125
20260805,147,3,1582,3910851,126,125
20260805,634,2,1590,12167504,127,124
20260805,524,4,1599,5705806,124,124
20260805,488,0,1606,2897202,124,124
20260805,345,1,1607,16032167,128,125
20260805,464,0,1612,24426618,124,124
20260805,206,6,1616,20049482,125,125
20260805,556,4,1621,7708037,124,124
20260805,116,4,1625,7230412,127,125
20260805,200,0,1633,5026706,125,125
20260805,536,0,1651,3478126,124,124
20260805,436,4,1652,11675982,124,124
20260805,64,0,1653,26869193,125,125
20260805,405,5,1655,2808591,124,124
20260805,324,4,1659,2184001,125,125
20260805,241,1,1693,2449997,125,125
20260805,494,6,1698,4534347,128,124
20260805,102,6,1701,1103959,125,125
20260805,616,0,1703,5760023,125,124
20260805,134,6,1707,5373815,125,125
20260805,216,0,1751,4574219,125,125
20260805,282,2,1783,5258856,125,125
20260805,308,4,1785,12419287,126,125
20260805,55,7,1789,2749785,127,125
20260805,621,5,1819,9858818,127,124
20260805,13,5,1830,4121129,125,125
20260805,51,3,1846,12936003,125,125
20260805,228,4,1847,9574019,126,125
20260805,591,7,1876,1720503,126,124
20260805,283,3,1907,16115542,126,125
20260805,491,3,1908,3606968,124,124
20260805,313,1,1934,7672010,125,125
20260805,339,3,1942,10283455,129,125
20260805,317,5,1955,12671503,128,125
20260805,413,5,1959,4770008,124,124
20260805,373,5,1962,2910448,125,125
20260805,7,7,1970,2956970,127,125
20260805,104,0,1971,6928952,127,125
20260805,450,2,1972,32071215,124,124
20260805,321,1,1973,23250583,125,125
20260805,361,1,2009,5472573,127,125
20260805,578,2,2016,2577683,124,124
20260805,70,6,2050,4973127,127,125
20260805,554,2,2055,2681740,124,124
20260805,469,5,2114,2002837,125,124
20260805,122,2,2116,2594253,127,125
20260805,637,5,2118,11141855,124,124
20260805,15,7,2176,4955068,194,125
20260805,593,1,2187,51802029,125,124
20260805,372,4,2189,896468,126,125
20260805,153,1,2198,6225154,125,125
20260805,159,7,2199,13808115,127,125
20260805,627,3,2216,8888059,124,124
20260805,0,0,2222,4620801,129,125
20260805,437,5,2224,7931109,124,124
20260805,268,4,2251,7397307,128,125
20260805,110,6,2258,8999914,130,125
20260805,89,1,2259,6113073,127,125
20260805,466,2,2276,13506185,126,124
20260805,220,4,2288,5610207,126,125
20260805,356,4,2308,6685234,126,125
20260805,197,5,2313,7762659,128,125
20260805,429,5,2322,4313237,125,124
20260805,290,2,2334,15719772,126,125
20260805,155,3,2348,54700100,125,125
20260805,118,6,2379,20405411,125,125
20260805,599,7,2390,3732003,124,124
20260805,163,3,2405,5575597,127,125
20260805,143,7,2408,1770204,125,125
20260805,586,2,2434,4906918,124,124
20260805,255,7,2436,3194350,125,125
20260805,427,3,2442,4179234,125,124
20260805,121,1,2471,2151092,125,125
20260805,428,4,2494,6276672,124,124
20260805,523,3,2521,7340017,124,124
20260805,24,0,2560,4624344,128,125
20260805,635,3,2584,8481502,124,124
20260805,624,0,2600,6043976,125,124
20260805,288,0,2612,6923835,128,125
20260805,172,4,2624,2901274,125,125
20260805,219,3,2631,5724541,127,125
20260805,29,5,2674,3198375,127,125
20260805,385,1,2678,3855409,126,125
20260805,57,1,2690,34798688,125,125
20260805,4,4,2693,6041808,126,125
20260805,355,3,2703,11086256,129,125
20260805,232,0,2726,7060096,125,125
20260805,138,2,2728,3847564,126,125
20260805,371,3,2758,8251102,125,125
20260805,277,5,2786,11174086,128,125
20260805,577,1,2787,8246595,124,124
20260805,1,1,2788,3970492,125,125
20260805,521,1,2789,4331879,126,124
20260805,476,4,2793,6587823,124,124
20260805,630,6,2794,2787780,124,124
20260805,472,0,2827,4739200,124,124
20260805,608,0,2831,7364666,124,124
20260805,183,7,2835,4387142,127,125
20260805,45,5,2864,13479074,131,125
20260805,341,5,2868,20050434,125,125
20260805,351,7,2876,8027775,126,125
20260805,362,2,2899,8583130,125,125
20260805,423,7,2905,27754213,124,124
20260805,114,2,2923,10737308,131,125
20260805,632,0,2995,6567857,126,124
20260805,152,0,2998,73670251,127,125
20260805,60,4,3000,5179671,129,125
20260805,108,4,3008,27914380,131,125
20260805,453,5,3025,5006899,127,124
20260805,23,7,3041,146681470,128,125
20260805,101,5,3085,4695712,126,125
20260805,384,0,3116,10402459,125,125
20260805,553,1,3121,10337732,124,124
20260805,386,2,3137,32964248,126,125
20260805,486,6,3160,6652299,128,124
20260805,131,3,3161,1627429,126,125
20260805,286,6,3167,2342308,126,125
20260805,165,5,3258,4737744,125,125
20260805,221,5,3295,8005431,126,125
20260805,320,0,3297,4995524,127,125
20260805,626,2,3361,37732153,124,124
20260805,383,7,3384,6058387,127,125
20260805,603,3,3638,3962987,125,124
20260805,421,5,3694,1359741,124,124
20260805,403,3,3881,3766381,128,124
20260805,368,0,4056,2318425,125,125
20260805,353,1,4087,3802522,125,125
20260805,538,2,4114,9861842,127,124
20260805,307,3,4133,3769077,125,125
20260805,272,0,4146,1163495,126,125
20260805,303,7,4173,4944490,125,125
20260805,201,1,4277,5446627,125,125
20260805,358,6,4700,7274609,125,125
20260805,211,3,5140,3601776,125,125
20260805,506,2,6061,7109273,128,124
20260805,279,7,6788,1055599,125,125
20260806,274,2,0,11836647,128,125
20260806,82,2,1,1784460,127,125
20260806,490,2,2,13692700,1606,124
20260806,404,4,3,15052793,125,124
20260806,386,2,4,5021290,125,125
20260806,316,4,5,2942508,125,125
20260806,323,3,6,22220782,127,125
20260806,345,1,7,1282752,125,125
20260806,571,3,8,2335453,140,124
20260806,241,1,9,2246435,1129,125
20260806,202,2,10,33034554,404,125
20260806,22,6,11,10637050,125,125
20260806,77,5,12,4851205,676,125
20260806,606,6,14,3510610,124,124
20260806,639,7,15,22982064,125,124
20260806,295,7,16,42047617,125,125
20260806,356,4,17,11694690,125,125
20260806,18,2,18,3617868,125,125
20260806,86,6,19,4521547,129,125
20260806,114,2,20,8460325,127,125
20260806,593,1,21,5562783,129,124
20260806,449,1,22,1763763,125,124
20260806,236,4,23,6817633,125,125
20260806,147,3,24,5501379,141,125
20260806,272,0,25,17384913,678,125
20260806,136,0,26,152246833,125,125
20260806,43,3,27,2245887,575,125
20260806,501,5,28,4184365,127,124
20260806,630,6,29,8454376,124,124
20260806,276,4,30,1307726,1225,125
20260806,6,6,31,5816052,126,125
20260806,245,5,32,3252558,125,125
20260806,392,0,33,16837118,124,124
20260806,511,7,34,67503674,124,124
20260806,47,7,35,5158829,125,125
20260806,479,7,37,2124170,136,124
20260806,605,5,38,5409259,124,124
20260806,358,6,39,4740948,172,125
20260806,387,3,40,9997972,126,125
20260806,370,2,41,5617308,128,125
20260806,472,0,42,6457064,124,124
20260806,50,2,43,3143254,569,125
20260806,151,7,45,1635554,125,125
20260806,293,5,46,5202667,139,125
20260806,53,5,47,3440527,143,125
20260806,567,7,48,6770887,143,124
20260806,447,7,49,8511646,126,124
20260806,526,6,51,12077540,125,124
20260806,337,1,52,2658956,126,125
20260806,301,5,53,41576776,160,125
20260806,507,3,54,7076502,140,124
20260806,173,5,55,4261475,142,125
20260806,333,5,56,4752168,143,125
20260806,214,6,57,20434042,143,125
20260806,438,6,58,15968294,142,124
20260806,143,7,59,5825771,141,125
20260806,280,0,60,2688391,144,125
20260806,410,2,61,3146454,280,124
20260806,552,0,62,1527925,126,124
20260806,132,4,63,1474158,143,125
20260806,111,7,64,2491303,141,125
20260806,14,6,65,28577727,141,125
20260806,464,0,66,4550058,146,124
20260806,618,2,67,13804461,159,124
20260806,533,5,68,6493234,142,124
20260806,231,7,69,10650882,141,125
20260806,617,1,71,13181869,140,124
20260806,510,6,72,303175775,158,124
20260806,258,2,73,35741041,590,125
20260806,513,1,74,1928537,674,124
20260806,561,1,77,4411384,140,124
20260806,359,7,80,6352256,570,125
20260806,609,1,81,133688252,124,124
20260806,460,4,82,1831998,125,124
20260806,582,6,83,6064670,749,124
20260806,228,4,84,4370580,125,125
20260806,413,5,85,2788329,124,124
20260806,512,0,86,5456813,124,124
20260806,329,1,87,7371769,625,125
20260806,389,5,90,3019107,134,125
20260806,481,1,91,8482634,124,124
20260806,382,6,92,24218052,126,125
20260806,88,0,93,3500314,574,125
20260806,339,3,94,5283626,639,125
20260806,443,3,96,4244410,1934,124
20260806,422,6,98,1989843,124,124
20260806,398,6,99,8849876,126,124
20260806,371,3,101,6671198,127,125
20260806,71,7,102,3568528,125,125
20260806,229,5,103,1810113,125,125
20260806,205,5,104,8649237,129,125
20260806,208,0,105,6798344,132,125
20260806,327,7,107,5380444,125,125
20260806,596,4,108,5681478,124,124
20260806,149,5,109,7132936,135,125
20260806,559,7,111,4328671,125,124
20260806,563,3,112,6743682,125,124
20260806,442,2,113,3870900,571,124
20260806,446,6,114,7283766,126,124
20260806,590,6,115,8175139,124,124
20260806,415,7,116,3954194,124,124
20260806,403,3,117,21656360,126,124
20260806,145,1,118,10298364,125,125
20260806,455,7,119,1316789,125,124
20260806,64,0,121,3439506,815,125
20260806,112,0,122,3914231,678,125
20260806,212,4,123,5114229,127,125
20260806,313,1,124,7491272,125,125
20260806,29,5,126,11306748,125,125
20260806,167,7,127,24635205,125,125
20260806,84,4,128,3458801,140,125
20260806,40,0,130,3203896,413,125
20260806,430,6,132,7298058,126,124
20260806,597,5,133,25177331,127,124
20260806,592,0,134,3242709,124,124
20260806,234,2,135,25719738,127,125
20260806,424,0,136,2517709,125,124
20260806,266,2,138,8678731,196,125
20260806,110,6,140,2201918,125,125
20260806,573,5,141,3841190,124,124
20260806,554,2,143,8098182,124,124
20260806,249,1,144,3469063,125,125
20260806,539,3,150,9098186,573,124
20260806,579,3,151,8677840,167,124
20260806,239,7,156,3902493,125,125
20260806,635,3,164,3515834,126,124
20260806,319,7,165,5251229,125,125
20260806,553,1,167,1711411,125,124
20260806,7,7,174,7111773,127,125
20260806,150,6,179,10015967,125,125
20260806,103,7,180,6596085,128,125
20260806,134,6,181,13019232,128,125
20260806,508,4,182,5454662,128,124
20260806,87,7,183,6338064,125,125
20260806,142,6,185,9439794,126,125
20260806,189,5,188,2036713,373,125
20260806,95,7,189,6742534,574,125
20260806,312,0,190,10653985,568,125
20260806,223,7,192,10740898,169,125
20260806,396,4,194,2474421,126,124
20260806,1,1,196,4847035,125,125
20260806,233,1,197,10215561,128,125
20260806,55,7,200,1263243,128,125
20260806,291,3,201,299214554,125,125
20260806,199,7,202,1435756,125,125
20260806,100,4,203,4390975,125,125
20260806,286,6,204,4930697,127,125
20260806,194,2,206,2357188,126,125
20260806,569,1,209,5955928,124,124
20260806,399,7,210,131616259,124,124
20260806,128,0,213,1633268,125,125
20260806,484,4,214,10920475,124,124
20260806,476,4,215,4616131,771,124
20260806,557,5,216,5027028,125,124
20260806,304,0,217,15088593,125,125
20260806,482,2,220,4637264,126,124
20260806,395,3,221,8140866,126,124
20260806,106,2,222,4869138,126,125
20260806,15,7,223,6802834,127,125
20260806,135,7,224,2698255,127,125
20260806,12,4,226,4649652,467,125
20260806,615,7,227,3460019,666,124
20260806,341,5,228,2196503,126,125
20260806,637,5,240,2855324,677,124
20260806,255,7,241,32083925,569,125
20260806,529,1,242,6534369,125,124
20260806,271,7,244,3283960,125,125
20260806,19,3,245,1597167,127,125
20260806,244,4,248,5381667,128,125
20260806,76,4,249,6653168,125,125
20260806,48,0,251,4166131,127,125
20260806,158,6,252,33199823,136,125
20260806,607,7,254,7649396,127,124
20260806,581,5,255,10104203,124,124
20260806,602,2,256,1338378,124,124
20260806,530,2,257,1634923,124,124
20260806,448,0,258,6584942,124,124
20260806,514,2,259,5034404,124,124
20260806,499,3,260,20041894,124,124
20260806,326,6,262,32359406,125,125
20260806,140,4,263,5798228,126,125
20260806,42,2,264,3646175,125,125
20260806,153,1,266,2346191,125,125
20260806,352,0,267,5024888,127,125
20260806,127,7,268,7026423,125,125
20260806,232,0,269,10665848,127,125
20260806,619,3,271,6275857,124,124
20260806,278,6,272,14533969,125,125
20260806,282,2,274,5305760,131,125
20260806,73,1,281,4388138,468,125
20260806,608,0,286,17797283,127,124
20260806,104,0,287,55404224,125,125
20260806,444,4,288,7333472,124,124
20260806,227,3,298,6411048,127,125
20260806,604,4,299,4808427,124,124
20260806,485,5,300,5255326,125,124
20260806,138,2,302,5202297,127,125
20260806,287,7,305,10520223,126,125
20260806,560,0,307,3633319,124,124
20260806,462,6,308,20559932,124,124
20260806,523,3,309,7329185,124,124
20260806,364,4,310,4843199,126,125
20260806,452,4,315,7298285,125,124
20260806,451,3,318,4019517,126,124
20260806,572,4,324,5664297,140,124
20260806,434,2,327,6842375,125,124
20260806,8,0,337,5879329,125,125
20260806,367,7,341,3471554,125,125
20260806,220,4,357,90444414,127,125
20260806,311,7,358,11476255,127,125
20260806,547,3,359,2797727,124,124
20260806,315,3,360,5023334,125,125
20260806,235,3,361,7200434,128,125
20260806,445,5,362,11895361,125,124
20260806,436,4,364,13616849,125,124
20260806,41,1,366,3090151,125,125
20260806,372,4,367,7660336,169,125
20260806,328,0,368,5085143,127,125
20260806,548,4,369,3147095,129,124
20260806,351,7,370,8991942,125,125
20260806,74,2,371,4369731,127,125
20260806,516,4,372,15969973,124,124
20260806,68,4,374,19529694,125,125
20260806,373,5,379,152100236,130,125
20260806,503,7,384,4545652,127,124
20260806,20,4,389,962555,125,125
20260806,318,6,392,2844461,132,125
20260806,603,3,394,2485818,127,124
20260806,574,6,396,20687921,124,124
20260806,168,0,409,5516801,125,125
20260806,343,7,410,5458773,126,125
20260806,466,2,423,2227540,124,124
20260806,44,4,428,6960629,173,125
20260806,52,4,434,5519001,125,125
20260806,191,7,442,5921665,126,125
20260806,366,6,450,4805371,127,125
20260806,225,1,453,9663490,126,125
20260806,221,5,464,3374189,128,125
20260806,471,7,479,10764115,124,124
20260806,89,1,499,65894815,127,125
20260806,402,2,500,1500437,124,124
20260806,376,0,501,24560057,125,125
20260806,598,6,503,8095643,129,124
20260806,480,0,504,1827886,124,124
20260806,65,1,505,4740138,128,125
20260806,21,5,508,6019891,126,125
20260806,369,1,511,15615744,125,125
20260806,260,4,513,2263111,125,125
20260806,570,2,536,3886160,128,124
20260806,275,3,540,4108878,125,125
20260806,283,3,546,4029606,126,125
20260806,123,3,549,37246350,126,125
20260806,417,1,550,9745708,124,124
20260806,401,1,558,3310636,125,124
20260806,374,6,565,3201384,126,125
20260806,267,3,572,12286818,126,125
20260806,546,2,578,8448597,124,124
20260806,453,5,597,5226678,129,124
20260806,299,3,599,7418855,129,125
20260806,285,5,604,3884960,125,125
20260806,491,3,611,1163825,124,124
20260806,627,3,614,6853070,124,124
20260806,172,4,617,8464366,126,125
20260806,406,6,618,2877969,124,124
20260806,193,1,619,4958647,125,125
20260806,626,2,620,7426829,124,124
20260806,83,3,621,5981924,127,125
20260806,527,7,629,1604845,125,124
20260806,16,0,630,3245215,127,125
20260806,541,5,632,2014407,124,124
20260806,489,1,633,5742992,127,124
20260806,411,3,634,6778903,124,124
20260806,133,5,635,2640924,125,125
20260806,519,7,636,7552517,124,124
20260806,57,1,637,1205562,125,125
20260806,90,2,638,4201460,126,125
20260806,96,0,639,26687045,265,125
20260806,381,5,640,9916157,127,125
20260806,11,3,641,7087440,127,125
20260806,562,2,642,5020714,125,124
20260806,528,0,643,1631196,125,124
20260806,439,7,644,7927762,126,124
20260806,531,3,645,7298363,125,124
20260806,470,6,653,4347045,124,124
20260806,39,7,655,2530712,125,125
20260806,37,5,673,5540981,125,125
20260806,198,6,675,2890583,127,125
20260806,59,3,676,1296079,125,125
20260806,350,6,684,8415316,125,125
20260806,586,2,689,7104210,125,124
20260806,377,1,701,30215897,125,125
20260806,240,0,704,10119425,126,125
20260806,181,5,705,3825772,127,125
20260806,131,3,712,1370476,125,125
20260806,250,2,729,1664283,125,125
20260806,94,6,730,41924870,125,125
20260806,161,1,736,6272548,125,125
20260806,520,0,744,10452084,173,124
20260806,69,5,745,6641926,126,125
20260806,259,3,746,2478024,132,125
20260806,179,3,749,11875459,126,125
20260806,497,1,751,7570658,124,124
20260806,335,7,771,52266779,125,125
20260806,429,5,777,3815602,124,124
20260806,63,7,779,1397454,126,125
20260806,33,1,787,1552547,127,125
20260806,188,4,788,1962463,194,125
20260806,469,5,789,3946843,124,124
20260806,66,2,790,6907138,125,125
20260806,616,0,791,6087654,125,124
20260806,595,3,793,3657043,124,124
20260806,9,1,794,9122784,126,125
20260806,256,0,799,11921307,127,125
20260806,545,1,803,3057634,124,124
20260806,279,7,806,7332470,127,125
20260806,334,6,807,16006974,125,125
20260806,435,3,810,2873088,124,124
20260806,126,6,813,3079965,125,125
20260806,203,3,814,3258081,125,125
20260806,612,4,816,5199444,124,124
20260806,625,1,817,5505684,126,124
20260806,585,1,818,25416164,125,124
20260806,155,3,821,18937796,125,125
20260806,226,2,822,1358130,143,125
20260806,211,3,824,8110356,126,125
20260806,385,1,828,4333439,126,125
20260806,120,0,829,8547791,127,125
20260806,296,0,830,2859259,128,125
20260806,109,5,832,5796361,132,125
20260806,124,4,833,1388050,125,125
20260806,324,4,834,4832045,129,125
20260806,478,6,839,3837652,126,124
20260806,584,0,841,30000681,124,124
20260806,589,5,846,8691766,125,124
20260806,182,6,856,20341278,126,125
20260806,85,5,859,1411127,125,125
20260806,178,2,860,5313621,127,125
20260806,628,4,861,5188573,126,124
20260806,81,1,862,56166669,128,125
20260806,230,6,864,11692599,125,125
20260806,165,5,865,85027925,125,125
20260806,475,3,866,1937601,124,124
20260806,357,5,868,2993715,125,125
20260806,195,3,869,5256623,125,125
20260806,78,6,877,13806350,125,125
20260806,457,1,879,10556287,127,124
20260806,610,2,880,3061609,126,124
20260806,549,5,881,4618913,124,124
20260806,354,2,882,8655939,127,125
20260806,631,7,891,3051311,124,124
20260806,483,3,900,2853635,130,124
20260806,540,4,905,8381795,126,124
20260806,190,6,906,3657535,125,125
20260806,154,2,919,6970581,127,125
20260806,431,7,920,5725077,124,124
20260806,492,4,929,23071765,124,124
20260806,383,7,940,18702301,126,125
20260806,264,0,941,2079596,125,125
20260806,93,5,950,3388027,128,125
20260806,129,1,953,8401330,125,125
20260806,566,6,955,1791149,124,124
20260806,156,4,974,4553298,125,125
20260806,509,5,975,5639736,128,124
20260806,67,3,976,8457569,128,125
20260806,261,5,978,1856327,126,125
20260806,49,1,981,9747082,130,125
20260806,116,4,986,2121355,127,125
20260806,174,6,987,9278542,130,125
20260806,218,2,991,16870132,125,125
20260806,25,1,992,2926609,125,125
20260806,621,5,994,6190617,125,124
20260806,505,1,995,12977278,126,124
20260806,349,5,996,2822660,125,125
20260806,378,2,999,2999464,125,125
20260806,578,2,1000,8081398,125,124
20260806,614,6,1001,6402186,127,124
20260806,38,6,1002,29575513,125,125
20260806,144,0,1003,6996681,129,125
20260806,551,7,1015,24593106,125,124
20260806,268,4,1017,4102821,127,125
20260806,79,7,1021,2947519,125,125
20260806,556,4,1022,3306733,126,124
20260806,599,7,1029,2500529,124,124
20260806,634,2,1031,9772928,125,124
20260806,0,0,1035,4155716,126,125
20260806,222,6,1041,37450991,126,125
20260806,160,0,1044,43157936,126,125
20260806,320,0,1045,8671772,125,125
20260806,405,5,1047,6673417,124,124
20260806,542,6,1048,9161860,126,124
20260806,488,0,1049,16190917,124,124
20260806,219,3,1050,11958877,126,125
20260806,253,5,1052,1482761,125,125
20260806,456,0,1055,26174599,124,124
20260806,54,6,1060,6640567,125,125
20260806,175,7,1062,12194990,125,125
20260806,102,6,1067,2053496,129,125
20260806,200,0,1068,2890655,127,125
20260806,565,5,1069,5420439,334,124
20260806,632,0,1073,9451502,473,124
20260806,588,4,1074,4408690,124,124
20260806,310,6,1075,3940478,125,125
20260806,248,0,1076,4296825,125,125
20260806,98,2,1078,1814643,125,125
20260806,137,1,1079,8893772,126,125
20260806,473,1,1083,3762945,124,124
20260806,121,1,1085,5898326,125,125
20260806,75,3,1086,15015937,125,125
20260806,458,2,1089,8749531,126,124
20260806,107,3,1091,7817373,125,125
20260806,306,2,1099,8290926,129,125
20260806,17,1,1101,4918120,127,125
20260806,62,6,1103,7497491,125,125
20260806,99,3,1106,6737045,126,125
20260806,26,2,1110,10473572,126,125
20260806,409,1,1114,1126874,124,124
20260806,273,1,1117,2065589,125,125
20260806,407,7,1119,14488851,124,124
20260806,474,2,1121,2489340,124,124
20260806,493,5,1122,36677505,124,124
20260806,317,5,1123,7175498,129,125
20260806,344,0,1127,3119247,125,125
20260806,347,3,1130,1806349,127,125
20260806,27,3,1132,3360876,125,125
20260806,80,0,1140,1569080,129,125
20260806,576,0,1145,5427252,128,124
20260806,117,5,1148,43521196,128,125
20260806,118,6,1150,5957620,127,125
20260806,101,5,1154,4608248,125,125
20260806,336,0,1155,2056913,127,125
20260806,294,6,1156,3103014,126,125
20260806,51,3,1157,969345,125,125
20260806,281,1,1161,19659442,127,125
20260806,269,5,1164,6967110,127,125
20260806,365,5,1170,8895152,128,125
20260806,35,3,1175,4598072,125,125
20260806,184,0,1181,1727743,126,125
20260806,180,4,1195,3824769,125,125
20260806,242,2,1205,3209841,126,125
20260806,325,5,1226,3465029,125,125
20260806,463,7,1245,2219981,128,124
20260806,284,4,1248,32568589,125,125
20260806,611,3,1250,5608906,126,124
20260806,164,4,1252,3410254,127,125
20260806,391,7,1253,6239823,125,124
20260806,105,1,1258,4894420,125,125
20260806,305,1,1262,5789837,125,125
20260806,288,0,1264,2171440,128,125
20260806,538,2,1268,6953720,125,124
20260806,355,3,1281,39867394,128,125
20260806,613,5,1286,7525700,124,124
20260806,113,1,1287,5307096,125,125
20260806,362,2,1293,3584043,125,125
20260806,246,6,1297,3975322,125,125
20260806,297,1,1299,5188078,134,125
20260806,564,4,1300,4336992,125,124
20260806,169,1,1303,5996482,125,125
20260806,2,2,1304,1347978,125,125
20260806,363,3,1305,6043796,126,125
20260806,427,3,1308,3650280,124,124
20260806,432,0,1313,17747001,124,124
20260806,459,3,1314,892324,125,124
20260806,4,4,1318,5296599,126,125
20260806,224,0,1320,21994168,125,125
20260806,437,5,1323,8305978,124,124
20260806,620,4,1324,3364897,131,124
20260806,247,7,1327,12524320,127,125
20260806,270,6,1338,3131150,126,125
20260806,623,7,1341,7540959,130,124
20260806,536,0,1350,992252,124,124
20260806,314,2,1353,3596209,129,125
20260806,34,2,1354,2311533,131,125
20260806,196,4,1358,2128460,127,125
20260806,92,4,1368,3162164,125,125
20260806,393,1,1369,1648323,124,124
20260806,30,6,1372,6244681,125,125
20260806,292,4,1373,9146528,126,125
20260806,450,2,1375,7858962,124,124
20260806,322,2,1381,8357803,127,125
20260806,3,3,1383,7277770,129,125
20260806,583,7,1385,1377023,126,124
20260806,97,1,1399,2029275,125,125
20260806,500,4,1400,1718921,124,124
20260806,502,6,1403,15949642,128,124
20260806,28,4,1409,1615980,125,125
20260806,277,5,1418,14188129,128,125
20260806,375,7,1421,143239826,129,125
20260806,624,0,1425,25709050,125,124
20260806,119,7,1428,7685918,125,125
20260806,394,2,1429,16211122,124,124
20260806,332,4,1431,6418647,125,125
20260806,251,3,1436,4934030,125,125
20260806,506,2,1437,8341510,124,124
20260806,56,0,1441,4268281,125,125
20260806,321,1,1451,8524354,128,125
20260806,384,0,1453,2464257,125,125
20260806,486,6,1459,4615711,124,124
20260806,263,7,1475,5526593,126,125
20260806,331,3,1479,28687419,125,125
20260806,522,2,1482,5294989,124,124
20260806,215,7,1490,24630213,127,125
20260806,36,4,1502,81937590,125,125
20260806,636,4,1521,33259999,124,124
20260806,262,6,1527,4680156,125,125
20260806,307,3,1537,8729397,125,125
20260806,303,7,1542,2663087,125,125
20260806,465,1,1544,7309635,126,124
20260806,141,5,1547,8322341,126,125
20260806,58,2,1552,150830622,129,125
20260806,300,4,1555,1022544,125,125
20260806,257,1,1564,9327324,128,125
20260806,558,6,1566,5259025,125,124
20260806,243,3,1574,7248669,127,125
20260806,496,0,1577,11540997,128,124
20260806,176,0,1583,1993781,125,125
20260806,125,5,1586,3536071,128,125
20260806,213,5,1601,8834649,128,125
20260806,441,1,1603,26562280,125,124
20260806,197,5,1605,31871778,125,125
20260806,521,1,1627,1169241,124,124
20260806,60,4,1628,3984937,126,125
20260806,418,2,1633,1267674,124,124
20260806,426,2,1640,3409889,125,124
20260806,587,3,1660,4561726,127,124
20260806,309,5,1667,5970371,125,125
20260806,290,2,1673,6944360,125,125
20260806,638,6,1706,23236548,126,124
20260806,360,0,1708,68627863,125,125
20260806,108,4,1709,4173261,129,125
20260806,388,4,1747,32011624,127,125
20260806,183,7,1748,28212128,125,125
20260806,254,6,1750,18389528,129,125
20260806,238,6,1752,31767272,125,125
20260806,433,1,1761,13696069,124,124
20260806,495,7,1769,21881422,125,124
20260806,390,6,1777,3620189,125,125
20260806,550,6,1780,6250546,124,124
20260806,186,2,1784,3355205,125,125
20260806,340,4,1786,4704114,125,125
20260806,600,0,1788,13026343,126,124
20260806,494,6,1814,4958190,126,124
20260806,204,4,1848,5260622,127,125
20260806,468,4,1870,8197269,124,124
20260806,575,7,1878,9931802,124,124
20260806,342,6,1881,5077487,127,125
20260806,428,4,1907,6654029,126,124
20260806,210,2,1921,5410545,125,125
20260806,525,5,1936,300305017,125,124
20260806,302,6,1960,4456527,127,125
20260806,515,3,1970,29517044,126,124
20260806,171,3,2009,3279609,128,125
20260806,201,1,2055,6844361,131,125
20260806,308,4,2083,3700193,125,125
20260806,591,7,2130,5286035,126,124
20260806,192,0,2184,7831449,125,125
20260806,163,3,2185,3415458,127,125
20260806,461,5,2207,10223991,125,124
20260806,535,7,2210,2847868,124,124
20260806,46,6,2247,5916252,125,125
20260806,177,1,2250,5403534,128,125
20260806,467,3,2259,5947695,138,124
20260806,420,4,2288,4209264,125,124
20260806,555,3,2308,2945189,125,124
20260806,416,0,2309,6793321,125,124
20260806,148,4,2316,3860772,125,125
20260806,537,1,2330,2824051,146,124
20260806,162,2,2337,5410170,126,125
20260806,454,6,2345,15958150,124,124
20260806,412,4,2355,66755193,126,124
20260806,414,6,2366,4648179,124,124
20260806,185,1,2394,8087960,125,125
20260806,633,1,2406,1770419,124,124
20260806,408,0,2410,8079753,127,124
20260806,61,5,2420,10171472,125,125
20260806,237,5,2425,13168225,125,125
20260806,24,0,2437,1085970,127,125
20260806,601,1,2440,2808662,129,124
20260806,498,2,2441,8545542,124,124
20260806,353,1,2449,3105204,125,125
20260806,139,3,2456,5962553,126,125
20260806,580,4,2469,21006573,125,124
20260806,487,7,2477,6522260,125,124
20260806,70,6,2479,5838992,125,125
20260806,368,0,2488,5312407,127,125
20260806,23,7,2500,5495616,125,125
20260806,504,0,2501,7976179,124,124
20260806,265,1,2526,5797974,127,125
20260806,477,5,2534,3913735,124,124
20260806,206,6,2553,53553200,127,125
20260806,594,2,2601,3953143,125,124
20260806,91,3,2641,4477055,129,125
20260806,397,5,2667,4015101,124,124
20260806,170,2,2675,5023488,126,125
20260806,187,3,2695,5860127,125,125
20260806,159,7,2705,932907,125,125
20260806,534,6,2751,4575856,124,124
20260806,330,2,2770,7026889,127,125
20260806,425,1,2787,17523392,124,124
20260806,440,0,2800,8899548,125,124
20260806,45,5,2838,18863725,125,125
20260806,146,2,2840,13965223,125,125
20260806,400,0,2854,74917838,124,124
20260806,568,0,2866,11923542,124,124
20260806,629,5,2880,5620745,124,124
20260806,289,1,2909,64959994,125,125
20260806,216,0,2911,3938409,129,125
20260806,13,5,2938,46300584,127,125
20260806,152,0,2989,17088626,127,125
20260806,361,1,3001,7422656,126,125
20260806,298,2,3003,3510422,125,125
20260806,348,4,3008,12137978,125,125
20260806,122,2,3020,3703969,129,125
20260806,524,4,3022,5341805,125,124
20260806,577,1,3032,13177151,124,124
20260806,518,6,3038,21938383,125,124
20260806,130,2,3049,4207125,125,125
20260806,10,2,3050,11148423,126,125
20260806,207,7,3083,3952992,125,125
20260806,346,2,3124,18519111,127,125
20260806,517,5,3160,5659980,124,124
20260806,622,6,3240,4134056,126,124
20260806,72,0,3296,3090319,169,125
20260806,543,7,3308,4544338,125,124
20260806,31,7,3330,4582888,127,125
20260806,217,1,3358,4205589,126,125
20260806,379,3,3481,13864698,126,125
20260806,115,3,3511,2958992,196,125
20260806,252,4,3786,3600463,127,125
20260806,209,1,3788,3123278,126,125
20260806,532,4,3912,5272406,127,124
20260806,380,4,3935,1585259,125,125
20260806,419,3,3973,4152446,124,124
20260806,166,6,3988,1747858,125,125
20260806,544,0,4010,5864367,125,124
20260806,338,2,4123,3673098,126,125
20260806,423,7,4325,1936849,124,124
20260806,157,5,4908,1480997,125,125
20260806,32,0,5114,2009784,125,125
20260806,5,5,5572,7563167,128,125
20260806,421,5,6224,1935010,124,124
20260807,520,0,0,4707371,125,124
20260807,355,3,1,719303,141,125
20260807,360,0,2,4789480,1605,125
20260807,585,1,3,8737898,125,124
20260807,201,1,4,10381013,129,125
20260807,323,3,5,1612434,125,125
20260807,302,6,6,6293781,126,125
20260807,339,3,7,8625598,125,125
20260807,329,1,8,4197915,145,125
20260807,86,6,9,1827517,1131,125
20260807,117,5,10,3597227,125,125
20260807,283,3,11,9673214,125,125
20260807,575,7,12,1870604,676,124
20260807,632,0,14,6809832,124,124
20260807,506,2,15,8665216,125,124
20260807,376,0,16,3945270,143,125
20260807,465,1,17,13740148,125,124
20260807,454,6,18,4804298,124,124
20260807,185,1,19,220459378,127,125
20260807,36,4,20,4058591,125,125
20260807,313,1,21,3863838,126,125
20260807,118,6,22,2060103,212,125
20260807,574,6,23,1333273,124,124
20260807,17,1,24,6118537,127,125
20260807,377,1,25,7492537,126,125
20260807,426,2,26,1741794,469,124
20260807,378,2,27,1670343,574,125
20260807,260,4,28,3197813,125,125
20260807,203,3,29,3399954,125,125
20260807,461,5,30,50549580,1221,124
20260807,382,6,31,12698610,127,125
20260807,192,0,32,4854297,125,125
20260807,6,6,33,2800889,129,125
20260807,524,4,34,5595764,125,124
20260807,535,7,35,14341029,124,124
20260807,184,0,37,6333363,125,125
20260807,518,6,38,3360405,126,124
20260807,534,6,39,7476396,125,124
20260807,440,0,40,3594587,125,124
20260807,542,6,41,22282293,124,124
20260807,318,6,42,10609390,125,125
20260807,234,2,43,1257422,569,125
20260807,132,4,45,5831466,128,125
20260807,153,1,46,3073141,128,125
20260807,238,6,47,32558210,141,125
20260807,530,2,48,68629439,194,124
20260807,437,5,51,1732692,124,124
20260807,67,3,52,4814232,127,125
20260807,193,1,53,9502863,158,125
20260807,307,3,54,8929541,141,125
20260807,352,0,55,158799723,143,125
20260807,315,3,56,2967338,141,125
20260807,338,2,57,21465493,141,125
20260807,18,2,58,3774653,143,125
20260807,272,0,59,974967,141,125
20260807,156,4,60,5711824,141,125
20260807,453,5,61,9263358,142,124
20260807,629,5,62,21457986,125,124
20260807,163,3,63,42111542,141,125
20260807,588,4,64,11866383,142,124
20260807,166,6,65,3177776,142,125
20260807,199,7,66,9725983,143,125
20260807,609,1,67,2972773,141,124
20260807,251,3,68,4023656,141,125
20260807,278,6,69,5047313,141,125
20260807,563,3,71,4668606,140,124
20260807,362,2,72,6047495,369,125
20260807,105,1,73,9135080,141,125
20260807,614,6,74,80913499,675,124
20260807,214,6,77,5962106,142,125
20260807,206,6,78,14808446,143,125
20260807,34,2,80,3276366,568,125
20260807,317,5,81,68425931,127,125
20260807,233,1,83,2810453,680,125
20260807,583,7,84,1201100,125,124
20260807,480,0,85,2650983,124,124
20260807,141,5,86,7258812,125,125
20260807,451,3,87,6415867,624,124
20260807,371,3,90,1295647,129,125
20260807,92,4,91,8537454,125,125
20260807,596,4,92,32945974,124,124
20260807,112,0,93,20579894,715,125
20260807,154,2,94,2935386,569,125
20260807,541,5,96,7019934,2180,124
20260807,483,3,98,1022697,404,124
20260807,31,7,99,4635197,127,125
20260807,390,6,101,5108535,125,125
20260807,8,0,102,4658797,131,125
20260807,229,5,103,4752193,127,125
20260807,511,7,104,18244567,124,124
20260807,638,6,105,4481496,124,124
20260807,254,6,106,6954255,127,125
20260807,303,7,107,2238771,126,125
20260807,14,6,108,4909910,127,125
20260807,298,2,109,8364416,125,125
20260807,455,7,111,2912236,124,124
20260807,15,7,112,6610460,128,125
20260807,499,3,113,9481072,125,124
20260807,207,7,115,41991163,129,125
20260807,5,5,116,10902093,127,125
20260807,232,0,117,6293637,128,125
20260807,77,5,118,4673532,125,125
20260807,559,7,119,18582303,125,124
20260807,422,6,120,2391484,675,124
20260807,196,4,121,20185267,814,125
20260807,549,5,122,3793429,680,124
20260807,316,4,123,9839142,127,125
20260807,412,4,124,3198311,124,124
20260807,606,6,126,2962550,125,124
20260807,19,3,127,4685849,125,125
20260807,289,1,128,21117644,137,125
20260807,476,4,129,50020539,136,124
20260807,94,6,130,5154779,413,125
20260807,26,2,132,38696033,129,125
20260807,198,6,134,2869732,128,125
20260807,320,0,135,6008558,125,125
20260807,628,4,137,31064627,171,124
20260807,124,4,138,3318636,127,125
20260807,370,2,143,3479284,126,125
20260807,592,0,144,7161372,124,124
20260807,400,0,150,6739965,573,124
20260807,13,5,151,3031299,168,125
20260807,579,3,160,1770679,573,124
20260807,133,5,164,1373264,127,125
20260807,513,1,165,8738743,125,124
20260807,421,5,168,7451075,127,124
20260807,116,4,170,945273,125,125
20260807,78,6,174,6589309,125,125
20260807,291,3,178,3516363,126,125
20260807,553,1,179,8913904,124,124
20260807,35,3,180,2305375,126,125
20260807,147,3,181,7855080,127,125
20260807,120,0,182,6837660,125,125
20260807,275,3,183,5842552,126,125
20260807,82,2,184,5210799,125,125
20260807,53,5,185,1980193,125,125
20260807,366,6,186,3480550,127,125
20260807,548,4,187,77445896,572,124
20260807,608,0,189,1783581,573,124
20260807,89,1,190,1398526,568,125
20260807,500,4,194,1177571,125,124
20260807,202,2,196,21176832,125,125
20260807,605,5,201,6347654,124,124
20260807,456,0,202,3563669,125,124
20260807,136,0,203,1725491,125,125
20260807,526,6,207,3111893,124,124
20260807,487,7,208,14441565,130,124
20260807,98,2,209,2342829,126,125
20260807,290,2,210,25398546,125,125
20260807,394,2,211,6696437,128,124
20260807,491,3,213,8947221,126,124
20260807,270,6,214,4439321,125,125
20260807,449,1,215,1440622,679,124
20260807,346,2,216,7856310,125,125
20260807,131,3,217,14596872,125,125
20260807,169,1,220,2487884,125,125
20260807,159,7,221,5493283,125,125
20260807,145,1,222,9051732,128,125
20260807,474,2,223,15362992,124,124
20260807,57,1,224,1621689,171,125
20260807,409,1,226,9912387,124,124
20260807,225,1,227,12699644,667,125
20260807,604,4,240,33672023,677,124
20260807,281,1,241,3696073,570,125
20260807,516,4,242,9794954,126,124
20260807,527,7,244,5154762,124,124
20260807,528,0,245,1512141,124,124
20260807,287,7,248,6246825,127,125
20260807,384,0,249,7675806,125,125
20260807,121,1,251,1472613,126,125
20260807,419,3,252,4054562,135,124
20260807,27,3,253,3203608,125,125
20260807,256,0,254,12534411,125,125
20260807,30,6,255,5985716,170,125
20260807,327,7,257,3973356,125,125
20260807,12,4,259,6328442,125,125
20260807,59,3,260,3721950,129,125
20260807,374,6,261,7233226,125,125
20260807,399,7,262,3074543,124,124
20260807,171,3,263,1013388,126,125
20260807,603,3,266,5766504,126,124
20260807,477,5,268,4937850,125,124
20260807,466,2,269,2918066,148,124
20260807,81,1,271,107959923,128,125
20260807,427,3,272,5203073,127,124
20260807,111,7,277,3757315,125,125
20260807,114,2,282,1075000,467,125
20260807,181,5,286,7368193,127,125
20260807,122,2,287,12002493,127,125
20260807,597,5,288,4610467,125,124
20260807,539,3,299,1720712,124,124
20260807,294,6,301,12354074,128,125
20260807,41,1,307,6363237,128,125
20260807,340,4,308,5648088,126,125
20260807,65,1,309,10733675,125,125
20260807,220,4,310,6494348,127,125
20260807,20,4,311,6626386,126,125
20260807,152,0,313,4619944,125,125
20260807,639,7,314,7271620,194,124
20260807,565,5,315,6794586,124,124
20260807,66,2,318,9160023,128,125
20260807,540,4,320,18139225,126,124
20260807,311,7,322,5811230,139,125
20260807,341,5,324,7054720,141,125
20260807,448,0,327,8686949,126,124
20260807,258,2,338,22318225,127,125
20260807,129,1,339,1104867,125,125
20260807,285,5,341,1538608,125,125
20260807,68,4,344,7176818,127,125
20260807,478,6,355,6946719,125,124
20260807,463,7,357,1927173,124,124
20260807,146,2,359,22036854,125,125
20260807,279,7,360,1066584,125,125
20260807,423,7,362,17722774,128,124
20260807,244,4,363,1656075,125,125
20260807,446,6,364,5377902,124,124
20260807,239,7,365,3364880,127,125
20260807,58,2,366,1703802,125,125
20260807,322,2,368,7776086,127,125
20260807,510,6,369,5523572,130,124
20260807,139,3,371,7858941,130,125
20260807,428,4,378,7974424,129,124
20260807,398,6,379,5097607,124,124
20260807,567,7,381,7460026,127,124
20260807,594,2,391,4310549,124,124
20260807,310,6,394,2918265,127,125
20260807,262,6,395,11586923,129,125
20260807,135,7,396,2818275,125,125
20260807,616,0,409,3681297,124,124
20260807,602,2,410,6364168,124,124
20260807,420,4,412,4639610,124,124
20260807,623,7,434,4994919,124,124
20260807,523,3,442,8241661,124,124
20260807,443,3,451,5491177,124,124
20260807,328,0,452,7002255,125,125
20260807,348,4,463,4156296,126,125
20260807,46,6,479,2451456,126,125
20260807,573,5,492,2785933,124,124
20260807,546,2,493,5124518,124,124
20260807,37,5,499,2920933,128,125
20260807,277,5,500,80184747,128,125
20260807,49,1,501,18212057,125,125
20260807,493,5,502,6262498,125,124
20260807,230,6,503,21985260,125,125
20260807,485,5,504,3772670,124,124
20260807,22,6,506,2014804,126,125
20260807,304,0,508,7925639,125,125
20260807,84,4,509,46508680,127,125
20260807,488,0,510,2679429,124,124
20260807,395,3,511,755062,125,124
20260807,242,2,512,29869650,125,125
20260807,601,1,514,3738279,124,124
20260807,436,4,525,6623227,124,124
20260807,497,1,540,1654424,124,124
20260807,21,5,549,4313045,125,125
20260807,4,4,558,23308501,127,125
20260807,611,3,565,3072501,135,124
20260807,383,7,571,6595364,125,125
20260807,194,2,572,3121874,127,125
20260807,460,4,586,6631657,124,124
20260807,576,0,589,1752629,124,124
20260807,211,3,599,3774667,129,125
20260807,200,0,600,9170085,126,125
20260807,295,7,604,9593030,125,125
20260807,625,1,611,6926972,124,124
20260807,69,5,613,3579384,125,125
20260807,140,4,614,12762028,125,125
20260807,178,2,619,5152409,127,125
20260807,28,4,621,8573712,125,125
20260807,536,0,630,5797497,127,124
20260807,212,4,633,10918505,126,125
20260807,538,2,636,3298832,124,124
20260807,99,3,637,133232382,127,125
20260807,416,0,638,4710323,124,124
20260807,2,2,639,2475227,125,125
20260807,387,3,641,4404759,127,125
20260807,593,1,642,4886435,125,124
20260807,486,6,644,55787961,126,124
20260807,321,1,672,9318704,127,125
20260807,142,6,673,4557336,125,125
20260807,586,2,676,16230527,124,124
20260807,101,5,677,34427574,128,125
20260807,179,3,678,11126040,127,125
20260807,72,0,681,4348430,125,125
20260807,386,2,686,2636433,126,125
20260807,195,3,689,3044682,126,125
20260807,50,2,690,5546012,126,125
20260807,44,4,695,2747808,127,125
20260807,479,7,697,23438912,124,124
20260807,441,1,700,7125661,126,124
20260807,569,1,702,5151080,124,124
20260807,411,3,703,5328714,124,124
20260807,396,4,704,2839528,124,124
20260807,108,4,729,3791170,125,125
20260807,561,1,730,5483430,124,124
20260807,492,4,736,2213128,124,124
20260807,71,7,737,5398653,174,125
20260807,172,4,738,4190208,125,125
20260807,458,2,742,5674196,124,124
20260807,590,6,743,3373075,126,124
20260807,552,0,744,4688607,127,124
20260807,56,0,747,5942581,127,125
20260807,228,4,748,6515211,126,125
20260807,247,7,749,1349531,128,125
20260807,74,2,756,11374470,127,125
20260807,250,2,777,8567815,126,125
20260807,52,4,785,17233458,127,125
20260807,186,2,786,16758772,131,125
20260807,85,5,787,150528098,126,125
20260807,432,0,788,9077434,127,124
20260807,392,0,789,5565878,126,124
20260807,610,2,791,3488417,124,124
20260807,115,3,793,7618435,125,125
20260807,235,3,797,5019744,127,125
20260807,372,4,798,45198585,125,125
20260807,231,7,799,1692658,125,125
20260807,564,4,802,1225448,124,124
20260807,562,2,807,6461298,126,124
20260807,170,2,811,13041297,125,125
20260807,560,0,813,12434641,124,124
20260807,93,5,814,1583344,125,125
20260807,531,3,816,4715853,124,124
20260807,431,7,818,7857500,125,124
20260807,547,3,820,31850182,124,124
20260807,354,2,824,5145164,126,125
20260807,529,1,825,12312012,124,124
20260807,612,4,826,6772168,128,124
20260807,137,1,829,4986161,131,125
20260807,357,5,830,7124011,127,125
20260807,595,3,831,2621958,124,124
20260807,301,5,833,2753510,125,125
20260807,630,6,836,3176979,124,124
20260807,253,5,840,6961580,128,125
20260807,361,1,841,8008945,130,125
20260807,209,1,842,4315966,125,125
20260807,54,6,843,21467728,125,125
20260807,305,1,846,16414585,127,125
20260807,430,6,852,4242971,124,124
20260807,123,3,853,6507712,125,125
20260807,332,4,856,15188288,125,125
20260807,587,3,858,2406842,124,124
20260807,51,3,859,4448867,127,125
20260807,60,4,860,4634933,131,125
20260807,177,1,861,3976445,125,125
20260807,103,7,863,7118875,125,125
20260807,405,5,865,5490602,124,124
20260807,188,4,869,6425997,126,125
20260807,158,6,872,5597446,127,125
20260807,104,0,873,3007470,126,125
20260807,9,1,875,7966913,126,125
20260807,144,0,877,6920738,125,125
20260807,174,6,878,5636156,125,125
20260807,271,7,879,5343756,131,125
20260807,296,0,880,4297465,128,125
20260807,429,5,881,14979555,126,124
20260807,578,2,882,34067103,475,124
20260807,359,7,889,3777336,125,125
20260807,204,4,891,6002192,125,125
20260807,369,1,903,3789145,126,125
20260807,424,0,905,2208102,128,124
20260807,551,7,906,297017830,126,124
20260807,364,4,908,4801583,125,125
20260807,241,1,919,3126044,126,125
20260807,403,3,941,4889925,124,124
20260807,635,3,947,1729404,125,124
20260807,297,1,948,6165441,125,125
20260807,505,1,953,25227366,127,124
20260807,418,2,954,3211976,128,124
20260807,358,6,955,6748398,128,125
20260807,380,4,969,3918547,125,125
20260807,350,6,971,2405111,125,125
20260807,266,2,973,14854469,125,125
20260807,180,4,974,41539839,133,125
20260807,554,2,976,2180742,133,124
20260807,284,4,977,3299988,125,125
20260807,385,1,978,2989510,125,125
20260807,197,5,987,5667290,125,125
20260807,259,3,995,3002824,127,125
20260807,482,2,996,6033169,124,124
20260807,148,4,997,3762749,125,125
20260807,280,0,999,3424722,128,125
20260807,435,3,1002,5484107,124,124
20260807,471,7,1005,14719766,195,124
20260807,182,6,1006,3296781,127,125
20260807,558,6,1011,8040020,125,124
20260807,591,7,1014,6394298,124,124
20260807,224,0,1015,3947879,126,125
20260807,508,4,1017,12690426,126,124
20260807,292,4,1019,33282857,125,125
20260807,264,0,1021,4117314,125,125
20260807,42,2,1022,3064840,125,125
20260807,306,2,1026,6407639,125,125
20260807,367,7,1033,2763109,125,125
20260807,626,2,1034,10564312,126,124
20260807,257,1,1037,8824505,127,125
20260807,217,1,1038,4246416,125,125
20260807,173,5,1041,11129803,128,125
20260807,210,2,1045,6810680,126,125
20260807,503,7,1046,6911947,125,124
20260807,273,1,1050,6718659,126,125
20260807,347,3,1054,25161288,128,125
20260807,213,5,1055,2114603,125,125
20260807,161,1,1056,39885711,128,125
20260807,286,6,1058,1923395,125,125
20260807,246,6,1060,3179893,125,125
20260807,584,0,1061,6617388,124,124
20260807,425,1,1067,7991556,126,124
20260807,91,3,1068,1965780,127,125
20260807,336,0,1071,3945344,125,125
20260807,375,7,1073,10346057,127,125
20260807,25,1,1075,5343400,125,125
20260807,582,6,1079,1346653,124,124
20260807,566,6,1089,2511360,124,124
20260807,619,3,1090,8296829,126,124
20260807,522,2,1095,4847954,131,124
20260807,498,2,1105,1362661,124,124
20260807,442,2,1108,10834015,126,124
20260807,134,6,1110,20967244,133,125
20260807,459,3,1115,13149742,125,124
20260807,151,7,1117,3396447,125,125
20260807,79,7,1118,24963234,125,125
20260807,314,2,1121,9857347,129,125
20260807,205,5,1122,299603508,125,125
20260807,190,6,1127,16779947,125,125
20260807,633,1,1130,3878860,124,124
20260807,342,6,1133,2870499,128,125
20260807,496,0,1138,5046800,126,124
20260807,334,6,1141,36848891,125,125
20260807,613,5,1153,5592495,124,124
20260807,308,4,1155,3767191,125,125
20260807,618,2,1157,5652895,130,124
20260807,397,5,1158,4259204,125,124
20260807,467,3,1162,987556,124,124
20260807,393,1,1165,7364779,124,124
20260807,413,5,1172,2276301,125,124
20260807,379,3,1173,2296205,126,125
20260807,571,3,1177,3182818,124,124
20260807,106,2,1181,4429237,127,125
20260807,164,4,1192,4414378,125,125
20260807,39,7,1193,4947212,126,125
20260807,293,5,1195,21304994,125,125
20260807,130,2,1198,2795737,125,125
20260807,365,5,1203,3459411,125,125
20260807,615,7,1208,44126687,193,124
20260807,309,5,1210,3547967,130,125
20260807,0,0,1225,31517060,128,125
20260807,45,5,1229,41369820,132,125
20260807,216,0,1245,4073142,129,125
20260807,97,1,1249,9871157,126,125
20260807,32,0,1270,5013388,127,125
20260807,227,3,1277,9804664,125,125
20260807,577,1,1278,13292298,126,124
20260807,23,7,1279,1379900,125,125
20260807,345,1,1281,5510512,125,125
20260807,243,3,1283,3266124,125,125
20260807,325,5,1285,6684312,125,125
20260807,24,0,1288,59179286,127,125
20260807,330,2,1298,1531452,126,125
20260807,276,4,1308,3409475,125,125
20260807,570,2,1309,5748909,126,124
20260807,356,4,1316,6990393,125,125
20260807,222,6,1318,5381449,125,125
20260807,218,2,1321,12120674,269,125
20260807,368,0,1327,3097594,125,125
20260807,517,5,1329,11529773,124,124
20260807,255,7,1331,5338169,125,125
20260807,236,4,1335,3506310,127,125
20260807,208,0,1342,4908400,125,125
20260807,113,1,1343,3033921,126,125
20260807,469,5,1348,4652362,124,124
20260807,556,4,1351,6599061,168,124
20260807,43,3,1352,1933942,125,125
20260807,351,7,1357,5230536,131,125
20260807,331,3,1359,3554450,127,125
20260807,620,4,1366,4062038,125,124
20260807,324,4,1368,3850821,125,125
20260807,489,1,1373,1730116,124,124
20260807,223,7,1375,16840717,127,125
20260807,126,6,1380,2506125,125,125
20260807,525,5,1390,6676684,124,124
20260807,445,5,1391,16852659,129,124
20260807,452,4,1396,7935322,124,124
20260807,439,7,1400,12448861,126,124
20260807,490,2,1405,3962634,126,124
20260807,38,6,1407,4258257,125,125
20260807,155,3,1408,5547796,125,125
20260807,514,2,1409,12549265,124,124
20260807,634,2,1417,6438006,124,124
20260807,402,2,1420,5609577,124,124
20260807,462,6,1421,5258176,128,124
20260807,87,7,1425,10948811,126,125
20260807,249,1,1436,66816616,131,125
20260807,533,5,1439,3444137,126,124
20260807,102,6,1443,1871508,125,125
20260807,127,7,1451,8374736,125,125
20260807,555,3,1453,6530109,124,124
20260807,472,0,1463,2291616,126,124
20260807,470,6,1464,1811684,195,124
20260807,75,3,1475,5663736,127,125
20260807,515,3,1481,4481606,125,124
20260807,265,1,1511,39266182,126,125
20260807,261,5,1521,3573335,127,125
20260807,408,0,1535,3380868,194,124
20260807,128,0,1539,7645028,130,125
20260807,337,1,1542,7817422,127,125
20260807,353,1,1544,1406589,128,125
20260807,248,0,1545,1580627,126,125
20260807,502,6,1562,4707408,127,124
20260807,507,3,1568,791672,124,124
20260807,110,6,1570,12311856,125,125
20260807,438,6,1574,24132145,124,124
20260807,168,0,1577,29151227,126,125
20260807,319,7,1584,2349322,126,125
20260807,165,5,1593,1161828,125,125
20260807,267,3,1601,4454686,125,125
20260807,631,7,1603,3811273,124,124
20260807,95,7,1614,4509121,125,125
20260807,47,7,1617,9962162,126,125
20260807,11,3,1623,30160225,127,125
20260807,568,0,1631,3216579,124,124
20260807,388,4,1633,3899061,125,125
20260807,61,5,1639,2691179,125,125
20260807,326,6,1641,5439213,127,125
20260807,401,1,1650,26752038,124,124
20260807,176,0,1655,5946085,126,125
20260807,484,4,1698,2201939,125,124
20260807,64,0,1701,4484971,125,125
20260807,509,5,1702,10758474,127,124
20260807,300,4,1706,4469852,129,125
20260807,48,0,1708,15174073,126,125
20260807,349,5,1735,2702209,125,125
20260807,450,2,1785,8822981,124,124
20260807,189,5,1786,5057252,125,125
20260807,373,5,1800,21194236,125,125
20260807,157,5,1848,8344746,126,125
20260807,580,4,1851,6241636,127,124
20260807,88,0,1880,1516299,125,125
20260807,389,5,1902,4931137,125,125
20260807,617,1,1945,5051227,124,124
20260807,537,1,1958,2952038,127,124
20260807,550,6,1961,143789581,125,124
20260807,96,0,1964,27407878,126,125
20260807,621,5,1977,6436968,124,124
20260807,76,4,1984,7668761,125,125
20260807,70,6,2016,4446402,125,125
20260807,363,3,2055,7572938,125,125
20260807,417,1,2083,4345646,124,124
20260807,240,0,2114,11748085,126,125
20260807,598,6,2115,1549321,126,124
20260807,543,7,2118,3234983,127,124
20260807,263,7,2145,5684990,127,125
20260807,447,7,2154,5018595,125,124
20260807,187,3,2176,2973751,127,125
20260807,119,7,2195,5108837,126,125
20260807,381,5,2199,4272868,125,125
20260807,407,7,2224,2619282,124,124
20260807,73,1,2251,5154489,125,125
20260807,344,0,2273,9782569,125,125
20260807,150,6,2290,6505654,126,125
20260807,62,6,2293,12780359,127,125
20260807,414,6,2297,49781891,124,124
20260807,599,7,2307,11920507,125,124
20260807,288,0,2327,2369260,125,125
20260807,607,7,2332,8615197,128,124
20260807,391,7,2350,29930134,125,124
20260807,464,0,2355,4938439,124,124
20260807,473,1,2386,2791380,127,124
20260807,90,2,2400,4204083,125,125
20260807,494,6,2402,3773747,124,124
20260807,100,4,2405,6242614,126,125
20260807,183,7,2422,5148234,127,125
20260807,433,1,2436,4366206,126,124
20260807,481,1,2445,7532294,124,124
20260807,521,1,2471,4564240,124,124
20260807,519,7,2477,2797691,130,124
20260807,125,5,2494,16899386,128,125
20260807,138,2,2501,10446993,125,125
20260807,109,5,2510,58747655,126,125
20260807,410,2,2513,8332551,126,124
20260807,545,1,2520,7361764,125,124
20260807,16,0,2530,5404487,125,125
20260807,160,0,2536,2852168,127,125
20260807,226,2,2570,9305566,125,125
20260807,245,5,2633,8533371,125,125
20260807,415,7,2644,15697164,124,124
20260807,544,0,2647,5448951,126,124
20260807,80,0,2651,3843316,125,125
20260807,624,0,2688,48781528,124,124
20260807,589,5,2751,3949407,124,124
20260807,404,4,2777,5372150,124,124
20260807,83,3,2782,9061202,127,125
20260807,55,7,2784,10816221,127,125
20260807,572,4,2786,3008933,125,124
20260807,501,5,2790,18048837,124,124
20260807,600,0,2794,8646258,124,124
20260807,1,1,2830,8012529,129,125
20260807,282,2,2875,327683251,126,125
20260807,335,7,2880,7827220,125,125
20260807,312,0,2905,18357023,128,125
20260807,636,4,2919,3887921,124,124
20260807,63,7,2927,16896205,129,125
20260807,581,5,2942,8762926,128,124
20260807,191,7,2948,9254593,127,125
20260807,504,0,2954,5626009,127,124
20260807,149,5,2958,10148028,125,125
20260807,33,1,2977,5348740,127,125
20260807,627,3,2991,10324790,124,124
20260807,40,0,3044,4674617,126,125
20260807,532,4,3045,3813189,128,124
20260807,495,7,3142,40072791,124,124
20260807,162,2,3143,23522689,126,125
20260807,7,7,3148,2854664,129,125
20260807,167,7,3184,4702681,125,125
20260807,107,3,3186,1091352,128,125
20260807,557,5,3191,132726422,124,124
20260807,268,4,3223,3800594,126,125
20260807,10,2,3235,4235256,126,125
20260807,299,3,3243,4319478,127,125
20260807,457,1,3361,10561248,124,124
20260807,143,7,3364,4679182,125,125
20260807,622,6,3384,7684574,124,124
20260807,269,5,3530,18806733,128,125
20260807,637,5,3800,1575240,124,124
20260807,406,6,3812,20204224,125,124
20260807,215,7,3827,3048331,125,125
20260807,219,3,3867,9412047,125,125
20260807,475,3,3887,3133358,126,124
20260807,333,5,3947,3189192,125,125
20260807,29,5,3950,5197191,129,125
20260807,252,4,3962,7688820,126,125
20260807,512,0,4033,3505543,125,124
20260807,274,2,4061,3401520,125,125
20260807,237,5,4074,1419059,125,125
20260807,221,5,4078,1743726,127,125
20260807,343,7,4322,4378039,125,125
20260807,444,4,4703,1886265,124,124
20260807,175,7,4767,3968687,126,125
20260807,3,3,5100,1334426,126,125
20260807,468,4,5274,2031010,126,124
20260807,434,2,6785,2232270,124,124
20260808,480,0,0,3794909,128,124
20260808,623,7,1,2607877,125,124
20260808,500,4,2,5167129,1606,124
20260808,319,7,3,2723114,125,125
20260808,133,5,4,1143118,127,125
20260808,362,2,5,4274921,674,125
20260808,533,5,6,6117362,192,124
20260808,258,2,7,2329849,127,125
20260808,501,5,8,2513243,140,124
20260808,334,6,9,9273972,1129,125
20260808,211,3,10,30578894,129,125
20260808,615,7,11,4909641,128,124
20260808,427,3,12,8748312,675,124
20260808,151,7,14,3995301,127,125
20260808,101,5,15,5325056,127,125
20260808,94,6,16,5400996,126,125
20260808,171,3,18,10380146,126,125
20260808,430,6,20,6549341,126,124
20260808,196,4,21,5476077,127,125
20260808,116,4,22,6724344,128,125
20260808,449,1,24,15866996,124,124
20260808,310,6,25,6117936,125,125
20260808,276,4,26,15265795,127,125
20260808,343,7,27,7656278,128,125
20260808,244,4,28,6388686,125,125
20260808,332,4,29,3817192,125,125
20260808,497,1,30,4829322,1219,124
20260808,499,3,31,4836177,124,124
20260808,485,5,32,4119699,124,124
20260808,316,4,33,23145813,127,125
20260808,377,1,34,4376198,127,125
20260808,518,6,35,2075963,125,124
20260808,242,2,36,18536539,125,125
20260808,636,4,37,16703983,140,124
20260808,412,4,38,4242811,124,124
20260808,503,7,39,4959920,125,124
20260808,401,1,40,10809900,1935,124
20260808,281,1,41,45443822,129,125
20260808,185,1,42,295934014,126,125
20260808,123,3,43,5227488,571,125
20260808,162,2,45,1069794,175,125
20260808,290,2,46,14102789,125,125
20260808,47,7,47,8405813,143,125
20260808,143,7,48,10949004,142,125
20260808,80,0,49,10296331,128,125
20260808,98,2,50,2562481,126,125
20260808,557,5,51,6015077,126,124
20260808,519,7,52,42249977,124,124
20260808,288,0,53,3200831,158,125
20260808,231,7,54,5934448,145,125
20260808,599,7,55,6679635,140,124
20260808,353,1,56,3388235,141,125
20260808,414,6,57,4235512,141,124
20260808,327,7,58,10259784,141,125
20260808,597,5,59,5168696,140,124
20260808,294,6,60,1590149,143,125
20260808,45,5,61,7143703,390,125
20260808,179,3,62,6085572,195,125
20260808,28,4,63,8467489,142,125
20260808,19,3,64,10397805,142,125
20260808,272,0,65,3336161,141,125
20260808,588,4,66,5246869,141,124
20260808,166,6,67,69469132,157,125
20260808,371,3,68,9221750,143,125
20260808,93,5,70,2829920,143,125
20260808,62,6,72,3947259,160,125
20260808,150,6,73,9485094,148,125
20260808,374,6,74,4425577,677,125
20260808,584,0,77,5368277,140,124
20260808,620,4,78,13350467,140,124
20260808,40,0,80,3295790,568,125
20260808,481,1,82,5089691,125,124
20260808,598,6,83,3347899,677,124
20260808,438,6,84,5412967,126,124
20260808,507,3,86,11902803,124,124
20260808,411,3,87,8230006,626,124
20260808,74,2,90,6248139,125,125
20260808,424,0,91,10623090,126,124
20260808,227,3,92,25493617,125,125
20260808,399,7,93,3354827,575,124
20260808,299,3,94,7112229,569,125
20260808,406,6,98,40975784,124,124
20260808,516,4,99,4533083,124,124
20260808,243,3,101,950662,125,125
20260808,307,3,102,1033980,125,125
20260808,543,7,103,26184263,334,124
20260808,398,6,104,38481557,172,124
20260808,9,1,105,6822995,125,125
20260808,108,4,106,4219880,125,125
20260808,342,6,107,5802814,125,125
20260808,459,3,108,2690381,125,124
20260808,390,6,109,2750396,125,125
20260808,403,3,111,3335549,127,124
20260808,81,1,112,46619581,125,125
20260808,65,1,113,1414457,125,125
20260808,72,0,114,5205105,127,125
20260808,329,1,115,8067994,125,125
20260808,425,1,116,4045842,124,124
20260808,384,0,117,2680766,125,125
20260808,455,7,118,26753516,124,124
20260808,52,4,119,5759587,125,125
20260808,375,7,121,2950896,818,125
20260808,628,4,122,5413655,679,124
20260808,610,2,123,1760812,126,124
20260808,317,5,124,3755143,127,125
20260808,452,4,126,1347282,124,124
20260808,309,5,127,6688418,125,125
20260808,551,7,128,6733270,138,124
20260808,639,7,129,7926039,136,124
20260808,304,0,130,54331759,413,125
20260808,289,1,131,7588205,127,125
20260808,26,2,132,1739321,125,125
20260808,95,7,133,23724239,127,125
20260808,275,3,134,4985242,125,125
20260808,604,4,135,2816044,129,124
20260808,469,5,136,4484482,124,124
20260808,461,5,137,6467652,171,124
20260808,571,3,138,6226635,126,124
20260808,18,2,140,7037993,126,125
20260808,565,5,141,925690,474,124
20260808,131,3,143,17248682,125,125
20260808,250,2,144,4100009,126,125
20260808,160,0,150,2969555,576,125
20260808,237,5,151,48954529,170,125
20260808,32,0,152,4981490,126,125
20260808,51,3,160,9539552,578,125
20260808,348,4,164,2572113,125,125
20260808,252,4,165,1726275,127,125
20260808,484,4,168,4476379,127,124
20260808,336,0,169,3198026,125,125
20260808,318,6,176,5551014,125,125
20260808,443,3,178,3036149,124,124
20260808,8,0,179,3923546,127,125
20260808,608,0,180,19990198,124,124
20260808,496,0,181,35422561,127,124
20260808,602,2,182,4166830,124,124
20260808,445,5,183,1554159,124,124
20260808,335,7,185,4199577,126,125
20260808,121,1,186,2215612,126,125
20260808,84,4,187,2909250,572,125
20260808,176,0,189,4240329,577,125
20260808,248,0,190,4870751,571,125
20260808,212,4,192,2913569,129,125
20260808,49,1,194,145475546,127,125
20260808,586,2,196,3913933,125,124
20260808,358,6,197,23857671,125,125
20260808,112,0,200,3034205,125,125
20260808,370,2,201,9952227,130,125
20260808,90,2,202,6675318,126,125
20260808,638,6,203,15294976,125,124
20260808,635,3,204,1636857,124,124
20260808,488,0,206,1654603,124,124
20260808,120,0,208,3300661,125,125
20260808,626,2,209,13994453,124,124
20260808,224,0,210,5687686,127,125
20260808,379,3,212,4057816,126,125
20260808,292,4,214,32098759,126,125
20260808,127,7,215,2450070,685,125
20260808,559,7,216,8435583,129,124
20260808,354,2,217,5025945,128,125
20260808,27,3,222,11680188,125,125
20260808,566,6,227,1138035,666,124
20260808,405,5,228,9938054,124,124
20260808,130,2,234,15452190,572,125
20260808,573,5,240,49581747,677,124
20260808,378,2,241,5582619,574,125
20260808,291,3,242,7043152,125,125
20260808,71,7,244,3138964,127,125
20260808,241,1,245,6077223,126,125
20260808,547,3,248,39835289,124,124
20260808,139,3,249,13684477,125,125
20260808,110,6,252,8744322,136,125
20260808,88,0,253,1603879,125,125
20260808,611,3,254,4526066,126,124
20260808,428,4,256,5354007,130,124
20260808,89,1,257,3747551,125,125
20260808,1,1,258,20279709,130,125
20260808,349,5,259,1055242,126,125
20260808,382,6,262,15157600,129,125
20260808,66,2,266,5328622,130,125
20260808,109,5,268,3201780,125,125
20260808,625,1,269,4094028,124,124
20260808,380,4,271,1817792,125,125
20260808,144,0,274,5726697,128,125
20260808,142,6,276,6352125,125,125
20260808,314,2,277,7335752,125,125
20260808,11,3,279,11616382,211,125
20260808,157,5,281,6543855,468,125
20260808,431,7,282,2439637,468,124
20260808,153,1,286,5853409,125,125
20260808,387,3,287,3096033,130,125
20260808,629,5,288,4235247,124,124
20260808,76,4,299,4823366,125,125
20260808,17,1,300,5074183,125,125
20260808,356,4,301,3412747,125,125
20260808,255,7,302,2077342,125,125
20260808,221,5,303,4358535,127,125
20260808,554,2,304,2889374,124,124
20260808,236,4,305,10124397,126,125
20260808,466,2,307,32438923,126,124
20260808,203,3,308,4407397,126,125
20260808,577,1,309,13334522,126,124
20260808,115,3,310,24257438,125,125
20260808,285,5,311,9672564,129,125
20260808,191,7,312,5855638,125,125
20260808,239,7,313,15452968,125,125
20260808,177,1,314,41681502,125,125
20260808,4,4,315,4839551,125,125
20260808,337,1,318,4885426,131,125
20260808,168,0,322,25222334,144,125
20260808,96,0,324,9596235,145,125
20260808,190,6,327,3879928,125,125
20260808,198,6,339,3099581,128,125
20260808,340,4,341,16369709,127,125
20260808,550,6,342,95066341,124,124
20260808,560,0,344,1342853,125,124
20260808,393,1,355,3797876,126,124
20260808,493,5,357,7794462,126,124
20260808,576,0,359,2906006,124,124
20260808,323,3,360,5945840,127,125
20260808,126,6,362,4446746,127,125
20260808,169,1,363,1460484,128,125
20260808,259,3,366,26026043,125,125
20260808,232,0,367,7435297,129,125
20260808,2,2,369,5061581,126,125
20260808,257,1,370,6151030,128,125
20260808,574,6,371,3780492,125,124
20260808,78,6,378,3684097,126,125
20260808,125,5,379,2448715,125,125
20260808,341,5,389,7486018,129,125
20260808,265,1,391,2665215,125,125
20260808,86,6,395,5870277,127,125
20260808,42,2,396,4727162,125,125
20260808,463,7,410,55856535,124,124
20260808,197,5,412,2811634,125,125
20260808,73,1,421,86783994,128,125
20260808,475,3,423,297756912,129,124
20260808,494,6,434,7182448,124,124
20260808,383,7,442,11214037,128,125
20260808,578,2,450,3780655,124,124
20260808,569,1,451,5878400,124,124
20260808,456,0,463,3445509,125,124
20260808,447,7,464,4647145,124,124
20260808,170,2,479,5881426,125,125
20260808,473,1,492,1776452,124,124
20260808,470,6,493,7691021,124,124
20260808,346,2,499,4352828,125,125
20260808,600,0,500,14348050,124,124
20260808,632,0,506,3816798,126,124
20260808,540,4,507,3838561,126,124
20260808,159,7,508,5732443,129,125
20260808,38,6,509,4737420,125,125
20260808,64,0,510,8622676,125,125
20260808,514,2,511,5232868,124,124
20260808,568,0,512,1256985,125,124
20260808,263,7,514,41433187,128,125
20260808,525,5,535,4517283,124,124
20260808,589,5,546,15291425,124,124
20260808,522,2,565,3673058,127,124
20260808,360,0,572,14452386,128,125
20260808,277,5,578,1956387,127,125
20260808,267,3,604,3494399,125,125
20260808,368,0,611,15520059,125,125
20260808,54,6,614,13450311,127,125
20260808,286,6,617,2597936,126,125
20260808,364,4,619,1630312,125,125
20260808,70,6,621,832370,125,125
20260808,345,1,624,33766038,143,125
20260808,413,5,629,6322303,126,124
20260808,57,1,630,5078983,128,125
20260808,532,4,631,13024913,124,124
20260808,351,7,633,2414999,125,125
20260808,20,4,634,2631125,267,125
20260808,524,4,635,3810525,124,124
20260808,517,5,636,5198967,124,124
20260808,189,5,638,3173340,126,125
20260808,138,2,640,4831763,125,125
20260808,33,1,641,2263831,125,125
20260808,562,2,643,19909275,126,124
20260808,367,7,644,4995109,126,125
20260808,207,7,645,4868552,126,125
20260808,0,0,653,8303560,125,125
20260808,119,7,655,5358922,127,125
20260808,122,2,673,6531804,129,125
20260808,107,3,674,68414125,125,125
20260808,616,0,675,7945422,126,124
20260808,592,0,677,8034370,124,124
20260808,591,7,679,7000841,126,124
20260808,437,5,701,1404224,124,124
20260808,235,3,704,2818927,127,125
20260808,627,3,712,33437942,124,124
20260808,56,0,721,983187,125,125
20260808,338,2,730,2884972,129,125
20260808,219,3,739,5825787,125,125
20260808,563,3,740,3644213,127,124
20260808,373,5,742,5293716,125,125
20260808,410,2,743,6839308,124,124
20260808,220,4,744,6323539,125,125
20260808,261,5,745,4973327,127,125
20260808,87,7,746,2178871,126,125
20260808,266,2,747,36077862,126,125
20260808,199,7,749,3648679,127,125
20260808,618,2,751,3122776,124,124
20260808,553,1,756,13667722,125,124
20260808,82,2,777,3481444,125,125
20260808,205,5,779,16221526,126,125
20260808,103,7,786,4812530,127,125
20260808,347,3,788,3036881,127,125
20260808,400,0,789,2297930,124,124
20260808,50,2,794,1774339,125,125
20260808,223,7,799,6824727,129,125
20260808,254,6,800,1394841,125,125
20260808,36,4,803,15741135,125,125
20260808,590,6,811,2112292,124,124
20260808,564,4,812,2748656,124,124
20260808,520,0,814,2733721,124,124
20260808,465,1,816,7255974,126,124
20260808,549,5,821,3278168,125,124
20260808,253,5,822,3506710,194,125
20260808,91,3,823,5853136,127,125
20260808,158,6,824,4319907,126,125
20260808,163,3,825,5540567,125,125
20260808,457,1,828,6149424,128,124
20260808,183,7,831,10625273,125,125
20260808,385,1,832,67092497,129,125
20260808,505,1,833,71131445,146,124
20260808,154,2,834,5852211,126,125
20260808,187,3,840,2585725,125,125
20260808,583,7,841,20722958,124,124
20260808,15,7,848,6903351,125,125
20260808,105,1,857,2612439,132,125
20260808,300,4,858,12117286,125,125
20260808,579,3,859,7382689,128,124
20260808,274,2,860,5803632,129,125
20260808,603,3,865,21983979,125,124
20260808,426,2,866,16822496,124,124
20260808,585,1,871,40659143,125,124
20260808,238,6,872,3336144,125,125
20260808,43,3,873,15315062,127,125
20260808,389,5,875,13857496,127,125
20260808,429,5,877,4219264,126,124
20260808,152,0,880,3982573,125,125
20260808,392,0,881,3022811,124,124
20260808,147,3,889,6623659,266,125
20260808,333,5,891,3329035,125,125
20260808,92,4,903,4650627,125,125
20260808,118,6,910,6385308,125,125
20260808,97,1,917,5330780,127,125
20260808,486,6,920,4701285,127,124
20260808,240,0,929,3658484,127,125
20260808,59,3,941,4155976,126,125
20260808,330,2,947,24020350,127,125
20260808,526,6,948,9626527,126,124
20260808,439,7,949,7562186,124,124
20260808,558,6,950,5463706,124,124
20260808,489,1,951,4565647,124,124
20260808,472,0,953,3084880,125,124
20260808,324,4,954,4105066,125,125
20260808,311,7,955,2047862,125,125
20260808,450,2,969,2848805,125,124
20260808,228,4,971,5503953,125,125
20260808,531,3,973,18034171,124,124
20260808,596,4,980,1929755,124,124
20260808,53,5,981,35511417,125,125
20260808,495,7,982,994337,124,124
20260808,397,5,984,3152383,125,124
20260808,305,1,992,13473063,127,125
20260808,388,4,993,44003876,127,125
20260808,448,0,998,6921239,124,124
20260808,226,2,1000,1062889,125,125
20260808,498,2,1003,8058781,124,124
20260808,512,0,1005,5052077,124,124
20260808,48,0,1011,2608928,127,125
20260808,106,2,1013,7145726,125,125
20260808,164,4,1014,17340271,125,125
20260808,67,3,1015,1835018,125,125
20260808,7,7,1017,14779896,128,125
20260808,631,7,1020,7494919,124,124
20260808,271,7,1022,37387495,127,125
20260808,434,2,1024,67131778,125,124
20260808,462,6,1026,3310749,124,124
20260808,99,3,1030,17172417,126,125
20260808,555,3,1031,4637681,124,124
20260808,201,1,1032,59878693,125,125
20260808,621,5,1033,3076520,124,124
20260808,545,1,1035,59692717,124,124
20260808,376,0,1036,4002331,127,125
20260808,530,2,1040,3201299,124,124
20260808,284,4,1041,13046563,125,125
20260808,614,6,1044,8951899,129,124
20260808,396,4,1046,6704260,124,124
20260808,21,5,1047,5525159,126,125
20260808,634,2,1048,5983796,128,124
20260808,544,0,1052,13474187,126,124
20260808,534,6,1057,7572414,197,124
20260808,141,5,1061,3316438,125,125
20260808,453,5,1063,3688119,124,124
20260808,12,4,1064,10704590,127,125
20260808,296,0,1067,304770380,128,125
20260808,468,4,1072,1538110,126,124
20260808,102,6,1073,2479437,126,125
20260808,234,2,1074,7094503,127,125
20260808,361,1,1076,10442610,125,125
20260808,114,2,1077,1300696,125,125
20260808,433,1,1079,31616983,125,124
20260808,136,0,1083,4450936,125,125
20260808,471,7,1085,4144919,124,124
20260808,508,4,1086,1149981,124,124
20260808,529,1,1089,7242074,124,124
20260808,372,4,1090,2853571,128,125
20260808,282,2,1092,40971668,125,125
20260808,41,1,1095,6137765,127,125
20260808,613,5,1100,3845553,124,124
20260808,247,7,1103,2355310,125,125
20260808,504,0,1105,1390289,126,124
20260808,409,1,1108,2628272,127,124
20260808,369,1,1112,7128991,132,125
20260808,548,4,1113,3752537,124,124
20260808,104,0,1114,6377807,125,125
20260808,521,1,1115,9771225,128,124
20260808,528,0,1116,12959833,124,124
20260808,416,0,1117,5259565,126,124
20260808,61,5,1120,6996121,125,125
20260808,593,1,1126,2805481,124,124
20260808,175,7,1128,8140967,125,125
20260808,278,6,1129,22056240,127,125
20260808,432,0,1138,4209655,124,124
20260808,460,4,1140,5105452,125,124
20260808,419,3,1143,10763845,124,124
20260808,148,4,1147,3870373,125,125
20260808,140,4,1154,130476925,126,125
20260808,483,3,1156,1208152,126,124
20260808,222,6,1159,2125430,126,125
20260808,16,0,1164,4083975,127,125
20260808,3,3,1168,3011074,127,125
20260808,44,4,1170,12166064,126,125
20260808,279,7,1172,2020873,125,125
20260808,315,3,1173,12839016,125,125
20260808,422,6,1176,3737366,126,124
20260808,436,4,1177,7594231,125,124
20260808,308,4,1184,7469564,125,125
20260808,181,5,1186,5839901,125,125
20260808,35,3,1193,1935010,126,125
20260808,264,0,1196,20817897,128,125
20260808,83,3,1199,4131931,125,125
20260808,117,5,1200,39233940,125,125
20260808,273,1,1201,8730951,125,125
20260808,132,4,1203,3898056,125,125
20260808,511,7,1204,10087939,125,124
20260808,172,4,1208,11127512,129,125
20260808,251,3,1209,10035345,125,125
20260808,200,0,1224,5484464,127,125
20260808,262,6,1236,6039244,127,125
20260808,464,0,1238,6669551,124,124
20260808,37,5,1239,7589781,129,125
20260808,178,2,1248,6853046,125,125
20260808,458,2,1255,4125152,124,124
20260808,601,1,1259,2913283,124,124
20260808,260,4,1260,2433420,127,125
20260808,173,5,1264,7447543,125,125
20260808,440,0,1266,2794074,124,124
20260808,184,0,1276,5384016,125,125
20260808,312,0,1279,3255978,127,125
20260808,34,2,1286,4996435,125,125
20260808,24,0,1294,4880314,125,125
20260808,256,0,1297,10603603,127,125
20260808,321,1,1301,6683819,125,125
20260808,22,6,1307,5822899,125,125
20260808,14,6,1310,11892885,126,125
20260808,394,2,1315,3663814,125,124
20260808,421,5,1322,3880619,124,124
20260808,13,5,1328,5582573,125,125
20260808,30,6,1336,5848600,125,125
20260808,146,2,1338,15313309,133,125
20260808,386,2,1342,5108280,125,125
20260808,31,7,1345,6823692,125,125
20260808,6,6,1348,24469342,125,125
20260808,415,7,1352,5750374,124,124
20260808,216,0,1354,1442377,126,125
20260808,474,2,1356,4507827,124,124
20260808,75,3,1358,5186259,125,125
20260808,301,5,1359,1140926,125,125
20260808,165,5,1366,8401463,127,125
20260808,546,2,1369,4930896,124,124
20260808,214,6,1373,4067146,125,125
20260808,492,4,1379,6497729,126,124
20260808,552,0,1384,3970211,124,124
20260808,193,1,1397,3587116,126,125
20260808,479,7,1399,3292861,126,124
20260808,60,4,1409,16221467,129,125
20260808,46,6,1410,10503114,126,125
20260808,77,5,1420,7636127,128,125
20260808,366,6,1421,3739726,125,125
20260808,155,3,1425,7788843,125,125
20260808,135,7,1428,6665411,125,125
20260808,313,1,1430,4264305,171,125
20260808,194,2,1436,32288449,125,125
20260808,542,6,1439,1312867,126,124
20260808,541,5,1442,2932611,124,124
20260808,303,7,1446,4111200,125,125
20260808,210,2,1462,20838081,125,125
20260808,145,1,1470,6765134,129,125
20260808,350,6,1474,1722677,125,125
20260808,605,5,1479,3922120,124,124
20260808,408,0,1497,5721427,124,124
20260808,326,6,1509,1286036,125,125
20260808,395,3,1510,3686461,126,124
20260808,357,5,1521,9323914,130,125
20260808,230,6,1524,3149914,125,125
20260808,539,3,1532,5521038,127,124
20260808,298,2,1544,1464936,126,125
20260808,487,7,1546,147469785,125,124
20260808,202,2,1552,4795090,404,125
20260808,381,5,1558,29745134,125,125
20260808,246,6,1565,3226954,125,125
20260808,268,4,1578,2349576,125,125
20260808,536,0,1585,36932489,127,124
20260808,441,1,1589,11786951,125,124
20260808,607,7,1590,8642441,125,124
20260808,617,1,1607,15702715,127,124
20260808,482,2,1610,3059785,126,124
20260808,490,2,1619,20360865,124,124
20260808,295,7,1622,4177085,125,125
20260808,582,6,1623,6150126,125,124
20260808,186,2,1624,10131159,125,125
20260808,407,7,1630,20543872,128,124
20260808,287,7,1640,2303340,125,125
20260808,85,5,1641,3058419,125,125
20260808,420,4,1643,3717392,124,124
20260808,69,5,1650,22623305,126,125
20260808,128,0,1652,10295459,128,125
20260808,538,2,1653,6915660,126,124
20260808,208,0,1654,12249997,129,125
20260808,5,5,1655,6711303,126,125
20260808,556,4,1659,3988925,124,124
20260808,161,1,1679,5184990,132,125
20260808,39,7,1691,4459298,126,125
20260808,25,1,1705,1715376,125,125
20260808,476,4,1725,5070326,125,124
20260808,467,3,1747,3871777,125,124
20260808,328,0,1756,18853332,125,125
20260808,580,4,1783,12840679,124,124
20260808,609,1,1813,3382488,124,124
20260808,111,7,1819,12687154,195,125
20260808,619,3,1859,4687032,125,124
20260808,213,5,1870,5015295,125,125
20260808,225,1,1875,1978162,127,125
20260808,446,6,1881,4999409,126,124
20260808,217,1,1896,7360371,126,125
20260808,570,2,1955,4879967,127,124
20260808,195,3,1957,7485486,126,125
20260808,306,2,2007,13246927,125,125
20260808,435,3,2044,5442709,127,124
20260808,454,6,2118,3732186,126,124
20260808,506,2,2136,6064709,124,124
20260808,402,2,2155,4739803,124,124
20260808,79,7,2176,6987137,126,125
20260808,451,3,2200,15108551,128,124
20260808,204,4,2212,1898225,127,125
20260808,192,0,2236,9369990,125,125
20260808,365,5,2260,10575568,126,125
20260808,637,5,2302,6459065,124,124
20260808,363,3,2303,3400250,125,125
20260808,182,6,2310,3530921,127,125
20260808,209,1,2317,7342117,126,125
20260808,606,6,2319,21288110,127,124
20260808,418,2,2325,3814078,124,124
20260808,391,7,2340,6677404,124,124
20260808,245,5,2348,9849734,125,125
20260808,100,4,2376,8809690,125,125
20260808,537,1,2381,76652550,124,124
20260808,280,0,2382,8111036,126,125
20260808,29,5,2396,5643405,125,125
20260808,587,3,2401,4285212,125,124
20260808,561,1,2407,4571593,125,124
20260808,269,5,2417,5593821,125,125
20260808,352,0,2425,5618721,126,125
20260808,404,4,2435,6167010,124,124
20260808,510,6,2453,8701850,128,124
20260808,23,7,2455,12428398,126,125
20260808,124,4,2459,3375610,126,125
20260808,595,3,2485,7653862,124,124
20260808,206,6,2489,1583370,126,125
20260808,344,0,2497,6900340,125,125
20260808,322,2,2543,2619794,125,125
20260808,188,4,2578,4027654,125,125
20260808,630,6,2646,5415471,125,124
20260808,622,6,2652,2760907,124,124
20260808,444,4,2667,5024769,124,124
20260808,355,3,2695,13669152,136,125
20260808,113,1,2728,7449248,128,125
20260808,535,7,2731,5707314,124,124
20260808,572,4,2732,5614312,124,124
20260808,581,5,2743,5010824,125,124
20260808,134,6,2760,23533639,125,125
20260808,249,1,2776,4674966,126,125
20260808,283,3,2778,7482555,127,125
20260808,633,1,2786,4935494,125,124
20260808,10,2,2787,7449976,127,125
20260808,156,4,2817,8075685,127,125
20260808,523,3,2855,19266634,126,124
20260808,575,7,2895,5563681,124,124
20260808,68,4,2898,6285160,126,125
20260808,339,3,2904,6770715,131,125
20260808,58,2,2938,9394025,169,125
20260808,174,6,2950,7142448,128,125
20260808,297,1,2995,6471296,131,125
20260808,325,5,3000,58318957,125,125
20260808,513,1,3024,4466082,124,124
20260808,527,7,3033,15980158,128,124
20260808,612,4,3040,3263802,124,124
20260808,293,5,3041,5361492,125,125
20260808,270,6,3044,7980833,127,125
20260808,229,5,3055,4467594,125,125
20260808,477,5,3065,4556642,124,124
20260808,320,0,3108,7452589,125,125
20260808,594,2,3109,6197614,126,124
20260808,137,1,3113,4312809,125,125
20260808,624,0,3186,3265761,124,124
20260808,417,1,3188,1400610,124,124
20260808,149,5,3288,7072529,130,125
20260808,180,4,3348,1237415,128,125
20260808,218,2,3490,1771426,127,125
20260808,491,3,3703,4534848,126,124
20260808,63,7,3715,2703766,125,125
20260808,509,5,3737,5021727,124,124
20260808,515,3,3871,896709,124,124
20260808,478,6,3886,150271272,169,124
20260808,442,2,3915,152265730,125,124
20260808,502,6,3993,7520316,133,124
20260808,215,7,4017,29295936,127,125
20260808,331,3,4098,3890973,125,125
20260808,55,7,4105,1529792,125,125
20260808,423,7,4130,8469821,124,124
20260808,302,6,4212,4661253,125,125
20260808,567,7,4325,1981294,126,124
20260808,233,1,4947,83501048,125,125
20260808,129,1,5112,23315838,125,125
20260808,359,7,5398,9527316,128,125
20260808,167,7,7380,3169143,125,125
20260809,283,3,0,49875669,128,125
20260809,612,4,1,3809988,678,124
20260809,100,4,2,1470222,1607,125
20260809,503,7,3,17109917,124,124
20260809,566,6,4,4714445,569,124
20260809,460,4,5,5003091,124,124
20260809,596,4,6,5318369,126,124
20260809,392,0,7,6599541,124,124
20260809,593,1,8,4927483,145,124
20260809,155,3,9,5390045,1129,125
20260809,595,3,10,4333000,124,124
20260809,46,6,11,4741740,471,125
20260809,607,7,12,25268059,679,124
20260809,44,4,14,4970592,125,125
20260809,615,7,15,9817549,211,124
20260809,103,7,16,4820715,131,125
20260809,604,4,17,9951064,124,124
20260809,7,7,18,2239293,125,125
20260809,473,1,19,6776728,126,124
20260809,512,0,20,6664322,124,124
20260809,565,5,21,2290001,126,124
20260809,4,4,22,1858187,126,125
20260809,248,0,23,9107130,125,125
20260809,468,4,24,15325751,2220,124
20260809,599,7,25,5722461,124,124
20260809,630,6,26,1153916,124,124
20260809,333,5,27,6301791,126,125
20260809,365,5,29,14742839,126,125
20260809,417,1,30,5453658,1219,124
20260809,208,0,31,6899736,127,125
20260809,583,7,32,9133148,128,124
20260809,69,5,33,17031051,127,125
20260809,525,5,35,8361155,126,124
20260809,521,1,36,6796694,126,124
20260809,289,1,37,4098960,126,125
20260809,182,6,38,5864833,125,125
20260809,378,2,39,8130907,128,125
20260809,533,5,40,38946757,125,124
20260809,176,0,41,6081675,126,125
20260809,546,2,42,18525775,124,124
20260809,42,2,43,2957326,571,125
20260809,19,3,45,5701893,142,125
20260809,487,7,46,50731009,124,124
20260809,71,7,47,2264387,588,125
20260809,14,6,48,3364339,142,125
20260809,501,5,49,2055141,126,124
20260809,203,3,50,6767328,125,125
20260809,363,3,51,3123694,125,125
20260809,364,4,52,3431831,125,125
20260809,531,3,53,5897031,157,124
20260809,193,1,54,7534284,141,125
20260809,336,0,55,45610993,143,125
20260809,239,7,56,17463710,143,125
20260809,188,4,57,10677770,141,125
20260809,347,3,58,11619235,143,125
20260809,626,2,59,4104127,140,124
20260809,517,5,60,7014719,140,124
20260809,154,2,61,2678391,157,125
20260809,586,2,62,3395282,124,124
20260809,273,1,63,3101427,141,125
20260809,424,0,65,18811034,140,124
20260809,632,0,66,775288,142,124
20260809,578,2,68,1129133,143,124
20260809,26,2,69,6586224,143,125
20260809,105,1,70,7738654,142,125
20260809,75,3,71,3881493,141,125
20260809,244,4,72,5562036,159,125
20260809,233,1,73,3141226,143,125
20260809,444,4,74,3590078,674,124
20260809,240,0,77,2059537,141,125
20260809,43,3,78,22554212,141,125
20260809,190,6,81,83715872,127,125
20260809,488,0,82,10713188,125,124
20260809,610,2,83,2065721,677,124
20260809,258,2,84,7333725,125,125
20260809,251,3,85,5152524,175,125
20260809,210,2,86,6435309,125,125
20260809,530,2,87,1510241,624,124
20260809,325,5,90,5672973,128,125
20260809,109,5,91,4212905,125,125
20260809,634,2,92,26262069,128,124
20260809,225,1,93,3527558,574,125
20260809,276,4,94,5415584,569,125
20260809,229,5,98,1473802,125,125
20260809,560,0,99,6013519,127,124
20260809,308,4,101,4522762,127,125
20260809,174,6,102,1418626,127,125
20260809,198,6,105,7478656,125,125
20260809,114,2,106,4665527,127,125
20260809,214,6,107,32591503,679,125
20260809,194,2,108,6924370,125,125
20260809,65,1,109,5568008,125,125
20260809,470,6,111,5773096,125,124
20260809,86,6,112,2611465,125,125
20260809,421,5,113,1599651,124,124
20260809,466,2,114,804964,124,124
20260809,354,2,115,4832181,130,125
20260809,271,7,116,37470132,169,125
20260809,403,3,118,4691913,124,124
20260809,366,6,119,967125,126,125
20260809,369,1,120,4494541,674,125
20260809,377,1,121,8027320,814,125
20260809,379,3,124,27282338,125,125
20260809,68,4,126,1950648,125,125
20260809,78,6,127,3521570,127,125
20260809,564,4,128,2638109,136,124
20260809,582,6,129,1105309,136,124
20260809,205,5,131,3209231,128,125
20260809,413,5,132,5698042,127,124
20260809,126,6,133,3174524,125,125
20260809,456,0,134,7553118,124,124
20260809,66,2,137,5773891,173,125
20260809,319,7,140,8895750,127,125
20260809,54,6,143,1492103,132,125
20260809,462,6,144,1140367,124,124
20260809,381,5,150,6319316,574,125
20260809,245,5,151,6614467,168,125
20260809,410,2,152,19244806,127,124
20260809,616,0,156,3284593,124,124
20260809,639,7,160,3680065,573,124
20260809,17,1,164,7868563,125,125
20260809,464,0,167,7502917,124,124
20260809,197,5,168,92769053,125,125
20260809,635,3,169,1839321,124,124
20260809,12,4,170,2473968,126,125
20260809,246,6,174,5848461,127,125
20260809,99,3,176,2627609,125,125
20260809,383,7,178,4659181,125,125
20260809,10,2,179,3207087,125,125
20260809,257,1,180,6595163,126,125
20260809,274,2,181,3204459,127,125
20260809,540,4,183,3354890,124,124
20260809,299,3,184,5695963,125,125
20260809,497,1,185,17953825,126,124
20260809,18,2,186,6690957,125,125
20260809,279,7,187,30420443,575,125
20260809,127,7,188,37034856,382,125
20260809,178,2,189,17614310,575,125
20260809,356,4,190,5844237,570,125
20260809,516,4,194,3157231,124,124
20260809,21,5,196,13212137,125,125
20260809,459,3,200,4068906,127,124
20260809,277,5,201,8465192,127,125
20260809,611,3,202,5654506,124,124
20260809,367,7,203,7436347,129,125
20260809,373,5,206,5240659,127,125
20260809,83,3,207,4473987,127,125
20260809,171,3,208,42790383,127,125
20260809,569,1,209,152428570,124,124
20260809,355,3,210,4031244,125,125
20260809,36,4,212,4911881,125,125
20260809,576,0,213,6014941,126,124
20260809,492,4,214,5108014,124,124
20260809,538,2,215,2390031,698,124
20260809,24,0,216,2028796,126,125
20260809,295,7,217,2765310,127,125
20260809,15,7,220,147841095,125,125
20260809,73,1,222,5177369,127,125
20260809,29,5,223,12351367,125,125
20260809,226,2,224,5901856,126,125
20260809,90,2,227,45735430,669,125
20260809,278,6,228,12602658,125,125
20260809,301,5,241,6296171,569,125
20260809,165,5,245,3395236,126,125
20260809,551,7,249,6245355,126,124
20260809,130,2,251,13033025,128,125
20260809,247,7,252,3918698,136,125
20260809,469,5,253,1974924,124,124
20260809,534,6,254,303746506,174,124
20260809,427,3,256,4307302,127,124
20260809,608,0,257,5659991,124,124
20260809,243,3,259,8453381,125,125
20260809,524,4,260,5836926,124,124
20260809,241,1,261,3135729,192,125
20260809,375,7,262,4038747,127,125
20260809,30,6,263,6203144,127,125
20260809,529,1,264,12497792,124,124
20260809,419,3,265,9121377,126,124
20260809,159,7,266,5723787,129,125
20260809,486,6,267,2146421,125,124
20260809,484,4,269,5327923,128,124
20260809,228,4,271,6116630,126,125
20260809,224,0,272,3757510,129,125
20260809,280,0,274,26640467,125,125
20260809,157,5,276,1675326,126,125
20260809,401,1,277,8503656,124,124
20260809,491,3,282,2443380,467,124
20260809,163,3,286,3207518,126,125
20260809,557,5,287,1218552,124,124
20260809,91,3,288,5201254,129,125
20260809,550,6,300,3930327,124,124
20260809,388,4,301,4263454,126,125
20260809,622,6,302,16778285,124,124
20260809,415,7,304,1693119,124,124
20260809,617,1,305,14778561,124,124
20260809,146,2,307,7234850,127,125
20260809,432,0,308,1581371,124,124
20260809,60,4,310,3425936,125,125
20260809,169,1,311,8968087,130,125
20260809,426,2,312,4250723,128,124
20260809,123,3,313,33229060,126,125
20260809,25,1,314,1485455,125,125
20260809,496,0,322,3563148,139,124
20260809,23,7,324,3033317,143,125
20260809,627,3,327,5890573,124,124
20260809,55,7,337,2884812,125,125
20260809,326,6,338,5524008,125,125
20260809,187,3,341,4421549,335,125
20260809,148,4,342,20913213,125,125
20260809,216,0,355,27674659,128,125
20260809,88,0,357,7042942,126,125
20260809,186,2,358,4835189,129,125
20260809,293,5,359,10595216,125,125
20260809,122,2,362,5899445,125,125
20260809,304,0,363,5007086,125,125
20260809,275,3,365,12866475,127,125
20260809,252,4,366,8232954,125,125
20260809,631,7,368,14076833,124,124
20260809,499,3,369,3828580,128,124
20260809,577,1,374,6092253,126,124
20260809,440,0,378,10477400,124,124
20260809,192,0,379,8551759,126,125
20260809,121,1,381,8613606,126,125
20260809,173,5,384,3782223,127,125
20260809,405,5,395,1118111,126,124
20260809,108,4,396,54371628,125,125
20260809,303,7,398,9061514,127,125
20260809,624,0,410,3432583,124,124
20260809,584,0,412,1539504,124,124
20260809,327,7,421,2159466,126,125
20260809,311,7,434,5587124,128,125
20260809,371,3,442,25756482,128,125
20260809,449,1,450,5210147,125,124
20260809,309,5,452,45914919,127,125
20260809,438,6,463,1500024,125,124
20260809,305,1,479,4586082,125,125
20260809,600,0,503,3167104,124,124
20260809,376,0,505,4813604,127,125
20260809,619,3,506,4220463,124,124
20260809,508,4,508,10884859,125,124
20260809,31,7,510,4974890,125,125
20260809,437,5,511,10300601,124,124
20260809,323,3,513,1193484,125,125
20260809,56,0,514,7219679,125,125
20260809,605,5,525,25624536,124,124
20260809,47,7,558,4993588,125,125
20260809,339,3,578,2664643,125,125
20260809,35,3,586,3077983,132,125
20260809,168,0,589,8469909,127,125
20260809,535,7,597,4678056,124,124
20260809,500,4,599,2004553,126,124
20260809,67,3,600,1257748,129,125
20260809,332,4,604,85489732,135,125
20260809,1,1,611,977925,125,125
20260809,485,5,613,5155954,126,124
20260809,118,6,618,6202310,126,125
20260809,185,1,619,2393502,125,125
20260809,40,0,621,8960335,126,125
20260809,574,6,624,9588766,125,124
20260809,592,0,631,5885690,124,124
20260809,494,6,632,8429029,146,124
20260809,235,3,633,5049358,128,125
20260809,129,1,636,3478689,125,125
20260809,514,2,637,3320392,124,124
20260809,539,3,638,26173430,124,124
20260809,196,4,639,5598343,127,125
20260809,555,3,641,10098136,124,124
20260809,571,3,642,9640255,124,124
20260809,425,1,643,2324311,124,124
20260809,62,6,644,10240941,125,125
20260809,87,7,645,1555290,125,125
20260809,270,6,655,23945837,125,125
20260809,5,5,674,2677137,125,125
20260809,518,6,675,3478412,128,124
20260809,490,2,677,3123206,125,124
20260809,562,2,678,3548661,126,124
20260809,453,5,679,132311593,473,124
20260809,144,0,684,7239468,126,125
20260809,587,3,686,6543614,125,124
20260809,447,7,687,9848693,126,124
20260809,145,1,690,3892438,127,125
20260809,288,0,700,26414573,125,125
20260809,266,2,702,304526569,126,125
20260809,217,1,704,4038485,128,125
20260809,281,1,729,1710695,126,125
20260809,287,7,736,20725354,127,125
20260809,177,1,739,7895117,125,125
20260809,350,6,740,3643770,125,125
20260809,463,7,743,2959682,127,124
20260809,131,3,747,2087532,125,125
20260809,38,6,748,8971012,125,125
20260809,97,1,749,14960375,130,125
20260809,536,0,756,4464932,128,124
20260809,52,4,786,5550601,127,125
20260809,74,2,787,7404257,126,125
20260809,331,3,788,38592000,125,125
20260809,132,4,798,5573805,125,125
20260809,81,1,799,1536851,125,125
20260809,472,0,801,3698241,124,124
20260809,393,1,805,5520427,126,124
20260809,306,2,806,7243048,128,125
20260809,27,3,810,4182953,126,125
20260809,285,5,812,3522154,127,125
20260809,189,5,813,1364485,126,125
20260809,49,1,814,3036297,125,125
20260809,452,4,818,3238676,124,124
20260809,461,5,819,687209,130,124
20260809,50,2,822,4556058,126,125
20260809,454,6,826,19317334,125,124
20260809,342,6,828,13123195,130,125
20260809,520,0,829,8507823,124,124
20260809,313,1,832,8359540,125,125
20260809,570,2,833,20553712,124,124
20260809,238,6,839,5374928,127,125
20260809,558,6,841,106981466,127,124
20260809,428,4,842,6239381,126,124
20260809,341,5,845,11939577,126,125
20260809,33,1,857,48221868,125,125
20260809,594,2,859,4103842,124,124
20260809,160,0,862,13011338,126,125
20260809,172,4,867,9297264,129,125
20260809,334,6,868,3845709,194,125
20260809,282,2,872,8442868,126,125
20260809,544,0,873,151163676,127,124
20260809,335,7,877,39553474,125,125
20260809,237,5,878,4742189,125,125
20260809,89,1,879,3172284,127,125
20260809,532,4,881,4542171,126,124
20260809,430,6,889,8797222,124,124
20260809,260,4,891,2813836,169,125
20260809,489,1,900,6711955,124,124
20260809,139,3,903,34641511,126,125
20260809,412,4,904,5061638,129,124
20260809,423,7,906,3242829,132,124
20260809,0,0,907,4447533,125,125
20260809,422,6,908,5397919,124,124
20260809,554,2,910,16850479,126,124
20260809,567,7,920,4781298,126,124
20260809,16,0,947,7733113,125,125
20260809,80,0,951,3560674,125,125
20260809,387,3,953,5936966,127,125
20260809,232,0,973,15148455,404,125
20260809,628,4,974,68098753,124,124
20260809,406,6,980,6466808,126,124
20260809,119,7,983,34197780,126,125
20260809,135,7,988,5475789,127,125
20260809,620,4,989,4112871,124,124
20260809,124,4,990,8533514,125,125
20260809,398,6,994,3201835,124,124
20260809,389,5,996,3424883,131,125
20260809,561,1,997,2611615,124,124
20260809,106,2,998,70465017,127,125
20260809,541,5,1002,5903129,124,124
20260809,585,1,1004,4361531,126,124
20260809,13,5,1015,13327274,125,125
20260809,107,3,1016,1737863,129,125
20260809,72,0,1019,25042008,125,125
20260809,522,2,1020,4124123,124,124
20260809,98,2,1021,4467275,126,125
20260809,504,0,1022,4172584,124,124
20260809,477,5,1023,1930932,128,124
20260809,48,0,1029,10401742,127,125
20260809,213,5,1031,1266792,125,125
20260809,543,7,1032,5433446,124,124
20260809,480,0,1033,3392921,125,124
20260809,408,0,1035,15528970,126,124
20260809,181,5,1038,4891010,125,125
20260809,361,1,1039,2790512,125,125
20260809,93,5,1041,3129157,125,125
20260809,242,2,1047,1318594,127,125
20260809,115,3,1049,9058108,125,125
20260809,568,0,1050,5282101,124,124
20260809,209,1,1053,3555774,125,125
20260809,601,1,1058,4500529,124,124
20260809,82,2,1060,16113721,126,125
20260809,402,2,1061,7448707,126,124
20260809,348,4,1062,2820717,126,125
20260809,510,6,1063,3862176,124,124
20260809,255,7,1064,4111534,125,125
20260809,6,6,1067,4078782,127,125
20260809,573,5,1069,7509430,125,124
20260809,476,4,1070,6347995,126,124
20260809,59,3,1071,296657237,126,125
20260809,32,0,1072,152113165,128,125
20260809,79,7,1073,31839440,127,125
20260809,506,2,1074,7116421,125,124
20260809,450,2,1078,1681903,126,124
20260809,218,2,1080,3460066,126,125
20260809,442,2,1081,1722381,125,124
20260809,542,6,1082,4572012,265,124
20260809,291,3,1083,40298821,125,125
20260809,307,3,1085,5861019,127,125
20260809,128,0,1086,7756633,125,125
20260809,527,7,1089,2922775,124,124
20260809,53,5,1092,2270954,125,125
20260809,549,5,1095,8752436,124,124
20260809,227,3,1096,12869987,125,125
20260809,420,4,1098,6868987,125,124
20260809,2,2,1100,6584104,126,125
20260809,479,7,1117,8679214,124,124
20260809,221,5,1118,14737172,126,125
20260809,330,2,1121,7234916,128,125
20260809,312,0,1123,11959888,125,125
20260809,396,4,1124,43440691,124,124
20260809,120,0,1125,2153185,126,125
20260809,465,1,1127,3115983,124,124
20260809,362,2,1130,3576628,127,125
20260809,57,1,1132,6913828,127,125
20260809,149,5,1142,19016124,126,125
20260809,179,3,1144,21222327,125,125
20260809,637,5,1145,7590604,124,124
20260809,353,1,1152,13426864,125,125
20260809,359,7,1153,2856918,126,125
20260809,263,7,1156,4782162,125,125
20260809,443,3,1158,13818941,125,124
20260809,20,4,1160,3379829,128,125
20260809,51,3,1166,6964717,126,125
20260809,250,2,1173,10454915,128,125
20260809,407,7,1177,3479784,126,124
20260809,314,2,1178,4573321,125,125
20260809,324,4,1184,29798769,125,125
20260809,259,3,1186,2907697,125,125
20260809,455,7,1192,2624116,125,124
20260809,338,2,1197,8075296,134,125
20260809,606,6,1204,4862416,124,124
20260809,167,7,1205,4136465,125,125
20260809,395,3,1208,3767888,124,124
20260809,183,7,1210,7258105,130,125
20260809,590,6,1212,3582377,128,124
20260809,385,1,1219,6499600,127,125
20260809,445,5,1225,6533248,126,124
20260809,394,2,1226,1768789,168,124
20260809,602,2,1236,17597326,126,124
20260809,613,5,1238,9603197,124,124
20260809,370,2,1239,1925254,196,125
20260809,448,0,1242,8237808,124,124
20260809,579,3,1243,6281737,125,124
20260809,345,1,1246,5655729,127,125
20260809,507,3,1252,3140821,124,124
20260809,112,0,1259,22335496,127,125
20260809,298,2,1266,5433872,125,125
20260809,152,0,1270,16232054,125,125
20260809,8,0,1277,2523488,128,125
20260809,451,3,1283,2837656,127,124
20260809,474,2,1286,8014314,129,124
20260809,284,4,1292,5916128,127,125
20260809,614,6,1294,6569763,126,124
20260809,264,0,1299,4106756,129,125
20260809,597,5,1300,3126668,124,124
20260809,290,2,1304,5148849,127,125
20260809,28,4,1311,3668213,125,125
20260809,397,5,1313,2701584,125,124
20260809,164,4,1320,10555363,128,125
20260809,352,0,1321,9382195,126,125
20260809,411,3,1323,1737519,127,124
20260809,268,4,1331,6091170,126,125
20260809,580,4,1333,6994307,124,124
20260809,269,5,1336,7929710,125,125
20260809,482,2,1337,4082746,124,124
20260809,117,5,1341,4413528,127,125
20260809,191,7,1342,5303849,126,125
20260809,142,6,1344,4812100,127,125
20260809,300,4,1347,3649239,127,125
20260809,170,2,1350,8582548,127,125
20260809,85,5,1352,2973642,266,125
20260809,621,5,1353,8994067,128,124
20260809,286,6,1363,8893277,129,125
20260809,223,7,1373,3932694,125,125
20260809,581,5,1380,5037837,124,124
20260809,386,2,1382,6614997,128,125
20260809,45,5,1391,21523405,125,125
20260809,441,1,1394,28053376,124,124
20260809,231,7,1401,2721014,126,125
20260809,180,4,1404,3559444,125,125
20260809,467,3,1405,3460089,125,124
20260809,321,1,1411,2912217,128,125
20260809,414,6,1412,3088696,126,124
20260809,41,1,1423,5863107,195,125
20260809,552,0,1430,10587235,125,124
20260809,418,2,1437,1512275,124,124
20260809,429,5,1443,3407665,124,124
20260809,523,3,1446,7368951,126,124
20260809,202,2,1452,5791266,127,125
20260809,110,6,1454,13136187,126,125
20260809,215,7,1455,1607716,125,125
20260809,433,1,1459,6117171,124,124
20260809,478,6,1462,2292513,126,124
20260809,151,7,1469,2720114,125,125
20260809,609,1,1472,59308141,127,124
20260809,575,7,1475,6499498,124,124
20260809,475,3,1476,3753355,124,124
20260809,302,6,1479,3421460,125,125
20260809,156,4,1488,3967144,129,125
20260809,9,1,1496,29483436,125,125
20260809,320,0,1497,19092358,128,125
20260809,267,3,1507,3210457,125,125
20260809,104,0,1511,11403507,130,125
20260809,39,7,1522,9184093,125,125
20260809,515,3,1527,9464451,124,124
20260809,137,1,1537,21784570,125,125
20260809,431,7,1539,4400418,125,124
20260809,368,0,1545,4323726,129,125
20260809,390,6,1546,5031278,129,125
20260809,113,1,1561,7319220,129,125
20260809,220,4,1562,4150229,125,125
20260809,133,5,1564,1320257,125,125
20260809,195,3,1583,20266560,125,125
20260809,212,4,1590,3359916,125,125
20260809,349,5,1604,30251253,125,125
20260809,34,2,1614,6323288,127,125
20260809,559,7,1622,6786317,124,124
20260809,553,1,1623,9557322,125,124
20260809,317,5,1625,4052077,125,125
20260809,77,5,1628,2443793,125,125
20260809,502,6,1629,12269816,126,124
20260809,409,1,1643,3884123,124,124
20260809,509,5,1651,6943221,124,124
20260809,272,0,1655,37855506,125,125
20260809,374,6,1690,1879559,126,125
20260809,292,4,1704,28551525,127,125
20260809,598,6,1710,4823444,124,124
20260809,206,6,1731,7228529,128,125
20260809,147,3,1741,10300892,128,125
20260809,483,3,1750,7992590,124,124
20260809,141,5,1761,1133817,127,125
20260809,204,4,1768,8435148,126,125
20260809,22,6,1783,15927837,127,125
20260809,505,1,1785,23043835,124,124
20260809,457,1,1787,45104439,124,124
20260809,439,7,1791,1416641,124,124
20260809,261,5,1798,5266111,127,125
20260809,254,6,1813,3859568,125,125
20260809,322,2,1846,4270259,127,125
20260809,495,7,1851,3240171,124,124
20260809,37,5,1860,5741264,125,125
20260809,94,6,1875,3065672,125,125
20260809,249,1,1882,1961794,125,125
20260809,623,7,1934,8293276,125,124
20260809,618,2,1960,9843522,129,124
20260809,625,1,1965,3257559,124,124
20260809,297,1,1973,5578249,125,125
20260809,138,2,1984,33456003,125,125
20260809,511,7,1993,7839419,133,124
20260809,563,3,2007,2041841,126,124
20260809,222,6,2117,3809876,126,125
20260809,519,7,2136,8111618,125,124
20260809,64,0,2155,2864395,125,125
20260809,111,7,2190,7077243,126,125
20260809,96,0,2195,4627365,125,125
20260809,400,0,2199,5308550,126,124
20260809,589,5,2202,38518516,124,124
20260809,404,4,2213,51530779,127,124
20260809,125,5,2220,13404237,198,125
20260809,140,4,2242,2399396,125,125
20260809,161,1,2243,6660915,125,125
20260809,201,1,2260,5476950,126,125
20260809,416,0,2273,3870440,124,124
20260809,294,6,2280,10000309,127,125
20260809,58,2,2290,3882895,127,125
20260809,134,6,2302,5852684,125,125
20260809,434,2,2307,4972480,126,124
20260809,153,1,2321,6429074,125,125
20260809,143,7,2322,2714289,125,125
20260809,236,4,2324,2245527,127,125
20260809,513,1,2332,4812528,124,124
20260809,384,0,2350,2132170,125,125
20260809,166,6,2354,9553872,125,125
20260809,315,3,2357,4034756,125,125
20260809,158,6,2367,18962024,126,125
20260809,318,6,2371,5553580,126,125
20260809,265,1,2378,6024025,125,125
20260809,316,4,2380,4679712,125,125
20260809,446,6,2386,14019818,126,124
20260809,92,4,2388,95282982,127,125
20260809,629,5,2391,33321164,127,124
20260809,436,4,2396,4144751,126,124
20260809,256,0,2408,4135576,125,125
20260809,380,4,2413,5806832,126,125
20260809,591,7,2438,1519216,124,124
20260809,526,6,2450,3559727,124,124
20260809,340,4,2464,2375014,126,125
20260809,175,7,2481,1249149,126,125
20260809,548,4,2497,6673475,124,124
20260809,61,5,2504,23469342,125,125
20260809,234,2,2580,12371410,127,125
20260809,481,1,2584,29163115,125,124
20260809,337,1,2617,28254035,125,125
20260809,200,0,2626,1446732,128,125
20260809,638,6,2646,4478465,125,124
20260809,76,4,2648,2727532,125,125
20260809,84,4,2660,3188819,125,125
20260809,328,0,2689,9827652,125,125
20260809,391,7,2719,7016780,125,124
20260809,545,1,2758,4811619,126,124
20260809,343,7,2802,6692785,126,125
20260809,537,1,2820,4404630,132,124
20260809,184,0,2827,8356870,127,125
20260809,382,6,2833,19225595,127,125
20260809,358,6,2838,69704412,127,125
20260809,95,7,2849,5134172,126,125
20260809,636,4,2872,16663487,127,124
20260809,3,3,2891,8200538,125,125
20260809,556,4,2916,11397328,125,124
20260809,207,7,2917,3901368,125,125
20260809,150,6,2949,10779495,127,125
20260809,360,0,2975,53692626,126,125
20260809,572,4,2986,2676868,124,124
20260809,211,3,3002,3905118,126,125
20260809,344,0,3069,9005884,126,125
20260809,70,6,3078,7724405,125,125
20260809,351,7,3092,9362511,125,125
20260809,547,3,3093,6525641,124,124
20260809,136,0,3133,2744541,126,125
20260809,588,4,3153,7263624,124,124
20260809,262,6,3257,5232330,125,125
20260809,528,0,3300,4272672,124,124
20260809,498,2,3355,6916033,124,124
20260809,162,2,3515,3085327,126,125
20260809,253,5,3541,6493870,126,125
20260809,102,6,3657,3835526,126,125
20260809,219,3,3717,1797703,125,125
20260809,329,1,3864,3237809,125,125
20260809,296,0,3916,3237719,126,125
20260809,310,6,3920,7017268,125,125
20260809,116,4,3948,3941851,126,125
20260809,458,2,3979,7550629,124,124
20260809,357,5,3991,9721655,125,125
20260809,63,7,4032,3256553,125,125
20260809,11,3,4041,3017964,127,125
20260809,346,2,4177,2985771,125,125
20260809,633,1,4277,3939011,125,124
20260809,493,5,4711,860382,124,124
20260809,603,3,4727,3878921,127,124
20260809,230,6,5073,3536722,127,125
20260809,101,5,5431,3152114,127,125
20260809,399,7,5891,3700569,125,124
20260809,435,3,7039,5831385,124,124
20260809,199,7,7519,11685779,126,125
20260809,471,7,7573,1107861,125,124
20260809,372,4,7600,9715698,125,125
20260810,530,2,0,5128746,126,124
20260810,298,2,1,4315084,126,125
20260810,467,3,2,4044135,1606,124
20260810,45,5,3,11486596,125,125
20260810,559,7,4,13464976,127,124
20260810,116,4,5,6379923,126,125
20260810,282,2,6,57067346,128,125
20260810,570,2,7,21438452,126,124
20260810,356,4,8,904264,143,125
20260810,50,2,9,3804163,1173,125
20260810,179,3,10,16973810,127,125
20260810,167,7,11,3558828,568,125
20260810,232,0,12,1956534,710,125
20260810,441,1,14,5425188,124,124
20260810,257,1,15,5133098,128,125
20260810,142,6,16,30639498,125,125
20260810,293,5,17,8211177,145,125
20260810,106,2,18,2803502,125,125
20260810,314,2,19,2918469,125,125
20260810,137,1,20,7395197,125,125
20260810,406,6,21,17815947,132,124
20260810,71,7,22,6520538,175,125
20260810,121,1,23,10410986,125,125
20260810,534,6,24,4439029,140,124
20260810,476,4,25,19570298,124,124
20260810,172,4,26,12832591,125,125
20260810,73,1,27,105977616,126,125
20260810,526,6,28,71732801,475,124
20260810,4,4,29,1295013,125,125
20260810,458,2,30,1777783,1219,124
20260810,5,5,31,36763785,125,125
20260810,635,3,32,5973492,124,124
20260810,125,5,33,9093995,125,125
20260810,407,7,34,2334840,127,124
20260810,311,7,35,1839982,126,125
20260810,169,1,37,5445415,125,125
20260810,87,7,38,5281155,126,125
20260810,175,7,39,159895747,125,125
20260810,416,0,40,3951947,124,124
20260810,170,2,41,5509473,127,125
20260810,144,0,42,47006042,125,125
20260810,341,5,43,6483252,1122,125
20260810,287,7,45,1955735,125,125
20260810,330,2,46,1991893,125,125
20260810,321,1,47,4541316,141,125
20260810,618,2,48,25516490,141,124
20260810,323,3,49,4046088,127,125
20260810,382,6,50,6428981,125,125
20260810,401,1,51,2895340,126,124
20260810,72,0,52,1645171,125,125
20260810,103,7,53,5549354,158,125
20260810,204,4,54,4414773,142,125
20260810,246,6,55,806937,142,125
20260810,386,2,58,3917318,141,125
20260810,636,4,59,52330702,144,124
20260810,598,6,60,10251527,140,124
20260810,250,2,63,1555030,152,125
20260810,369,1,64,5922937,420,125
20260810,200,0,65,66850764,144,125
20260810,346,2,66,132578401,143,125
20260810,360,0,68,11775025,141,125
20260810,364,4,69,6742357,143,125
20260810,306,2,70,4097447,141,125
20260810,529,1,71,6185851,140,124
20260810,258,2,74,38621863,679,125
20260810,431,7,77,4774771,141,124
20260810,415,7,78,2600840,140,124
20260810,378,2,81,68778283,125,125
20260810,528,0,82,1325550,125,124
20260810,478,6,83,14641798,683,124
20260810,83,3,84,7908558,127,125
20260810,269,5,86,6821482,125,125
20260810,461,5,87,5935508,1177,124
20260810,387,3,90,1941175,169,125
20260810,248,0,91,6788118,125,125
20260810,9,1,92,23050052,129,125
20260810,536,0,93,3065388,573,124
20260810,0,0,94,3581353,571,125
20260810,13,5,96,1761072,1933,125
20260810,221,5,98,5856913,126,125
20260810,132,4,99,17069648,130,125
20260810,448,0,101,34476759,124,124
20260810,517,5,102,3774334,167,124
20260810,217,1,103,9645307,126,125
20260810,502,6,104,40292073,126,124
20260810,593,1,105,9017272,126,124
20260810,439,7,107,1523457,124,124
20260810,332,4,108,36449321,125,125
20260810,437,5,109,10842645,124,124
20260810,597,5,111,10407507,815,124
20260810,128,0,112,5957302,125,125
20260810,154,2,113,2121445,127,125
20260810,556,4,115,1674636,125,124
20260810,474,2,116,1890893,129,124
20260810,294,6,117,19358120,127,125
20260810,220,4,118,21898245,125,125
20260810,627,3,119,8786442,128,124
20260810,23,7,120,14256142,674,125
20260810,182,6,123,4707821,576,125
20260810,491,3,124,1990176,125,124
20260810,421,5,126,989406,137,124
20260810,215,7,127,2068025,125,125
20260810,51,3,129,10789721,139,125
20260810,578,2,130,3856524,411,124
20260810,270,6,131,1239510,127,125
20260810,503,7,133,6118082,124,124
20260810,39,7,134,1607853,125,125
20260810,10,2,135,7531744,129,125
20260810,288,0,136,25069379,128,125
20260810,96,0,137,12855529,172,125
20260810,600,0,138,4529573,125,124
20260810,438,6,140,6385731,126,124
20260810,54,6,141,2459052,125,125
20260810,452,4,144,4483220,124,124
20260810,86,6,156,4032268,128,125
20260810,482,2,160,8079658,642,124
20260810,579,3,168,8192554,682,124
20260810,575,7,174,16366453,124,124
20260810,524,4,176,2759664,125,124
20260810,367,7,178,14638615,125,125
20260810,623,7,179,4907630,126,124
20260810,101,5,180,7789265,125,125
20260810,278,6,182,7378360,126,125
20260810,178,2,185,4876581,125,125
20260810,447,7,187,7210704,574,124
20260810,577,1,188,2421551,372,124
20260810,163,3,189,6634441,573,125
20260810,149,5,190,6978670,568,125
20260810,229,5,192,3657761,125,125
20260810,573,5,194,4220874,124,124
20260810,185,1,197,3581499,125,125
20260810,64,0,200,3465240,127,125
20260810,275,3,202,11898970,126,125
20260810,465,1,203,5108082,125,124
20260810,405,5,204,6073951,124,124
20260810,89,1,205,5331299,126,125
20260810,380,4,206,4820309,128,125
20260810,191,7,207,7439150,127,125
20260810,75,3,208,4330282,127,125
20260810,130,2,209,18492807,129,125
20260810,630,6,210,1532600,124,124
20260810,310,6,211,3323810,125,125
20260810,189,5,212,3179675,128,125
20260810,216,0,214,4665063,125,125
20260810,168,0,216,4924113,125,125
20260810,212,4,220,4097407,125,125
20260810,283,3,221,7861388,125,125
20260810,46,6,223,7261187,175,125
20260810,40,0,224,8303034,125,125
20260810,302,6,226,3406984,125,125
20260810,104,0,227,18094809,670,125
20260810,417,1,228,8137571,126,124
20260810,235,3,234,3611152,574,125
20260810,475,3,241,1797687,568,124
20260810,113,1,242,2027824,126,125
20260810,289,1,244,299890865,142,125
20260810,20,4,245,9291198,126,125
20260810,343,7,248,2861253,126,125
20260810,107,3,249,3690172,127,125
20260810,284,4,251,2986855,130,125
20260810,594,2,252,6811009,135,124
20260810,493,5,253,6020955,196,124
20260810,613,5,255,1307083,133,124
20260810,322,2,257,1692884,125,125
20260810,228,4,258,8400368,126,125
20260810,286,6,259,1902939,125,125
20260810,548,4,260,5975437,124,124
20260810,337,1,261,30144462,125,125
20260810,155,3,262,5198339,125,125
20260810,564,4,263,5300201,124,124
20260810,455,7,264,4786820,124,124
20260810,3,3,266,7552480,127,125
20260810,129,1,267,3852833,125,125
20260810,29,5,268,7747456,125,125
20260810,479,7,269,1705409,124,124
20260810,214,6,271,12166955,126,125
20260810,389,5,276,22474949,125,125
20260810,429,5,277,5994262,126,124
20260810,195,3,279,5832719,213,125
20260810,123,3,281,4082573,468,125
20260810,404,4,282,4029965,466,124
20260810,603,3,286,11012430,124,124
20260810,425,1,287,17677193,125,124
20260810,611,3,298,7104961,124,124
20260810,420,4,299,3568383,125,124
20260810,625,1,300,7239634,127,124
20260810,164,4,301,24111187,127,125
20260810,629,5,302,8353000,126,124
20260810,84,4,303,9664155,127,125
20260810,399,7,304,5349572,124,124
20260810,450,2,305,2591026,125,124
20260810,435,3,306,7572251,127,124
20260810,206,6,307,2364686,125,125
20260810,291,3,310,5691156,127,125
20260810,208,0,311,4185745,128,125
20260810,177,1,313,41319849,128,125
20260810,192,0,315,8632628,128,125
20260810,247,7,318,19462334,125,125
20260810,561,1,322,5249836,138,124
20260810,249,1,327,10715656,129,125
20260810,499,3,337,4105113,126,124
20260810,409,1,338,2247636,124,124
20260810,290,2,339,3664476,125,125
20260810,596,4,341,38404242,124,124
20260810,120,0,344,9491834,125,125
20260810,451,3,355,5119592,124,124
20260810,41,1,357,1492188,125,125
20260810,285,5,358,2931905,126,125
20260810,585,1,360,1893030,125,124
20260810,68,4,361,1522615,128,125
20260810,56,0,362,14084155,125,125
20260810,464,0,363,17788090,126,124
20260810,222,6,364,3205850,127,125
20260810,198,6,365,3613301,126,125
20260810,88,0,367,7862879,129,125
20260810,118,6,369,14755145,125,125
20260810,115,3,370,8341662,127,125
20260810,245,5,374,3659497,125,125
20260810,572,4,379,4701543,126,124
20260810,498,2,384,4401162,124,124
20260810,459,3,389,7649031,124,124
20260810,224,0,391,5600362,192,125
20260810,449,1,392,1911766,124,124
20260810,515,3,394,5400730,128,124
20260810,433,1,396,3515940,125,124
20260810,95,7,409,14861292,125,125
20260810,227,3,410,36860262,127,125
20260810,148,4,412,2749985,127,125
20260810,205,5,423,883533,125,125
20260810,633,1,434,2667488,126,124
20260810,507,3,450,13728281,124,124
20260810,473,1,452,1469782,266,124
20260810,398,6,453,10019797,128,124
20260810,70,6,463,6455929,125,125
20260810,359,7,479,4830703,127,125
20260810,210,2,493,7037966,125,125
20260810,152,0,499,13047681,125,125
20260810,408,0,501,8393762,126,124
20260810,318,6,502,5063739,179,125
20260810,150,6,505,3531618,125,125
20260810,98,2,507,1276105,126,125
20260810,511,7,508,23050851,125,124
20260810,353,1,511,3210813,125,125
20260810,76,4,512,7298809,125,125
20260810,391,7,536,23470001,124,124
20260810,592,0,540,29223383,127,124
20260810,436,4,546,3499480,127,124
20260810,392,0,549,6314549,124,124
20260810,146,2,550,4379773,126,125
20260810,366,6,558,6735370,125,125
20260810,576,0,566,2751048,126,124
20260810,139,3,571,5272387,132,125
20260810,632,0,572,16535166,124,124
20260810,363,3,578,6142439,125,125
20260810,55,7,585,4594839,125,125
20260810,233,1,589,13356494,128,125
20260810,114,2,597,8467688,126,125
20260810,494,6,599,1555468,126,124
20260810,522,2,613,3377756,124,124
20260810,47,7,614,3288931,125,125
20260810,631,7,617,12082498,124,124
20260810,12,4,618,4849551,125,125
20260810,207,7,624,26500306,128,125
20260810,188,4,629,8358532,125,125
20260810,521,1,630,3779069,125,124
20260810,1,1,631,8918022,125,125
20260810,385,1,637,6279679,125,125
20260810,276,4,640,2414959,127,125
20260810,604,4,641,5864607,193,124
20260810,251,3,642,7830935,125,125
20260810,609,1,644,4298282,124,124
20260810,525,5,653,6464415,128,124
20260810,440,0,655,3898882,124,124
20260810,460,4,672,2300765,125,124
20260810,505,1,674,3014569,124,124
20260810,379,3,675,4990826,125,125
20260810,463,7,677,2741624,124,124
20260810,81,1,678,12665284,125,125
20260810,180,4,679,10995194,125,125
20260810,355,3,684,6294200,125,125
20260810,272,0,686,14030009,131,125
20260810,512,0,689,4192742,124,124
20260810,481,1,690,5563490,125,124
20260810,319,7,695,4704680,126,125
20260810,239,7,700,3552440,127,125
20260810,274,2,701,82107825,125,125
20260810,183,7,702,2311872,125,125
20260810,190,6,703,3988146,126,125
20260810,489,1,712,2682603,126,124
20260810,43,3,729,2864379,128,125
20260810,48,0,730,3736995,125,125
20260810,135,7,737,3549600,125,125
20260810,223,7,738,6395045,126,125
20260810,487,7,740,2539785,124,124
20260810,587,3,742,4417301,124,124
20260810,468,4,744,2596431,127,124
20260810,108,4,745,11497169,125,125
20260810,531,3,746,4541053,126,124
20260810,16,0,749,10946740,125,125
20260810,527,7,771,2110976,125,124
20260810,334,6,779,15473365,125,125
20260810,518,6,787,11663796,125,124
20260810,62,6,788,2802858,125,125
20260810,260,4,789,4707331,126,125
20260810,32,0,791,1564306,125,125
20260810,134,6,797,4603336,125,125
20260810,490,2,799,9131472,126,124
20260810,326,6,801,3990289,125,125
20260810,471,7,803,8011304,126,124
20260810,523,3,805,23353082,126,124
20260810,553,1,806,2773765,124,124
20260810,619,3,807,16412224,126,124
20260810,193,1,810,10356888,125,125
20260810,82,2,811,3318618,128,125
20260810,261,5,815,9884811,129,125
20260810,280,0,816,3744349,125,125
20260810,496,0,817,8734819,124,124
20260810,615,7,819,38261389,126,124
20260810,97,1,825,1870742,125,125
20260810,427,3,826,3483468,124,124
20260810,66,2,829,4491047,132,125
20260810,586,2,830,5389977,125,124
20260810,344,0,832,1702127,125,125
20260810,305,1,834,4602376,127,125
20260810,308,4,835,2752410,125,125
20260810,541,5,839,4387202,124,124
20260810,277,5,843,2177668,126,125
20260810,315,3,844,2536951,125,125
20260810,331,3,846,35549722,127,125
20260810,350,6,853,2461723,125,125
20260810,333,5,857,9702226,125,125
20260810,469,5,858,4087232,128,124
20260810,28,4,861,8188467,125,125
20260810,111,7,862,8452061,127,125
20260810,514,2,864,3741028,124,124
20260810,381,5,865,5305802,126,125
20260810,581,5,866,10173353,175,124
20260810,52,4,869,4366708,129,125
20260810,362,2,871,4464464,128,125
20260810,145,1,873,5584441,125,125
20260810,375,7,878,3804581,125,125
20260810,602,2,889,18631715,124,124
20260810,624,0,903,2989440,125,124
20260810,78,6,905,3410010,127,125
20260810,616,0,906,4378764,124,124
20260810,533,5,908,7285219,124,124
20260810,492,4,919,17215177,126,124
20260810,510,6,920,8123907,127,124
20260810,255,7,940,5940889,125,125
20260810,403,3,941,1682636,125,124
20260810,483,3,949,4837021,124,124
20260810,281,1,950,7795038,125,125
20260810,620,4,952,3787017,124,124
20260810,621,5,960,7326303,125,124
20260810,18,2,969,26181109,128,125
20260810,31,7,973,5188559,127,125
20260810,69,5,974,5905126,125,125
20260810,388,4,976,5210054,126,125
20260810,543,7,981,19802016,126,124
20260810,14,6,983,5367586,126,125
20260810,273,1,984,30173318,127,125
20260810,466,2,987,11956529,124,124
20260810,67,3,988,8677921,133,125
20260810,400,0,989,4567409,128,124
20260810,151,7,990,2265539,127,125
20260810,368,0,992,7425715,127,125
20260810,153,1,994,9333132,125,125
20260810,509,5,996,2911656,124,124
20260810,254,6,997,3250973,125,125
20260810,567,7,998,3728827,127,124
20260810,558,6,999,24863154,127,124
20260810,457,1,1001,5037887,126,124
20260810,325,5,1006,7722593,127,125
20260810,131,3,1014,6082066,126,125
20260810,194,2,1015,1450107,126,125
20260810,110,6,1017,10146857,127,125
20260810,500,4,1019,2391544,125,124
20260810,176,0,1022,3824028,125,125
20260810,324,4,1032,9677599,126,125
20260810,256,0,1033,3319672,127,125
20260810,590,6,1035,151116354,124,124
20260810,33,1,1036,2564225,201,125
20260810,15,7,1038,1651262,125,125
20260810,267,3,1043,12440192,126,125
20260810,2,2,1044,2046447,126,125
20260810,634,2,1046,62740538,129,124
20260810,535,7,1047,67436437,126,124
20260810,442,2,1050,9494554,124,124
20260810,126,6,1051,6935225,127,125
20260810,197,5,1052,16127548,125,125
20260810,580,4,1060,6624940,125,124
20260810,444,4,1061,4430024,124,124
20260810,370,2,1066,4095314,127,125
20260810,426,2,1067,35399468,124,124
20260810,354,2,1074,7993344,127,125
20260810,584,0,1075,2730525,124,124
20260810,338,2,1076,12512592,128,125
20260810,606,6,1080,9187161,127,124
20260810,65,1,1081,4460741,126,125
20260810,374,6,1085,4585961,125,125
20260810,470,6,1087,27781013,124,124
20260810,607,7,1091,3860996,124,124
20260810,268,4,1092,7732154,127,125
20260810,203,3,1099,4274082,125,125
20260810,147,3,1100,8377194,127,125
20260810,610,2,1102,5407123,124,124
20260810,92,4,1106,4047977,127,125
20260810,264,0,1111,2566984,125,125
20260810,538,2,1126,1329113,125,124
20260810,225,1,1133,5194873,126,125
20260810,112,0,1135,3873948,126,125
20260810,614,6,1136,298084084,125,124
20260810,574,6,1145,5156308,125,124
20260810,508,4,1148,4590539,124,124
20260810,26,2,1149,3939213,125,125
20260810,335,7,1150,6140684,127,125
20260810,21,5,1159,11555224,127,125
20260810,601,1,1160,3573211,124,124
20260810,307,3,1161,5419948,128,125
20260810,35,3,1162,2725954,126,125
20260810,413,5,1166,6532435,126,124
20260810,17,1,1168,16730198,125,125
20260810,513,1,1171,7800611,124,124
20260810,219,3,1173,8896405,125,125
20260810,166,6,1182,3054130,127,125
20260810,271,7,1183,9191637,127,125
20260810,202,2,1186,5279435,125,125
20260810,173,5,1190,5508143,126,125
20260810,554,2,1192,4366757,124,124
20260810,591,7,1193,4012409,265,124
20260810,342,6,1194,12893579,125,125
20260810,372,4,1200,3615854,125,125
20260810,376,0,1201,3434584,126,125
20260810,432,0,1203,3623906,125,124
20260810,497,1,1204,4754799,124,124
20260810,595,3,1208,8259032,124,124
20260810,488,0,1209,9913085,126,124
20260810,414,6,1211,1237063,124,124
20260810,138,2,1238,88829375,128,125
20260810,309,5,1245,2764818,127,125
20260810,545,1,1247,7768197,126,124
20260810,136,0,1248,3946838,125,125
20260810,472,0,1249,5055947,124,124
20260810,583,7,1255,2773485,131,124
20260810,58,2,1256,3603939,125,125
20260810,160,0,1258,3579652,126,125
20260810,171,3,1260,1796875,125,125
20260810,226,2,1265,4508392,125,125
20260810,300,4,1276,4606881,125,125
20260810,79,7,1277,9037811,125,125
20260810,605,5,1279,1092241,124,124
20260810,295,7,1280,12440100,125,125
20260810,60,4,1283,6936400,125,125
20260810,122,2,1285,5927808,127,125
20260810,119,7,1288,14058474,125,125
20260810,186,2,1296,3550202,125,125
20260810,539,3,1299,2020411,125,124
20260810,100,4,1304,3587034,126,125
20260810,317,5,1319,15347213,126,125
20260810,157,5,1324,3692080,125,125
20260810,639,7,1331,8111189,124,124
20260810,453,5,1334,7010272,124,124
20260810,266,2,1336,26331186,127,125
20260810,30,6,1347,94173448,125,125
20260810,329,1,1348,4111693,125,125
20260810,7,7,1351,4339691,125,125
20260810,637,5,1357,6037895,125,124
20260810,411,3,1358,38945742,125,124
20260810,252,4,1368,2586952,127,125
20260810,61,5,1373,5889960,128,125
20260810,628,4,1384,8860176,126,124
20260810,27,3,1392,34581691,127,125
20260810,143,7,1396,1466582,125,125
20260810,77,5,1400,5121777,125,125
20260810,141,5,1404,6269398,125,125
20260810,59,3,1407,16064484,132,125
20260810,552,0,1408,7143235,124,124
20260810,377,1,1428,4382047,127,125
20260810,484,4,1431,2727437,124,124
20260810,304,0,1439,2538462,128,125
20260810,296,0,1445,1679880,127,125
20260810,93,5,1453,6951753,127,125
20260810,599,7,1454,5353435,128,124
20260810,187,3,1455,3041993,126,125
20260810,568,0,1459,11402690,126,124
20260810,301,5,1460,5807131,126,125
20260810,516,4,1472,5201068,126,124
20260810,22,6,1487,2317558,128,125
20260810,550,6,1490,4728464,125,124
20260810,542,6,1495,6530658,124,124
20260810,486,6,1499,8194057,124,124
20260810,555,3,1507,5319989,124,124
20260810,589,5,1513,12194772,126,124
20260810,347,3,1535,3294723,125,125
20260810,117,5,1539,6220421,127,125
20260810,446,6,1547,5740377,124,124
20260810,501,5,1554,12088727,124,124
20260810,38,6,1555,20270583,125,125
20260810,162,2,1562,4932888,129,125
20260810,339,3,1563,3043094,125,125
20260810,520,0,1567,5339011,124,124
20260810,102,6,1576,6562898,125,125
20260810,80,0,1577,5362867,125,125
20260810,351,7,1579,5112401,127,125
20260810,240,0,1585,161631347,125,125
20260810,159,7,1586,4739547,126,125
20260810,199,7,1587,3610316,125,125
20260810,566,6,1588,11440964,124,124
20260810,265,1,1590,1212763,126,125
20260810,44,4,1596,17920727,147,125
20260810,242,2,1597,12613924,129,125
20260810,410,2,1603,8857811,128,124
20260810,495,7,1604,29192745,126,124
20260810,63,7,1606,5688006,127,125
20260810,588,4,1610,5091101,126,124
20260810,158,6,1614,66900316,125,125
20260810,571,3,1619,20741103,124,124
20260810,608,0,1628,3830532,124,124
20260810,11,3,1629,4646007,130,125
20260810,434,2,1633,4306691,124,124
20260810,336,0,1635,12103461,128,125
20260810,565,5,1641,16795521,126,124
20260810,105,1,1653,2468338,125,125
20260810,174,6,1654,5643083,126,125
20260810,477,5,1659,5739424,125,124
20260810,424,0,1691,7129901,124,124
20260810,397,5,1705,1510583,125,124
20260810,196,4,1707,7599874,128,125
20260810,238,6,1710,2661901,125,125
20260810,25,1,1779,6115121,125,125
20260810,109,5,1782,8160475,125,125
20260810,127,7,1784,9668907,125,125
20260810,348,4,1786,9560281,125,125
20260810,626,2,1801,6173794,128,124
20260810,563,3,1819,4095493,124,124
20260810,236,4,1830,4571885,125,125
20260810,19,3,1838,50592104,127,125
20260810,551,7,1860,4076680,124,124
20260810,184,0,1880,1911863,127,125
20260810,133,5,1882,4180498,129,125
20260810,74,2,1884,5481876,125,125
20260810,243,3,1896,5658027,126,125
20260810,234,2,1902,11946602,125,125
20260810,57,1,1942,2756737,125,125
20260810,569,1,1956,47817223,124,124
20260810,373,5,1959,3864972,126,125
20260810,299,3,1962,1360970,125,125
20260810,209,1,1997,2816333,136,125
20260810,303,7,1999,5223940,125,125
20260810,292,4,2010,5863117,125,125
20260810,345,1,2025,8771449,125,125
20260810,560,0,2055,3252074,124,124
20260810,412,4,2061,5224010,124,124
20260810,396,4,2071,1459483,124,124
20260810,218,2,2097,7653504,125,125
20260810,37,5,2116,15919208,126,125
20260810,540,4,2130,297817756,124,124
20260810,445,5,2136,13230945,125,124
20260810,156,4,2148,3236737,127,125
20260810,181,5,2202,3253959,128,125
20260810,506,2,2216,1158948,126,124
20260810,140,4,2260,1096695,125,125
20260810,544,0,2262,8697016,124,124
20260810,537,1,2294,1468182,124,124
20260810,454,6,2315,1564892,126,124
20260810,352,0,2319,3829830,125,125
20260810,90,2,2321,5513454,128,125
20260810,349,5,2359,2923890,127,125
20260810,328,0,2366,8542846,126,125
20260810,201,1,2372,8941013,125,125
20260810,94,6,2382,4796315,129,125
20260810,241,1,2395,29084430,127,125
20260810,423,7,2398,18983066,127,124
20260810,124,4,2400,5617030,126,125
20260810,36,4,2419,6352150,125,125
20260810,582,6,2435,6817995,126,124
20260810,6,6,2437,4676626,126,125
20260810,211,3,2450,2668538,125,125
20260810,612,4,2455,15786166,125,124
20260810,259,3,2474,32266822,125,125
20260810,34,2,2475,12029752,127,125
20260810,562,2,2496,5255583,124,124
20260810,161,1,2601,5282807,125,125
20260810,253,5,2614,27618882,129,125
20260810,99,3,2638,3460287,125,125
20260810,358,6,2651,5506890,126,125
20260810,316,4,2660,4212640,126,125
20260810,85,5,2670,21222807,125,125
20260810,213,5,2674,5936851,125,125
20260810,532,4,2680,21533466,124,124
20260810,312,0,2717,2042521,125,125
20260810,549,5,2726,6519716,124,124
20260810,297,1,2747,5854931,125,125
20260810,53,5,2767,8781312,128,125
20260810,313,1,2770,25033797,125,125
20260810,395,3,2771,8401256,334,124
20260810,237,5,2796,3337837,125,125
20260810,638,6,2802,5729626,125,124
20260810,443,3,2886,19747886,128,124
20260810,340,4,2909,33987693,125,125
20260810,547,3,2911,4180567,124,124
20260810,371,3,2918,5621024,127,125
20260810,327,7,2941,8605789,126,125
20260810,622,6,2943,3568002,124,124
20260810,422,6,2960,5327987,124,124
20260810,480,0,2964,6083445,126,124
20260810,485,5,2990,7011501,124,124
20260810,557,5,3056,3210770,124,124
20260810,617,1,3079,5355965,125,124
20260810,8,0,3129,8568273,125,125
20260810,165,5,3135,6372155,126,125
20260810,357,5,3220,3928728,126,125
20260810,504,0,3243,5020007,125,124
20260810,402,2,3266,2911685,126,124
20260810,383,7,3490,6386573,128,125
20260810,428,4,3577,2126057,124,124
20260810,279,7,3609,3792125,125,125
20260810,262,6,3706,2079138,125,125
20260810,244,4,3765,5575270,125,125
20260810,365,5,3813,5871836,127,125
20260810,462,6,3860,1459438,128,124
20260810,456,0,3985,47985871,126,124
20260810,42,2,4008,2216796,125,125
20260810,361,1,4018,1338075,125,125
20260810,263,7,4051,1957897,126,125
20260810,231,7,4108,12724859,126,125
20260810,230,6,4178,2544731,125,125
20260810,320,0,4730,1103641,125,125
20260810,384,0,4989,6660345,125,125
20260810,390,6,4992,952091,125,125
20260810,24,0,5064,147934216,125,125
20260810,394,2,5412,4374613,124,124
20260810,393,1,5729,4915245,131,124
20260810,419,3,5915,40844666,142,124
20260810,430,6,6267,5902470,128,124
20260810,546,2,6333,50958366,124,124
20260810,418,2,6337,85146397,126,124
20260810,49,1,6408,4653839,125,125
20260810,91,3,6637,2774099,125,125
20260810,519,7,7588,3234453,130,124
20260811,74,2,0,12708352,126,125
20260811,378,2,1,67462108,125,125
20260811,608,0,2,29599695,1604,124
20260811,639,7,3,14059450,125,124
20260811,82,2,4,4447758,125,125
20260811,17,1,5,6865956,130,125
20260811,397,5,6,1840278,144,124
20260811,527,7,7,1952975,126,124
20260811,278,6,9,31723285,1578,125
20260811,118,6,10,13901255,127,125
20260811,591,7,11,6845509,125,124
20260811,367,7,12,6098538,677,125
20260811,247,7,14,3453419,125,125
20260811,581,5,15,55980540,169,124
20260811,534,6,16,4243321,124,124
20260811,471,7,17,4644182,124,124
20260811,586,2,18,4141097,130,124
20260811,329,1,19,7111916,125,125
20260811,453,5,20,5170636,125,124
20260811,477,5,21,16127212,128,124
20260811,429,5,22,3449811,126,124
20260811,97,1,23,7588117,126,125
20260811,115,3,24,6448699,125,125
20260811,516,4,25,4364683,126,124
20260811,525,5,26,4835406,129,124
20260811,254,6,27,68796014,126,125
20260811,493,5,28,5612501,128,124
20260811,87,7,29,11907743,125,125
20260811,272,0,30,7476904,1223,125
20260811,336,0,31,82287165,128,125
20260811,265,1,32,6314007,128,125
20260811,135,7,33,3612265,125,125
20260811,381,5,34,5065648,128,125
20260811,194,2,35,5984013,127,125
20260811,76,4,36,4256611,125,125
20260811,383,7,37,9948501,127,125
20260811,38,6,38,3556623,125,125
20260811,596,4,39,1878206,126,124
20260811,95,7,40,2163120,125,125
20260811,593,1,41,4568039,124,124
20260811,456,0,42,2397204,124,124
20260811,251,3,43,3799382,1013,125
20260811,458,2,45,7615016,127,124
20260811,72,0,46,7273082,126,125
20260811,40,0,47,4555412,141,125
20260811,35,3,48,5103176,143,125
20260811,404,4,49,15359815,124,124
20260811,420,4,50,21997913,124,124
20260811,296,0,51,4450578,125,125
20260811,388,4,52,13254281,125,125
20260811,145,1,53,6035893,160,125
20260811,589,5,54,10042899,142,124
20260811,600,0,55,5947524,140,124
20260811,371,3,56,139997811,143,125
20260811,373,5,57,3365818,141,125
20260811,342,6,58,17626272,141,125
20260811,57,1,59,6523858,143,125
20260811,495,7,60,3058972,140,124
20260811,103,7,61,8997501,143,125
20260811,288,0,62,6285953,125,125
20260811,334,6,63,2704810,141,125
20260811,287,7,64,1440598,142,125
20260811,375,7,65,7528266,142,125
20260811,264,0,66,164029278,141,125
20260811,126,6,67,72346415,143,125
20260811,550,6,68,1176980,140,124
20260811,457,1,69,2406496,140,124
20260811,223,7,70,35522179,143,125
20260811,549,5,71,5311731,645,124
20260811,136,0,72,36668846,158,125
20260811,590,6,73,2220807,142,124
20260811,444,4,74,4301238,674,124
20260811,269,5,77,10470629,141,125
20260811,274,2,78,3640539,141,125
20260811,483,3,80,7594212,568,124
20260811,359,7,81,71955718,129,125
20260811,417,1,82,8941579,128,124
20260811,166,6,83,3957951,679,125
20260811,110,6,84,14494602,125,125
20260811,4,4,85,5492752,126,125
20260811,339,3,86,3861047,127,125
20260811,302,6,91,7999456,131,125
20260811,633,1,92,23817311,125,124
20260811,552,0,93,4141211,574,124
20260811,470,6,94,3855240,568,124
20260811,92,4,96,2990983,1933,125
20260811,529,1,98,3308389,170,124
20260811,611,3,99,2111812,124,124
20260811,196,4,101,4625211,125,125
20260811,146,2,102,6138833,127,125
20260811,168,0,103,10224130,125,125
20260811,540,4,105,5272714,124,124
20260811,206,6,106,2519270,470,125
20260811,270,6,107,82236142,127,125
20260811,183,7,109,3701682,125,125
20260811,124,4,111,3302679,126,125
20260811,533,5,112,5900340,126,124
20260811,625,1,113,6640977,124,124
20260811,262,6,115,50203469,125,125
20260811,130,2,118,21482106,128,125
20260811,407,7,119,1726693,125,124
20260811,511,7,120,3753189,675,124
20260811,294,6,121,8985851,814,125
20260811,253,5,122,7877629,679,125
20260811,219,3,126,1699344,125,125
20260811,152,0,128,8697766,137,125
20260811,395,3,129,3603699,139,124
20260811,632,0,130,6514247,412,124
20260811,391,7,131,4036201,125,124
20260811,631,7,132,3316599,124,124
20260811,159,7,133,15067523,125,125
20260811,610,2,134,2276015,125,124
20260811,220,4,135,3367022,126,125
20260811,361,1,136,1461336,127,125
20260811,602,2,137,7564934,171,124
20260811,521,1,138,17928103,125,124
20260811,384,0,140,22684428,127,125
20260811,221,5,143,3504620,125,125
20260811,280,0,144,8020619,125,125
20260811,566,6,150,3541427,573,124
20260811,289,1,151,10225040,172,125
20260811,476,4,152,2021290,126,124
20260811,171,3,156,5125926,125,125
20260811,129,1,164,5984827,125,125
20260811,478,6,166,6652859,124,124
20260811,434,2,167,14877053,124,124
20260811,32,0,168,5272431,125,125
20260811,210,2,169,5590687,128,125
20260811,15,7,174,14432860,128,125
20260811,80,0,176,8071425,128,125
20260811,25,1,178,1416735,125,125
20260811,235,3,179,2828592,127,125
20260811,117,5,180,12383506,125,125
20260811,187,3,181,2345582,127,125
20260811,505,1,182,12855092,126,124
20260811,419,3,183,8408054,127,124
20260811,335,7,185,5648880,125,125
20260811,544,0,186,6726904,127,124
20260811,558,6,187,2810134,580,124
20260811,496,0,188,5157383,372,124
20260811,341,5,189,5913833,574,125
20260811,214,6,190,7166714,568,125
20260811,104,0,194,3135124,125,125
20260811,327,7,196,4373592,125,125
20260811,501,5,197,7968608,124,124
20260811,492,4,200,4148961,124,124
20260811,408,0,201,2825388,124,124
20260811,619,3,202,11010911,125,124
20260811,523,3,203,5828312,124,124
20260811,430,6,204,6605325,124,124
20260811,208,0,205,54692287,125,125
20260811,432,0,206,4867709,128,124
20260811,563,3,207,7862950,126,124
20260811,175,7,208,68133121,126,125
20260811,474,2,210,2620300,124,124
20260811,514,2,211,4202227,130,124
20260811,436,4,214,8325367,130,124
20260811,10,2,215,9298512,681,125
20260811,281,1,216,34379057,125,125
20260811,536,0,217,2984397,127,124
20260811,413,5,221,1450560,126,124
20260811,24,0,222,22881747,125,125
20260811,173,5,223,1935689,126,125
20260811,258,2,226,5890402,125,125
20260811,319,7,227,3181080,667,125
20260811,195,3,228,302607449,131,125
20260811,348,4,234,1037620,572,125
20260811,583,7,240,5972967,678,124
20260811,410,2,242,12387494,126,124
20260811,561,1,244,8864423,148,124
20260811,51,3,245,962330,125,125
20260811,19,3,248,19467132,125,125
20260811,297,1,249,24885501,128,125
20260811,184,0,251,22309571,130,125
20260811,479,7,252,6740678,136,124
20260811,250,2,253,2837895,125,125
20260811,606,6,255,7255239,124,124
20260811,372,4,256,7051816,129,125
20260811,530,2,257,9648612,126,124
20260811,112,0,258,2723270,125,125
20260811,316,4,260,35720359,125,125
20260811,546,2,261,6874175,124,124
20260811,28,4,262,3434320,125,125
20260811,16,0,263,6640468,125,125
20260811,58,2,264,55636258,127,125
20260811,85,5,265,3550153,127,125
20260811,56,0,266,7084813,126,125
20260811,229,5,271,5050533,126,125
20260811,109,5,272,2592193,125,125
20260811,303,7,276,62773274,126,125
20260811,560,0,279,8143872,211,124
20260811,182,6,282,3729686,467,125
20260811,448,0,286,2993339,126,124
20260811,83,3,287,1512571,127,125
20260811,131,3,288,6267777,125,125
20260811,68,4,298,10056780,125,125
20260811,403,3,302,27166806,125,124
20260811,545,1,303,6283343,126,124
20260811,418,2,305,4389741,126,124
20260811,209,1,309,4902730,130,125
20260811,465,1,312,3176779,124,124
20260811,466,2,314,4649497,124,124
20260811,455,7,315,4075622,124,124
20260811,480,0,318,2302055,129,124
20260811,449,1,320,8276436,126,124
20260811,66,2,322,8584587,139,125
20260811,2,2,324,3989657,141,125
20260811,620,4,337,2378798,124,124
20260811,180,4,339,26737611,125,125
20260811,60,4,342,6994533,125,125
20260811,562,2,355,5837479,124,124
20260811,379,3,358,6449668,128,125
20260811,113,1,359,978797,126,125
20260811,13,5,360,3787464,128,125
20260811,12,4,361,29768482,125,125
20260811,8,0,362,2796165,125,125
20260811,519,7,363,3767730,124,124
20260811,510,6,365,9929580,125,124
20260811,515,3,366,7398964,124,124
20260811,290,2,367,2538911,125,125
20260811,517,5,368,1666537,126,124
20260811,314,2,369,2999465,125,125
20260811,463,7,370,2985188,126,124
20260811,285,5,371,3694946,126,125
20260811,177,1,374,7244569,129,125
20260811,376,0,381,4329046,126,125
20260811,500,4,384,5097320,124,124
20260811,575,7,391,3410548,126,124
20260811,313,1,392,4404100,125,125
20260811,70,6,395,4374448,129,125
20260811,154,2,396,3585968,125,125
20260811,79,7,409,4546964,125,125
20260811,237,5,410,4146608,127,125
20260811,33,1,421,8330174,128,125
20260811,425,1,428,4941989,174,124
20260811,292,4,434,20912380,125,125
20260811,452,4,442,5169157,126,124
20260811,427,3,450,6424541,126,124
20260811,245,5,451,2987850,127,125
20260811,531,3,452,7131627,128,124
20260811,252,4,463,8888644,126,125
20260811,569,1,479,53885927,124,124
20260811,174,6,501,4958196,126,125
20260811,324,4,503,3613876,148,125
20260811,179,3,504,1045863,125,125
20260811,512,0,506,6518443,131,124
20260811,268,4,507,4878541,125,125
20260811,271,7,508,3667424,125,125
20260811,582,6,510,39998495,124,124
20260811,59,3,511,33098545,127,125
20260811,50,2,512,6529120,128,125
20260811,356,4,514,6233491,126,125
20260811,47,7,525,2208323,125,125
20260811,565,5,540,3483135,124,124
20260811,61,5,546,6038432,126,125
20260811,162,2,549,1305012,125,125
20260811,73,1,550,5965372,125,125
20260811,612,4,565,4135800,127,124
20260811,93,5,566,7109879,125,125
20260811,635,3,571,2125064,125,124
20260811,160,0,572,13227298,126,125
20260811,576,0,585,7135410,126,124
20260811,637,5,586,6370526,126,124
20260811,203,3,597,6951822,125,125
20260811,65,1,599,1358680,129,125
20260811,39,7,604,7732419,128,125
20260811,382,6,611,14759627,125,125
20260811,473,1,613,5388952,126,124
20260811,385,1,621,10845124,125,125
20260811,31,7,622,7665191,126,125
20260811,559,7,629,21417375,125,124
20260811,238,6,630,3372665,125,125
20260811,547,3,632,6482684,124,124
20260811,401,1,633,9928947,124,124
20260811,90,2,634,1872961,125,125
20260811,389,5,635,4747809,129,125
20260811,301,5,636,5873173,125,125
20260811,78,6,637,8229377,125,125
20260811,542,6,640,6253137,124,124
20260811,6,6,642,8686574,125,125
20260811,553,1,643,16083596,126,124
20260811,232,0,672,3135327,125,125
20260811,0,0,673,2560888,196,125
20260811,256,0,674,20756217,126,125
20260811,69,5,675,4342878,131,125
20260811,150,6,676,39020678,125,125
20260811,26,2,677,10752678,125,125
20260811,638,6,678,3526320,124,124
20260811,392,0,679,1301404,124,124
20260811,616,0,681,5791177,126,124
20260811,363,3,684,9496609,125,125
20260811,127,7,686,837609,125,125
20260811,472,0,687,4647225,125,124
20260811,41,1,700,14276853,127,125
20260811,300,4,701,14796165,128,125
20260811,374,6,703,4997883,125,125
20260811,499,3,704,8352088,124,124
20260811,323,3,729,3407143,125,125
20260811,191,7,730,8151300,129,125
20260811,368,0,737,3675255,126,125
20260811,551,7,740,3023927,124,124
20260811,224,0,744,8156983,125,125
20260811,603,3,745,1108497,126,124
20260811,485,5,746,2167623,125,124
20260811,539,3,748,13107326,124,124
20260811,504,0,749,4893032,126,124
20260811,186,2,777,4695107,125,125
20260811,216,0,779,6121036,127,125
20260811,437,5,787,4121695,125,124
20260811,122,2,788,3070119,125,125
20260811,489,1,789,2764123,125,124
20260811,351,7,790,4321251,127,125
20260811,222,6,791,6419579,125,125
20260811,344,0,798,1853946,125,125
20260811,108,4,799,3505323,126,125
20260811,535,7,803,5515412,124,124
20260811,532,4,807,14780965,124,124
20260811,486,6,811,4791312,126,124
20260811,587,3,812,6100631,124,124
20260811,592,0,814,2998960,124,124
20260811,508,4,815,1147629,124,124
20260811,236,4,816,4482371,129,125
20260811,377,1,819,5056912,127,125
20260811,328,0,821,8283007,126,125
20260811,30,6,824,2863712,125,125
20260811,441,1,825,75320708,124,124
20260811,574,6,828,40820062,127,124
20260811,295,7,829,6845262,125,125
20260811,125,5,830,15083421,125,125
20260811,63,7,834,3703947,476,125
20260811,23,7,835,3199650,127,125
20260811,189,5,836,1482546,126,125
20260811,626,2,837,4728096,125,124
20260811,49,1,840,3104231,125,125
20260811,202,2,842,8604416,125,125
20260811,204,4,843,2272321,125,125
20260811,467,3,848,3411519,124,124
20260811,309,5,849,1539823,126,125
20260811,369,1,856,3181089,126,125
20260811,293,5,857,5284235,127,125
20260811,241,1,859,6211408,125,125
20260811,137,1,861,14613278,125,125
20260811,490,2,863,5455926,124,124
20260811,629,5,866,3851319,126,124
20260811,102,6,867,2975067,127,125
20260811,167,7,868,1496367,127,125
20260811,399,7,869,11714495,124,124
20260811,424,0,870,3924018,126,124
20260811,564,4,871,8725156,127,124
20260811,144,0,872,3993760,127,125
20260811,360,0,873,7431826,125,125
20260811,491,3,874,4335467,124,124
20260811,460,4,875,5456808,129,124
20260811,44,4,879,11063450,125,125
20260811,577,1,881,6110788,126,124
20260811,36,4,900,2789588,125,125
20260811,225,1,903,5878519,125,125
20260811,507,3,904,57324457,124,124
20260811,522,2,906,4694815,124,124
20260811,22,6,908,17640808,125,125
20260811,67,3,910,1750846,125,125
20260811,318,6,917,3145441,125,125
20260811,595,3,929,4693466,131,124
20260811,326,6,948,7645985,125,125
20260811,217,1,951,6182673,125,125
20260811,622,6,952,4159585,126,124
20260811,255,7,953,4879613,194,125
20260811,156,4,973,4489555,126,125
20260811,488,0,975,9235263,124,124
20260811,487,7,977,23904307,124,124
20260811,454,6,980,6395762,124,124
20260811,386,2,982,1090395,126,125
20260811,284,4,984,19346822,129,125
20260811,405,5,987,3533424,125,124
20260811,598,6,988,5172680,124,124
20260811,411,3,990,10115558,126,124
20260811,94,6,992,2975877,125,125
20260811,438,6,994,5498494,126,124
20260811,400,0,996,11171564,125,124
20260811,266,2,997,6728129,127,125
20260811,286,6,1004,26586749,125,125
20260811,248,0,1005,153543204,125,125
20260811,524,4,1011,4707770,124,124
20260811,53,5,1015,27065896,132,125
20260811,283,3,1017,23235512,126,125
20260811,528,0,1019,6702747,127,124
20260811,96,0,1021,15668964,127,125
20260811,230,6,1022,3801361,125,125
20260811,520,0,1023,1145051,124,124
20260811,412,4,1024,4068736,124,124
20260811,200,0,1025,5211231,125,125
20260811,497,1,1036,8396054,124,124
20260811,570,2,1039,18342711,126,124
20260811,451,3,1043,17066035,124,124
20260811,509,5,1044,6335847,338,124
20260811,98,2,1048,1271525,129,125
20260811,423,7,1049,4995207,126,124
20260811,443,3,1050,1947441,124,124
20260811,387,3,1053,4637969,125,125
20260811,605,5,1054,2217494,124,124
20260811,433,1,1056,5813063,125,124
20260811,158,6,1058,7576348,125,125
20260811,475,3,1061,2855198,124,124
20260811,557,5,1067,4845505,127,124
20260811,630,6,1068,6156092,128,124
20260811,21,5,1072,4042495,125,125
20260811,306,2,1073,5925809,126,125
20260811,414,6,1074,24480436,125,124
20260811,305,1,1078,10867972,125,125
20260811,18,2,1081,4477972,125,125
20260811,233,1,1084,852293,126,125
20260811,298,2,1091,5748840,127,125
20260811,188,4,1096,3068388,126,125
20260811,554,2,1098,4659832,124,124
20260811,34,2,1100,4202574,127,125
20260811,227,3,1113,5149226,126,125
20260811,37,5,1115,22159817,127,125
20260811,133,5,1118,5311262,127,125
20260811,273,1,1122,28073304,125,125
20260811,143,7,1123,1460970,126,125
20260811,428,4,1124,11378092,124,124
20260811,3,3,1127,4886333,129,125
20260811,321,1,1129,3406331,125,125
20260811,398,6,1130,4206886,124,124
20260811,246,6,1132,8773376,128,125
20260811,207,7,1134,3265032,125,125
20260811,148,4,1138,1756906,125,125
20260811,11,3,1141,9400210,128,125
20260811,585,1,1146,7357594,125,124
20260811,461,5,1148,3285441,128,124
20260811,199,7,1149,49629642,127,125
20260811,234,2,1150,10392654,129,125
20260811,42,2,1151,5782409,125,125
20260811,415,7,1152,2132823,124,124
20260811,257,1,1157,8064641,128,125
20260811,332,4,1165,27817591,129,125
20260811,613,5,1169,4918288,127,124
20260811,172,4,1177,18380488,125,125
20260811,494,6,1178,12731197,125,124
20260811,27,3,1182,5413830,134,125
20260811,88,0,1190,146422425,125,125
20260811,71,7,1192,3026335,125,125
20260811,20,4,1195,3621987,125,125
20260811,354,2,1197,8665957,133,125
20260811,114,2,1201,23311734,125,125
20260811,614,6,1204,9498254,124,124
20260811,615,7,1205,4498827,126,124
20260811,331,3,1207,6946913,125,125
20260811,139,3,1215,5085927,174,125
20260811,242,2,1225,1811801,125,125
20260811,365,5,1226,3456736,126,125
20260811,55,7,1229,5784742,125,125
20260811,304,0,1238,11922345,126,125
20260811,62,6,1245,7480835,125,125
20260811,468,4,1247,8839054,124,124
20260811,567,7,1250,21170881,125,124
20260811,556,4,1251,3644845,124,124
20260811,355,3,1252,135728498,125,125
20260811,226,2,1259,4212291,126,125
20260811,193,1,1260,3506573,125,125
20260811,498,2,1277,4078183,124,124
20260811,86,6,1280,4661843,130,125
20260811,440,0,1282,1788533,125,124
20260811,116,4,1283,3888122,127,125
20260811,627,3,1284,12218175,125,124
20260811,99,3,1290,4596884,126,125
20260811,349,5,1296,7609730,126,125
20260811,275,3,1304,8779914,126,125
20260811,157,5,1305,4638486,125,125
20260811,190,6,1308,7784939,125,125
20260811,291,3,1310,2030674,125,125
20260811,416,0,1312,4651561,125,124
20260811,364,4,1315,7382773,125,125
20260811,607,7,1317,1989386,124,124
20260811,123,3,1322,6472247,128,125
20260811,205,5,1327,3223571,125,125
20260811,140,4,1329,5012657,127,125
20260811,239,7,1331,9144957,125,125
20260811,153,1,1335,9919324,127,125
20260811,181,5,1343,3146030,125,125
20260811,353,1,1348,37957970,127,125
20260811,362,2,1352,1174618,125,125
20260811,243,3,1355,51075631,125,125
20260811,9,1,1356,4594463,126,125
20260811,212,4,1363,13533394,265,125
20260811,439,7,1372,4672221,126,124
20260811,120,0,1373,5152271,407,125
20260811,308,4,1379,7067506,125,125
20260811,402,2,1385,7551861,200,124
20260811,396,4,1387,5523277,124,124
20260811,312,0,1394,2096800,125,125
20260811,263,7,1397,1115862,125,125
20260811,450,2,1405,1528763,125,124
20260811,228,4,1408,19880012,127,125
20260811,345,1,1416,1916002,128,125
20260811,624,0,1425,7203847,126,124
20260811,310,6,1427,5007347,125,125
20260811,107,3,1439,7399991,125,125
20260811,580,4,1458,8144144,124,124
20260811,502,6,1468,5134566,124,124
20260811,151,7,1469,11106117,125,125
20260811,634,2,1470,3032267,124,124
20260811,240,0,1488,5046534,125,125
20260811,1,1,1495,4419102,125,125
20260811,571,3,1497,28954347,126,124
20260811,138,2,1507,3219380,125,125
20260811,141,5,1538,7384320,125,125
20260811,315,3,1542,7643734,128,125
20260811,333,5,1546,59141301,125,125
20260811,45,5,1556,4681537,127,125
20260811,320,0,1558,6184043,125,125
20260811,163,3,1559,300802180,126,125
20260811,213,5,1562,4736843,127,125
20260811,134,6,1564,7037162,126,125
20260811,43,3,1566,4305645,125,125
20260811,358,6,1569,20168680,125,125
20260811,54,6,1584,4329484,125,125
20260811,7,7,1587,1729330,125,125
20260811,481,1,1597,91175800,125,124
20260811,601,1,1598,3449878,126,124
20260811,597,5,1615,3221592,126,124
20260811,276,4,1635,7969139,126,125
20260811,165,5,1641,2971402,127,125
20260811,513,1,1650,2333263,129,124
20260811,169,1,1653,6362348,125,125
20260811,170,2,1669,24059885,126,125
20260811,277,5,1693,3225718,125,125
20260811,201,1,1699,30450995,196,125
20260811,337,1,1700,4893579,125,125
20260811,421,5,1701,4977284,124,124
20260811,325,5,1709,4087208,126,125
20260811,89,1,1725,6241616,126,125
20260811,261,5,1739,9839548,265,125
20260811,469,5,1742,4439321,124,124
20260811,161,1,1744,4409902,125,125
20260811,215,7,1748,5851088,125,125
20260811,352,0,1749,1064479,125,125
20260811,578,2,1786,23760867,124,124
20260811,579,3,1819,6019630,127,124
20260811,178,2,1827,4591187,128,125
20260811,617,1,1870,11299756,125,124
20260811,192,0,1875,2437764,125,125
20260811,482,2,1897,5019242,125,124
20260811,84,4,1921,9676370,127,125
20260811,119,7,1932,3577498,126,125
20260811,394,2,1933,10406218,124,124
20260811,347,3,1952,19214589,128,125
20260811,584,0,1959,8098364,124,124
20260811,406,6,1962,2089559,126,124
20260811,445,5,1964,68339825,125,124
20260811,621,5,2036,1603278,128,124
20260811,366,6,2043,6628338,125,125
20260811,128,0,2058,7193661,128,125
20260811,267,3,2071,8566907,127,125
20260811,164,4,2116,33717582,125,125
20260811,393,1,2121,5017989,124,124
20260811,46,6,2136,303901724,128,125
20260811,537,1,2139,1534863,132,124
20260811,260,4,2148,16949856,127,125
20260811,346,2,2150,9122081,125,125
20260811,155,3,2198,10599315,125,125
20260811,111,7,2199,5288261,127,125
20260811,548,4,2200,8036306,126,124
20260811,599,7,2207,6255319,124,124
20260811,484,4,2208,7835690,126,124
20260811,198,6,2215,15834207,125,125
20260811,105,1,2219,5438130,125,125
20260811,572,4,2238,4541095,125,124
20260811,340,4,2239,1653554,126,125
20260811,555,3,2240,11533858,127,124
20260811,609,1,2244,7019096,126,124
20260811,100,4,2259,8007482,125,125
20260811,594,2,2273,5065881,126,124
20260811,543,7,2279,5652945,125,124
20260811,464,0,2280,40380922,126,124
20260811,370,2,2301,6810825,125,125
20260811,330,2,2302,2280924,125,125
20260811,101,5,2325,4751203,125,125
20260811,81,1,2346,9505791,125,125
20260811,75,3,2366,5250218,125,125
20260811,409,1,2372,9699626,125,124
20260811,343,7,2375,28001655,125,125
20260811,176,0,2393,2810110,125,125
20260811,244,4,2402,4759676,196,125
20260811,435,3,2410,4177827,124,124
20260811,197,5,2412,4303235,127,125
20260811,380,4,2446,8960116,125,125
20260811,311,7,2449,1872713,125,125
20260811,52,4,2478,4702839,127,125
20260811,503,7,2480,9047358,124,124
20260811,442,2,2485,39805631,126,124
20260811,350,6,2514,8862403,125,125
20260811,573,5,2525,3305755,124,124
20260811,77,5,2530,5923106,125,125
20260811,299,3,2539,5401501,133,125
20260811,147,3,2546,6652813,126,125
20260811,459,3,2600,6301813,124,124
20260811,121,1,2634,3095069,125,125
20260811,390,6,2644,9559570,125,125
20260811,29,5,2717,5521266,126,125
20260811,568,0,2724,5734460,124,124
20260811,259,3,2755,4679633,125,125
20260811,538,2,2798,7768949,124,124
20260811,317,5,2838,4763632,125,125
20260811,142,6,2857,5412204,125,125
20260811,462,6,2863,6182782,125,124
20260811,322,2,2888,32056718,125,125
20260811,211,3,2903,6792874,125,125
20260811,357,5,2911,6547999,125,125
20260811,526,6,2937,5078295,125,124
20260811,604,4,2958,15357184,126,124
20260811,618,2,3008,12197522,124,124
20260811,48,0,3012,24331952,125,125
20260811,422,6,3020,6207151,124,124
20260811,14,6,3021,4513160,125,125
20260811,249,1,3022,4693942,125,125
20260811,106,2,3055,4573176,125,125
20260811,64,0,3059,2908614,125,125
20260811,506,2,3085,3453133,125,124
20260811,518,6,3107,14707427,124,124
20260811,447,7,3158,4311108,125,124
20260811,636,4,3196,3219590,139,124
20260811,338,2,3238,3261904,126,125
20260811,218,2,3288,5043758,128,125
20260811,588,4,3295,5217858,124,124
20260811,132,4,3362,3028463,126,125
20260811,628,4,3398,3057786,124,124
20260811,5,5,3824,1328849,125,125
20260811,446,6,3887,5920277,127,124
20260811,426,2,3932,1782988,124,124
20260811,307,3,3939,4354308,125,125
20260811,431,7,4023,2960463,124,124
20260811,279,7,4127,3861565,125,125
20260811,91,3,4148,3110199,125,125
20260811,185,1,4211,7998201,125,125
20260811,541,5,4814,2948534,126,124
20260811,231,7,4817,2508813,125,125
20260811,149,5,4822,25939677,125,125
20260811,623,7,5180,2196003,168,124
20260811,282,2,5383,1467583,129,125
20260812,80,0,0,2244007,126,125
20260812,112,0,1,2770217,125,125
20260812,489,1,2,1076584,1605,124
20260812,49,1,3,4701373,125,125
20260812,134,6,4,2168944,126,125
20260812,259,3,5,1851051,125,125
20260812,581,5,6,1623371,125,124
20260812,629,5,7,8596601,124,124
20260812,184,0,8,4611180,143,125
20260812,635,3,9,3500882,1592,124
20260812,235,3,10,5054049,127,125
20260812,24,0,11,5305200,126,125
20260812,196,4,12,8549470,678,125
20260812,548,4,14,17537676,125,124
20260812,342,6,15,2781844,126,125
20260812,209,1,16,12094667,141,125
20260812,559,7,17,3967109,127,124
20260812,135,7,18,8805267,127,125
20260812,529,1,19,3996712,124,124
20260812,251,3,20,5494931,141,125
20260812,63,7,21,4122530,125,125
20260812,177,1,23,4399018,127,125
20260812,511,7,24,7986301,129,124
20260812,352,0,25,2886644,125,125
20260812,424,0,26,7079144,125,124
20260812,358,6,28,1821246,125,125
20260812,533,5,29,3912624,124,124
20260812,422,6,30,6370177,1220,124
20260812,242,2,31,5132687,153,125
20260812,362,2,32,8081243,626,125
20260812,213,5,33,13556356,127,125
20260812,234,2,34,6053379,125,125
20260812,100,4,35,3113579,127,125
20260812,170,2,36,2913769,127,125
20260812,385,1,37,19188858,126,125
20260812,353,1,38,13523348,125,125
20260812,423,7,39,2690282,1933,124
20260812,104,0,40,7405226,143,125
20260812,238,6,41,22905630,126,125
20260812,159,7,42,12216824,574,125
20260812,103,7,43,18382021,569,125
20260812,164,4,45,10424625,127,125
20260812,333,5,46,3785763,125,125
20260812,31,7,47,2789500,141,125
20260812,434,2,48,6272213,140,124
20260812,392,0,49,1513021,124,124
20260812,150,6,50,6547236,144,125
20260812,272,0,51,10283400,127,125
20260812,382,6,52,3597706,377,125
20260812,172,4,53,3633510,158,125
20260812,153,1,54,1028771,142,125
20260812,320,0,55,3881917,142,125
20260812,222,6,56,5540405,146,125
20260812,152,0,58,7532483,141,125
20260812,330,2,60,2488479,142,125
20260812,429,5,61,1704831,140,124
20260812,102,6,62,23304952,130,125
20260812,437,5,63,33438871,144,124
20260812,403,3,65,28458356,141,124
20260812,412,4,66,6216264,140,124
20260812,452,4,67,2697778,141,124
20260812,395,3,69,4592151,142,124
20260812,253,5,70,3115996,141,125
20260812,157,5,71,4568710,143,125
20260812,291,3,72,3287755,158,125
20260812,596,4,73,5458451,140,124
20260812,33,1,74,6071602,675,125
20260812,501,5,80,4911159,568,124
20260812,212,4,81,71842771,125,125
20260812,431,7,82,4015889,127,124
20260812,419,3,83,21315954,677,124
20260812,535,7,84,1192267,124,124
20260812,230,6,85,4105058,128,125
20260812,55,7,86,7235199,126,125
20260812,52,4,91,35227426,125,125
20260812,7,7,92,25439399,125,125
20260812,538,2,94,48325745,568,124
20260812,142,6,98,2595230,125,125
20260812,435,3,99,17006656,125,124
20260812,486,6,102,68965951,124,124
20260812,515,3,103,2751216,124,124
20260812,542,6,104,3698211,125,124
20260812,341,5,105,47029627,125,125
20260812,470,6,106,8128553,124,124
20260812,105,1,107,5951664,125,125
20260812,247,7,108,3967927,126,125
20260812,549,5,109,3241283,126,124
20260812,226,2,111,95283146,125,125
20260812,570,2,112,5060537,127,124
20260812,186,2,113,3901382,126,125
20260812,207,7,114,3278201,126,125
20260812,557,5,115,11489908,131,124
20260812,623,7,117,6383148,124,124
20260812,288,0,118,2324741,126,125
20260812,579,3,119,7659869,127,124
20260812,373,5,120,1239870,674,125
20260812,151,7,121,2447103,815,125
20260812,339,3,122,3160297,680,125
20260812,106,2,123,2920681,175,125
20260812,256,0,124,4735635,127,125
20260812,120,0,126,1315920,126,125
20260812,463,7,127,20619019,124,124
20260812,109,5,128,65831109,137,125
20260812,224,0,130,6189746,554,125
20260812,484,4,131,4887909,126,124
20260812,572,4,132,16762282,124,124
20260812,280,0,133,3791216,133,125
20260812,158,6,134,4240499,125,125
20260812,179,3,136,4920320,126,125
20260812,441,1,137,23348254,173,124
20260812,156,4,140,8725562,127,125
20260812,364,4,141,5385492,125,125
20260812,445,5,143,9576070,126,124
20260812,210,2,144,4964896,125,125
20260812,493,5,150,20517770,573,124
20260812,598,6,151,24656667,168,124
20260812,138,2,152,2100608,126,125
20260812,378,2,156,8443745,125,125
20260812,60,4,160,2789795,574,125
20260812,145,1,164,5435526,125,125
20260812,287,7,165,11203444,127,125
20260812,621,5,168,8090006,125,124
20260812,638,6,169,11862974,126,124
20260812,115,3,170,4511953,125,125
20260812,636,4,174,1970530,126,124
20260812,23,7,176,14140495,128,125
20260812,428,4,179,4162504,125,124
20260812,485,5,180,2436539,126,124
20260812,487,7,181,14500303,125,124
20260812,137,1,184,5058926,126,125
20260812,56,0,185,3944032,127,125
20260812,191,7,186,2314811,125,125
20260812,245,5,189,905644,577,125
20260812,41,1,190,6497665,568,125
20260812,396,4,192,3857009,125,124
20260812,275,3,194,1265822,125,125
20260812,440,0,196,295480307,125,124
20260812,289,1,197,4674069,125,125
20260812,203,3,200,23587809,125,125
20260812,439,7,201,152414905,124,124
20260812,631,7,202,5754036,124,124
20260812,632,0,203,50968557,126,124
20260812,125,5,204,3075783,127,125
20260812,74,2,205,27518849,125,125
20260812,200,0,207,149779877,125,125
20260812,497,1,208,11129863,128,124
20260812,305,1,209,46894239,125,125
20260812,565,5,210,18317473,126,124
20260812,4,4,211,12209233,129,125
20260812,270,6,212,3691612,125,125
20260812,568,0,215,2801655,679,124
20260812,30,6,217,41194721,125,125
20260812,390,6,220,29818909,127,125
20260812,331,3,221,70634614,126,125
20260812,576,0,222,4167680,126,124
20260812,340,4,223,4181359,126,125
20260812,351,7,224,2623521,127,125
20260812,46,6,226,2856301,125,125
20260812,117,5,227,14533358,669,125
20260812,294,6,228,6836048,125,125
20260812,19,3,234,3252971,574,125
20260812,25,1,240,3839527,679,125
20260812,171,3,241,4946658,573,125
20260812,284,4,242,2744293,128,125
20260812,298,2,244,7487187,126,125
20260812,282,2,248,9656608,125,125
20260812,498,2,252,11256046,134,124
20260812,216,0,253,3306675,125,125
20260812,214,6,254,1624363,125,125
20260812,50,2,255,5584906,127,125
20260812,64,0,256,7089939,126,125
20260812,232,0,257,25375896,125,125
20260812,466,2,260,1688354,124,124
20260812,634,2,261,9982611,124,124
20260812,13,5,263,21679237,125,125
20260812,268,4,264,5733195,127,125
20260812,310,6,265,12793441,125,125
20260812,124,4,268,11223094,127,125
20260812,161,1,269,3581582,125,125
20260812,349,5,271,4099610,125,125
20260812,127,7,272,6886688,126,125
20260812,197,5,274,3698536,125,125
20260812,416,0,276,6070167,124,124
20260812,393,1,277,3098476,124,124
20260812,228,4,279,11261696,213,125
20260812,190,6,281,2187681,468,125
20260812,248,0,282,3377473,467,125
20260812,5,5,286,3544120,125,125
20260812,544,0,287,13834819,125,124
20260812,449,1,288,23113869,125,124
20260812,504,0,298,42637228,124,124
20260812,609,1,299,6324353,124,124
20260812,304,0,300,4539739,125,125
20260812,12,4,301,2222949,128,125
20260812,326,6,303,9206209,126,125
20260812,1,1,305,3988115,127,125
20260812,456,0,306,6046200,124,124
20260812,355,3,307,8372999,130,125
20260812,496,0,308,6295157,126,124
20260812,223,7,309,8333074,129,125
20260812,182,6,310,13391201,125,125
20260812,524,4,312,5191013,126,124
20260812,620,4,313,7465582,124,124
20260812,44,4,318,6399553,125,125
20260812,587,3,320,3844392,124,124
20260812,290,2,322,3781811,139,125
20260812,255,7,324,6275781,143,125
20260812,376,0,339,7681387,125,125
20260812,370,2,342,2962951,125,125
20260812,199,7,355,9225297,125,125
20260812,83,3,357,1319939,128,125
20260812,421,5,358,14691506,124,124
20260812,417,1,360,4440560,124,124
20260812,95,7,361,3217940,127,125
20260812,37,5,362,4019898,126,125
20260812,503,7,363,6879764,124,124
20260812,588,4,364,2523232,124,124
20260812,204,4,365,1305698,125,125
20260812,356,4,369,33475660,125,125
20260812,21,5,370,9215897,129,125
20260812,219,3,372,4282484,125,125
20260812,483,3,381,12348841,127,124
20260812,427,3,384,3537113,124,124
20260812,508,4,391,26145793,473,124
20260812,578,2,394,33666305,126,124
20260812,89,1,395,30100823,127,125
20260812,506,2,398,6071016,124,124
20260812,243,3,409,9833588,127,125
20260812,359,7,412,4324712,125,125
20260812,475,3,423,2757651,124,124
20260812,510,6,428,1417621,173,124
20260812,279,7,434,1925783,125,125
20260812,81,1,451,1612968,125,125
20260812,561,1,453,10045018,125,124
20260812,527,7,493,4650437,124,124
20260812,325,5,499,2565546,125,125
20260812,363,3,500,3084042,125,125
20260812,336,0,501,5137117,126,125
20260812,271,7,502,5471456,127,125
20260812,492,4,503,6892300,124,124
20260812,147,3,504,4618343,126,125
20260812,8,0,505,83976332,127,125
20260812,162,2,507,8238327,125,125
20260812,67,3,508,3001166,125,125
20260812,75,3,509,14649365,128,125
20260812,129,1,511,6549659,134,125
20260812,399,7,512,1229639,126,124
20260812,380,4,535,7599590,125,125
20260812,323,3,536,14427357,132,125
20260812,110,6,549,16577338,127,125
20260812,462,6,550,6352539,125,124
20260812,211,3,566,8981643,404,125
20260812,477,5,571,5128064,124,124
20260812,22,6,572,18461947,125,125
20260812,459,3,585,52659954,124,124
20260812,54,6,589,5062901,125,125
20260812,520,0,599,3139668,128,124
20260812,611,3,611,2536007,195,124
20260812,302,6,613,4585269,125,125
20260812,154,2,614,5814053,126,125
20260812,502,6,617,16299673,125,124
20260812,410,2,619,3430812,124,124
20260812,273,1,621,6478338,125,125
20260812,513,1,622,4784492,126,124
20260812,448,0,624,20587813,169,124
20260812,192,0,631,2627452,126,125
20260812,236,4,632,4254095,127,125
20260812,615,7,636,6063572,124,124
20260812,597,5,637,1535766,124,124
20260812,566,6,638,5020858,124,124
20260812,299,3,639,3646327,125,125
20260812,198,6,641,29781562,125,125
20260812,178,2,642,3596800,125,125
20260812,608,0,644,6093848,125,124
20260812,332,4,672,4952049,127,125
20260812,521,1,674,6011440,126,124
20260812,14,6,675,5789229,126,125
20260812,57,1,676,8650302,127,125
20260812,584,0,679,2857923,124,124
20260812,479,7,684,5299792,125,124
20260812,149,5,686,16291926,125,125
20260812,366,6,687,2908500,125,125
20260812,430,6,689,3679167,125,124
20260812,66,2,690,11942268,127,125
20260812,384,0,695,5539221,126,125
20260812,140,4,697,2517572,125,125
20260812,246,6,700,5643549,128,125
20260812,528,0,701,5547530,124,124
20260812,582,6,702,1923238,127,124
20260812,48,0,704,5662412,125,125
20260812,406,6,712,5744592,124,124
20260812,379,3,729,6907929,127,125
20260812,625,1,730,26460694,125,124
20260812,531,3,736,9428056,126,124
20260812,443,3,739,4225286,126,124
20260812,307,3,740,8022635,128,125
20260812,573,5,743,299394641,125,124
20260812,488,0,746,9782754,129,124
20260812,457,1,751,3110069,128,124
20260812,387,3,771,7567160,125,125
20260812,348,4,777,3670809,127,125
20260812,168,0,785,5498015,125,125
20260812,580,4,786,7258563,124,124
20260812,163,3,787,10674046,126,125
20260812,600,0,788,72552137,124,124
20260812,311,7,791,5384312,133,125
20260812,442,2,793,6190827,125,124
20260812,472,0,798,3643715,124,124
20260812,577,1,799,7360797,129,124
20260812,262,6,801,3761701,127,125
20260812,614,6,806,4762010,126,124
20260812,460,4,807,1388991,126,124
20260812,418,2,811,3718117,126,124
20260812,464,0,814,3785316,124,124
20260812,77,5,815,10855495,126,125
20260812,334,6,816,5837213,127,125
20260812,571,3,817,5446654,124,124
20260812,628,4,818,7168455,124,124
20260812,111,7,819,1444090,125,125
20260812,367,7,820,10853659,125,125
20260812,313,1,825,9890781,125,125
20260812,556,4,826,7195948,124,124
20260812,241,1,830,2547943,125,125
20260812,519,7,832,16947938,124,124
20260812,303,7,833,8442281,127,125
20260812,357,5,834,8334983,129,125
20260812,622,6,838,2673237,124,124
20260812,354,2,841,7419039,125,125
20260812,522,2,843,6555915,124,124
20260812,523,3,846,8451372,126,124
20260812,552,0,848,45880637,127,124
20260812,514,2,849,2459043,126,124
20260812,458,2,852,6121960,124,124
20260812,92,4,857,6776751,125,125
20260812,491,3,858,5809457,124,124
20260812,126,6,859,4386487,125,125
20260812,586,2,860,7177591,128,124
20260812,543,7,861,4205720,124,124
20260812,96,0,864,2302054,125,125
20260812,593,1,865,8035884,124,124
20260812,98,2,868,6498532,125,125
20260812,613,5,869,4294415,124,124
20260812,509,5,870,57283232,124,124
20260812,88,0,873,4468002,125,125
20260812,322,2,875,2475253,127,125
20260812,130,2,876,2702222,125,125
20260812,181,5,878,9033305,125,125
20260812,639,7,880,9396980,126,124
20260812,314,2,891,6058352,126,125
20260812,45,5,899,6106947,125,125
20260812,114,2,903,1029915,125,125
20260812,610,2,907,2918917,125,124
20260812,292,4,908,2003574,125,125
20260812,244,4,910,2212164,125,125
20260812,71,7,917,23601612,125,125
20260812,167,7,940,2131752,125,125
20260812,257,1,948,25982465,125,125
20260812,494,6,949,5225234,124,124
20260812,122,2,951,1437641,125,125
20260812,624,0,952,11630705,124,124
20260812,461,5,953,3108564,126,124
20260812,604,4,955,2989082,125,124
20260812,420,4,960,1340847,125,124
20260812,540,4,969,1566468,125,124
20260812,603,3,973,17225602,124,124
20260812,455,7,975,1439481,126,124
20260812,329,1,978,30156678,125,125
20260812,118,6,980,4938714,125,125
20260812,517,5,981,2271251,126,124
20260812,215,7,982,27769663,125,125
20260812,319,7,984,7404460,131,125
20260812,227,3,987,1651499,127,125
20260812,194,2,990,17408552,125,125
20260812,365,5,995,5643128,127,125
20260812,108,4,996,3971530,132,125
20260812,526,6,1003,9399393,124,124
20260812,633,1,1006,731856,124,124
20260812,591,7,1011,12672253,124,124
20260812,187,3,1015,2530541,127,125
20260812,221,5,1017,4599618,127,125
20260812,148,4,1019,2844762,125,125
20260812,188,4,1022,2848627,125,125
20260812,267,3,1023,2650154,125,125
20260812,481,1,1029,4595179,126,124
20260812,132,4,1030,51097406,125,125
20260812,316,4,1033,12481796,126,125
20260812,87,7,1034,43442385,125,125
20260812,551,7,1035,2266530,124,124
20260812,155,3,1037,7387154,127,125
20260812,176,0,1038,4534497,125,125
20260812,15,7,1039,6825643,127,125
20260812,337,1,1041,5965608,125,125
20260812,82,2,1044,4134469,125,125
20260812,547,3,1045,2095977,124,124
20260812,534,6,1049,3142980,124,124
20260812,61,5,1050,82946322,125,125
20260812,306,2,1053,37175339,128,125
20260812,113,1,1058,5366191,131,125
20260812,344,0,1060,5889297,125,125
20260812,11,3,1067,4820368,125,125
20260812,371,3,1068,3431927,125,125
20260812,169,1,1074,7489509,126,125
20260812,258,2,1076,4380542,126,125
20260812,617,1,1077,7575791,128,124
20260812,347,3,1079,7008210,126,125
20260812,99,3,1080,7689757,125,125
20260812,536,0,1081,2374237,124,124
20260812,300,4,1082,4125933,129,125
20260812,218,2,1091,4662816,127,125
20260812,469,5,1092,2280260,124,124
20260812,554,2,1094,4598033,128,124
20260812,143,7,1096,1085634,126,125
20260812,231,7,1097,10759268,127,125
20260812,93,5,1099,5744723,126,125
20260812,261,5,1105,5623998,127,125
20260812,146,2,1108,2366372,125,125
20260812,225,1,1114,4848089,125,125
20260812,415,7,1116,20020736,193,124
20260812,585,1,1119,6396391,124,124
20260812,32,0,1121,6962868,129,125
20260812,386,2,1122,8045380,132,125
20260812,29,5,1123,1264628,125,125
20260812,612,4,1130,25117129,124,124
20260812,53,5,1143,38214785,126,125
20260812,121,1,1151,5390694,126,125
20260812,281,1,1153,65741707,125,125
20260812,605,5,1158,7349545,124,124
20260812,537,1,1159,7364868,131,124
20260812,346,2,1161,9604047,128,125
20260812,374,6,1164,11310041,129,125
20260812,72,0,1167,7781050,127,125
20260812,183,7,1169,1602756,127,125
20260812,606,6,1178,4115831,124,124
20260812,260,4,1181,6586201,125,125
20260812,594,2,1182,6329581,124,124
20260812,312,0,1183,8248626,128,125
20260812,116,4,1195,5008213,126,125
20260812,377,1,1199,3917206,125,125
20260812,397,5,1202,3094865,124,124
20260812,447,7,1210,6408328,124,124
20260812,128,0,1211,177683925,125,125
20260812,76,4,1222,16000623,127,125
20260812,17,1,1224,6628364,267,125
20260812,500,4,1229,5862590,125,124
20260812,119,7,1238,4831377,127,125
20260812,482,2,1239,3129054,127,124
20260812,405,5,1249,29293770,127,124
20260812,563,3,1251,7536623,124,124
20260812,413,5,1252,5412515,128,124
20260812,185,1,1253,9700945,125,125
20260812,446,6,1255,34229644,124,124
20260812,131,3,1257,299156118,128,125
20260812,308,4,1263,3596639,125,125
20260812,144,0,1265,5545907,127,125
20260812,432,0,1276,19960075,125,124
20260812,70,6,1277,2831462,128,125
20260812,569,1,1280,7485673,128,124
20260812,541,5,1288,4977520,124,124
20260812,590,6,1293,3501310,124,124
20260812,465,1,1296,22470704,125,124
20260812,295,7,1298,3451893,125,125
20260812,433,1,1299,3061173,124,124
20260812,518,6,1302,13237712,124,124
20260812,202,2,1304,37951532,125,125
20260812,269,5,1305,14301367,148,125
20260812,73,1,1313,1157618,127,125
20260812,343,7,1314,18507943,194,125
20260812,6,6,1315,44143447,125,125
20260812,189,5,1326,8629432,125,125
20260812,264,0,1331,1066126,126,125
20260812,574,6,1334,7276638,126,124
20260812,505,1,1342,4798881,124,124
20260812,26,2,1343,1298040,129,125
20260812,425,1,1344,5951472,124,124
20260812,361,1,1345,5959430,126,125
20260812,375,7,1347,922777,125,125
20260812,560,0,1357,20588827,124,124
20260812,86,6,1359,5739847,126,125
20260812,229,5,1362,13140223,125,125
20260812,36,4,1379,15871493,125,125
20260812,90,2,1381,5683291,125,125
20260812,250,2,1390,4230581,125,125
20260812,309,5,1391,11838983,127,125
20260812,91,3,1396,3191297,132,125
20260812,564,4,1397,2632207,124,124
20260812,558,6,1399,2922750,124,124
20260812,62,6,1406,5175840,125,125
20260812,630,6,1407,19041502,128,124
20260812,274,2,1408,4053460,125,125
20260812,338,2,1411,8460337,127,125
20260812,539,3,1415,1284338,125,124
20260812,69,5,1418,3746772,126,125
20260812,474,2,1427,5477973,126,124
20260812,208,0,1437,3260041,125,125
20260812,550,6,1438,4489272,168,124
20260812,637,5,1442,3453502,125,124
20260812,68,4,1447,2151982,125,125
20260812,476,4,1451,6272748,126,124
20260812,372,4,1461,2427199,125,125
20260812,453,5,1462,4391991,124,124
20260812,401,1,1478,4740525,124,124
20260812,28,4,1481,3795151,126,125
20260812,562,2,1522,5163986,125,124
20260812,480,0,1535,151238287,126,124
20260812,450,2,1538,1712050,126,124
20260812,404,4,1546,3205840,125,124
20260812,490,2,1547,11309545,125,124
20260812,265,1,1556,8789069,129,125
20260812,217,1,1562,5198177,125,125
20260812,263,7,1566,5847507,125,125
20260812,317,5,1569,5068969,125,125
20260812,525,5,1570,5283014,124,124
20260812,402,2,1582,2128478,124,124
20260812,495,7,1583,5753014,125,124
20260812,315,3,1588,18941899,125,125
20260812,123,3,1605,18776017,129,125
20260812,42,2,1613,2401378,125,125
20260812,324,4,1624,146613452,197,125
20260812,51,3,1629,7444080,130,125
20260812,166,6,1633,7116448,127,125
20260812,626,2,1635,3230819,124,124
20260812,201,1,1639,8969921,127,125
20260812,285,5,1643,3467403,125,125
20260812,414,6,1656,9505776,124,124
20260812,369,1,1659,3605283,125,125
20260812,389,5,1698,6673910,131,125
20260812,160,0,1708,7832991,125,125
20260812,165,5,1709,1264999,127,125
20260812,277,5,1779,4026688,125,125
20260812,47,7,1783,7580552,125,125
20260812,35,3,1785,7869326,125,125
20260812,383,7,1787,32777048,129,125
20260812,65,1,1814,7382792,126,125
20260812,240,0,1830,11765144,125,125
20260812,79,7,1921,7637023,125,125
20260812,530,2,1932,5974008,124,124
20260812,296,0,1934,7936456,126,125
20260812,473,1,1957,4965199,124,124
20260812,398,6,1972,10727813,128,124
20260812,205,5,2007,4512105,125,125
20260812,368,0,2036,1913528,125,125
20260812,0,0,2061,3451455,127,125
20260812,27,3,2116,7115173,126,125
20260812,10,2,2150,7581948,127,125
20260812,507,3,2173,16527277,125,124
20260812,254,6,2176,9765906,335,125
20260812,276,4,2189,7509057,126,125
20260812,233,1,2221,12905179,127,125
20260812,553,1,2236,13437163,128,124
20260812,391,7,2251,3332695,130,124
20260812,555,3,2287,4333107,135,124
20260812,237,5,2293,3642449,127,125
20260812,546,2,2308,6918286,128,124
20260812,139,3,2316,3399336,125,125
20260812,468,4,2329,809691,124,124
20260812,545,1,2330,5726119,124,124
20260812,627,3,2342,8722645,125,124
20260812,436,4,2359,2607181,125,124
20260812,195,3,2380,3158596,125,125
20260812,478,6,2382,3354333,125,124
20260812,400,0,2386,1653012,124,124
20260812,85,5,2389,818273,125,125
20260812,607,7,2402,7564214,125,124
20260812,567,7,2407,3882245,124,124
20260812,252,4,2438,8237097,125,125
20260812,38,6,2443,12007519,125,125
20260812,618,2,2449,4926530,124,124
20260812,286,6,2504,3312591,126,125
20260812,206,6,2546,4737312,128,125
20260812,409,1,2551,1931835,124,124
20260812,58,2,2589,8339316,126,125
20260812,84,4,2631,5537625,127,125
20260812,411,3,2636,23230678,124,124
20260812,471,7,2649,4480448,126,124
20260812,16,0,2675,7950898,125,125
20260812,266,2,2693,3211336,126,125
20260812,328,0,2703,4331540,134,125
20260812,101,5,2727,2807824,125,125
20260812,9,1,2728,14989631,127,125
20260812,174,6,2730,7363957,125,125
20260812,592,0,2749,4052556,124,124
20260812,239,7,2760,6534619,127,125
20260812,18,2,2771,7346737,128,125
20260812,454,6,2777,11038705,192,124
20260812,438,6,2789,6381250,124,124
20260812,175,7,2796,5320150,125,125
20260812,583,7,2815,26302100,124,124
20260812,141,5,2831,26743916,129,125
20260812,94,6,2835,16199307,143,125
20260812,293,5,2844,6712964,125,125
20260812,40,0,2865,13723651,127,125
20260812,599,7,2883,6913972,124,124
20260812,43,3,2896,3418918,127,125
20260812,616,0,2917,20290696,124,124
20260812,193,1,2930,6179383,126,125
20260812,335,7,2935,13380253,125,125
20260812,388,4,2967,4991857,125,125
20260812,444,4,2980,4574783,126,124
20260812,97,1,2986,11079301,125,125
20260812,350,6,2997,16578232,126,125
20260812,78,6,3027,24396598,128,125
20260812,278,6,3032,3132996,125,125
20260812,512,0,3053,8681771,126,124
20260812,220,4,3068,13180795,128,125
20260812,180,4,3118,6875723,130,125
20260812,2,2,3120,5443650,125,125
20260812,451,3,3128,6618012,129,124
20260812,283,3,3192,3090261,126,125
20260812,589,5,3212,7358216,124,124
20260812,297,1,3276,9846588,129,125
20260812,107,3,3291,1708793,126,125
20260812,136,0,3362,9808022,128,125
20260812,394,2,3487,1421196,125,124
20260812,39,7,3633,1387013,130,125
20260812,381,5,3646,37939497,125,125
20260812,499,3,3706,5090811,126,124
20260812,345,1,3795,7809713,125,125
20260812,575,7,3815,5777340,124,124
20260812,34,2,3843,11150148,126,125
20260812,408,0,3905,1245314,130,124
20260812,59,3,3913,1010549,125,125
20260812,133,5,3916,2153880,127,125
20260812,467,3,3917,2260532,125,124
20260812,321,1,3941,4691274,126,125
20260812,173,5,3943,8216184,170,125
20260812,20,4,3976,3997677,125,125
20260812,516,4,4365,3194058,125,124
20260812,619,3,4596,2064844,127,124
20260812,407,7,4715,8873685,127,124
20260812,595,3,4874,3249417,126,124
20260812,3,3,4977,4780607,127,125
20260812,318,6,5071,3060796,125,125
20260812,360,0,5122,2527965,125,125
20260812,601,1,5200,41625870,124,124
20260812,301,5,5353,28976347,125,125
20260812,426,2,5586,6328684,128,124
20260812,249,1,6599,8734643,125,125
20260812,327,7,6631,1803068,126,125
20260812,602,2,6669,5901109,125,124
20260812,532,4,7382,2242288,124,124
20260813,446,6,0,7389882,1935,124
20260813,171,3,1,1964992,132,125
20260813,35,3,2,4397638,1607,125
20260813,229,5,3,6020798,126,125
20260813,282,2,4,297600583,574,125
20260813,501,5,5,6717191,126,124
20260813,592,0,6,3381152,125,124
20260813,561,1,7,9157136,126,124
20260813,450,2,8,8660893,141,124
20260813,589,5,9,2350654,1128,124
20260813,333,5,10,31760302,128,125
20260813,116,4,11,4459593,125,125
20260813,69,5,12,5619593,677,125
20260813,379,3,14,18079937,125,125
20260813,368,0,15,7511193,578,125
20260813,527,7,16,1375851,124,124
20260813,153,1,18,3832319,127,125
20260813,392,0,19,4087849,124,124
20260813,639,7,20,7096811,124,124
20260813,283,3,21,7298531,125,125
20260813,361,1,22,53768181,129,125
20260813,434,2,23,49282067,141,124
20260813,119,7,24,3161100,127,125
20260813,603,3,25,3298480,124,124
20260813,216,0,26,8383867,128,125
20260813,173,5,27,13395468,130,125
20260813,1,1,28,69692985,125,125
20260813,100,4,29,31019493,125,125
20260813,38,6,30,12020695,1220,125
20260813,449,1,31,3676502,124,124
20260813,421,5,32,12709363,124,124
20260813,532,4,33,4089853,124,124
20260813,560,0,34,17208388,127,124
20260813,11,3,35,7193890,126,125
20260813,61,5,36,3305025,128,125
20260813,28,4,37,8974213,126,125
20260813,618,2,38,20401607,124,124
20260813,539,3,39,7298759,127,124
20260813,0,0,40,3547455,127,125
20260813,373,5,41,5500765,125,125
20260813,398,6,42,4402885,124,124
20260813,520,0,43,23350039,568,124
20260813,120,0,45,2511877,125,125
20260813,376,0,46,5041403,125,125
20260813,428,4,48,5384408,141,124
20260813,459,3,49,1559968,140,124
20260813,128,0,50,23140752,125,125
20260813,85,5,51,4910051,125,125
20260813,385,1,52,1465005,125,125
20260813,63,7,53,8401809,158,125
20260813,244,4,54,7329131,283,125
20260813,270,6,55,2666935,142,125
20260813,154,2,56,18499989,141,125
20260813,586,2,57,4063467,209,124
20260813,82,2,58,3640631,142,125
20260813,143,7,59,10947477,141,125
20260813,350,6,60,30582600,142,125
20260813,386,2,61,3444258,141,125
20260813,176,0,62,1745333,125,125
20260813,316,4,63,1872691,141,125
20260813,16,0,64,24754076,141,125
20260813,340,4,65,5773056,144,125
20260813,625,1,66,2824851,140,124
20260813,530,2,67,12939026,153,124
20260813,110,6,68,4337044,143,125
20260813,148,4,69,2921238,696,125
20260813,202,2,70,5381462,143,125
20260813,396,4,71,112523051,140,124
20260813,10,2,72,4596959,158,125
20260813,65,1,73,1428998,143,125
20260813,166,6,74,20513251,1124,125
20260813,142,6,78,2365300,141,125
20260813,432,0,80,1999989,909,124
20260813,214,6,81,67167168,125,125
20260813,606,6,82,1878983,124,124
20260813,636,4,83,1612824,677,124
20260813,381,5,84,1659143,125,125
20260813,444,4,85,30775898,126,124
20260813,236,4,86,2268400,125,125
20260813,134,6,87,9903200,625,125
20260813,133,5,90,3261263,127,125
20260813,369,1,92,33512020,125,125
20260813,403,3,94,6285496,570,124
20260813,231,7,98,8192511,125,125
20260813,486,6,99,3162376,125,124
20260813,336,0,101,15271887,125,125
20260813,277,5,102,16433915,125,125
20260813,235,3,103,1429815,127,125
20260813,320,0,104,3018947,126,125
20260813,521,1,105,4498202,192,124
20260813,242,2,106,9644943,125,125
20260813,631,7,107,6393188,127,124
20260813,168,0,108,4172706,126,125
20260813,32,0,109,215140774,128,125
20260813,186,2,111,28464051,128,125
20260813,22,6,112,19610783,125,125
20260813,190,6,113,7488254,569,125
20260813,95,7,114,6569273,125,125
20260813,278,6,115,3334372,125,125
20260813,106,2,116,6831788,127,125
20260813,412,4,117,2437328,131,124
20260813,465,1,118,8263774,124,124
20260813,544,0,119,14945540,125,124
20260813,118,6,120,2168019,678,125
20260813,497,1,121,3449010,818,124
20260813,121,1,122,4239770,679,125
20260813,479,7,123,4648930,125,124
20260813,404,4,124,5245959,124,124
20260813,127,7,126,2923471,128,125
20260813,533,5,127,152278992,124,124
20260813,178,2,128,35760723,137,125
20260813,567,7,129,9081969,136,124
20260813,612,4,130,4190961,413,124
20260813,187,3,131,4482461,126,125
20260813,370,2,132,2849252,129,125
20260813,290,2,133,1714473,126,125
20260813,422,6,134,3250202,124,124
20260813,12,4,136,7185051,125,125
20260813,103,7,137,30864848,175,125
20260813,104,0,140,15164061,128,125
20260813,220,4,141,5175800,127,125
20260813,194,2,143,7388664,125,125
20260813,43,3,144,6881935,125,125
20260813,455,7,150,2690474,573,124
20260813,157,5,151,4353744,170,125
20260813,351,7,156,23854555,125,125
20260813,33,1,164,5866951,125,125
20260813,274,2,166,20975355,127,125
20260813,256,0,167,6377563,126,125
20260813,407,7,168,3109951,126,124
20260813,66,2,170,4837384,127,125
20260813,507,3,176,2715336,126,124
20260813,534,6,178,3351536,127,124
20260813,302,6,179,6018636,125,125
20260813,221,5,181,4130132,125,125
20260813,397,5,182,1701968,124,124
20260813,117,5,183,2642754,125,125
20260813,172,4,184,4282447,127,125
20260813,325,5,185,1825201,129,125
20260813,481,1,186,4513413,125,124
20260813,125,5,188,6837205,376,125
20260813,378,2,189,3049865,575,125
20260813,571,3,190,5909289,567,124
20260813,245,5,192,4103813,125,125
20260813,114,2,194,3459850,125,125
20260813,20,4,196,12694538,127,125
20260813,536,0,197,29578832,124,124
20260813,315,3,200,5909593,125,125
20260813,587,3,201,9793202,129,124
20260813,294,6,204,2957124,126,125
20260813,477,5,205,12463452,124,124
20260813,588,4,206,3200809,126,124
20260813,19,3,207,19420337,125,125
20260813,90,2,208,10819864,125,125
20260813,363,3,209,9300921,129,125
20260813,218,2,211,1040496,125,125
20260813,416,0,212,3743736,124,124
20260813,542,6,216,3933881,124,124
20260813,634,2,217,3691981,125,124
20260813,413,5,220,18926501,125,124
20260813,31,7,221,7466697,668,125
20260813,181,5,222,10503909,128,125
20260813,30,6,223,3818329,128,125
20260813,288,0,224,3282078,125,125
20260813,334,6,226,9956630,125,125
20260813,291,3,228,3641786,127,125
20260813,424,0,234,32749015,573,124
20260813,364,4,240,3698200,678,125
20260813,576,0,242,7554200,124,124
20260813,15,7,244,5001993,127,125
20260813,617,1,245,9869409,124,124
20260813,585,1,248,2690300,125,124
20260813,442,2,249,4394539,124,124
20260813,45,5,251,4806461,125,125
20260813,531,3,253,11648407,124,124
20260813,3,3,254,4715867,127,125
20260813,599,7,255,3823688,124,124
20260813,343,7,256,5926047,125,125
20260813,504,0,257,3569007,124,124
20260813,64,0,258,144539400,132,125
20260813,580,4,259,3151447,124,124
20260813,196,4,260,12061147,125,125
20260813,610,2,262,3654152,124,124
20260813,295,7,264,7925930,125,125
20260813,310,6,265,4652170,128,125
20260813,417,1,267,4574203,473,124
20260813,115,3,268,4750670,125,125
20260813,566,6,269,3117638,127,124
20260813,155,3,271,7284569,127,125
20260813,257,1,274,6286791,125,125
20260813,602,2,276,3995825,124,124
20260813,551,7,277,3219433,125,124
20260813,469,5,279,3984634,210,124
20260813,8,0,281,3817985,469,125
20260813,293,5,288,2130408,127,125
20260813,289,1,298,12653938,129,125
20260813,346,2,300,6653720,127,125
20260813,200,0,301,3673772,127,125
20260813,151,7,302,9262546,125,125
20260813,559,7,303,1642194,125,124
20260813,313,1,304,5920602,127,125
20260813,426,2,307,2500466,124,124
20260813,512,0,308,9295018,127,124
20260813,406,6,309,2096107,124,124
20260813,177,1,312,6900103,126,125
20260813,362,2,313,3342933,126,125
20260813,549,5,314,41767662,128,124
20260813,48,0,315,6175275,130,125
20260813,500,4,318,5934197,125,124
20260813,611,3,320,5733776,125,124
20260813,14,6,322,14177858,141,125
20260813,136,0,324,17394721,143,125
20260813,312,0,327,14797640,129,125
20260813,107,3,338,902699,125,125
20260813,399,7,341,27742593,124,124
20260813,447,7,342,25708583,125,124
20260813,307,3,357,8257248,125,125
20260813,480,0,358,5939306,124,124
20260813,191,7,360,14754113,127,125
20260813,511,7,361,3986948,124,124
20260813,275,3,362,81726166,125,125
20260813,184,0,363,5092842,125,125
20260813,489,1,364,4837908,125,124
20260813,443,3,366,10183931,127,124
20260813,463,7,367,1692231,124,124
20260813,74,2,368,8862490,125,125
20260813,13,5,369,4669322,126,125
20260813,62,6,370,5430471,125,125
20260813,633,1,371,3522775,124,124
20260813,147,3,372,4740905,126,125
20260813,598,6,374,4218372,195,124
20260813,448,0,378,51029575,125,124
20260813,357,5,379,10715404,125,125
20260813,75,3,381,5003389,127,125
20260813,161,1,389,2734510,129,125
20260813,73,1,391,1397699,126,125
20260813,372,4,392,2730186,126,125
20260813,113,1,394,14331785,130,125
20260813,461,5,395,4525375,127,124
20260813,169,1,396,4886549,126,125
20260813,285,5,398,7447986,125,125
20260813,436,4,410,4614089,124,124
20260813,269,5,412,5482600,127,125
20260813,394,2,421,6735231,125,124
20260813,494,6,423,1110996,126,124
20260813,174,6,428,2467600,188,125
20260813,348,4,451,2240771,128,125
20260813,349,5,452,1223779,127,125
20260813,395,3,492,1039907,124,124
20260813,53,5,493,2720182,126,125
20260813,183,7,499,4720047,125,125
20260813,457,1,501,4154563,124,124
20260813,175,7,502,6703189,126,125
20260813,410,2,503,5224890,124,124
20260813,135,7,504,5657964,125,125
20260813,619,3,505,3265104,125,124
20260813,356,4,506,8143453,125,125
20260813,238,6,509,2951397,126,125
20260813,152,0,510,7072993,127,125
20260813,81,1,514,10314762,147,125
20260813,60,4,525,3733525,126,125
20260813,327,7,535,6647320,125,125
20260813,268,4,536,9343323,128,125
20260813,89,1,546,15719075,130,125
20260813,79,7,549,23523371,127,125
20260813,582,6,558,2410654,125,124
20260813,5,5,566,4142294,127,125
20260813,25,1,571,7311558,126,125
20260813,140,4,586,3745780,126,125
20260813,344,0,589,12534397,127,125
20260813,323,3,604,21741653,125,125
20260813,141,5,611,30923084,125,125
20260813,208,0,613,8428980,128,125
20260813,574,6,617,3041239,124,124
20260813,554,2,619,4669762,126,124
20260813,331,3,620,5772839,126,125
20260813,230,6,622,36879680,125,125
20260813,40,0,624,5398585,128,125
20260813,431,7,629,4716947,127,124
20260813,415,7,630,3248177,125,124
20260813,167,7,632,11661305,126,125
20260813,509,5,633,5974737,126,124
20260813,46,6,634,1859911,125,125
20260813,621,5,636,10216569,124,124
20260813,638,6,637,5131251,124,124
20260813,517,5,638,3622487,124,124
20260813,205,5,640,9979852,125,125
20260813,98,2,641,57274385,125,125
20260813,301,5,643,2839502,125,125
20260813,306,2,645,3253270,125,125
20260813,246,6,653,10049232,125,125
20260813,123,3,655,4607673,126,125
20260813,454,6,672,18411548,125,124
20260813,590,6,673,5361008,126,124
20260813,149,5,674,2115995,125,125
20260813,581,5,676,4921962,146,124
20260813,87,7,679,2677292,126,125
20260813,224,0,686,5607925,125,125
20260813,329,1,687,8766747,127,125
20260813,624,0,700,4789479,124,124
20260813,526,6,701,5487325,125,124
20260813,59,3,702,4248172,127,125
20260813,355,3,703,2612936,125,125
20260813,86,6,721,1564704,125,125
20260813,388,4,729,22201004,125,125
20260813,401,1,737,5024319,124,124
20260813,339,3,739,1277135,125,125
20260813,37,5,748,27809980,127,125
20260813,338,2,749,5042236,127,125
20260813,632,0,751,3973743,124,124
20260813,21,5,771,7626458,125,125
20260813,2,2,777,3379247,127,125
20260813,7,7,785,3844646,128,125
20260813,635,3,788,5945431,126,124
20260813,243,3,789,2440252,125,125
20260813,445,5,790,1148072,125,124
20260813,262,6,791,4146360,125,125
20260813,50,2,794,4805538,127,125
20260813,39,7,797,5868587,128,125
20260813,36,4,799,3337511,125,125
20260813,387,3,800,11247802,125,125
20260813,250,2,801,3631117,126,125
20260813,23,7,803,1883614,126,125
20260813,626,2,811,4182760,124,124
20260813,409,1,816,3412838,126,124
20260813,503,7,817,6018848,126,124
20260813,130,2,819,2307589,126,125
20260813,201,1,821,3162613,125,125
20260813,271,7,829,10371066,125,125
20260813,484,4,830,5734728,127,124
20260813,267,3,833,3274070,125,125
20260813,390,6,836,8428534,130,125
20260813,570,2,840,6744892,124,124
20260813,51,3,841,9579715,126,125
20260813,237,5,844,23104197,125,125
20260813,24,0,845,11707935,125,125
20260813,179,3,846,3661362,128,125
20260813,84,4,848,5690317,125,125
20260813,614,6,853,5793913,127,124
20260813,129,1,856,3386042,125,125
20260813,209,1,859,5195492,125,125
20260813,97,1,860,13209088,125,125
20260813,391,7,861,7102162,125,124
20260813,203,3,862,7336147,125,125
20260813,137,1,864,4818932,125,125
20260813,627,3,868,2301193,124,124
20260813,77,5,871,25650351,125,125
20260813,273,1,872,12486019,125,125
20260813,595,3,874,9141158,126,124
20260813,225,1,875,2728641,125,125
20260813,272,0,878,29170362,125,125
20260813,266,2,891,7695216,127,125
20260813,569,1,899,298458455,126,124
20260813,94,6,903,5877774,127,125
20260813,492,4,905,3022431,125,124
20260813,198,6,906,36429172,125,125
20260813,476,4,907,7669886,125,124
20260813,258,2,908,67103979,127,125
20260813,260,4,910,2430405,125,125
20260813,318,6,917,4277009,126,125
20260813,562,2,941,2297581,124,124
20260813,29,5,951,5821849,127,125
20260813,604,4,952,50367424,124,124
20260813,547,3,954,4979245,124,124
20260813,623,7,956,3869511,126,124
20260813,261,5,974,7304580,126,125
20260813,317,5,976,2992375,125,125
20260813,557,5,980,16928787,124,124
20260813,180,4,983,930166,125,125
20260813,535,7,986,8717415,124,124
20260813,485,5,987,4992922,124,124
20260813,304,0,989,3362379,125,125
20260813,374,6,994,2534799,125,125
20260813,131,3,997,3135733,127,125
20260813,464,0,998,5289909,128,124
20260813,341,5,999,8188418,126,125
20260813,299,3,1001,6239473,125,125
20260813,615,7,1016,9445659,124,124
20260813,308,4,1019,4115347,125,125
20260813,144,0,1024,10048706,129,125
20260813,353,1,1025,6529705,125,125
20260813,519,7,1026,15327860,124,124
20260813,354,2,1031,9906305,125,125
20260813,467,3,1033,4632958,124,124
20260813,146,2,1034,6783539,126,125
20260813,96,0,1035,5499403,171,125
20260813,367,7,1038,10352602,129,125
20260813,440,0,1041,3468504,124,124
20260813,322,2,1042,3025545,125,125
20260813,80,0,1043,7182297,126,125
20260813,101,5,1044,5587069,129,125
20260813,556,4,1045,38244912,124,124
20260813,345,1,1049,4059276,129,125
20260813,541,5,1053,10669266,124,124
20260813,377,1,1056,7987402,128,125
20260813,499,3,1057,4727405,124,124
20260813,605,5,1059,1121395,128,124
20260813,487,7,1060,4487038,126,124
20260813,493,5,1061,48297877,126,124
20260813,263,7,1064,5556795,128,125
20260813,265,1,1068,1385367,125,125
20260813,568,0,1071,3433664,126,124
20260813,112,0,1075,5405660,130,125
20260813,251,3,1079,4275262,126,125
20260813,27,3,1080,4441639,127,125
20260813,389,5,1085,1633592,125,125
20260813,482,2,1086,3272458,127,124
20260813,630,6,1088,1925533,126,124
20260813,553,1,1090,4019937,124,124
20260813,67,3,1095,1976326,125,125
20260813,498,2,1096,1517552,193,124
20260813,375,7,1098,5183596,125,125
20260813,473,1,1102,4923954,125,124
20260813,478,6,1105,4464545,126,124
20260813,163,3,1110,2681411,127,125
20260813,319,7,1113,11319090,126,125
20260813,162,2,1114,13378888,125,125
20260813,228,4,1119,8835897,127,125
20260813,156,4,1127,10270372,125,125
20260813,342,6,1128,5264998,126,125
20260813,414,6,1132,6113258,125,124
20260813,528,0,1134,26854277,127,124
20260813,563,3,1136,10679610,266,124
20260813,516,4,1145,4658723,126,124
20260813,92,4,1148,3607302,125,125
20260813,222,6,1152,7764275,126,125
20260813,402,2,1153,2773109,124,124
20260813,108,4,1154,6745382,127,125
20260813,365,5,1156,3683669,128,125
20260813,495,7,1161,26529926,124,124
20260813,298,2,1168,46351652,125,125
20260813,204,4,1169,10254071,125,125
20260813,219,3,1173,24328133,125,125
20260813,206,6,1176,30100854,125,125
20260813,637,5,1177,4879579,126,124
20260813,360,0,1184,24595803,127,125
20260813,311,7,1193,13280905,128,125
20260813,226,2,1194,2305413,125,125
20260813,550,6,1196,8371257,126,124
20260813,9,1,1203,4152489,127,125
20260813,488,0,1204,2863104,124,124
20260813,111,7,1207,3227950,125,125
20260813,470,6,1208,4609792,125,124
20260813,352,0,1209,3983379,125,125
20260813,383,7,1211,4359888,125,125
20260813,18,2,1215,6794001,176,125
20260813,240,0,1219,9642806,125,125
20260813,437,5,1222,10728701,126,124
20260813,88,0,1225,2629341,125,125
20260813,358,6,1229,16896574,125,125
20260813,584,0,1231,71113694,124,124
20260813,502,6,1242,4026987,125,124
20260813,471,7,1245,3560222,124,124
20260813,193,1,1249,1359863,128,125
20260813,102,6,1288,4054290,127,125
20260813,165,5,1295,9940183,196,125
20260813,453,5,1297,1060607,124,124
20260813,197,5,1299,1217249,126,125
20260813,597,5,1301,7070740,124,124
20260813,577,1,1303,8961065,129,124
20260813,515,3,1307,2717511,124,124
20260813,227,3,1310,2689571,126,125
20260813,594,2,1311,3742980,128,124
20260813,71,7,1312,1430265,126,125
20260813,309,5,1313,6594181,125,125
20260813,326,6,1318,5938117,125,125
20260813,6,6,1319,4222475,130,125
20260813,93,5,1320,3598437,125,125
20260813,555,3,1327,4906328,124,124
20260813,347,3,1331,5707249,127,125
20260813,284,4,1337,6900509,127,125
20260813,188,4,1339,5726950,125,125
20260813,328,0,1343,5818481,127,125
20260813,211,3,1345,38490418,125,125
20260813,458,2,1347,11334463,129,124
20260813,132,4,1354,28422657,125,125
20260813,303,7,1358,2308392,127,125
20260813,72,0,1362,58259515,127,125
20260813,335,7,1363,1436739,125,125
20260813,601,1,1373,7900968,170,124
20260813,475,3,1381,1480158,124,124
20260813,292,4,1382,26162623,125,125
20260813,441,1,1386,3832589,125,124
20260813,91,3,1392,4540076,125,125
20260813,616,0,1396,4308102,125,124
20260813,564,4,1401,4362947,125,124
20260813,472,0,1403,10771827,126,124
20260813,522,2,1405,6006532,124,124
20260813,546,2,1406,8773507,126,124
20260813,371,3,1410,4403601,126,125
20260813,565,5,1413,3248777,127,124
20260813,332,4,1418,20229091,405,125
20260813,52,4,1421,3086679,130,125
20260813,247,7,1427,4460252,125,125
20260813,514,2,1439,11339502,124,124
20260813,474,2,1458,2828311,124,124
20260813,510,6,1464,2145595,124,124
20260813,42,2,1483,3159913,129,125
20260813,160,0,1489,14735388,126,125
20260813,124,4,1497,4172234,128,125
20260813,408,0,1502,2796825,124,124
20260813,609,1,1513,6653228,126,124
20260813,314,2,1537,5674184,125,125
20260813,524,4,1541,10943553,124,124
20260813,57,1,1542,2710618,125,125
20260813,126,6,1544,8835978,127,125
20260813,508,4,1553,3734626,125,124
20260813,628,4,1554,3380398,124,124
20260813,462,6,1557,301232762,125,124
20260813,252,4,1567,13166945,125,125
20260813,451,3,1571,2595705,124,124
20260813,78,6,1573,4157827,125,125
20260813,279,7,1583,8112221,126,125
20260813,430,6,1586,6690307,126,124
20260813,280,0,1589,5391198,127,125
20260813,213,5,1612,8778232,129,125
20260813,233,1,1623,7146072,127,125
20260813,159,7,1625,8918458,125,125
20260813,491,3,1630,2050957,126,124
20260813,513,1,1643,16757336,126,124
20260813,56,0,1653,7616484,125,125
20260813,83,3,1656,2942281,126,125
20260813,192,0,1667,66526658,127,125
20260813,17,1,1673,9244917,126,125
20260813,573,5,1687,1551908,125,124
20260813,393,1,1701,5489966,127,124
20260813,506,2,1705,4643098,124,124
20260813,239,7,1734,7369640,125,125
20260813,122,2,1744,12157547,125,125
20260813,337,1,1748,5322845,135,125
20260813,158,6,1751,10355943,125,125
20260813,425,1,1785,1506762,125,124
20260813,300,4,1786,4832452,125,125
20260813,435,3,1787,7610104,125,124
20260813,460,4,1788,9125126,124,124
20260813,49,1,1801,1535182,127,125
20260813,591,7,1814,5286515,124,124
20260813,572,4,1838,7481323,125,124
20260813,622,6,1842,5971691,126,124
20260813,249,1,1847,3108854,127,125
20260813,212,4,1848,5945083,337,125
20260813,234,2,1876,5792365,125,125
20260813,466,2,1882,11618625,126,124
20260813,366,6,1907,10034398,125,125
20260813,518,6,1921,4466242,126,124
20260813,575,7,1933,6049243,126,124
20260813,109,5,1960,1936052,127,125
20260813,215,7,1961,12186743,127,125
20260813,427,3,1965,6165841,124,124
20260813,170,2,1967,6649369,128,125
20260813,99,3,1969,5168658,127,125
20260813,419,3,1982,4834582,127,124
20260813,538,2,2050,3887358,126,124
20260813,400,0,2083,34462045,124,124
20260813,545,1,2106,6161290,126,124
20260813,255,7,2130,6833373,125,125
20260813,359,7,2161,3155612,125,125
20260813,54,6,2168,1270661,126,125
20260813,185,1,2176,7133814,125,125
20260813,578,2,2208,16909644,124,124
20260813,607,7,2213,2871041,124,124
20260813,34,2,2238,4400073,127,125
20260813,150,6,2240,21920710,125,125
20260813,468,4,2241,5714684,126,124
20260813,276,4,2243,6496037,128,125
20260813,76,4,2258,7038531,126,125
20260813,382,6,2280,25887668,126,125
20260813,330,2,2295,3025171,125,125
20260813,429,5,2300,42102909,125,124
20260813,4,4,2310,3037473,125,125
20260813,420,4,2312,4407721,125,124
20260813,44,4,2313,131269947,125,125
20260813,321,1,2322,4735488,126,125
20260813,47,7,2323,27702348,125,125
20260813,452,4,2328,1406001,124,124
20260813,613,5,2332,2946466,125,124
20260813,525,5,2355,1035752,124,124
20260813,411,3,2371,27297181,125,124
20260813,182,6,2375,3209215,127,125
20260813,223,7,2376,4954503,127,125
20260813,207,7,2378,4168150,125,125
20260813,456,0,2399,5145674,125,124
20260813,600,0,2432,4182297,127,124
20260813,105,1,2434,11526054,126,125
20260813,593,1,2441,5320508,124,124
20260813,558,6,2493,15161422,126,124
20260813,58,2,2501,8292509,125,125
20260813,199,7,2553,8702656,126,125
20260813,438,6,2564,7564298,128,124
20260813,596,4,2589,4620660,124,124
20260813,26,2,2643,3853560,126,125
20260813,505,1,2674,3323367,125,124
20260813,423,7,2717,3034777,124,124
20260813,620,4,2718,5565955,124,124
20260813,41,1,2723,9004885,170,125
20260813,139,3,2727,4308266,125,125
20260813,55,7,2732,8288265,127,125
20260813,579,3,2779,4816803,124,124
20260813,296,0,2783,5918023,125,125
20260813,232,0,2784,12266990,127,125
20260813,305,1,2789,9285495,125,125
20260813,380,4,2814,9380123,125,125
20260813,608,0,2816,8981362,124,124
20260813,241,1,2819,13043207,125,125
20260813,433,1,2853,58372726,126,124
20260813,483,3,2884,47078125,124,124
20260813,254,6,2890,5595071,125,125
20260813,405,5,2906,42395850,125,124
20260813,68,4,2920,147253356,125,125
20260813,496,0,2945,8050782,124,124
20260813,297,1,2951,12776372,125,125
20260813,70,6,2953,5554344,126,125
20260813,195,3,2961,8122769,127,125
20260813,537,1,2982,3828667,126,124
20260813,189,5,3014,4671501,126,125
20260813,439,7,3054,9668243,126,124
20260813,264,0,3099,8573202,128,125
20260813,548,4,3163,6027150,127,124
20260813,523,3,3371,66730490,128,124
20260813,145,1,3502,2044140,127,125
20260813,217,1,3547,2368451,125,125
20260813,324,4,3558,4847719,129,125
20260813,210,2,3611,2690004,125,125
20260813,384,0,3704,1595924,125,125
20260813,164,4,3836,12269043,125,125
20260813,529,1,3922,1663147,124,124
20260813,138,2,3961,5058706,125,125
20260813,287,7,3968,1697566,134,125
20260813,253,5,4032,4951081,126,125
20260813,281,1,4034,4920629,125,125
20260813,286,6,4051,21444443,125,125
20260813,583,7,4136,92184700,125,124
20260813,259,3,4557,5938460,128,125
20260813,540,4,5342,4258339,127,124
20260813,543,7,5367,3083807,124,124
20260813,490,2,5536,2571474,125,124
20260813,418,2,5906,1776568,124,124
20260813,552,0,6080,3801587,124,124
20260813,248,0,7585,1691970,125,125
20260813,629,5,8043,1775128,127,124
