policy,task_id,shuttle_id,reader_id,zone_id,start_s,end_s,base_cycle_s,actual_cycle_s,conflict_wait_s,detour_s,conflict_count,reader_queue_s,fetch_direct_s,delivery_direct_s,return_direct_s,reader_service_s,pick_place_s,fetch_coordination_s,pick_coordination_s,delivery_coordination_s,reader_coordination_s,return_coordination_s,place_coordination_s,size_bytes,logical_requests
static_zone,471,7,7,7,0.0,110.61259617322285,110.61259617322285,110.61259617322285,0.0,0.0,0,0.0,32.519999999999996,32.519999999999996,32.519999999999996,7.0525961732228595,6.0,0.0,0.0,0.0,0.0,0.0,0.0,3287045,125
static_zone,274,1,1,1,0.0,67.80723888549805,67.80723888549805,67.80723888549805,0.0,0.0,0,0.0,18.240000000000002,18.240000000000002,18.240000000000002,7.087238885498047,6.0,0.0,0.0,0.0,0.0,0.0,0.0,5466576,125
static_zone,154,0,0,0,0.0,87.94834112002054,87.94834112002054,87.94834112002054,0.0,0.0,0,0.0,24.84,24.84,24.84,7.428341120020549,6.0,0.0,0.0,0.0,0.0,0.0,0.0,26926873,1608
static_zone,360,6,6,6,0.0,110.97563251330058,110.97563251330058,110.97563251330058,0.0,0.0,0,0.0,32.64,32.64,32.64,7.055632513300578,6.0,0.0,0.0,0.0,0.0,0.0,0.0,3478075,126
static_zone,101,5,5,5,0.0,28.418023660914105,28.418023660914105,28.418023660914105,0.0,0.0,0,0.0,5.12,5.12,5.12,7.058023660914103,6.0,0.0,0.0,0.0,0.0,0.0,0.0,3628513,125
static_zone,612,3,3,3,0.0,119.58528770917256,119.58528770917256,119.58528770917256,0.0,0.0,0,0.0,35.519999999999996,35.519999999999996,35.519999999999996,7.0252877091725665,6.0,0.0,0.0,0.0,0.0,0.0,0.0,1568945,126
static_zone,199,2,2,2,0.0,71.61946962191264,71.61946962191264,71.61946962191264,0.0,0.0,0,0.0,19.52,19.52,19.52,7.059469621912639,6.0,0.0,0.0,0.0,0.0,0.0,0.0,3719485,676
static_zone,117,4,4,4,0.0,110.58178031756081,110.58178031756081,110.58178031756081,0.0,0.0,0,0.0,32.519999999999996,32.519999999999996,32.519999999999996,7.0217803175608315,6.0,0.0,0.0,0.0,0.0,0.0,0.0,1348279,125
static_zone,102,5,5,5,28.418023660914105,112.39961662915547,83.98159296824137,83.98159296824137,0.0,0.0,0,0.0,20.84,24.96,24.96,7.2215929682413735,6.0,0.0,0.0,0.0,0.0,0.0,0.0,13919404,128
static_zone,314,1,1,1,67.80723888549805,117.4116907277425,49.604451842244465,49.604451842244444,0.0,0.0,0,0.0,4.6000000000000005,15.88,15.88,7.244451842244466,6.0,0.0,0.0,0.0,0.0,0.0,0.0,15357560,129
static_zone,123,2,2,2,71.61946962191264,151.4890547560374,79.86958513412476,79.86958513412476,0.0,0.0,0,0.0,13.920000000000002,26.44,26.44,7.069585134124756,6.0,0.0,0.0,0.0,0.0,0.0,0.0,4355898,125
static_zone,326,0,0,0,87.94834112002054,153.3976227695465,65.44928164952597,65.44928164952596,0.0,0.0,0,0.0,11.36,20.48,20.48,7.129281649525961,6.0,0.0,0.0,0.0,0.0,0.0,0.0,8111678,127
static_zone,32,4,4,4,110.58178031756081,184.97609927800494,74.39431896044412,74.39431896044412,0.0,0.0,0,0.0,6.759999999999998,26.76,26.76,8.114318960444132,6.0,0.0,0.0,0.0,0.0,0.0,0.0,70084867,141
static_zone,316,7,7,7,110.61259617322285,170.27340195007324,59.66080577685039,59.66080577685038,0.0,0.0,0,0.0,32.480000000000004,7.04,7.04,7.1008057768503825,6.0,0.0,0.0,0.0,0.0,0.0,0.0,6320131,141
static_zone,260,6,6,6,110.97563251330058,177.7022118439992,66.72657933069866,66.72657933069863,0.0,0.0,0,0.0,13.600000000000001,20.04,20.04,7.046579330698649,6.0,0.0,0.0,0.0,0.0,0.0,0.0,2908498,1129
static_zone,98,5,5,5,112.39961662915547,161.54724596799215,49.147629338836666,49.14762933883668,0.0,0.0,0,0.0,15.840000000000002,10.12,10.12,7.06762933883667,6.0,0.0,0.0,0.0,0.0,0.0,0.0,4232850,125
static_zone,387,1,1,1,117.4116907277425,175.2617687684377,57.85007804069519,57.850078040695195,0.0,0.0,0,0.0,4.839999999999998,19.72,19.72,7.570078040695191,6.0,0.0,0.0,0.0,0.0,0.0,0.0,35844189,127
static_zone,548,3,3,3,119.58528770917256,178.76490785268146,59.17962014350891,59.1796201435089,0.0,0.0,0,0.0,26.92,9.6,9.6,7.059620143508911,6.0,0.0,0.0,0.0,0.0,0.0,0.0,3728955,129
static_zone,192,2,2,2,151.4890547560374,224.21965304514572,72.73059828910827,72.73059828910831,0.0,0.0,0,0.0,7.200000000000003,26.24,26.24,7.050598289108277,6.0,0.0,0.0,0.0,0.0,0.0,0.0,3161349,142
static_zone,342,0,0,0,153.3976227695465,195.78679784596758,42.389175076421104,42.38917507642108,0.0,0.0,0,0.0,13.600000000000001,7.88,7.88,7.029175076421102,6.0,0.0,0.0,0.0,0.0,0.0,0.0,1813517,126
static_zone,624,5,5,5,161.54724596799215,212.22631691271465,50.6790709447225,50.6790709447225,0.0,0.0,0,0.0,6.440000000000001,15.56,15.56,7.119070944722494,6.0,0.0,0.0,0.0,0.0,0.0,0.0,7469276,126
static_zone,48,7,7,7,170.27340195007324,229.05439409077962,58.78099214070638,58.78099214070639,0.0,0.0,0,0.0,15.2,15.24,15.24,7.1009921407063805,6.0,0.0,0.0,0.0,0.0,0.0,0.0,6331856,128
static_zone,472,1,1,1,175.2617687684377,237.23830851847333,61.9765397500356,61.97653975003564,0.0,0.0,0,0.0,4.6000000000000005,22.08,22.08,7.216539750035604,6.0,0.0,0.0,0.0,0.0,0.0,0.0,13601483,124
static_zone,531,6,6,6,177.7022118439992,218.1304222025553,40.42821035855611,40.4282103585561,0.0,0.0,0,0.0,14.759999999999998,6.28,6.28,7.108210358556112,6.0,0.0,0.0,0.0,0.0,0.0,0.0,6785987,126
static_zone,379,3,3,3,178.76490785268146,254.48063641052244,75.71572855784098,75.71572855784098,0.0,0.0,0,0.0,19.04,21.64,21.64,7.395728557840983,6.0,0.0,0.0,0.0,0.0,0.0,0.0,24875068,669
static_zone,614,4,4,4,184.97609927800494,242.05343429705297,57.07733501904805,57.077335019048036,0.0,0.0,0,0.0,11.560000000000002,16.2,16.2,7.117335019048055,6.0,0.0,0.0,0.0,0.0,0.0,0.0,7360061,124
static_zone,438,0,0,0,195.78679784596758,269.0965576169332,73.30975977096558,73.3097597709656,0.0,0.0,0,0.0,15.400000000000002,22.28,22.28,7.349759770965576,6.0,0.0,0.0,0.0,0.0,0.0,0.0,21982962,126
static_zone,73,5,5,5,212.22631691271465,247.54531483777365,35.318997925059,35.318997925058994,0.0,0.0,0,0.0,10.920000000000002,5.64,5.64,7.118997925059,6.0,0.0,0.0,0.0,0.0,0.0,0.0,7464682,125
static_zone,626,6,6,6,218.1304222025553,310.7770530952453,92.64663089269003,92.64663089269001,0.0,0.0,0,0.0,22.88,28.16,28.16,7.446630892690023,6.0,0.0,0.0,0.0,0.0,0.0,0.0,28077566,124
static_zone,523,2,2,2,224.21965304514572,279.2901944539389,55.070541408793126,55.07054140879319,0.0,0.0,0,0.0,12.519999999999998,14.72,14.72,7.110541408793131,6.0,0.0,0.0,0.0,0.0,0.0,0.0,6932644,124
static_zone,299,7,7,7,229.05439409077962,280.35812392845156,51.30372983767191,51.30372983767194,0.0,0.0,0,0.0,3.24,17.48,17.48,7.103729837671915,6.0,0.0,0.0,0.0,0.0,0.0,0.0,6504097,1220
static_zone,542,1,1,1,237.23830851847333,298.4648691335261,61.226560615052755,61.22656061505279,0.0,0.0,0,0.0,1.9595917942265433,23.04,23.04,7.186968820826213,6.0,0.0,0.0,0.0,0.0,0.0,0.0,11741041,128
static_zone,357,4,4,4,242.05343429705297,274.7421183551787,32.688684058125816,32.688684058125745,0.0,0.0,0,0.0,14.76,2.44,2.44,7.048684058125814,6.0,0.0,0.0,0.0,0.0,0.0,0.0,3040916,141
static_zone,546,5,5,5,247.54531483777365,271.501961167272,23.95664632949829,23.95664632949834,0.0,0.0,0,0.0,2.5999999999999996,4.04,4.04,7.276646329498291,6.0,0.0,0.0,0.0,0.0,0.0,0.0,17383062,140
static_zone,578,3,3,3,254.48063641052244,299.6464649293264,45.16582851880392,45.16582851880395,0.0,0.0,0,0.0,13.16,9.48,9.48,7.045828518803915,6.0,0.0,0.0,0.0,0.0,0.0,0.0,2861261,124
static_zone,259,0,0,0,269.0965576169332,316.8532497704823,47.756692153549196,47.756692153549125,0.0,0.0,0,0.0,11.88,11.4,11.4,7.076692153549194,6.0,0.0,0.0,0.0,0.0,0.0,0.0,4803033,127
static_zone,267,5,5,5,271.501961167272,315.2596932041169,43.757732036844885,43.757732036844914,0.0,0.0,0,0.0,8.16,11.2,11.2,7.197732036844889,6.0,0.0,0.0,0.0,0.0,0.0,0.0,12418204,142
static_zone,309,4,4,4,274.7421183551787,350.68319803365057,75.94107967847188,75.94107967847185,0.0,0.0,0,0.0,20.0,21.44,21.44,7.0610796784718834,6.0,0.0,0.0,0.0,0.0,0.0,0.0,3820781,141
static_zone,382,2,2,2,279.2901944539389,366.74416289138804,87.45396843744913,87.45396843744913,0.0,0.0,0,0.0,15.4,29.12,29.12,7.813968437449137,6.0,0.0,0.0,0.0,0.0,0.0,0.0,51188446,132
static_zone,257,7,7,7,280.35812392845156,322.3135020999909,41.95537817153931,41.95537817153934,0.0,0.0,0,0.0,8.040000000000001,10.44,10.44,7.035378171539307,6.0,0.0,0.0,0.0,0.0,0.0,0.0,2203782,571
static_zone,97,1,1,1,298.4648691335261,381.83746554516756,83.37259641164144,83.37259641164144,0.0,0.0,0,0.0,8.68,30.72,30.72,7.252596411641439,6.0,0.0,0.0,0.0,0.0,0.0,0.0,15869972,125
static_zone,237,3,3,3,299.6464649293264,394.4817170823415,94.83525215301512,94.83525215301512,0.0,0.0,0,0.0,21.599999999999998,30.08,30.08,7.075252153015136,6.0,0.0,0.0,0.0,0.0,0.0,0.0,4712436,125
static_zone,217,6,6,6,310.7770530952453,366.74913883018485,55.97208573493957,55.972085734939526,0.0,0.0,0,0.0,15.4,13.76,13.76,7.052085734939575,6.0,0.0,0.0,0.0,0.0,0.0,0.0,3254931,126
static_zone,288,5,5,5,315.2596932041169,414.3934189886729,99.13372578455608,99.13372578455602,0.0,0.0,0,0.0,25.76,29.96,29.96,7.453725784556071,6.0,0.0,0.0,0.0,0.0,0.0,0.0,28523938,125
static_zone,534,0,0,0,316.8532497704823,374.84525051396685,57.992000743484496,57.99200074348454,0.0,0.0,0,0.0,8.040000000000001,18.44,18.44,7.072000743484497,6.0,0.0,0.0,0.0,0.0,0.0,0.0,4507875,129
static_zone,255,7,7,7,322.3135020999909,348.5818560261915,26.26835392620059,26.268353926200575,0.0,0.0,0,0.0,9.639999999999999,1.7888543819998317,1.7888543819998317,7.050645162200928,6.0,0.0,0.0,0.0,0.0,0.0,0.0,3164298,143
static_zone,637,7,7,7,348.5818560261915,393.4739697037885,44.892113677597045,44.892113677597024,0.0,0.0,0,0.0,10.08,10.879999999999999,10.879999999999999,7.052113677597046,6.0,0.0,0.0,0.0,0.0,0.0,0.0,3256689,140
static_zone,516,4,4,4,350.68319803365057,444.9125854933419,94.22938745969135,94.22938745969134,0.0,0.0,0,0.0,17.439999999999998,31.88,31.88,7.029387459691366,6.0,0.0,0.0,0.0,0.0,0.0,0.0,1826879,124
static_zone,506,2,2,2,366.74416289138804,429.78010343831386,63.03594054692587,63.035940546925815,0.0,0.0,0,0.0,10.280000000000001,19.84,19.84,7.075940546925863,6.0,0.0,0.0,0.0,0.0,0.0,0.0,4755746,813
static_zone,372,6,6,6,366.74913883018485,424.7038805544534,57.9547417242686,57.95474172426856,0.0,0.0,0,0.0,6.4399999999999995,19.2,19.2,7.114741724268596,6.0,0.0,0.0,0.0,0.0,0.0,0.0,7196905,125
static_zone,617,0,0,0,374.84525051396685,417.5413143614451,42.69606384747823,42.69606384747823,0.0,0.0,0,0.0,9.320000000000002,10.12,10.12,7.136063847478231,6.0,0.0,0.0,0.0,0.0,0.0,0.0,8538377,124
static_zone,579,1,1,1,381.83746554516756,435.7880585382045,53.950592993036906,53.950592993036935,0.0,0.0,0,0.0,22.56,9.16,9.16,7.070592993036906,6.0,0.0,0.0,0.0,0.0,0.0,0.0,4419307,126
static_zone,64,7,7,7,393.4739697037885,483.08726192574795,89.61329222195943,89.61329222195945,0.0,0.0,0,0.0,18.92,28.8,28.8,7.093292221959432,6.0,0.0,0.0,0.0,0.0,0.0,0.0,5847419,141
static_zone,20,3,3,3,394.4817170823415,466.48665348043744,72.00493639809591,72.00493639809594,0.0,0.0,0,0.0,4.1313708498984765,27.4,27.4,7.073565548197428,6.0,0.0,0.0,0.0,0.0,0.0,0.0,4606324,126
static_zone,173,5,5,5,414.3934189886729,476.22597753626513,61.83255854759217,61.832558547592214,0.0,0.0,0,0.0,13.16,17.8,17.8,7.0725585475921635,6.0,0.0,0.0,0.0,0.0,0.0,0.0,4542969,625
static_zone,355,0,0,0,417.5413143614451,504.0637228229522,86.52240846150717,86.5224084615071,0.0,0.0,0,0.0,18.4,27.52,27.52,7.082408461507161,6.0,0.0,0.0,0.0,0.0,0.0,0.0,5162672,142
static_zone,233,6,6,6,424.7038805544534,482.0710024876911,57.36712193323771,57.367121933237684,0.0,0.0,0,0.0,6.560000000000002,18.76,18.76,7.287121933237712,6.0,0.0,0.0,0.0,0.0,0.0,0.0,18042130,126
static_zone,431,2,2,2,429.78010343831386,475.5416215304058,45.761518092091876,45.76151809209193,0.0,0.0,0,0.0,9.12,11.72,11.72,7.201518092091878,6.0,0.0,0.0,0.0,0.0,0.0,0.0,12656402,131
static_zone,586,1,1,1,435.7880585382045,520.0411636969468,84.25310515874227,84.2531051587423,0.0,0.0,0,0.0,18.28,26.44,26.44,7.093105158742269,6.0,0.0,0.0,0.0,0.0,0.0,0.0,5835650,142
static_zone,334,4,4,4,444.9125854933419,520.5381993686674,75.62561387532551,75.62561387532548,0.0,0.0,0,0.0,15.2,23.68,23.68,7.065613875325521,6.0,0.0,0.0,0.0,0.0,0.0,0.0,4106048,574
static_zone,206,3,3,3,466.48665348043744,521.0453569362988,54.558703455861405,54.558703455861405,0.0,0.0,0,0.0,15.399999999999999,13.0,13.0,7.15870345586141,6.0,0.0,0.0,0.0,0.0,0.0,0.0,9962738,127
static_zone,344,2,2,2,475.5416215304058,559.475774179586,83.93415264918009,83.93415264918019,0.0,0.0,0,0.0,16.479999999999997,27.2,27.2,7.054152649180095,6.0,0.0,0.0,0.0,0.0,0.0,0.0,3384970,172
static_zone,445,5,5,5,476.22597753626513,544.4174571634929,68.19147962722778,68.1914796272278,0.0,0.0,0,0.0,7.079999999999998,23.88,23.88,7.351479627227783,6.0,0.0,0.0,0.0,0.0,0.0,0.0,22091166,127
static_zone,129,6,6,6,482.0710024876911,539.50221324234,57.431210754648845,57.43121075464887,0.0,0.0,0,0.0,2.919999999999998,20.68,20.68,7.151210754648845,6.0,0.0,0.0,0.0,0.0,0.0,0.0,9491338,173
static_zone,203,7,7,7,483.08726192574795,573.0103626594414,89.92310073369343,89.92310073369345,0.0,0.0,0,0.0,7.079999999999998,34.879999999999995,34.879999999999995,7.083100733693441,6.0,0.0,0.0,0.0,0.0,0.0,0.0,5206226,127
static_zone,211,0,0,0,504.0637228229522,559.717827772522,55.6541049495697,55.65410494956984,0.0,0.0,0,0.0,14.44,14.08,14.08,7.054104949569703,6.0,0.0,0.0,0.0,0.0,0.0,0.0,3381969,141
static_zone,148,1,1,1,520.0411636969468,581.3702237952135,61.329060098266595,61.32906009826672,0.0,0.0,0,0.0,19.36,14.08,14.08,7.809060098266602,6.0,0.0,0.0,0.0,0.0,0.0,0.0,50879640,141
static_zone,256,4,4,4,520.5381993686674,606.3411654467263,85.80296607805889,85.80296607805894,0.0,0.0,0,0.0,12.96,29.64,29.64,7.562966078058879,6.0,0.0,0.0,0.0,0.0,0.0,0.0,35396743,128
static_zone,570,3,3,3,521.0453569362988,619.6853055061688,98.63994856986999,98.63994856986994,0.0,0.0,0,0.0,20.52,32.519999999999996,32.519999999999996,7.0799485698699955,6.0,0.0,0.0,0.0,0.0,0.0,0.0,5007909,158
static_zone,106,6,6,6,539.50221324234,585.6412616485595,46.13904840621948,46.13904840621956,0.0,0.0,0,0.0,22.24,5.4399999999999995,5.4399999999999995,7.019048406219483,6.0,0.0,0.0,0.0,0.0,0.0,0.0,1176402,125
static_zone,589,5,5,5,544.4174571634929,626.4030019927981,81.98554482930501,81.98554482930513,0.0,0.0,0,0.0,7.720000000000002,30.6,30.6,7.065544829305013,6.0,0.0,0.0,0.0,0.0,0.0,0.0,4101704,125
static_zone,41,2,2,2,559.475774179586,626.850422240321,67.37464806073507,67.37464806073501,0.0,0.0,0,0.0,4.6000000000000005,24.84,24.84,7.094648060735067,6.0,0.0,0.0,0.0,0.0,0.0,0.0,5932721,579
static_zone,577,0,0,0,559.717827772522,601.3090619621278,41.591234189605714,41.59123418960576,0.0,0.0,0,0.0,1.6000000000000008,13.44,13.44,7.111234189605713,6.0,0.0,0.0,0.0,0.0,0.0,0.0,6976230,140
static_zone,341,7,7,7,573.0103626594414,629.8510251181156,56.84066245867412,56.84066245867416,0.0,0.0,0,0.0,28.0,7.88,7.88,7.080662458674113,6.0,0.0,0.0,0.0,0.0,0.0,0.0,5052823,125
static_zone,171,1,1,1,581.3702237952135,672.6426456526659,91.2724218574524,91.2724218574524,0.0,0.0,0,0.0,17.32,30.4,30.4,7.152421857452393,6.0,0.0,0.0,0.0,0.0,0.0,0.0,9567534,144
static_zone,422,6,6,6,585.6412616485595,611.5403021774292,25.89904052886963,25.899040528869705,0.0,0.0,0,0.0,5.28,3.72,3.72,7.179040528869629,6.0,0.0,0.0,0.0,0.0,0.0,0.0,11242236,168
static_zone,551,0,0,0,601.3090619621278,668.1541440400443,66.84508207791646,66.84508207791657,0.0,0.0,0,0.0,9.639999999999999,22.08,22.08,7.045082077916463,6.0,0.0,0.0,0.0,0.0,0.0,0.0,2814299,140
static_zone,452,4,4,4,606.3411654467263,656.7742606554666,50.433095208740234,50.43309520874027,0.0,0.0,0,0.0,24.04,6.6,6.6,7.1930952087402344,6.0,0.0,0.0,0.0,0.0,0.0,0.0,12126480,130
static_zone,38,6,6,6,611.5403021774292,639.6757612925428,28.135459115113335,28.135459115113576,0.0,0.0,0,0.0,6.24,4.385640646055101,4.385640646055101,7.124177823003134,6.0,0.0,0.0,0.0,0.0,0.0,0.0,7790573,125
static_zone,181,3,3,3,619.6853055061688,669.021140993153,49.335835486984244,49.33583548698425,0.0,0.0,0,0.0,30.759999999999998,2.76,2.76,7.055835486984253,6.0,0.0,0.0,0.0,0.0,0.0,0.0,3490845,210
static_zone,262,5,5,5,626.4030019927981,704.5959737038933,78.19297171109517,78.1929717110952,0.0,0.0,0,0.0,10.080000000000002,27.52,27.52,7.072971711095175,6.0,0.0,0.0,0.0,0.0,0.0,0.0,4568963,125
static_zone,580,2,2,2,626.850422240321,692.9550112368267,66.10458899650574,66.10458899650575,0.0,0.0,0,0.0,10.719999999999999,21.12,21.12,7.144588996505737,6.0,0.0,0.0,0.0,0.0,0.0,0.0,9074733,126
static_zone,444,7,7,7,629.8510251181156,670.5084072327802,40.65738211466471,40.65738211466464,0.0,0.0,0,0.0,4.6,11.52,11.52,7.017382114664714,6.0,0.0,0.0,0.0,0.0,0.0,0.0,1071568,125
static_zone,60,6,6,6,639.6757612925428,683.8731109028079,44.19734961026509,44.197349610265064,0.0,0.0,0,0.0,8.04,11.52,11.52,7.117349610265096,6.0,0.0,0.0,0.0,0.0,0.0,0.0,7360979,153
static_zone,538,4,4,4,656.7742606554666,725.2873440640767,68.51308340861002,68.5130834086101,0.0,0.0,0,0.0,14.76,20.36,20.36,7.033083408610026,6.0,0.0,0.0,0.0,0.0,0.0,0.0,2059408,126
static_zone,552,0,0,0,668.1541440400443,711.8550025614421,43.70085852139791,43.70085852139778,0.0,0.0,0,0.0,15.52,7.56,7.56,7.0608585213979085,6.0,0.0,0.0,0.0,0.0,0.0,0.0,3806867,679
static_zone,265,3,3,3,669.021140993153,786.9743600810082,117.95321908785503,117.95321908785513,0.0,0.0,0,0.0,33.44,35.2,35.2,8.113219087855022,6.0,0.0,0.0,0.0,0.0,0.0,0.0,70015669,143
static_zone,564,7,7,7,670.5084072327802,722.9736091843793,52.46520195159913,52.465201951599056,0.0,0.0,0,0.0,6.120000000000001,16.64,16.64,7.065201951599121,6.0,0.0,0.0,0.0,0.0,0.0,0.0,4080132,578
static_zone,248,1,1,1,672.6426456526659,746.1898297591113,73.54718410644531,73.54718410644534,0.0,0.0,0,0.0,2.2799999999999976,29.12,29.12,7.027184106445312,6.0,0.0,0.0,0.0,0.0,0.0,0.0,1688256,142
static_zone,230,6,6,6,683.8731109028079,711.9325868920862,28.05947598927816,28.059475989278326,0.0,0.0,0,0.0,10.08,2.44,2.44,7.099475989278158,6.0,0.0,0.0,0.0,0.0,0.0,0.0,6236468,125
static_zone,21,2,2,2,692.9550112368267,786.6870336318972,93.7320223950704,93.73202239507043,0.0,0.0,0,0.0,13.48,33.6,33.6,7.052022395070394,6.0,0.0,0.0,0.0,0.0,0.0,0.0,3250946,125
static_zone,594,5,5,5,704.5959737038933,756.9797299583437,52.383756254450475,52.38375625445042,0.0,0.0,0,0.0,17.759999999999998,10.76,10.76,7.10375625445048,6.0,0.0,0.0,0.0,0.0,0.0,0.0,6505759,124
static_zone,610,0,0,0,711.8550025614421,810.6542879748027,98.7992854133606,98.79928541336062,0.0,0.0,0,0.0,24.16,30.72,30.72,7.199285413360596,6.0,0.0,0.0,0.0,0.0,0.0,0.0,12515934,568
static_zone,240,6,6,6,711.9325868920862,810.6829651780664,98.75037828598023,98.75037828598022,0.0,0.0,0,0.0,27.56,29.0,29.0,7.190378285980224,6.0,0.0,0.0,0.0,0.0,0.0,0.0,11955546,141
static_zone,194,7,7,7,722.9736091843793,767.428638005943,44.45502882156372,44.4550288215637,0.0,0.0,0,0.0,3.880000000000001,13.76,13.76,7.055028821563721,6.0,0.0,0.0,0.0,0.0,0.0,0.0,3440094,126
static_zone,636,4,4,4,725.2873440640767,779.556387877054,54.269043812977294,54.269043812977316,0.0,0.0,0,0.0,1.1313708498984765,20.04,20.04,7.057672963078817,6.0,0.0,0.0,0.0,0.0,0.0,0.0,3606449,124
static_zone,277,1,1,1,746.1898297591113,811.0442634497546,64.85443369064332,64.8544336906433,0.0,0.0,0,0.0,8.48,21.64,21.64,7.094433690643311,6.0,0.0,0.0,0.0,0.0,0.0,0.0,5919234,603
static_zone,475,5,5,5,756.9797299583437,794.8214138880413,37.84168392969767,37.84168392969764,0.0,0.0,0,0.0,10.719999999999999,7.04,7.04,7.0416839296976725,6.0,0.0,0.0,0.0,0.0,0.0,0.0,2600506,125
static_zone,532,7,7,7,767.428638005943,870.4114003537366,102.98276234779357,102.9827623477936,0.0,0.0,0,0.0,21.479999999999997,34.239999999999995,34.239999999999995,7.022762347793579,6.0,0.0,0.0,0.0,0.0,0.0,0.0,1410063,125
static_zone,507,4,4,4,779.556387877054,849.7142972718904,70.15790939483642,70.15790939483634,0.0,0.0,0,0.0,6.240000000000002,25.28,25.28,7.357909394836426,6.0,0.0,0.0,0.0,0.0,0.0,0.0,22495692,372
static_zone,209,2,2,2,786.6870336318972,840.6159810789746,53.928947447077434,53.92894744707746,0.0,0.0,0,0.0,28.32,6.28,6.28,7.048947447077433,6.0,0.0,0.0,0.0,0.0,0.0,0.0,3057487,572
static_zone,172,3,3,3,786.9743600810082,845.508307324635,58.53394724362692,58.53394724362681,0.0,0.0,0,0.0,26.919999999999998,9.280000000000001,9.280000000000001,7.053947243626912,6.0,0.0,0.0,0.0,0.0,0.0,0.0,3372047,568
static_zone,263,5,5,5,794.8214138880413,832.6252303479515,37.803816459910074,37.803816459910195,0.0,0.0,0,0.0,4.2,10.24,10.24,7.123816459910075,6.0,0.0,0.0,0.0,0.0,0.0,0.0,7767838,126
static_zone,72,0,0,0,810.6542879748027,893.6777344567618,83.02344648195903,83.02344648195901,0.0,0.0,0,0.0,7.52,31.24,31.24,7.023446481959025,6.0,0.0,0.0,0.0,0.0,0.0,0.0,1453105,125
static_zone,318,6,6,6,810.6829651780664,861.6360255649785,50.95306038691203,50.95306038691206,0.0,0.0,0,0.0,22.12,7.88,7.88,7.073060386912028,6.0,0.0,0.0,0.0,0.0,0.0,0.0,4574542,125
static_zone,137,1,1,1,811.0442634497546,873.577273765586,62.533010315831504,62.53301031583146,0.0,0.0,0,0.0,7.84,20.8,20.8,7.093010315831503,6.0,0.0,0.0,0.0,0.0,0.0,0.0,5829683,679
static_zone,400,5,5,5,832.6252303479515,907.4252242268882,74.79999387893676,74.79999387893668,0.0,0.0,0,0.0,18.4,21.64,21.64,7.119993878936768,6.0,0.0,0.0,0.0,0.0,0.0,0.0,7527342,124
static_zone,461,2,2,2,840.6159810789746,862.248625767666,21.63264468869122,21.632644688691357,0.0,0.0,0,0.0,5.800000000000001,1.3856406460551018,1.3856406460551018,7.061363396581014,6.0,0.0,0.0,0.0,0.0,0.0,0.0,3838631,915
static_zone,493,3,3,3,845.508307324635,948.1460249260298,102.63771760139466,102.6377176013948,0.0,0.0,0,0.0,28.32,30.6,30.6,7.117717601394653,6.0,0.0,0.0,0.0,0.0,0.0,0.0,7384131,126
static_zone,477,4,4,4,849.7142972718904,935.4526132975608,85.73831602567037,85.73831602567043,0.0,0.0,0,0.0,8.04,32.32,32.32,7.058316025670369,6.0,0.0,0.0,0.0,0.0,0.0,0.0,3646907,567
static_zone,110,6,6,6,861.6360255649785,931.2682774617731,69.63225189679464,69.63225189679463,0.0,0.0,0,0.0,14.240000000000002,21.12,21.12,7.152251896794637,6.0,0.0,0.0,0.0,0.0,0.0,0.0,9556841,127
static_zone,114,2,2,2,862.248625767666,911.8682507335881,49.619624965922036,49.61962496592207,0.0,0.0,0,0.0,11.879999999999999,12.36,12.36,7.019624965922038,6.0,0.0,0.0,0.0,0.0,0.0,0.0,1212676,125
static_zone,214,7,7,7,870.4114003537366,947.9174527761965,77.50605242245992,77.5060524224599,0.0,0.0,0,0.0,6.239999999999998,29.0,29.0,7.266052422459921,6.0,0.0,0.0,0.0,0.0,0.0,0.0,16716551,127
static_zone,54,1,1,1,873.577273765586,925.2959644708218,51.7186907052358,51.71869070523576,0.0,0.0,0,0.0,5.16,16.64,16.64,7.2786907052358,6.0,0.0,0.0,0.0,0.0,0.0,0.0,17511683,141
static_zone,503,0,0,0,893.6777344567618,973.7840256792705,80.10629122250874,80.10629122250873,0.0,0.0,0,0.0,9.439999999999998,28.8,28.8,7.066291222508749,6.0,0.0,0.0,0.0,0.0,0.0,0.0,4148663,678
static_zone,77,5,5,5,907.4252242268882,965.1211510917665,57.69592686487834,57.69592686487829,0.0,0.0,0,0.0,12.64,16.0,16.0,7.055926864878336,6.0,0.0,0.0,0.0,0.0,0.0,0.0,3496594,573
static_zone,413,2,2,2,911.8682507335881,949.3740503051977,37.505799571609494,37.5057995716096,0.0,0.0,0,0.0,2.2799999999999994,11.08,11.08,7.065799571609497,6.0,0.0,0.0,0.0,0.0,0.0,0.0,4117731,124
static_zone,537,1,1,1,925.2959644708218,976.4863800963303,51.190415625508635,51.190415625508535,0.0,0.0,0,0.0,2.2799999999999994,17.92,17.92,7.070415625508627,6.0,0.0,0.0,0.0,0.0,0.0,0.0,4408148,124
static_zone,496,6,6,6,931.2682774617731,1028.9807266960363,97.7124492342631,97.7124492342632,0.0,0.0,0,0.0,18.72,32.84,32.84,7.312449234263102,6.0,0.0,0.0,0.0,0.0,0.0,0.0,19635586,1934
static_zone,311,4,4,4,935.4526132975608,991.4952929458966,56.04267964833578,56.04267964833582,0.0,0.0,0,0.0,23.72,9.6,9.6,7.122679648335775,6.0,0.0,0.0,0.0,0.0,0.0,0.0,7696316,126
static_zone,520,7,7,7,947.9174527761965,1006.5329003243634,58.61544754816691,58.61544754816691,0.0,0.0,0,0.0,14.44,15.56,15.56,7.055447548166911,6.0,0.0,0.0,0.0,0.0,0.0,0.0,3466438,126
static_zone,567,3,3,3,948.1460249260298,1009.0138200611465,60.86779513511658,60.867795135116694,0.0,0.0,0,0.0,15.400000000000002,16.2,16.2,7.067795135116577,6.0,0.0,0.0,0.0,0.0,0.0,0.0,4243281,126
static_zone,522,2,2,2,949.3740503051977,988.5499397161067,39.175889410909015,39.17588941090901,0.0,0.0,0,0.0,10.08,8.0,8.0,7.095889410909017,6.0,0.0,0.0,0.0,0.0,0.0,0.0,6010820,127
static_zone,285,5,5,5,965.1211510917665,1006.4365246316275,41.31537353986104,41.31537353986107,0.0,0.0,0,0.0,6.5600000000000005,10.44,10.44,7.875373539861044,6.0,0.0,0.0,0.0,0.0,0.0,0.0,55051721,129
static_zone,105,0,0,0,973.7840256792705,1061.812336459732,88.02831078046162,88.02831078046154,0.0,0.0,0,0.0,6.439999999999998,34.239999999999995,34.239999999999995,7.108310780461629,6.0,0.0,0.0,0.0,0.0,0.0,0.0,6792305,125
static_zone,512,1,1,1,976.4863800963303,1025.8842302015237,49.39785010519328,49.397850105193356,0.0,0.0,0,0.0,1.1313708498984765,17.6,17.6,7.0664792552948,6.0,0.0,0.0,0.0,0.0,0.0,0.0,4160493,144
static_zone,343,2,2,2,988.5499397161067,1019.3651547428699,30.815215026763102,30.815215026763212,0.0,0.0,0,0.0,1.1313708498984765,8.32,8.32,7.043844176864624,6.0,0.0,0.0,0.0,0.0,0.0,0.0,2736417,213
static_zone,599,4,4,4,991.4952929458966,1088.9284402824749,97.43314733657837,97.43314733657826,0.0,0.0,0,0.0,26.4,29.0,29.0,7.033147336578369,6.0,0.0,0.0,0.0,0.0,0.0,0.0,2063430,126
static_zone,394,5,5,5,1006.4365246316275,1096.1993742342634,89.7628496026357,89.76284960263581,0.0,0.0,0,0.0,19.240000000000002,28.68,28.68,7.162849602635702,6.0,0.0,0.0,0.0,0.0,0.0,0.0,10223591,129
static_zone,403,7,7,7,1006.5329003243634,1101.958925684725,95.42602536036173,95.42602536036168,0.0,0.0,0,0.0,17.759999999999998,32.32,32.32,7.026025360361735,6.0,0.0,0.0,0.0,0.0,0.0,0.0,1615354,124
static_zone,153,3,3,3,1009.0138200611465,1050.9473463274987,41.93352626635234,41.93352626635226,0.0,0.0,0,0.0,5.479999999999999,11.72,11.72,7.0135262663523354,6.0,0.0,0.0,0.0,0.0,0.0,0.0,828979,126
static_zone,180,2,2,2,1019.3651547428699,1098.9223699549923,79.5572152121226,79.5572152121224,0.0,0.0,0,0.0,21.28,22.6,22.6,7.077215212122599,6.0,0.0,0.0,0.0,0.0,0.0,0.0,4835941,127
static_zone,298,1,1,1,1025.8842302015237,1068.6202669137886,42.73603671226502,42.73603671226488,0.0,0.0,0,0.0,7.52,11.08,11.08,7.056036712265015,6.0,0.0,0.0,0.0,0.0,0.0,0.0,3503505,126
static_zone,111,6,6,6,1028.9807266960363,1098.5605492155928,69.57982251955669,69.5798225195565,0.0,0.0,0,0.0,23.52,16.32,16.32,7.419822519556681,6.0,0.0,0.0,0.0,0.0,0.0,0.0,26390929,125
static_zone,554,3,3,3,1050.9473463274987,1146.045494490595,95.09814816309611,95.09814816309631,0.0,0.0,0,0.0,20.200000000000003,30.92,30.92,7.05814816309611,6.0,0.0,0.0,0.0,0.0,0.0,0.0,3636346,673
static_zone,420,0,0,0,1061.812336459732,1136.2406228102366,74.42828635050455,74.42828635050455,0.0,0.0,0,0.0,9.959999999999997,25.28,25.28,7.908286350504557,6.0,0.0,0.0,0.0,0.0,0.0,0.0,57122416,124
static_zone,458,1,1,1,1068.6202669137886,1133.88560475762,65.26533784383139,65.2653378438315,0.0,0.0,0,0.0,10.6,20.68,20.68,7.3053378438313805,6.0,0.0,0.0,0.0,0.0,0.0,0.0,19188176,124
static_zone,609,4,4,4,1088.9284402824749,1147.2795824011832,58.351142118708296,58.35114211870837,0.0,0.0,0,0.0,26.72,9.280000000000001,9.280000000000001,7.071142118708293,6.0,0.0,0.0,0.0,0.0,0.0,0.0,4453855,124
static_zone,604,5,5,5,1096.1993742342634,1170.4620449007894,74.26267066652574,74.26267066652599,0.0,0.0,0,0.0,1.9595917942265433,29.64,29.64,7.023078872299195,6.0,0.0,0.0,0.0,0.0,0.0,0.0,1429977,124
static_zone,498,6,6,6,1098.5605492155928,1140.5876191640434,42.02706994845072,42.02706994845062,0.0,0.0,0,0.0,6.5600000000000005,10.76,10.76,7.947069948450724,6.0,0.0,0.0,0.0,0.0,0.0,0.0,59562469,124
static_zone,185,2,2,2,1098.9223699549923,1178.8085963340052,79.88622637901307,79.8862263790129,0.0,0.0,0,0.0,7.719999999999999,29.32,29.32,7.526226379013061,6.0,0.0,0.0,0.0,0.0,0.0,0.0,33085281,125
static_zone,229,7,7,7,1101.958925684725,1164.0109743058395,62.052048621114096,62.05204862111441,0.0,0.0,0,0.0,17.64,15.68,15.68,7.052048621114095,6.0,0.0,0.0,0.0,0.0,0.0,0.0,3252596,125
static_zone,58,1,1,1,1133.88560475762,1193.1976128443966,59.312008086776736,59.312008086776586,0.0,0.0,0,0.0,9.12,18.560000000000002,18.560000000000002,7.072008086776734,6.0,0.0,0.0,0.0,0.0,0.0,0.0,4508337,127
static_zone,12,0,0,0,1136.2406228102366,1223.9221295694988,87.68150675926209,87.68150675926222,0.0,0.0,0,0.0,12.64,30.92,30.92,7.201506759262085,6.0,0.0,0.0,0.0,0.0,0.0,0.0,12655689,170
static_zone,547,6,6,6,1140.5876191640434,1233.881309659471,93.29369049542746,93.29369049542765,0.0,0.0,0,0.0,20.200000000000003,29.96,29.96,7.17369049542745,6.0,0.0,0.0,0.0,0.0,0.0,0.0,10905641,124
static_zone,219,3,3,3,1146.045494490595,1222.6910985971165,76.6456041065216,76.64560410652143,0.0,0.0,0,0.0,12.32,25.6,25.6,7.125604106521607,6.0,0.0,0.0,0.0,0.0,0.0,0.0,7880307,425
static_zone,427,4,4,4,1147.2795824011832,1229.0159463254638,81.7363639242808,81.73636392428057,0.0,0.0,0,0.0,17.32,25.6,25.6,7.216363924280802,6.0,0.0,0.0,0.0,0.0,0.0,0.0,13590421,124
static_zone,327,7,7,7,1164.0109743058395,1204.891571587232,40.88059728139241,40.88059728139251,0.0,0.0,0,0.0,5.92,10.76,10.76,7.4405972813924155,6.0,0.0,0.0,0.0,0.0,0.0,0.0,27697964,126
static_zone,350,5,5,5,1170.4620449007894,1241.6107906743594,71.14874577356974,71.14874577357,0.0,0.0,0,0.0,15.2,21.44,21.44,7.068745773569743,6.0,0.0,0.0,0.0,0.0,0.0,0.0,4303090,127
static_zone,480,2,2,2,1178.8085963340052,1269.139994422079,90.33139808807374,90.33139808807391,0.0,0.0,0,0.0,6.879999999999999,35.2,35.2,7.05139808807373,6.0,0.0,0.0,0.0,0.0,0.0,0.0,3211668,124
static_zone,7,1,1,1,1193.1976128443966,1232.5502700654913,39.352657221094766,39.35265722109466,0.0,0.0,0,0.0,12.84,6.720000000000001,6.720000000000001,7.072657221094767,6.0,0.0,0.0,0.0,0.0,0.0,0.0,4549177,127
static_zone,390,7,7,7,1204.891571587232,1259.143563849373,54.25199226214092,54.25199226214113,0.0,0.0,0,0.0,7.200000000000001,16.96,16.96,7.13199226214091,6.0,0.0,0.0,0.0,0.0,0.0,0.0,8282215,127
static_zone,606,3,3,3,1222.6910985971165,1316.3446702901556,93.65357169303894,93.65357169303911,0.0,0.0,0,0.0,10.279999999999998,34.879999999999995,34.879999999999995,7.61357169303894,6.0,0.0,0.0,0.0,0.0,0.0,0.0,38580573,125
static_zone,47,0,0,0,1223.9221295694988,1277.7668402802783,53.84471071077982,53.84471071077951,0.0,0.0,0,0.0,23.080000000000002,8.84,8.84,7.0847107107798255,6.0,0.0,0.0,0.0,0.0,0.0,0.0,5307517,128
static_zone,241,4,4,4,1229.0159463254638,1271.2868455814712,42.27089925600688,42.2708992560074,0.0,0.0,0,0.0,25.44,0.8,0.8,9.230899256006877,6.0,0.0,0.0,0.0,0.0,0.0,0.0,140334025,126
static_zone,331,1,1,1,1232.5502700654913,1267.763131099503,35.212861034011844,35.21286103401167,0.0,0.0,0,0.0,3.56,9.280000000000001,9.280000000000001,7.0928610340118405,6.0,0.0,0.0,0.0,0.0,0.0,0.0,5820291,125
static_zone,556,6,6,6,1233.881309659471,1296.7676614943405,62.88635183486939,62.8863518348694,0.0,0.0,0,0.0,24.16,12.8,12.8,7.126351834869385,6.0,0.0,0.0,0.0,0.0,0.0,0.0,7927350,126
static_zone,336,5,5,5,1241.6107906743594,1328.3173524351982,86.70656176083884,86.7065617608389,0.0,0.0,0,0.0,14.879999999999999,29.32,29.32,7.186561760838827,6.0,0.0,0.0,0.0,0.0,0.0,0.0,11715431,125
static_zone,521,7,7,7,1259.143563849373,1344.456629306654,85.31306545728047,85.3130654572808,0.0,0.0,0,0.0,17.439999999999998,27.4,27.4,7.073065457280477,6.0,0.0,0.0,0.0,0.0,0.0,0.0,4574861,124
static_zone,128,1,1,1,1267.763131099503,1376.2023753840692,108.43924428456623,108.43924428456626,0.0,0.0,0,0.0,30.24,32.519999999999996,32.519999999999996,7.159244284566244,6.0,0.0,0.0,0.0,0.0,0.0,0.0,9996764,127
static_zone,487,2,2,2,1269.139994422079,1342.5929719855558,73.45297756347657,73.45297756347668,0.0,0.0,0,0.0,12.0,24.2,24.2,7.052977563476563,6.0,0.0,0.0,0.0,0.0,0.0,0.0,3311040,128
static_zone,186,4,4,4,1271.2868455814712,1330.4209559733422,59.13411039187113,59.13411039187099,0.0,0.0,0,0.0,15.2,15.36,15.36,7.2141103918711345,6.0,0.0,0.0,0.0,0.0,0.0,0.0,13448641,136
static_zone,201,0,0,0,1277.7668402802783,1348.3796691150665,70.61282883478802,70.61282883478816,0.0,0.0,0,0.0,13.920000000000002,21.76,21.76,7.172828834788005,6.0,0.0,0.0,0.0,0.0,0.0,0.0,10851430,126
static_zone,396,6,6,6,1296.7676614943405,1337.2197508789625,40.45208938462239,40.45208938462201,0.0,0.0,0,0.0,1.1313708498984734,13.12,13.12,7.080718534723918,6.0,0.0,0.0,0.0,0.0,0.0,0.0,5056351,125
static_zone,600,3,3,3,1316.3446702901556,1383.7671272905068,67.42245700035095,67.42245700035119,0.0,0.0,0,0.0,17.439999999999998,18.44,18.44,7.102457000350952,6.0,0.0,0.0,0.0,0.0,0.0,0.0,6424017,126
static_zone,565,5,5,5,1328.3173524351982,1400.1463038304876,71.8289513952891,71.82895139528932,0.0,0.0,0,0.0,13.920000000000002,22.4,22.4,7.108951395289103,6.0,0.0,0.0,0.0,0.0,0.0,0.0,6832609,128
static_zone,464,4,4,4,1330.4209559733422,1407.8227691418044,77.40181316846211,77.40181316846224,0.0,0.0,0,0.0,11.879999999999999,26.24,26.24,7.0418131684621175,6.0,0.0,0.0,0.0,0.0,0.0,0.0,2608637,127
static_zone,266,6,6,6,1337.2197508789625,1369.4346695288903,32.214918649927775,32.21491864992777,0.0,0.0,0,0.0,9.12,5.0,5.0,7.094918649927775,6.0,0.0,0.0,0.0,0.0,0.0,0.0,5949745,127
static_zone,535,2,2,2,1342.5929719855558,1391.6063377421629,49.01336575660705,49.01336575660707,0.0,0.0,0,0.0,14.44,10.76,10.76,7.053365756607056,6.0,0.0,0.0,0.0,0.0,0.0,0.0,3335463,124
static_zone,75,7,7,7,1344.456629306654,1416.895667292392,72.43903798573811,72.4390379857382,0.0,0.0,0,0.0,9.439999999999998,24.96,24.96,7.079037985738118,6.0,0.0,0.0,0.0,0.0,0.0,0.0,4950620,128
static_zone,182,0,0,0,1348.3796691150665,1405.887022421032,57.50735330596564,57.50735330596558,0.0,0.0,0,0.0,4.95959179422654,19.72,19.72,7.1077615117390955,6.0,0.0,0.0,0.0,0.0,0.0,0.0,6757748,125
static_zone,476,6,6,6,1369.4346695288903,1410.219539055054,40.78486952616373,40.784869526163675,0.0,0.0,0,0.0,6.56,10.559999999999999,10.559999999999999,7.104869526163737,6.0,0.0,0.0,0.0,0.0,0.0,0.0,6575800,124
static_zone,245,1,1,1,1376.2023753840692,1438.33704090976,62.13466552569072,62.13466552569071,0.0,0.0,0,0.0,29.92,9.6,9.6,7.014665525690715,6.0,0.0,0.0,0.0,0.0,0.0,0.0,900655,125
static_zone,121,3,3,3,1383.7671272905068,1430.3034980462746,46.53637075576782,46.53637075576785,0.0,0.0,0,0.0,5.48,13.96,13.96,7.136370755767822,6.0,0.0,0.0,0.0,0.0,0.0,0.0,8557686,126
static_zone,442,2,2,2,1391.6063377421629,1460.8010577925932,69.1947200504303,69.1947200504303,0.0,0.0,0,0.0,12.200000000000001,21.96,21.96,7.074720050430298,6.0,0.0,0.0,0.0,0.0,0.0,0.0,4678959,127
static_zone,559,5,5,5,1400.1463038304876,1440.9808006098656,40.834496779378256,40.834496779378014,0.0,0.0,0,0.0,19.04,4.359999999999999,4.359999999999999,7.074496779378255,6.0,0.0,0.0,0.0,0.0,0.0,0.0,4664912,128
static_zone,492,0,0,0,1405.887022421032,1453.422114474382,47.535092053349814,47.5350920533499,0.0,0.0,0,0.0,19.04,7.68,7.68,7.135092053349813,6.0,0.0,0.0,0.0,0.0,0.0,0.0,8477237,125
static_zone,31,4,4,4,1407.8227691418044,1480.0507619036705,72.22799276186625,72.22799276186606,0.0,0.0,0,0.0,6.880000000000003,26.12,26.12,7.107992761866251,6.0,0.0,0.0,0.0,0.0,0.0,0.0,6772297,127
static_zone,618,6,6,6,1410.219539055054,1485.0519796363121,74.83244058125814,74.8324405812582,0.0,0.0,0,0.0,14.120000000000001,23.68,23.68,7.352440581258138,6.0,0.0,0.0,0.0,0.0,0.0,0.0,22151624,124
static_zone,150,7,7,7,1416.895667292392,1458.8618080441672,41.96614075177511,41.96614075177513,0.0,0.0,0,0.0,23.2,2.76,2.76,7.246140751775106,6.0,0.0,0.0,0.0,0.0,0.0,0.0,15463817,125
static_zone,514,3,3,3,1430.3034980462746,1482.919889496775,52.61639145050049,52.61639145050049,0.0,0.0,0,0.0,4.52,17.48,17.48,7.136391450500488,6.0,0.0,0.0,0.0,0.0,0.0,0.0,8558988,128
static_zone,583,1,1,1,1438.33704090976,1523.6026489581357,85.26560804837544,85.26560804837573,0.0,0.0,0,0.0,18.28,26.88,26.88,7.225608048375448,6.0,0.0,0.0,0.0,0.0,0.0,0.0,14172011,124
static_zone,258,5,5,5,1440.9808006098656,1468.6340615926333,27.65326098276774,27.653260982767733,0.0,0.0,0,0.0,2.6,5.96,5.96,7.133260982767741,6.0,0.0,0.0,0.0,0.0,0.0,0.0,8362036,125
static_zone,446,0,0,0,1453.422114474382,1567.320643423738,113.89852894935608,113.89852894935598,0.0,0.0,0,0.0,29.16,35.84,35.84,7.058528949356079,6.0,0.0,0.0,0.0,0.0,0.0,0.0,3660303,124
static_zone,113,7,7,7,1458.8618080441672,1530.337003065733,71.47519502156575,71.4751950215657,0.0,0.0,0,0.0,18.279999999999998,20.04,20.04,7.115195021565755,6.0,0.0,0.0,0.0,0.0,0.0,0.0,7225424,129
static_zone,581,2,2,2,1460.8010577925932,1526.938126876379,66.137069083786,66.13706908378595,0.0,0.0,0,0.0,5.920000000000002,23.04,23.04,8.137069083786011,6.0,0.0,0.0,0.0,0.0,0.0,0.0,71516181,130
static_zone,495,5,5,5,1468.6340615926333,1575.538370177101,106.90430858446757,106.90430858446757,0.0,0.0,0,0.0,27.88,32.84,32.84,7.34430858446757,6.0,0.0,0.0,0.0,0.0,0.0,0.0,21640003,126
static_zone,287,4,4,4,1480.0507619036705,1553.1181879286794,73.06742602500915,73.0674260250089,0.0,0.0,0,0.0,3.2399999999999984,28.36,28.36,7.107426025009155,6.0,0.0,0.0,0.0,0.0,0.0,0.0,6736641,126
static_zone,409,3,3,3,1482.919889496775,1552.131336931137,69.21144743436177,69.21144743436184,0.0,0.0,0,0.0,7.719999999999999,24.2,24.2,7.0914474343617755,6.0,0.0,0.0,0.0,0.0,0.0,0.0,5731355,124
static_zone,466,6,6,6,1485.0519796363121,1533.9825100238093,48.930530387496944,48.93053038749713,0.0,0.0,0,0.0,13.48,11.2,11.2,7.0505303874969485,6.0,0.0,0.0,0.0,0.0,0.0,0.0,3157077,125
static_zone,384,1,1,1,1523.6026489581357,1587.9877584862668,64.38510952813131,64.38510952813112,0.0,0.0,0,0.0,4.1313708498984765,23.56,23.56,7.133738678232829,6.0,0.0,0.0,0.0,0.0,0.0,0.0,8392090,125
static_zone,375,2,2,2,1526.938126876379,1578.820989213746,51.88286233736674,51.88286233736699,0.0,0.0,0,0.0,9.639999999999999,14.4,14.4,7.44286233736674,6.0,0.0,0.0,0.0,0.0,0.0,0.0,27840469,125
static_zone,167,7,7,7,1530.337003065733,1589.307110110843,58.97010704511007,58.970107045110126,0.0,0.0,0,0.0,2.6000000000000014,21.64,21.64,7.0901070451100665,6.0,0.0,0.0,0.0,0.0,0.0,0.0,5647025,125
static_zone,244,6,6,6,1533.9825100238093,1586.6941175769098,52.711607553100585,52.71160755310052,0.0,0.0,0,0.0,10.399999999999999,14.6,14.6,7.111607553100586,6.0,0.0,0.0,0.0,0.0,0.0,0.0,6999720,127
static_zone,304,3,3,3,1552.131336931137,1590.8294528918307,38.69811596069336,38.69811596069371,0.0,0.0,0,0.0,24.04,0.8,0.8,7.0581159606933594,6.0,0.0,0.0,0.0,0.0,0.0,0.0,3634320,127
static_zone,598,4,4,4,1553.1181879286794,1606.324814048153,53.206626119473505,53.20662611947364,0.0,0.0,0,0.0,30.56,4.7888543819998315,4.7888543819998315,7.068917355473836,6.0,0.0,0.0,0.0,0.0,0.0,0.0,4313885,126
static_zone,529,0,0,0,1567.320643423738,1619.3463004846153,52.02565706087748,52.02565706087739,0.0,0.0,0,0.0,34.72,2.12,2.12,7.0656570608774825,6.0,0.0,0.0,0.0,0.0,0.0,0.0,4108765,679
static_zone,52,5,5,5,1575.538370177101,1642.9751583751904,67.4367881980896,67.43678819808952,0.0,0.0,0,0.0,25.759999999999998,14.08,14.08,7.5167881980896,6.0,0.0,0.0,0.0,0.0,0.0,0.0,32491482,125
static_zone,74,2,2,2,1578.820989213746,1611.3097517433735,32.48876252962748,32.488762529627365,0.0,0.0,0,0.0,11.36,4.04,4.04,7.048762529627482,6.0,0.0,0.0,0.0,0.0,0.0,0.0,3045853,129
static_zone,79,6,6,6,1586.6941175769098,1655.5853551425225,68.89123756561278,68.89123756561276,0.0,0.0,0,0.0,9.44,23.04,23.04,7.371237565612793,6.0,0.0,0.0,0.0,0.0,0.0,0.0,23334228,125
static_zone,49,1,1,1,1587.9877584862668,1656.8613509121851,68.87359242591859,68.87359242591833,0.0,0.0,0,0.0,3.5600000000000023,26.12,26.12,7.073592425918579,6.0,0.0,0.0,0.0,0.0,0.0,0.0,4608015,125
static_zone,608,7,7,7,1589.307110110843,1637.9787438232302,48.671633712387084,48.67163371238712,0.0,0.0,0,0.0,9.64,13.0,13.0,7.031633712387085,6.0,0.0,0.0,0.0,0.0,0.0,0.0,1968201,125
static_zone,221,3,3,3,1590.8294528918307,1687.2935977367758,96.46414484494527,96.46414484494517,0.0,0.0,0,0.0,27.68,27.84,27.84,7.104144844945272,6.0,0.0,0.0,0.0,0.0,0.0,0.0,6530207,128
static_zone,195,4,4,4,1606.324814048153,1631.8322284510512,25.50741440289815,25.50741440289812,0.0,0.0,0,0.0,1.5999999999999999,5.4399999999999995,5.4399999999999995,7.0274144028981524,6.0,0.0,0.0,0.0,0.0,0.0,0.0,1702745,125
static_zone,591,2,2,2,1611.3097517433735,1693.2032240031494,81.89347225977579,81.89347225977599,0.0,0.0,0,0.0,20.84,23.88,23.88,7.293472259775798,6.0,0.0,0.0,0.0,0.0,0.0,0.0,18441658,124
static_zone,305,0,0,0,1619.3463004846153,1711.0137944271303,91.66749394251505,91.66749394251497,0.0,0.0,0,0.0,25.439999999999998,26.56,26.56,7.107493942515055,6.0,0.0,0.0,0.0,0.0,0.0,0.0,6740914,678
static_zone,454,4,4,4,1631.8322284510512,1699.9438601130385,68.1116316619873,68.1116316619873,0.0,0.0,0,0.0,15.4,19.84,19.84,7.031631661987305,6.0,0.0,0.0,0.0,0.0,0.0,0.0,1968072,125
static_zone,62,7,7,7,1637.9787438232302,1683.1938741316358,45.21513030840556,45.215130308405605,0.0,0.0,0,0.0,7.84,12.16,12.16,7.055130308405558,6.0,0.0,0.0,0.0,0.0,0.0,0.0,3446479,125
static_zone,505,5,5,5,1642.9751583751904,1680.2483936882247,37.27323531303406,37.27323531303432,0.0,0.0,0,0.0,5.92,9.16,9.16,7.033235313034058,6.0,0.0,0.0,0.0,0.0,0.0,0.0,2068965,124
static_zone,366,6,6,6,1655.5853551425225,1704.919666963125,49.33431182060242,49.33431182060258,0.0,0.0,0,0.0,11.879999999999999,12.16,12.16,7.134311820602417,6.0,0.0,0.0,0.0,0.0,0.0,0.0,8428149,129
static_zone,269,1,1,1,1656.8613509121851,1708.8728247347153,52.01147382253011,52.011473822530206,0.0,0.0,0,0.0,15.4,11.72,11.72,7.1714738225301105,6.0,0.0,0.0,0.0,0.0,0.0,0.0,10766180,129
static_zone,147,5,5,5,1680.2483936882247,1753.3029561789424,73.05456249071757,73.05456249071767,0.0,0.0,0,0.0,14.559999999999999,22.72,22.72,7.05456249071757,6.0,0.0,0.0,0.0,0.0,0.0,0.0,3410755,127
static_zone,435,7,7,7,1683.1938741316358,1780.0233642480098,96.8294901163737,96.82949011637402,0.0,0.0,0,0.0,24.48,29.64,29.64,7.069490116373698,6.0,0.0,0.0,0.0,0.0,0.0,0.0,4349920,124
static_zone,5,3,3,3,1687.2935977367758,1750.4164906012575,63.12289286448161,63.12289286448163,0.0,0.0,0,0.0,7.84,21.0,21.0,7.282892864481608,6.0,0.0,0.0,0.0,0.0,0.0,0.0,17776060,127
static_zone,432,2,2,2,1693.2032240031494,1773.6128274033163,80.40960340016683,80.40960340016682,0.0,0.0,0,0.0,7.199999999999999,30.08,30.08,7.04960340016683,6.0,0.0,0.0,0.0,0.0,0.0,0.0,3098756,127
static_zone,177,4,4,4,1699.9438601130385,1740.273500223309,40.32964011027018,40.329640110270475,0.0,0.0,0,0.0,14.44,6.4,6.4,7.0896401102701825,6.0,0.0,0.0,0.0,0.0,0.0,0.0,5617648,129
static_zone,14,6,6,6,1704.919666963125,1757.5670973686783,52.64743040555318,52.64743040555322,0.0,0.0,0,0.0,9.76,14.92,14.92,7.0474304055531825,6.0,0.0,0.0,0.0,0.0,0.0,0.0,2962043,126
static_zone,33,1,1,1,1708.8728247347153,1768.5528920084273,59.680067273712154,59.680067273711984,0.0,0.0,0,0.0,8.359999999999998,19.08,19.08,7.1600672737121585,6.0,0.0,0.0,0.0,0.0,0.0,0.0,10048542,137
static_zone,550,0,0,0,1711.0137944271303,1770.481059354295,59.46726492716472,59.467264927164706,0.0,0.0,0,0.0,8.799999999999997,18.76,18.76,7.147264927164714,6.0,0.0,0.0,0.0,0.0,0.0,0.0,9243088,124
static_zone,284,4,4,4,1740.273500223309,1853.7145735948147,113.44107337150574,113.44107337150581,0.0,0.0,0,0.0,29.8,35.2,35.2,7.241073371505737,6.0,0.0,0.0,0.0,0.0,0.0,0.0,15145005,132
static_zone,517,3,3,3,1750.4164906012575,1804.5957374766388,54.179246875381466,54.179246875381295,0.0,0.0,0,0.0,14.88,13.12,13.12,7.059246875381469,6.0,0.0,0.0,0.0,0.0,0.0,0.0,3705471,124
static_zone,639,5,5,5,1753.3029561789424,1804.7446387448856,51.4416825659434,51.44168256594321,0.0,0.0,0,0.0,9.12,14.6,14.6,7.1216825659434,6.0,0.0,0.0,0.0,0.0,0.0,0.0,7633585,125
static_zone,439,6,6,6,1757.5670973686783,1836.066614747422,78.49951737874349,78.49951737874358,0.0,0.0,0,0.0,12.520000000000001,26.44,26.44,7.0995173787434895,6.0,0.0,0.0,0.0,0.0,0.0,0.0,6239072,124
static_zone,226,1,1,1,1768.5528920084273,1870.1377592457727,101.58486723734536,101.5848672373454,0.0,0.0,0,0.0,17.44,35.519999999999996,35.519999999999996,7.104867237345378,6.0,0.0,0.0,0.0,0.0,0.0,0.0,6575656,127
static_zone,23,0,0,0,1770.481059354295,1846.3868697882551,75.90581043395996,75.90581043396014,0.0,0.0,0,0.0,9.119999999999997,26.88,26.88,7.025810433959961,6.0,0.0,0.0,0.0,0.0,0.0,0.0,1601832,125
static_zone,170,2,2,2,1773.6128274033163,1823.8188803216867,50.20605291837056,50.20605291837046,0.0,0.0,0,0.0,25.0,6.08,6.08,7.046052918370565,6.0,0.0,0.0,0.0,0.0,0.0,0.0,2875379,125
static_zone,558,7,7,7,1780.0233642480098,1835.1769399051552,55.15357565714518,55.15357565714544,0.0,0.0,0,0.0,31.2,5.4399999999999995,5.4399999999999995,7.073575657145183,6.0,0.0,0.0,0.0,0.0,0.0,0.0,4606960,124
static_zone,635,3,3,3,1804.5957374766388,1837.4390012886406,32.84326381200155,32.84326381200185,0.0,0.0,0,0.0,8.48,5.64,5.64,7.0832638120015465,6.0,0.0,0.0,0.0,0.0,0.0,0.0,5216486,125
static_zone,549,5,5,5,1804.7446387448856,1884.4615969004542,79.71695815556845,79.71695815556859,0.0,0.0,0,0.0,13.160000000000002,26.76,26.76,7.036958155568441,6.0,0.0,0.0,0.0,0.0,0.0,0.0,2303186,126
static_zone,364,2,2,2,1823.8188803216867,1925.8435708717914,102.02469055010478,102.02469055010465,0.0,0.0,0,0.0,26.28,31.36,31.36,7.024690550104777,6.0,0.0,0.0,0.0,0.0,0.0,0.0,1531375,133
static_zone,207,7,7,7,1835.1769399051552,1860.8544007427447,25.67746083758972,25.67746083758948,0.0,0.0,0,0.0,1.1313708498984762,5.76,5.76,7.026089987691243,6.0,0.0,0.0,0.0,0.0,0.0,0.0,1619420,125
static_zone,383,6,6,6,1836.066614747422,1908.6861670528979,72.61955230547588,72.61955230547596,0.0,0.0,0,0.0,7.52,25.92,25.92,7.259552305475871,6.0,0.0,0.0,0.0,0.0,0.0,0.0,16307599,130
static_zone,9,3,3,3,1837.4390012886406,1939.0655939707797,101.62659268213906,101.62659268213906,0.0,0.0,0,0.0,26.4,31.04,31.04,7.146592682139079,6.0,0.0,0.0,0.0,0.0,0.0,0.0,9200794,129
static_zone,205,0,0,0,1846.3868697882551,1905.6227821318525,59.23591234359742,59.23591234359742,0.0,0.0,0,0.0,9.639999999999999,18.240000000000002,18.240000000000002,7.1159123435974125,6.0,0.0,0.0,0.0,0.0,0.0,0.0,7270554,126
static_zone,53,4,4,4,1853.7145735948147,1931.9709551239234,78.25638152910868,78.2563815291087,0.0,0.0,0,0.0,7.399999999999999,28.8,28.8,7.256381529108683,6.0,0.0,0.0,0.0,0.0,0.0,0.0,16108111,125
static_zone,8,7,7,7,1860.8544007427447,1966.9535952773006,106.09919453455606,106.09919453455586,0.0,0.0,0,0.0,31.84,30.6,30.6,7.059194534556071,6.0,0.0,0.0,0.0,0.0,0.0,0.0,3702178,125
static_zone,82,1,1,1,1870.1377592457727,1953.0882108248031,82.95045157903036,82.95045157903041,0.0,0.0,0,0.0,3.5599999999999987,32.96,32.96,7.470451579030355,6.0,0.0,0.0,0.0,0.0,0.0,0.0,29576234,125
static_zone,253,5,5,5,1884.4615969004542,1942.760823192365,58.29922629191081,58.29922629191083,0.0,0.0,0,0.0,10.280000000000001,17.48,17.48,7.059226291910807,6.0,0.0,0.0,0.0,0.0,0.0,0.0,3704176,125
static_zone,407,0,0,0,1905.6227821318525,2001.3044997198956,95.68171758804321,95.68171758804306,0.0,0.0,0,0.0,16.04,33.28,33.28,7.081717588043213,6.0,0.0,0.0,0.0,0.0,0.0,0.0,5119206,124
static_zone,131,6,6,6,1908.6861670528979,1978.742970942109,70.05680388921101,70.0568038892111,0.0,0.0,0,0.0,6.239999999999998,25.16,25.16,7.496803889211019,6.0,0.0,0.0,0.0,0.0,0.0,0.0,31234178,142
static_zone,451,2,2,2,1925.8435708717914,2011.1493592059385,85.30578833414714,85.30578833414711,0.0,0.0,0,0.0,7.84,32.2,32.2,7.065788334147135,6.0,0.0,0.0,0.0,0.0,0.0,0.0,4117024,124
static_zone,215,4,4,4,1931.9709551239234,1992.720800760546,60.74984563662212,60.74984563662247,0.0,0.0,0,0.0,11.88,17.92,17.92,7.029845636622111,6.0,0.0,0.0,0.0,0.0,0.0,0.0,1855705,126
static_zone,283,3,3,3,1939.0655939707797,2003.3727330256502,64.3071390548706,64.3071390548705,0.0,0.0,0,0.0,12.84,19.2,19.2,7.067139054870606,6.0,0.0,0.0,0.0,0.0,0.0,0.0,4202004,125
static_zone,502,5,5,5,1942.760823192365,2033.4709697005183,90.71014650815327,90.71014650815323,0.0,0.0,0,0.0,14.879999999999999,31.36,31.36,7.11014650815328,6.0,0.0,0.0,0.0,0.0,0.0,0.0,6907799,125
static_zone,190,1,1,1,1953.0882108248031,2014.6986085879914,61.61039776318868,61.6103977631883,0.0,0.0,0,0.0,19.36,14.6,14.6,7.0503977631886805,6.0,0.0,0.0,0.0,0.0,0.0,0.0,3148733,468
static_zone,151,7,7,7,1966.9535952773006,2015.3086724533312,48.35507717603048,48.35507717603059,0.0,0.0,0,0.0,27.880000000000003,3.72,3.72,7.035077176030477,6.0,0.0,0.0,0.0,0.0,0.0,0.0,2184845,125
static_zone,175,6,6,6,1978.742970942109,2042.2224238556478,63.47945291353862,63.47945291353881,0.0,0.0,0,0.0,13.92,18.240000000000002,18.240000000000002,7.079452913538615,6.0,0.0,0.0,0.0,0.0,0.0,0.0,4976725,125
static_zone,353,4,4,4,1992.720800760546,2027.7338551806354,35.01305442008972,35.013054420089475,0.0,0.0,0,0.0,15.84,3.08,3.08,7.013054420089722,6.0,0.0,0.0,0.0,0.0,0.0,0.0,799293,125
static_zone,356,0,0,0,2001.3044997198956,2066.8157502014374,65.51125048154195,65.51125048154177,0.0,0.0,0,0.0,16.16,18.12,18.12,7.111250481541951,6.0,0.0,0.0,0.0,0.0,0.0,0.0,6977255,125
static_zone,188,3,3,3,2003.3727330256502,2044.4807058843337,41.10797285868327,41.107972858683524,0.0,0.0,0,0.0,12.32,7.88,7.88,7.027972858683269,6.0,0.0,0.0,0.0,0.0,0.0,0.0,1737880,128
static_zone,462,2,2,2,2011.1493592059385,2087.3957469530037,76.24638774706523,76.24638774706523,0.0,0.0,0,0.0,3.2399999999999984,29.96,29.96,7.086387747065226,6.0,0.0,0.0,0.0,0.0,0.0,0.0,5413027,124
static_zone,418,1,1,1,2014.6986085879914,2106.231800953892,91.53319236590067,91.53319236590073,0.0,0.0,0,0.0,17.0,30.6,30.6,7.3331923659006755,6.0,0.0,0.0,0.0,0.0,0.0,0.0,20940631,127
static_zone,483,7,7,7,2015.3086724533312,2116.4484131953154,101.13974074198406,101.13974074198427,0.0,0.0,0,0.0,27.560000000000002,30.28,30.28,7.01974074198405,6.0,0.0,0.0,0.0,0.0,0.0,0.0,1219960,124
static_zone,107,4,4,4,2027.7338551806354,2140.5551685124938,112.82131333185832,112.82131333185839,0.0,0.0,0,0.0,31.840000000000003,33.92,33.92,7.141313331858317,6.0,0.0,0.0,0.0,0.0,0.0,0.0,8868646,131
static_zone,29,5,5,5,2033.4709697005183,2099.053623526532,65.5826538260142,65.58265382601394,0.0,0.0,0,0.0,12.32,20.04,20.04,7.182653826014201,6.0,0.0,0.0,0.0,0.0,0.0,0.0,11469565,474
static_zone,70,6,6,6,2042.2224238556478,2111.8398551735495,69.6174313179016,69.61743131790172,0.0,0.0,0,0.0,11.360000000000001,22.6,22.6,7.057431317901611,6.0,0.0,0.0,0.0,0.0,0.0,0.0,3591246,128
static_zone,112,3,3,3,2044.4807058843337,2136.3038626495722,91.82315676523844,91.82315676523854,0.0,0.0,0,0.0,21.6,28.48,28.48,7.263156765238444,6.0,0.0,0.0,0.0,0.0,0.0,0.0,16534372,125
static_zone,61,0,0,0,2066.8157502014374,2159.405102871089,92.5893526696523,92.58935266965182,0.0,0.0,0,0.0,15.079999999999998,32.2,32.2,7.109352669652303,6.0,0.0,0.0,0.0,0.0,0.0,0.0,6857855,125
static_zone,404,2,2,2,2087.3957469530037,2136.129840849488,48.734093896484374,48.73409389648441,0.0,0.0,0,0.0,26.28,4.68,4.68,7.094093896484375,6.0,0.0,0.0,0.0,0.0,0.0,0.0,5897856,125
static_zone,638,5,5,5,2099.053623526532,2140.426952623898,41.37332909736633,41.37332909736597,0.0,0.0,0,0.0,13.799999999999999,7.24,7.24,7.093329097366333,6.0,0.0,0.0,0.0,0.0,0.0,0.0,5849739,124
static_zone,46,1,1,1,2106.231800953892,2160.288178340876,54.05637738698324,54.05637738698397,0.0,0.0,0,0.0,22.76,8.84,8.84,7.616377386983236,6.0,0.0,0.0,0.0,0.0,0.0,0.0,38757092,139
static_zone,234,6,6,6,2111.8398551735495,2188.71745656655,76.87760139300029,76.87760139300053,0.0,0.0,0,0.0,6.879999999999999,28.48,28.48,7.037601393000285,6.0,0.0,0.0,0.0,0.0,0.0,0.0,2343655,125
static_zone,572,7,7,7,2116.4484131953154,2193.9146003610426,77.46618716572718,77.4661871657272,0.0,0.0,0,0.0,1.9595917942265397,31.24,31.24,7.026595371500651,6.0,0.0,0.0,0.0,0.0,0.0,0.0,1651216,125
static_zone,290,2,2,2,2136.129840849488,2167.7851901469476,31.65534929745992,31.655349297459452,0.0,0.0,0,0.0,3.0,7.68,7.68,7.295349297459921,6.0,0.0,0.0,0.0,0.0,0.0,0.0,18559751,127
static_zone,625,3,3,3,2136.3038626495722,2198.944716091065,62.640853441492716,62.64085344149271,0.0,0.0,0,0.0,9.440000000000001,20.04,20.04,7.1208534414927165,6.0,0.0,0.0,0.0,0.0,0.0,0.0,7581421,134
static_zone,78,5,5,5,2140.426952623898,2209.380262447506,68.9533098236084,68.95330982360792,0.0,0.0,0,0.0,14.44,20.68,20.68,7.1533098236083985,6.0,0.0,0.0,0.0,0.0,0.0,0.0,9623400,128
static_zone,619,4,4,4,2140.5551685124938,2193.3501647597213,52.79499624722799,52.79499624722757,0.0,0.0,0,0.0,30.240000000000002,4.68,4.68,7.194996247227987,6.0,0.0,0.0,0.0,0.0,0.0,0.0,12246083,124
static_zone,530,0,0,0,2159.405102871089,2229.2758981702373,69.87079529914857,69.87079529914809,0.0,0.0,0,0.0,21.6,17.6,17.6,7.07079529914856,6.0,0.0,0.0,0.0,0.0,0.0,0.0,4432035,124
static_zone,44,1,1,1,2160.288178340876,2239.1070189923244,78.81884065144857,78.81884065144823,0.0,0.0,0,0.0,16.68,24.52,24.52,7.098840651448568,6.0,0.0,0.0,0.0,0.0,0.0,0.0,6196496,127
static_zone,380,2,2,2,2167.7851901469476,2206.658310876013,38.87312072906494,38.87312072906525,0.0,0.0,0,0.0,8.16,8.84,8.84,7.033120729064941,6.0,0.0,0.0,0.0,0.0,0.0,0.0,2061756,125
static_zone,163,6,6,6,2188.71745656655,2260.542217656766,71.82476109021506,71.82476109021582,0.0,0.0,0,0.0,5.280000000000001,26.76,26.76,7.024761090215048,6.0,0.0,0.0,0.0,0.0,0.0,0.0,1535813,127
static_zone,557,4,4,4,2193.3501647597213,2274.3661367016057,81.01597194188436,81.01597194188435,0.0,0.0,0,0.0,20.2,23.88,23.88,7.0559719418843585,6.0,0.0,0.0,0.0,0.0,0.0,0.0,3499430,124
static_zone,509,7,7,7,2193.9146003610426,2272.3841181276143,78.46951776657104,78.4695177665717,0.0,0.0,0,0.0,1.6000000000000008,31.88,31.88,7.109517766571045,6.0,0.0,0.0,0.0,0.0,0.0,0.0,6868242,124
static_zone,386,3,3,3,2198.944716091065,2235.57886131748,36.634145226414994,36.63414522641506,0.0,0.0,0,0.0,18.599999999999998,2.44,2.44,7.1541452264149985,6.0,0.0,0.0,0.0,0.0,0.0,0.0,9675959,126
static_zone,145,2,2,2,2206.658310876013,2276.8035452525387,70.14523437652588,70.14523437652588,0.0,0.0,0,0.0,13.8,21.64,21.64,7.065234376525879,6.0,0.0,0.0,0.0,0.0,0.0,0.0,4082172,125
static_zone,212,5,5,5,2209.380262447506,2301.721591626253,92.34132917874655,92.34132917874695,0.0,0.0,0,0.0,13.280000000000001,32.96,32.96,7.141329178746542,6.0,0.0,0.0,0.0,0.0,0.0,0.0,8869643,126
static_zone,524,0,0,0,2229.2758981702373,2270.833101420105,41.55720324986776,41.5572032498676,0.0,0.0,0,0.0,8.68,9.92,9.92,7.0372032498677575,6.0,0.0,0.0,0.0,0.0,0.0,0.0,2318606,127
static_zone,254,3,3,3,2235.57886131748,2314.0442697872527,78.46540846977234,78.46540846977268,0.0,0.0,0,0.0,20.84,22.28,22.28,7.065408469772339,6.0,0.0,0.0,0.0,0.0,0.0,0.0,4093125,125
static_zone,421,1,1,1,2239.1070189923244,2290.2394142486214,51.132395256296796,51.13239525629706,0.0,0.0,0,0.0,25.12,6.4,6.4,7.2123952562967935,6.0,0.0,0.0,0.0,0.0,0.0,0.0,13340734,125
static_zone,169,6,6,6,2260.542217656766,2342.461515134107,81.91929747734069,81.91929747734093,0.0,0.0,0,0.0,5.599999999999998,31.36,31.36,7.5992974773406985,6.0,0.0,0.0,0.0,0.0,0.0,0.0,37682517,126
static_zone,629,0,0,0,2270.833101420105,2337.378652352926,66.54555093282063,66.54555093282124,0.0,0.0,0,0.0,11.88,20.8,20.8,7.0655509328206385,6.0,0.0,0.0,0.0,0.0,0.0,0.0,4102088,169
static_zone,216,7,7,7,2272.3841181276143,2346.0983715293073,73.7142534016927,73.71425340169299,0.0,0.0,0,0.0,17.119999999999997,21.76,21.76,7.074253401692708,6.0,0.0,0.0,0.0,0.0,0.0,0.0,4649600,125
static_zone,218,4,4,4,2274.3661367016057,2332.361567897437,57.995431195831294,57.995431195831316,0.0,0.0,0,0.0,16.799999999999997,14.08,14.08,7.035431195831299,6.0,0.0,0.0,0.0,0.0,0.0,0.0,2207118,125
static_zone,536,2,2,2,2276.8035452525387,2315.23322348753,38.42967823499044,38.429678234991115,0.0,0.0,0,0.0,19.88,2.76,2.76,7.029678234990438,6.0,0.0,0.0,0.0,0.0,0.0,0.0,1845173,127
static_zone,135,1,1,1,2290.2394142486214,2399.5375255998892,109.2981113512675,109.29811135126783,0.0,0.0,0,0.0,32.480000000000004,31.88,31.88,7.058111351267497,6.0,0.0,0.0,0.0,0.0,0.0,0.0,3634030,125
static_zone,125,5,5,5,2301.721591626253,2365.6164486529256,63.89485702667237,63.894857026672526,0.0,0.0,0,0.0,17.12,16.84,16.84,7.094857026672363,6.0,0.0,0.0,0.0,0.0,0.0,0.0,5945868,127
static_zone,596,3,3,3,2314.0442697872527,2356.658329214769,42.61405942751567,42.61405942751617,0.0,0.0,0,0.0,17.0,6.28,6.28,7.054059427515666,6.0,0.0,0.0,0.0,0.0,0.0,0.0,3379105,124
static_zone,0,2,2,2,2315.23322348753,2430.2776360733606,115.04441258583068,115.04441258583074,0.0,0.0,0,0.0,32.8,34.56,34.56,7.124412585830688,6.0,0.0,0.0,0.0,0.0,0.0,0.0,7805343,195
static_zone,157,4,4,4,2332.361567897437,2369.6515978284415,37.29002993100484,37.29002993100448,0.0,0.0,0,0.0,5.92,9.16,9.16,7.050029931004842,6.0,0.0,0.0,0.0,0.0,0.0,0.0,3125591,125
static_zone,247,0,0,0,2337.378652352926,2389.265191945819,51.88653959289191,51.88653959289286,0.0,0.0,0,0.0,4.959591794226544,16.84,16.84,7.2469477986653645,6.0,0.0,0.0,0.0,0.0,0.0,0.0,15514592,126
static_zone,632,6,6,6,2342.461515134107,2397.1841655872922,54.722650453186034,54.72265045318545,0.0,0.0,0,0.0,23.2,9.16,9.16,7.202650453186036,6.0,0.0,0.0,0.0,0.0,0.0,0.0,12727644,124
static_zone,616,7,7,7,2346.0983715293073,2388.178392759623,42.080021230316156,42.08002123031565,0.0,0.0,0,0.0,16.68,6.08,6.08,7.240021230316162,6.0,0.0,0.0,0.0,0.0,0.0,0.0,15078810,124
static_zone,310,3,3,3,2356.658329214769,2435.152887200965,78.49455798619587,78.49455798619601,0.0,0.0,0,0.0,18.279999999999998,23.56,23.56,7.094557986195882,6.0,0.0,0.0,0.0,0.0,0.0,0.0,5927054,195
static_zone,489,5,5,5,2365.6164486529256,2420.158357115704,54.54190846277873,54.54190846277834,0.0,0.0,0,0.0,6.24,17.6,17.6,7.101908462778727,6.0,0.0,0.0,0.0,0.0,0.0,0.0,6389506,125
static_zone,631,4,4,4,2369.6515978284415,2427.3704350339467,57.71883720550537,57.718837205505224,0.0,0.0,0,0.0,9.44,17.6,17.6,7.078837205505371,6.0,0.0,0.0,0.0,0.0,0.0,0.0,4937988,124
static_zone,124,7,7,7,2388.178392759623,2417.181905862091,29.003513102467856,29.003513102467878,0.0,0.0,0,0.0,5.92,5.0,5.0,7.083513102467855,6.0,0.0,0.0,0.0,0.0,0.0,0.0,5232170,125
static_zone,127,0,0,0,2389.265191945819,2430.5071975137735,41.242005567953505,41.24200556795449,0.0,0.0,0,0.0,19.36,4.385640646055101,4.385640646055101,7.110724275843302,6.0,0.0,0.0,0.0,0.0,0.0,0.0,6944149,125
static_zone,470,6,6,6,2397.1841655872922,2472.81629735927,75.63213177197774,75.63213177197758,0.0,0.0,0,0.0,15.399999999999999,23.56,23.56,7.112131771977743,6.0,0.0,0.0,0.0,0.0,0.0,0.0,7032701,125
static_zone,155,1,1,1,2399.5375255998892,2447.5929084094646,48.05538280957539,48.05538280957535,0.0,0.0,0,0.0,30.759999999999998,2.12,2.12,7.0553828095753985,6.0,0.0,0.0,0.0,0.0,0.0,0.0,3462365,125
static_zone,264,7,7,7,2417.181905862091,2504.9586628845664,87.77675702247619,87.77675702247552,0.0,0.0,0,0.0,22.24,26.24,26.24,7.056757022476196,6.0,0.0,0.0,0.0,0.0,0.0,0.0,3548823,127
static_zone,381,5,5,5,2420.158357115704,2453.969775685523,33.81141856981914,33.811418569819125,0.0,0.0,0,0.0,16.48,2.12,2.12,7.091418569819132,6.0,0.0,0.0,0.0,0.0,0.0,0.0,5729539,125
static_zone,482,4,4,4,2427.3704350339467,2524.5493968338224,97.17896179987589,97.17896179987565,0.0,0.0,0,0.0,20.96,31.56,31.56,7.098961799875895,6.0,0.0,0.0,0.0,0.0,0.0,0.0,6204118,124
static_zone,399,2,2,2,2430.2776360733606,2497.3575574635124,67.07992139015198,67.07992139015187,0.0,0.0,0,0.0,17.119999999999997,18.44,18.44,7.079921390151978,6.0,0.0,0.0,0.0,0.0,0.0,0.0,5006199,130
static_zone,76,0,0,0,2430.5071975137735,2485.130938064387,54.623740550613405,54.62374055061355,0.0,0.0,0,0.0,15.52,13.0,13.0,7.103740550613403,6.0,0.0,0.0,0.0,0.0,0.0,0.0,6504771,125
static_zone,333,3,3,3,2435.152887200965,2515.507357029507,80.35446982854208,80.35446982854228,0.0,0.0,0,0.0,7.400000000000002,29.96,29.96,7.034469828542074,6.0,0.0,0.0,0.0,0.0,0.0,0.0,2146634,125
static_zone,204,1,1,1,2447.5929084094646,2532.4897869777324,84.89687856826782,84.89687856826777,0.0,0.0,0,0.0,23.2,24.32,24.32,7.056878568267822,6.0,0.0,0.0,0.0,0.0,0.0,0.0,3556470,125
static_zone,18,5,5,5,2453.969775685523,2541.4321513692435,87.46237568372091,87.46237568372044,0.0,0.0,0,0.0,24.04,25.16,25.16,7.102375683720907,6.0,0.0,0.0,0.0,0.0,0.0,0.0,6418901,125
static_zone,37,6,6,6,2472.81629735927,2515.72441775137,42.90812039210002,42.908120392100045,0.0,0.0,0,0.0,19.24,5.32,5.32,7.028120392100016,6.0,0.0,0.0,0.0,0.0,0.0,0.0,1747162,125
static_zone,270,0,0,0,2485.130938064387,2525.1236868480414,39.99274878365499,39.992748783654406,0.0,0.0,0,0.0,1.1313708498984765,12.68,12.68,7.50137793375651,6.0,0.0,0.0,0.0,0.0,0.0,0.0,31521952,127
static_zone,425,2,2,2,2497.3575574635124,2563.0476489383,65.6900914747874,65.69009147478755,0.0,0.0,0,0.0,5.919999999999998,23.36,23.36,7.050091474787394,6.0,0.0,0.0,0.0,0.0,0.0,0.0,3129463,124
static_zone,615,7,7,7,2504.9586628845664,2582.11111823824,77.1524553536733,77.15245535367376,0.0,0.0,0,0.0,4.520000000000003,29.76,29.76,7.112455353673299,6.0,0.0,0.0,0.0,0.0,0.0,0.0,7053059,127
static_zone,349,3,3,3,2515.507357029507,2579.296332883364,63.78897585385641,63.788975853856755,0.0,0.0,0,0.0,11.560000000000002,19.4,19.4,7.428975853856405,6.0,0.0,0.0,0.0,0.0,0.0,0.0,26966807,130
static_zone,455,6,6,6,2515.72441775137,2615.743546898836,100.01912914746603,100.01912914746617,0.0,0.0,0,0.0,26.08,30.4,30.4,7.139129147466024,6.0,0.0,0.0,0.0,0.0,0.0,0.0,8731229,130
static_zone,28,4,4,4,2524.5493968338224,2586.428210181575,61.878813347752896,61.87881334775284,0.0,0.0,0,0.0,28.32,10.24,10.24,7.078813347752889,6.0,0.0,0.0,0.0,0.0,0.0,0.0,4936487,125
static_zone,467,0,0,0,2525.1236868480414,2605.844518806431,80.72083195838928,80.72083195838968,0.0,0.0,0,0.0,14.760000000000002,26.44,26.44,7.0808319583892825,6.0,0.0,0.0,0.0,0.0,0.0,0.0,5063487,126
static_zone,575,1,1,1,2532.4897869777324,2608.663078834117,76.17329185638428,76.17329185638482,0.0,0.0,0,0.0,5.48,28.8,28.8,7.093291856384277,6.0,0.0,0.0,0.0,0.0,0.0,0.0,5847396,168
static_zone,485,5,5,5,2541.4321513692435,2614.4793977315476,73.04724636230469,73.04724636230412,0.0,0.0,0,0.0,3.5599999999999987,27.72,27.72,8.047246362304687,6.0,0.0,0.0,0.0,0.0,0.0,0.0,65865024,124
static_zone,275,2,2,2,2563.0476489383,2651.683462042548,88.63581310424806,88.63581310424797,0.0,0.0,0,0.0,10.280000000000001,32.64,32.64,7.075813104248047,6.0,0.0,0.0,0.0,0.0,0.0,0.0,4747728,125
static_zone,90,3,3,3,2579.296332883364,2636.052976335945,56.75664345258077,56.7566434525811,0.0,0.0,0,0.0,9.12,17.28,17.28,7.07664345258077,6.0,0.0,0.0,0.0,0.0,0.0,0.0,4799969,128
static_zone,376,7,7,7,2582.11111823824,2655.094608792668,72.9834905544281,72.98349055442804,0.0,0.0,0,0.0,1.6000000000000008,29.12,29.12,7.143490554428101,6.0,0.0,0.0,0.0,0.0,0.0,0.0,9005625,127
static_zone,593,4,4,4,2586.428210181575,2622.8624055362916,36.43419535471598,36.434195354716394,0.0,0.0,0,0.0,1.5999999999999996,10.879999999999999,10.879999999999999,7.074195354715983,6.0,0.0,0.0,0.0,0.0,0.0,0.0,4645948,125
static_zone,50,0,0,0,2605.844518806431,2654.502219337055,48.657700530624396,48.65770053062397,0.0,0.0,0,0.0,19.240000000000002,8.2,8.2,7.017700530624389,6.0,0.0,0.0,0.0,0.0,0.0,0.0,1091601,126
static_zone,132,1,1,1,2608.663078834117,2652.809505311953,44.1464264778351,44.14642647783603,0.0,0.0,0,0.0,28.32,1.3856406460551018,1.3856406460551018,7.055145185724895,6.0,0.0,0.0,0.0,0.0,0.0,0.0,3447415,125
static_zone,463,5,5,5,2614.4793977315476,2705.8716009400896,91.39220320854186,91.39220320854201,0.0,0.0,0,0.0,8.16,34.879999999999995,34.879999999999995,7.47220320854187,6.0,0.0,0.0,0.0,0.0,0.0,0.0,29686437,125
static_zone,500,6,6,6,2615.743546898836,2667.7563772149983,52.01283031616211,52.01283031616231,0.0,0.0,0,0.0,23.84,7.56,7.56,7.052830316162109,6.0,0.0,0.0,0.0,0.0,0.0,0.0,3301776,132
static_zone,481,4,4,4,2622.8624055362916,2708.496966466162,85.6345609298706,85.63456092987053,0.0,0.0,0,0.0,21.6,25.48,25.48,7.074560929870605,6.0,0.0,0.0,0.0,0.0,0.0,0.0,4668948,124
static_zone,200,3,3,3,2636.052976335945,2719.323229884504,83.27025354855857,83.27025354855914,0.0,0.0,0,0.0,16.480000000000004,26.76,26.76,7.2702535485585535,6.0,0.0,0.0,0.0,0.0,0.0,0.0,16980863,125
static_zone,627,2,2,2,2651.683462042548,2719.042023054434,67.3585610118866,67.3585610118862,0.0,0.0,0,0.0,12.96,20.68,20.68,7.038561011886597,6.0,0.0,0.0,0.0,0.0,0.0,0.0,2404029,124
static_zone,584,1,1,1,2652.809505311953,2713.437610670967,60.62810535901387,60.628105359013716,0.0,0.0,0,0.0,15.52,16.0,16.0,7.108105359013876,6.0,0.0,0.0,0.0,0.0,0.0,0.0,6779381,126
static_zone,152,0,0,0,2654.502219337055,2693.001008097707,38.49878876065212,38.49878876065213,0.0,0.0,0,0.0,4.959591794226542,10.24,10.24,7.059196966425578,6.0,0.0,0.0,0.0,0.0,0.0,0.0,3702331,127
static_zone,323,7,7,7,2655.094608792668,2704.5793439493,49.484735156631466,49.484735156631814,0.0,0.0,0,0.0,23.84,6.28,6.28,7.08473515663147,6.0,0.0,0.0,0.0,0.0,0.0,0.0,5309055,125
static_zone,526,6,6,6,2667.7563772149983,2714.2704159700343,46.5140387550354,46.514038755035926,0.0,0.0,0,0.0,6.760000000000001,13.32,13.32,7.1140387550354,6.0,0.0,0.0,0.0,0.0,0.0,0.0,7152678,126
static_zone,282,0,0,0,2693.001008097707,2747.54601337941,54.54500528170267,54.54500528170274,0.0,0.0,0,0.0,6.119999999999999,15.36,15.36,11.705005281702677,6.0,0.0,0.0,0.0,0.0,0.0,0.0,295991317,126
static_zone,227,7,7,7,2704.5793439493,2780.352202271698,75.77285832239787,75.77285832239795,0.0,0.0,0,0.0,17.32,22.6,22.6,7.252858322397868,6.0,0.0,0.0,0.0,0.0,0.0,0.0,15886450,126
static_zone,235,5,5,5,2705.8716009400896,2770.0842381467387,64.21263720664979,64.2126372066491,0.0,0.0,0,0.0,20.64,15.24,15.24,7.092637206649781,6.0,0.0,0.0,0.0,0.0,0.0,0.0,5806209,126
static_zone,354,4,4,4,2708.496966466162,2749.319447513878,40.822481047715264,40.82248104771588,0.0,0.0,0,0.0,25.0,1.3856406460551018,1.3856406460551018,7.051199755605062,6.0,0.0,0.0,0.0,0.0,0.0,0.0,3199190,127
static_zone,250,1,1,1,2713.437610670967,2747.618265951652,34.18065528068543,34.18065528068519,0.0,0.0,0,0.0,12.96,4.04,4.04,7.140655280685425,6.0,0.0,0.0,0.0,0.0,0.0,0.0,8827245,125
static_zone,276,6,6,6,2714.2704159700343,2771.6107076337767,57.34029166374207,57.34029166374239,0.0,0.0,0,0.0,6.5600000000000005,18.880000000000003,18.880000000000003,7.020291663742065,6.0,0.0,0.0,0.0,0.0,0.0,0.0,1254621,125
static_zone,486,2,2,2,2719.042023054434,2766.1818376521364,47.13981459770203,47.1398145977023,0.0,0.0,0,0.0,21.28,6.4,6.4,7.059814597702027,6.0,0.0,0.0,0.0,0.0,0.0,0.0,3741189,130
static_zone,91,3,3,3,2719.323229884504,2792.7103662531918,73.38713636868795,73.3871363686876,0.0,0.0,0,0.0,7.200000000000003,26.56,26.56,7.067136368687947,6.0,0.0,0.0,0.0,0.0,0.0,0.0,4201835,126
static_zone,479,0,0,0,2747.54601337941,2783.9947015033667,36.44868812395732,36.4486881239568,0.0,0.0,0,0.0,9.639999999999999,6.720000000000001,6.720000000000001,7.368688123957316,6.0,0.0,0.0,0.0,0.0,0.0,0.0,23173831,131
static_zone,252,1,1,1,2747.618265951652,2859.730133463656,112.1118675120036,112.11186751200376,0.0,0.0,0,0.0,30.880000000000003,33.92,33.92,7.39186751200358,6.0,0.0,0.0,0.0,0.0,0.0,0.0,24632152,129
static_zone,447,4,4,4,2749.319447513878,2810.8520606942934,61.532613180414835,61.53261318041541,0.0,0.0,0,0.0,15.84,16.32,16.32,7.052613180414836,6.0,0.0,0.0,0.0,0.0,0.0,0.0,3288115,173
static_zone,291,2,2,2,2766.1818376521364,2854.651940049674,88.47010239753723,88.47010239753763,0.0,0.0,0,0.0,21.48,26.88,26.88,7.230102397537231,6.0,0.0,0.0,0.0,0.0,0.0,0.0,14454771,125
static_zone,335,5,5,5,2770.0842381467387,2807.309856943024,37.22561879628499,37.22561879628529,0.0,0.0,0,0.0,8.36,7.88,7.88,7.105618796284993,6.0,0.0,0.0,0.0,0.0,0.0,0.0,6622940,125
static_zone,232,6,6,6,2771.6107076337767,2848.409792429029,76.79908479525248,76.79908479525238,0.0,0.0,0,0.0,9.319999999999999,27.2,27.2,7.0790847952524825,6.0,0.0,0.0,0.0,0.0,0.0,0.0,4953565,127
static_zone,602,7,7,7,2780.352202271698,2829.4852848061064,49.13308253440857,49.13308253440846,0.0,0.0,0,0.0,23.200000000000003,6.4,6.4,7.13308253440857,6.0,0.0,0.0,0.0,0.0,0.0,0.0,8350809,125
static_zone,158,0,0,0,2783.9947015033667,2842.1344336018824,58.13973209851583,58.13973209851565,0.0,0.0,0,0.0,15.2,14.92,14.92,7.099732098515829,6.0,0.0,0.0,0.0,0.0,0.0,0.0,6252581,126
static_zone,213,3,3,3,2792.7103662531918,2837.0221921945317,44.311825941340125,44.311825941339976,0.0,0.0,0,0.0,23.84,3.72,3.72,7.031825941340129,6.0,0.0,0.0,0.0,0.0,0.0,0.0,1980295,125
static_zone,16,5,5,5,2807.309856943024,2876.4943035527754,69.18444660975139,69.18444660975138,0.0,0.0,0,0.0,14.120000000000001,21.0,21.0,7.064446609751384,6.0,0.0,0.0,0.0,0.0,0.0,0.0,4032610,127
static_zone,401,4,4,4,2810.8520606942934,2849.429340155454,38.5772794611613,38.57727946116074,0.0,0.0,0,0.0,9.120000000000001,8.2,8.2,7.057279461161295,6.0,0.0,0.0,0.0,0.0,0.0,0.0,3581692,124
static_zone,434,7,7,7,2829.4852848061064,2862.435462289601,32.950177483495075,32.950177483494826,0.0,0.0,0,0.0,6.24,5.64,5.64,9.430177483495076,6.0,0.0,0.0,0.0,0.0,0.0,0.0,152871527,128
static_zone,576,3,3,3,2837.0221921945317,2933.744395399895,96.72220320536296,96.72220320536326,0.0,0.0,0,0.0,26.080000000000002,28.8,28.8,7.042203205362956,6.0,0.0,0.0,0.0,0.0,0.0,0.0,2633176,125
static_zone,278,0,0,0,2842.1344336018824,2922.6043897343893,80.46995613250732,80.46995613250692,0.0,0.0,0,0.0,13.159999999999998,27.08,27.08,7.149956132507325,6.0,0.0,0.0,0.0,0.0,0.0,0.0,9412404,125
static_zone,414,6,6,6,2848.409792429029,2891.509093763906,43.09930133487674,43.099301334877055,0.0,0.0,0,0.0,26.4,1.7888543819998317,1.7888543819998317,7.121592570877075,6.0,0.0,0.0,0.0,0.0,0.0,0.0,7627923,124
static_zone,484,4,4,4,2849.429340155454,2948.488602992165,99.05926283671062,99.05926283671079,0.0,0.0,0,0.0,23.84,31.04,31.04,7.139262836710612,6.0,0.0,0.0,0.0,0.0,0.0,0.0,8739640,124
static_zone,595,2,2,2,2854.651940049674,2919.9350095982177,65.2830695485433,65.28306954854361,0.0,0.0,0,0.0,3.5599999999999987,24.32,24.32,7.083069548543294,6.0,0.0,0.0,0.0,0.0,0.0,0.0,5204264,126
static_zone,419,1,1,1,2859.730133463656,2923.2396206458916,63.50948718223572,63.509487182235716,0.0,0.0,0,0.0,19.36,15.56,15.56,7.029487182235718,6.0,0.0,0.0,0.0,0.0,0.0,0.0,1833153,124
static_zone,140,7,7,7,2862.435462289601,2967.1529053853806,104.71744309577942,104.71744309577934,0.0,0.0,0,0.0,27.36,32.0,32.0,7.357443095779419,6.0,0.0,0.0,0.0,0.0,0.0,0.0,22466355,125
static_zone,133,5,5,5,2876.4943035527754,2924.8523366423497,48.35803308957418,48.35803308957429,0.0,0.0,0,0.0,8.68,13.32,13.32,7.038033089574178,6.0,0.0,0.0,0.0,0.0,0.0,0.0,2370815,125
static_zone,59,6,6,6,2891.509093763906,2924.882142821167,33.37304905726115,33.37304905726069,0.0,0.0,0,0.0,6.24,7.04,7.04,7.053049057261149,6.0,0.0,0.0,0.0,0.0,0.0,0.0,3315538,125
static_zone,224,2,2,2,2919.9350095982177,2979.1230222031563,59.18801260493896,59.18801260493865,0.0,0.0,0,0.0,4.1313708498984765,21.0,21.0,7.056641755040487,6.0,0.0,0.0,0.0,0.0,0.0,0.0,3541571,127
static_zone,543,0,0,0,2922.6043897343893,2987.615221387603,65.0108316532135,65.0108316532137,0.0,0.0,0,0.0,4.199999999999999,23.88,23.88,7.050831653213501,6.0,0.0,0.0,0.0,0.0,0.0,0.0,3176031,124
static_zone,84,1,1,1,2923.2396206458916,2976.9313072236255,53.69168657773335,53.69168657773389,0.0,0.0,0,0.0,2.2799999999999994,16.84,16.84,11.731686577733358,6.0,0.0,0.0,0.0,0.0,0.0,0.0,297669959,128
static_zone,362,5,5,5,2924.8523366423497,3002.708241378805,77.85590473645529,77.85590473645516,0.0,0.0,0,0.0,13.280000000000001,25.6,25.6,7.375904736455282,6.0,0.0,0.0,0.0,0.0,0.0,0.0,23627861,125
static_zone,611,6,6,6,2924.882142821167,3008.836686708877,83.95454388771057,83.95454388771032,0.0,0.0,0,0.0,19.560000000000002,25.6,25.6,7.194543887710571,6.0,0.0,0.0,0.0,0.0,0.0,0.0,12217623,124
static_zone,563,3,3,3,2933.744395399895,3010.6902501129534,76.94585471305848,76.94585471305845,0.0,0.0,0,0.0,2.599999999999998,30.4,30.4,7.545854713058472,6.0,0.0,0.0,0.0,0.0,0.0,0.0,34320189,124
static_zone,358,4,4,4,2948.488602992165,3015.3410721041805,66.85246911201477,66.85246911201557,0.0,0.0,0,0.0,10.279999999999998,21.76,21.76,7.05246911201477,6.0,0.0,0.0,0.0,0.0,0.0,0.0,3279051,125
static_zone,499,7,7,7,2967.1529053853806,3056.773392778061,89.62048739267986,89.62048739268039,0.0,0.0,0,0.0,4.84,35.84,35.84,7.100487392679851,6.0,0.0,0.0,0.0,0.0,0.0,0.0,6300100,128
static_zone,11,1,1,1,2976.9313072236255,3025.0461098940405,48.114802670415244,48.114802670414974,0.0,0.0,0,0.0,12.64,11.2,11.2,7.0748026704152425,6.0,0.0,0.0,0.0,0.0,0.0,0.0,4684157,127
static_zone,295,2,2,2,2979.1230222031563,3064.3782746231996,85.25525242004394,85.25525242004323,0.0,0.0,0,0.0,10.719999999999999,30.72,30.72,7.095252420043946,6.0,0.0,0.0,0.0,0.0,0.0,0.0,5970744,127
static_zone,6,0,0,0,2987.615221387603,3049.4696928024237,61.85447141482036,61.85447141482064,0.0,0.0,0,0.0,12.959999999999999,17.92,17.92,7.054471414820354,6.0,0.0,0.0,0.0,0.0,0.0,0.0,3405025,125
static_zone,149,5,5,5,3002.708241378805,3078.399980755127,75.69173937632243,75.6917393763224,0.0,0.0,0,0.0,8.479999999999997,27.08,27.08,7.051739376322429,6.0,0.0,0.0,0.0,0.0,0.0,0.0,3233140,127
static_zone,156,6,6,6,3008.836686708877,3059.0002976360774,50.16361092720032,50.16361092720035,0.0,0.0,0,0.0,16.160000000000004,10.44,10.44,7.123610927200318,6.0,0.0,0.0,0.0,0.0,0.0,0.0,7754907,125
static_zone,540,3,3,3,3010.6902501129534,3060.528449288089,49.838199175135294,49.83819917513574,0.0,0.0,0,0.0,26.08,5.32,5.32,7.118199175135294,6.0,0.0,0.0,0.0,0.0,0.0,0.0,7414429,130
static_zone,92,4,4,4,3015.3410721041805,3082.5620856866644,67.22101358248392,67.22101358248392,0.0,0.0,0,0.0,4.199999999999999,24.96,24.96,7.101013582483928,6.0,0.0,0.0,0.0,0.0,0.0,0.0,6333205,125
static_zone,273,1,1,1,3025.0461098940405,3062.2962215011817,37.25011160714131,37.25011160714121,0.0,0.0,0,0.0,1.131370849898475,11.52,11.52,7.078740757242839,6.0,0.0,0.0,0.0,0.0,0.0,0.0,4931920,125
static_zone,453,0,0,0,3049.4696928024237,3097.1446308945915,47.674938092168176,47.67493809216785,0.0,0.0,0,0.0,3.24,15.68,15.68,7.074938092168172,6.0,0.0,0.0,0.0,0.0,0.0,0.0,4692677,124
static_zone,249,7,7,7,3056.773392778061,3139.6553380399528,82.88194526189169,82.88194526189181,0.0,0.0,0,0.0,3.879999999999999,32.96,32.96,7.081945261891683,6.0,0.0,0.0,0.0,0.0,0.0,0.0,5133530,125
static_zone,302,6,6,6,3059.0002976360774,3090.1050097487587,31.10471211268107,31.104712112681227,0.0,0.0,0,0.0,4.84,6.6,6.6,7.064712112681071,6.0,0.0,0.0,0.0,0.0,0.0,0.0,4049314,125
static_zone,370,3,3,3,3060.528449288089,3168.681111767108,108.15266247901917,108.152662479019,0.0,0.0,0,0.0,28.64,32.96,32.96,7.5926624790191655,6.0,0.0,0.0,0.0,0.0,0.0,0.0,37265079,126
static_zone,351,1,1,1,3062.2962215011817,3096.837607611106,34.54138610992432,34.54138610992413,0.0,0.0,0,0.0,3.5599999999999996,8.96,8.96,7.0613861099243165,6.0,0.0,0.0,0.0,0.0,0.0,0.0,3840060,126
static_zone,138,2,2,2,3064.3782746231996,3124.215369367183,59.83709474398295,59.83709474398347,0.0,0.0,0,0.0,16.799999999999997,14.92,14.92,7.197094743982951,6.0,0.0,0.0,0.0,0.0,0.0,0.0,12378109,125
static_zone,368,5,5,5,3078.399980755127,3155.1930701372066,76.79308938207926,76.79308938207942,0.0,0.0,0,0.0,4.13137084989847,29.76,29.76,7.141718532180787,6.0,0.0,0.0,0.0,0.0,0.0,0.0,8894139,125
static_zone,488,4,4,4,3082.5620856866644,3139.01661978014,56.454534093475345,56.45453409347556,0.0,0.0,0,0.0,8.48,17.48,17.48,7.0145340934753415,6.0,0.0,0.0,0.0,0.0,0.0,0.0,892386,124
static_zone,450,6,6,6,3090.1050097487587,3115.426911653437,25.321901904678345,25.32190190467827,0.0,0.0,0,0.0,3.2399999999999998,4.359999999999999,4.359999999999999,7.361901904678345,6.0,0.0,0.0,0.0,0.0,0.0,0.0,22746879,124
static_zone,585,1,1,1,3096.837607611106,3125.6466310278797,28.809023416773478,28.809023416773925,0.0,0.0,0,0.0,4.2,5.76,5.76,7.089023416773478,6.0,0.0,0.0,0.0,0.0,0.0,0.0,5578849,124
static_zone,416,0,0,0,3097.1446308945915,3151.2159432600597,54.07131236546835,54.0713123654682,0.0,0.0,0,0.0,3.880000000000001,18.560000000000002,18.560000000000002,7.071312365468343,6.0,0.0,0.0,0.0,0.0,0.0,0.0,4464566,126
static_zone,162,6,6,6,3115.426911653437,3190.479566878174,75.05265522473654,75.05265522473701,0.0,0.0,0,0.0,18.400000000000002,21.76,21.76,7.132655224736531,6.0,0.0,0.0,0.0,0.0,0.0,0.0,8323925,131
static_zone,159,2,2,2,3124.215369367183,3174.020566210267,49.80519684308369,49.805196843084104,0.0,0.0,0,0.0,2.92,16.84,16.84,7.2051968430837,6.0,0.0,0.0,0.0,0.0,0.0,0.0,12887849,126
static_zone,193,1,1,1,3125.6466310278797,3154.6310399611375,28.984408933258056,28.984408933257782,0.0,0.0,0,0.0,5.92,4.68,4.68,7.7044089332580565,6.0,0.0,0.0,0.0,0.0,0.0,0.0,44295558,126
static_zone,510,4,4,4,3139.01661978014,3187.5773186631036,48.560698882964275,48.56069888296361,0.0,0.0,0,0.0,1.1313708498984765,17.16,17.16,7.109328033065796,6.0,0.0,0.0,0.0,0.0,0.0,0.0,6856305,125
static_zone,361,7,7,7,3139.6553380399528,3212.4981005212608,72.84276248130799,72.842762481308,0.0,0.0,0,0.0,8.16,25.8,25.8,7.0827624813079835,6.0,0.0,0.0,0.0,0.0,0.0,0.0,5184945,126
static_zone,597,0,0,0,3151.2159432600597,3241.8593925172104,90.64344925715127,90.64344925715068,0.0,0.0,0,0.0,14.12,31.68,31.68,7.163449257151286,6.0,0.0,0.0,0.0,0.0,0.0,0.0,10261318,126
static_zone,36,1,1,1,3154.6310399611375,3207.2742816923997,52.64324173126221,52.64324173126215,0.0,0.0,0,0.0,9.96,13.64,13.64,9.403241731262208,6.0,0.0,0.0,0.0,0.0,0.0,0.0,151176876,125
static_zone,272,5,5,5,3155.1930701372066,3221.2827296134237,66.08965947621664,66.0896594762171,0.0,0.0,0,0.0,8.48,22.28,22.28,7.049659476216634,6.0,0.0,0.0,0.0,0.0,0.0,0.0,3102284,125
static_zone,494,3,3,3,3168.681111767108,3221.7540385665006,53.0729267993927,53.07292679939246,0.0,0.0,0,0.0,27.880000000000003,6.08,6.08,7.0329267993927,6.0,0.0,0.0,0.0,0.0,0.0,0.0,2049555,126
static_zone,623,2,2,2,3174.020566210267,3213.117729227794,39.097163017527265,39.09716301752678,0.0,0.0,0,0.0,9.64,8.2,8.2,7.057163017527262,6.0,0.0,0.0,0.0,0.0,0.0,0.0,3574366,124
static_zone,588,4,4,4,3187.5773186631036,3228.3810410684737,40.80372240537008,40.80372240537008,0.0,0.0,0,0.0,8.68,9.48,9.48,7.163722405370077,6.0,0.0,0.0,0.0,0.0,0.0,0.0,10278503,127
static_zone,397,6,6,6,3190.479566878174,3275.9485681347355,85.46900125656127,85.46900125656157,0.0,0.0,0,0.0,10.279999999999998,31.04,31.04,7.109001256561279,6.0,0.0,0.0,0.0,0.0,0.0,0.0,6835746,125
static_zone,468,1,1,1,3207.2742816923997,3291.1853936813577,83.91111198895773,83.91111198895806,0.0,0.0,0,0.0,15.2,27.84,27.84,7.031111988957723,6.0,0.0,0.0,0.0,0.0,0.0,0.0,1935377,124
static_zone,19,7,7,7,3212.4981005212608,3280.051525577337,67.55342505607605,67.55342505607632,0.0,0.0,0,0.0,1.6000000000000008,26.44,26.44,7.07342505607605,6.0,0.0,0.0,0.0,0.0,0.0,0.0,4597485,125
static_zone,296,2,2,2,3213.117729227794,3269.889885273962,56.772156046168014,56.77215604616822,0.0,0.0,0,0.0,9.760000000000002,16.96,16.96,7.092156046168009,6.0,0.0,0.0,0.0,0.0,0.0,0.0,5775937,127
static_zone,527,5,5,5,3221.2827296134237,3264.579764879919,43.29703526649475,43.297035266495186,0.0,0.0,0,0.0,16.36,6.92,6.92,7.097035266494751,6.0,0.0,0.0,0.0,0.0,0.0,0.0,6082911,124
static_zone,108,3,3,3,3221.7540385665006,3270.253592760252,48.49955419375102,48.499554193751464,0.0,0.0,0,0.0,12.32,11.4,11.4,7.379554193751018,6.0,0.0,0.0,0.0,0.0,0.0,0.0,23857465,127
static_zone,115,4,4,4,3228.3810410684737,3280.6235152699305,52.24247420145671,52.242474201456844,0.0,0.0,0,0.0,7.4,15.88,15.88,7.082474201456706,6.0,0.0,0.0,0.0,0.0,0.0,0.0,5166808,125
static_zone,324,0,0,0,3241.8593925172104,3304.895346911487,63.035954394276935,63.035954394276814,0.0,0.0,0,0.0,18.08,14.6,14.6,9.755954394276937,6.0,0.0,0.0,0.0,0.0,0.0,0.0,173367638,128
static_zone,561,5,5,5,3264.579764879919,3327.9784505688285,63.3986856889089,63.39868568890961,0.0,0.0,0,0.0,12.840000000000002,18.76,18.76,7.038685688908895,6.0,0.0,0.0,0.0,0.0,0.0,0.0,2411873,124
static_zone,176,2,2,2,3269.889885273962,3354.257415888433,84.36753061447143,84.36753061447098,0.0,0.0,0,0.0,17.119999999999997,27.08,27.08,7.087530614471436,6.0,0.0,0.0,0.0,0.0,0.0,0.0,5484930,125
static_zone,411,3,3,3,3270.253592760252,3305.5680082961157,35.31441553586325,35.314415535863645,0.0,0.0,0,0.0,2.5999999999999996,9.8,9.8,7.114415535863241,6.0,0.0,0.0,0.0,0.0,0.0,0.0,7176383,124
static_zone,363,6,6,6,3275.9485681347355,3323.1217651768193,47.173197042083736,47.17319704208376,0.0,0.0,0,0.0,29.919999999999998,2.12,2.12,7.01319704208374,6.0,0.0,0.0,0.0,0.0,0.0,0.0,808266,128
static_zone,286,7,7,7,3280.051525577337,3357.842384330796,77.79085875345866,77.7908587534589,0.0,0.0,0,0.0,4.52,29.96,29.96,7.350858753458659,6.0,0.0,0.0,0.0,0.0,0.0,0.0,22052104,125
static_zone,189,4,4,4,3280.6235152699305,3321.3615770873544,40.73806181742351,40.73806181742384,0.0,0.0,0,0.0,6.120000000000001,10.76,10.76,7.098061817423503,6.0,0.0,0.0,0.0,0.0,0.0,0.0,6147496,128
static_zone,473,1,1,1,3291.1853936813577,3359.792251888679,68.60685820732117,68.60685820732124,0.0,0.0,0,0.0,6.879999999999999,21.96,21.96,11.806858207321167,6.0,0.0,0.0,0.0,0.0,0.0,0.0,302399349,125
static_zone,337,0,0,0,3304.895346911487,3389.4239013016954,84.52855439020792,84.52855439020823,0.0,0.0,0,0.0,14.76,28.36,28.36,7.048554390207927,6.0,0.0,0.0,0.0,0.0,0.0,0.0,3032758,126
static_zone,246,3,3,3,3305.5680082961157,3357.431228709578,51.86322041346232,51.863220413462386,0.0,0.0,0,0.0,7.08,15.88,15.88,7.023220413462321,6.0,0.0,0.0,0.0,0.0,0.0,0.0,1438882,125
static_zone,508,4,4,4,3321.3615770873544,3396.6638025260445,75.30222543869019,75.30222543869013,0.0,0.0,0,0.0,14.24,24.0,24.0,7.062225438690185,6.0,0.0,0.0,0.0,0.0,0.0,0.0,3892866,124
static_zone,130,6,6,6,3323.1217651768193,3412.691360384924,89.56959520810446,89.5695952081046,0.0,0.0,0,0.0,24.68,25.8,25.8,7.289595208104451,6.0,0.0,0.0,0.0,0.0,0.0,0.0,18197735,125
static_zone,322,5,5,5,3327.9784505688285,3366.12441903616,38.14596846733093,38.145968467331386,0.0,0.0,0,0.0,14.440000000000001,5.32,5.32,7.065968467330933,6.0,0.0,0.0,0.0,0.0,0.0,0.0,4128357,125
static_zone,179,2,2,2,3354.257415888433,3398.82189779685,44.564481908416745,44.56448190841684,0.0,0.0,0,0.0,24.68,3.4,3.4,7.084481908416748,6.0,0.0,0.0,0.0,0.0,0.0,0.0,5293122,125
static_zone,96,3,3,3,3357.431228709578,3436.8261969124233,79.39496820284525,79.39496820284512,0.0,0.0,0,0.0,12.199999999999998,27.08,27.08,7.034968202845255,6.0,0.0,0.0,0.0,0.0,0.0,0.0,2177989,125
static_zone,429,7,7,7,3357.842384330796,3406.193287496868,48.350903166071575,48.35090316607193,0.0,0.0,0,0.0,26.6,4.359999999999999,4.359999999999999,7.030903166071574,6.0,0.0,0.0,0.0,0.0,0.0,0.0,1922239,125
static_zone,398,1,1,1,3359.792251888679,3430.6260435053728,70.83379161669413,70.83379161669382,0.0,0.0,0,0.0,5.279999999999998,26.24,26.24,7.073791616694132,6.0,0.0,0.0,0.0,0.0,0.0,0.0,4620547,125
static_zone,630,5,5,5,3366.12441903616,3459.1271398228264,93.00272078666687,93.00272078666649,0.0,0.0,0,0.0,23.72,28.04,28.04,7.2027207866668705,6.0,0.0,0.0,0.0,0.0,0.0,0.0,12732069,125
static_zone,308,0,0,0,3389.4239013016954,3443.5759512547743,54.15204995307922,54.15204995307886,0.0,0.0,0,0.0,17.64,11.72,11.72,7.072049953079223,6.0,0.0,0.0,0.0,0.0,0.0,0.0,4510971,125
static_zone,433,4,4,4,3396.6638025260445,3480.6551436193627,83.99134109331766,83.99134109331817,0.0,0.0,0,0.0,12.32,29.32,29.32,7.031341093317668,6.0,0.0,0.0,0.0,0.0,0.0,0.0,1949791,124
static_zone,415,2,2,2,3398.82189779685,3455.558172578014,56.73627478116353,56.73627478116396,0.0,0.0,0,0.0,12.959999999999999,15.36,15.36,7.056274781163534,6.0,0.0,0.0,0.0,0.0,0.0,0.0,3518483,124
static_zone,426,7,7,7,3406.193287496868,3503.8852888729566,97.69200137608846,97.69200137608868,0.0,0.0,0,0.0,25.96,29.32,29.32,7.092001376088461,6.0,0.0,0.0,0.0,0.0,0.0,0.0,5766206,125
static_zone,94,6,6,6,3412.691360384924,3480.3824416019897,67.69108121706644,67.69108121706586,0.0,0.0,0,0.0,12.64,20.16,20.16,8.731081217066446,6.0,0.0,0.0,0.0,0.0,0.0,0.0,108888193,125
static_zone,198,1,1,1,3430.6260435053728,3478.474613170264,47.84856966489156,47.84856966489133,0.0,0.0,0,0.0,19.68,7.56,7.56,7.048569664891561,6.0,0.0,0.0,0.0,0.0,0.0,0.0,3033719,127
static_zone,465,3,3,3,3436.8261969124233,3494.821476737888,57.99527982546488,57.99527982546488,0.0,0.0,0,0.0,11.239999999999998,16.84,16.84,7.075279825464884,6.0,0.0,0.0,0.0,0.0,0.0,0.0,4714177,125
static_zone,307,0,0,0,3443.5759512547743,3498.313237461592,54.73728620681763,54.73728620681777,0.0,0.0,0,0.0,6.76,17.48,17.48,7.017286206817627,6.0,0.0,0.0,0.0,0.0,0.0,0.0,1065534,128
static_zone,574,2,2,2,3455.558172578014,3496.1853793755495,40.62720679753622,40.627206797535564,0.0,0.0,0,0.0,5.159999999999999,11.2,11.2,7.0672067975362145,6.0,0.0,0.0,0.0,0.0,0.0,0.0,4206266,126
static_zone,587,5,5,5,3459.1271398228264,3527.730010851345,68.60287102851868,68.60287102851862,0.0,0.0,0,0.0,15.84,19.2,19.2,8.362871028518677,6.0,0.0,0.0,0.0,0.0,0.0,0.0,85722411,127
static_zone,210,1,1,1,3478.474613170264,3506.021404172156,27.54679100189209,27.54679100189196,0.0,0.0,0,0.0,2.5999999999999996,5.96,5.96,7.02679100189209,6.0,0.0,0.0,0.0,0.0,0.0,0.0,1663524,127
static_zone,459,6,6,6,3480.3824416019897,3554.7599613318584,74.37751972986857,74.37751972986871,0.0,0.0,0,0.0,11.68,24.84,24.84,7.017519729868571,6.0,0.0,0.0,0.0,0.0,0.0,0.0,1080226,124
static_zone,377,4,4,4,3480.6551436193627,3570.0604845658145,89.40534094645182,89.40534094645182,0.0,0.0,0,0.0,6.559999999999999,34.879999999999995,34.879999999999995,7.085340946451823,6.0,0.0,0.0,0.0,0.0,0.0,0.0,5347168,125
static_zone,136,3,3,3,3494.821476737888,3533.9764482499827,39.15497151209513,39.15497151209456,0.0,0.0,0,0.0,9.64,8.2,8.2,7.114971512095133,6.0,0.0,0.0,0.0,0.0,0.0,0.0,7211362,129
static_zone,430,2,2,2,3496.1853793755495,3563.450458226868,67.26507885131836,67.26507885131832,0.0,0.0,0,0.0,11.240000000000002,21.44,21.44,7.14507885131836,6.0,0.0,0.0,0.0,0.0,0.0,0.0,9105552,126
static_zone,634,0,0,0,3498.313237461592,3537.123432499052,38.810195037460325,38.810195037459835,0.0,0.0,0,0.0,11.24,7.24,7.24,7.090195037460327,6.0,0.0,0.0,0.0,0.0,0.0,0.0,5652561,124
static_zone,99,7,7,7,3503.8852888729566,3578.8381362471728,74.95284737421672,74.95284737421616,0.0,0.0,0,0.0,10.719999999999999,25.6,25.6,7.032847374216716,6.0,0.0,0.0,0.0,0.0,0.0,0.0,2044558,125
static_zone,417,1,1,1,3506.021404172156,3593.7734863657847,87.75208219362894,87.75208219362867,0.0,0.0,0,0.0,21.599999999999998,26.56,26.56,7.032082193628947,6.0,0.0,0.0,0.0,0.0,0.0,0.0,1996417,334
static_zone,345,5,5,5,3527.730010851345,3573.3311025175035,45.60109166615804,45.60109166615848,0.0,0.0,0,0.0,7.84,12.36,12.36,7.0410916661580405,6.0,0.0,0.0,0.0,0.0,0.0,0.0,2563244,126
static_zone,80,3,3,3,3533.9764482499827,3569.2982604902018,35.32181224021912,35.32181224021906,0.0,0.0,0,0.0,8.16,7.04,7.04,7.081812240219116,6.0,0.0,0.0,0.0,0.0,0.0,0.0,5125161,130
static_zone,306,0,0,0,3537.123432499052,3605.0301285245187,67.90669602546691,67.90669602546677,0.0,0.0,0,0.0,13.92,20.16,20.16,7.666696025466919,6.0,0.0,0.0,0.0,0.0,0.0,0.0,41922867,125
static_zone,196,6,6,6,3554.7599613318584,3638.613274070531,83.8533127386729,83.85331273867268,0.0,0.0,0,0.0,7.719999999999999,31.56,31.56,7.013312738672893,6.0,0.0,0.0,0.0,0.0,0.0,0.0,815545,125
static_zone,518,2,2,2,3563.450458226868,3612.0932594750366,48.642801248168944,48.64280124816878,0.0,0.0,0,0.0,9.320000000000002,13.12,13.12,7.082801248168946,6.0,0.0,0.0,0.0,0.0,0.0,0.0,5187384,124
static_zone,633,3,3,3,3569.2982604902018,3637.782058693607,68.48379820340475,68.48379820340506,0.0,0.0,0,0.0,14.440000000000001,20.48,20.48,7.083798203404744,6.0,0.0,0.0,0.0,0.0,0.0,0.0,5250107,125
static_zone,281,4,4,4,3570.0604845658145,3637.136440832472,67.07595626665751,67.07595626665761,0.0,0.0,0,0.0,17.759999999999998,18.12,18.12,7.075956266657512,6.0,0.0,0.0,0.0,0.0,0.0,0.0,4756735,125
static_zone,320,5,5,5,3573.3311025175035,3667.798484059964,94.46738154246013,94.46738154246032,0.0,0.0,0,0.0,19.560000000000002,30.92,30.92,7.067381542460124,6.0,0.0,0.0,0.0,0.0,0.0,0.0,4217260,129
static_zone,348,7,7,7,3578.8381362471728,3627.5153339212247,48.677197674051925,48.67719767405197,0.0,0.0,0,0.0,17.64,8.96,8.96,7.117197674051921,6.0,0.0,0.0,0.0,0.0,0.0,0.0,7351420,125
static_zone,174,1,1,1,3593.7734863657847,3668.497882735973,74.72439637018839,74.72439637018806,0.0,0.0,0,0.0,7.52,27.08,27.08,7.044396370188395,6.0,0.0,0.0,0.0,0.0,0.0,0.0,2771158,125
static_zone,553,0,0,0,3605.0301285245187,3677.537657648079,72.50752912356059,72.50752912356029,0.0,0.0,0,0.0,11.04,24.2,24.2,7.067529123560588,6.0,0.0,0.0,0.0,0.0,0.0,0.0,4226545,126
static_zone,533,2,2,2,3612.0932594750366,3641.131784118477,29.03852464343997,29.03852464344027,0.0,0.0,0,0.0,12.319999999999999,1.7888543819998317,1.7888543819998317,7.140815879440308,6.0,0.0,0.0,0.0,0.0,0.0,0.0,8837349,125
static_zone,395,7,7,7,3627.5153339212247,3684.6249137052373,57.10957978401184,57.10957978401257,0.0,0.0,0,0.0,9.32,17.28,17.28,7.2295797840118405,6.0,0.0,0.0,0.0,0.0,0.0,0.0,14421891,124
static_zone,164,4,4,4,3637.136440832472,3706.0842694669886,68.94782863451638,68.94782863451655,0.0,0.0,0,0.0,7.199999999999999,24.32,24.32,7.107828634516398,6.0,0.0,0.0,0.0,0.0,0.0,0.0,6761971,125
static_zone,126,3,3,3,3637.782058693607,3680.350860253945,42.56880156033834,42.568801560338215,0.0,0.0,0,0.0,13.48,8.0,8.0,7.0888015603383385,6.0,0.0,0.0,0.0,0.0,0.0,0.0,5564891,125
static_zone,582,6,6,6,3638.613274070531,3714.5185678609673,75.90529379043579,75.90529379043619,0.0,0.0,0,0.0,2.2799999999999976,30.28,30.28,7.065293790435791,6.0,0.0,0.0,0.0,0.0,0.0,0.0,4085910,124
static_zone,440,2,2,2,3641.131784118477,3746.14167338252,105.00988926404318,105.00988926404307,0.0,0.0,0,0.0,30.12,30.92,30.92,7.0498892640431725,6.0,0.0,0.0,0.0,0.0,0.0,0.0,3116741,125
static_zone,4,5,5,5,3667.798484059964,3738.5842439746166,70.7857599146525,70.78575991465277,0.0,0.0,0,0.0,6.120000000000001,25.8,25.8,7.0657599146525065,6.0,0.0,0.0,0.0,0.0,0.0,0.0,4115236,125
static_zone,10,1,1,1,3668.497882735973,3763.065276889187,94.56739415321351,94.56739415321408,0.0,0.0,0,0.0,9.760000000000002,35.84,35.84,7.127394153213501,6.0,0.0,0.0,0.0,0.0,0.0,0.0,7992927,125
static_zone,293,0,0,0,3677.537657648079,3755.3555699834114,77.81791233533224,77.8179123353325,0.0,0.0,0,0.0,6.120000000000001,29.32,29.32,7.057912335332235,6.0,0.0,0.0,0.0,0.0,0.0,0.0,3621509,125
static_zone,457,3,3,3,3680.350860253945,3762.353455829533,82.00259557558695,82.00259557558775,0.0,0.0,0,0.0,18.28,25.28,25.28,7.162595575586955,6.0,0.0,0.0,0.0,0.0,0.0,0.0,10207609,124
static_zone,197,7,7,7,3684.6249137052373,3737.075056834204,52.450143128967284,52.45014312896683,0.0,0.0,0,0.0,6.24,16.52,16.52,7.170143128967285,6.0,0.0,0.0,0.0,0.0,0.0,0.0,10682460,125
static_zone,25,4,4,4,3706.0842694669886,3752.7995501984446,46.715280731455486,46.715280731456005,0.0,0.0,0,0.0,17.0,8.32,8.32,7.075280731455485,6.0,0.0,0.0,0.0,0.0,0.0,0.0,4714234,266
static_zone,469,6,6,6,3714.5185678609673,3800.0626154947113,85.54404763374329,85.54404763374396,0.0,0.0,0,0.0,4.6000000000000005,33.92,33.92,7.104047633743286,6.0,0.0,0.0,0.0,0.0,0.0,0.0,6524091,126
static_zone,571,7,7,7,3737.075056834204,3806.2228144168052,69.1477575826009,69.14775758260112,0.0,0.0,0,0.0,8.36,23.88,23.88,7.027757582600912,6.0,0.0,0.0,0.0,0.0,0.0,0.0,1724336,127
static_zone,568,5,5,5,3738.5842439746166,3793.0939468716247,54.50970289700826,54.50970289700808,0.0,0.0,0,0.0,24.16,8.64,8.64,7.06970289700826,6.0,0.0,0.0,0.0,0.0,0.0,0.0,4363307,125
static_zone,220,2,2,2,3746.14167338252,3813.7395773604862,67.59790397796631,67.59790397796633,0.0,0.0,0,0.0,21.28,16.64,16.64,7.037903977966309,6.0,0.0,0.0,0.0,0.0,0.0,0.0,2362692,126
static_zone,178,4,4,4,3752.7995501984446,3845.8031474467766,93.0035972483317,93.00359724833197,0.0,0.0,0,0.0,25.759999999999998,27.08,27.08,7.083597248331706,6.0,0.0,0.0,0.0,0.0,0.0,0.0,5237464,126
static_zone,225,0,0,0,3755.3555699834114,3816.52390194498,61.1683319615682,61.16833196156858,0.0,0.0,0,0.0,12.52,17.8,17.8,7.048331961568197,6.0,0.0,0.0,0.0,0.0,0.0,0.0,3018764,125
static_zone,85,3,3,3,3762.353455829533,3821.6251696632785,59.27171383374532,59.27171383374571,0.0,0.0,0,0.0,6.440000000000001,19.84,19.84,7.151713833745321,6.0,0.0,0.0,0.0,0.0,0.0,0.0,9522989,125
static_zone,513,1,1,1,3763.065276889187,3832.7758450930496,69.71056820386251,69.71056820386275,0.0,0.0,0,0.0,17.0,19.84,19.84,7.030568203862508,6.0,0.0,0.0,0.0,0.0,0.0,0.0,1901165,124
static_zone,300,5,5,5,3793.0939468716247,3880.305318701865,87.21137183024088,87.2113718302403,0.0,0.0,0,0.0,19.56,27.2,27.2,7.251371830240886,6.0,0.0,0.0,0.0,0.0,0.0,0.0,15792928,125
static_zone,339,6,6,6,3800.0626154947113,3872.0070577366346,71.94444224192301,71.9444422419233,0.0,0.0,0,0.0,11.040000000000003,23.88,23.88,7.144442241923015,6.0,0.0,0.0,0.0,0.0,0.0,0.0,9065500,125
static_zone,236,7,7,7,3806.2228144168052,3864.8335385909227,58.61072417411804,58.61072417411742,0.0,0.0,0,0.0,4.199999999999999,20.68,20.68,7.050724174118042,6.0,0.0,0.0,0.0,0.0,0.0,0.0,3169269,125
static_zone,119,2,2,2,3813.7395773604862,3902.3770387477393,88.63746138725281,88.6374613872531,0.0,0.0,0,0.0,14.759999999999998,30.4,30.4,7.077461387252808,6.0,0.0,0.0,0.0,0.0,0.0,0.0,4851429,196
static_zone,359,0,0,0,3816.52390194498,3860.7880809537187,44.264179008738196,44.264179008738665,0.0,0.0,0,0.0,18.4,6.4,6.4,7.0641790087382,6.0,0.0,0.0,0.0,0.0,0.0,0.0,4015774,126
static_zone,43,3,3,3,3821.6251696632785,3871.843594534978,50.218424871699014,50.218424871699426,0.0,0.0,0,0.0,4.52,16.32,16.32,7.058424871699016,6.0,0.0,0.0,0.0,0.0,0.0,0.0,3653755,149
static_zone,120,1,1,1,3832.7758450930496,3891.1698884384377,58.39404334538777,58.39404334538813,0.0,0.0,0,0.0,6.559999999999999,19.4,19.4,7.034043345387777,6.0,0.0,0.0,0.0,0.0,0.0,0.0,2119802,125
static_zone,367,4,4,4,3845.8031474467766,3926.5750380949185,80.77189064814249,80.77189064814183,0.0,0.0,0,0.0,5.16,31.24,31.24,7.131890648142496,6.0,0.0,0.0,0.0,0.0,0.0,0.0,8275822,125
static_zone,391,0,0,0,3860.7880809537187,3910.526887619393,49.73880666567484,49.738806665674474,0.0,0.0,0,0.0,12.639999999999999,12.04,12.04,7.018806665674846,6.0,0.0,0.0,0.0,0.0,0.0,0.0,1161193,124
static_zone,142,7,7,7,3864.8335385909227,3910.665025771251,45.83148718032837,45.83148718032817,0.0,0.0,0,0.0,22.56,5.12,5.12,7.031487180328369,6.0,0.0,0.0,0.0,0.0,0.0,0.0,1958982,125
static_zone,402,3,3,3,3871.843594534978,3919.5046831589148,47.66108862393697,47.66108862393685,0.0,0.0,0,0.0,5.279999999999999,14.6,14.6,7.181088623936971,6.0,0.0,0.0,0.0,0.0,0.0,0.0,11371091,126
static_zone,352,6,6,6,3872.0070577366346,3942.0100196217054,70.00296188507079,70.00296188507082,0.0,0.0,0,0.0,3.0,26.88,26.88,7.242961885070801,6.0,0.0,0.0,0.0,0.0,0.0,0.0,15263820,129
static_zone,317,5,5,5,3880.305318701865,3937.4873261401435,57.1820074382782,57.18200743827856,0.0,0.0,0,0.0,12.319999999999999,15.88,15.88,7.102007438278198,6.0,0.0,0.0,0.0,0.0,0.0,0.0,6395733,126
static_zone,30,1,1,1,3891.1698884384377,3937.0499152064226,45.88002676798502,45.88002676798487,0.0,0.0,0,0.0,20.32,6.08,6.08,7.400026767985026,6.0,0.0,0.0,0.0,0.0,0.0,0.0,25145488,127
static_zone,184,2,2,2,3902.3770387477393,3961.438441257683,59.06140250994364,59.06140250994349,0.0,0.0,0,0.0,17.32,14.08,14.08,7.581402509943644,6.0,0.0,0.0,0.0,0.0,0.0,0.0,36556663,125
static_zone,51,0,0,0,3910.526887619393,3954.4618540706565,43.93496645126343,43.934966451263335,0.0,0.0,0,0.0,7.199999999999999,11.84,11.84,7.054966451263428,6.0,0.0,0.0,0.0,0.0,0.0,0.0,3436170,267
static_zone,338,7,7,7,3910.665025771251,3991.1126573353276,80.44763156407674,80.4476315640768,0.0,0.0,0,0.0,22.88,21.0,21.0,9.567631564076741,6.0,0.0,0.0,0.0,0.0,0.0,0.0,161519390,125
static_zone,319,3,3,3,3919.5046831589148,3955.0856572338507,35.58097407493592,35.580974074935966,0.0,0.0,0,0.0,8.68,6.92,6.92,7.060974074935913,6.0,0.0,0.0,0.0,0.0,0.0,0.0,3814137,125
static_zone,545,4,4,4,3926.5750380949185,3998.6813566560913,72.10631856117249,72.10631856117288,0.0,0.0,0,0.0,17.439999999999998,20.8,20.8,7.066318561172485,6.0,0.0,0.0,0.0,0.0,0.0,0.0,4150383,124
static_zone,202,1,1,1,3937.0499152064226,3977.7277387451395,40.67782353871664,40.67782353871689,0.0,0.0,0,0.0,5.8,10.879999999999999,10.879999999999999,7.117823538716634,6.0,0.0,0.0,0.0,0.0,0.0,0.0,7390796,132
static_zone,56,5,5,5,3937.4873261401435,3982.6931021877867,45.20577604764303,45.20577604764321,0.0,0.0,0,0.0,13.920000000000002,8.96,8.96,7.365776047643026,6.0,0.0,0.0,0.0,0.0,0.0,0.0,22990619,196
static_zone,428,6,6,6,3942.0100196217054,4007.4024862795986,65.39246665789287,65.39246665789324,0.0,0.0,0,0.0,3.5599999999999987,24.32,24.32,7.192466657892863,6.0,0.0,0.0,0.0,0.0,0.0,0.0,12086935,124
static_zone,456,0,0,0,3954.4618540706565,3981.664918859243,27.203064788585422,27.20306478858629,0.0,0.0,0,0.0,11.36,1.3856406460551018,1.3856406460551018,7.07178349647522,6.0,0.0,0.0,0.0,0.0,0.0,0.0,4494207,124
static_zone,160,3,3,3,3955.0856572338507,3987.665973740809,32.580316506958006,32.5803165069583,0.0,0.0,0,0.0,8.48,5.4399999999999995,5.4399999999999995,7.2203165069580075,6.0,0.0,0.0,0.0,0.0,0.0,0.0,13839096,126
static_zone,191,2,2,2,3961.438441257683,3993.2639799103567,31.825538652674354,31.825538652673913,0.0,0.0,0,0.0,11.36,3.72,3.72,7.025538652674357,6.0,0.0,0.0,0.0,0.0,0.0,0.0,1584733,126
static_zone,301,1,1,1,3977.7277387451395,4027.9122893594326,50.184550614293414,50.18455061429313,0.0,0.0,0,0.0,5.8,15.68,15.68,7.024550614293417,6.0,0.0,0.0,0.0,0.0,0.0,0.0,1522571,126
static_zone,555,0,0,0,3981.664918859243,4026.592357056316,44.92743819707235,44.927438197073116,0.0,0.0,0,0.0,10.28,10.76,10.76,7.1274381970723475,6.0,0.0,0.0,0.0,0.0,0.0,0.0,7995698,126
static_zone,261,5,5,5,3982.6931021877867,4042.3951442984835,59.70204211069742,59.702042110696766,0.0,0.0,0,0.0,14.239999999999998,16.2,16.2,7.062042110697428,6.0,0.0,0.0,0.0,0.0,0.0,0.0,3881332,125
static_zone,69,3,3,3,3987.665973740809,4029.9350400188846,42.269066278076174,42.26906627807557,0.0,0.0,0,0.0,10.72,9.16,9.16,7.229066278076172,6.0,0.0,0.0,0.0,0.0,0.0,0.0,14389584,125
static_zone,491,7,7,7,3991.1126573353276,4042.701423555675,51.58876622034708,51.588766220347225,0.0,0.0,0,0.0,17.44,10.559999999999999,10.559999999999999,7.028766220347086,6.0,0.0,0.0,0.0,0.0,0.0,0.0,1787794,125
static_zone,87,2,2,2,3993.2639799103567,4029.708378807782,36.44439889742534,36.444398897425344,0.0,0.0,0,0.0,5.92,8.64,8.64,7.2443988974253335,6.0,0.0,0.0,0.0,0.0,0.0,0.0,15354229,127
static_zone,562,4,4,4,3998.6813566560913,4047.143557957284,48.46220130119324,48.462201301192636,0.0,0.0,0,0.0,8.16,13.64,13.64,7.022201301193237,6.0,0.0,0.0,0.0,0.0,0.0,0.0,1374765,124
static_zone,378,6,6,6,4007.4024862795986,4059.226873809226,51.82438752962748,51.82438752962753,0.0,0.0,0,0.0,11.88,13.44,13.44,7.064387529627482,6.0,0.0,0.0,0.0,0.0,0.0,0.0,4028893,125
static_zone,603,0,0,0,4026.592357056316,4070.7930738331,44.20071677678426,44.20071677678425,0.0,0.0,0,0.0,3.880000000000001,13.64,13.64,7.0407167767842616,6.0,0.0,0.0,0.0,0.0,0.0,0.0,2539658,125
static_zone,239,1,1,1,4027.9122893594326,4113.07860307276,85.16631371332805,85.16631371332778,0.0,0.0,0,0.0,18.080000000000002,26.76,26.76,7.566313713328044,6.0,0.0,0.0,0.0,0.0,0.0,0.0,35607358,125
static_zone,297,2,2,2,4029.708378807782,4102.273987921094,72.56560911331177,72.5656091133119,0.0,0.0,0,0.0,18.72,20.36,20.36,7.125609113311768,6.0,0.0,0.0,0.0,0.0,0.0,0.0,7880622,127
static_zone,332,3,3,3,4029.9350400188846,4075.739955489898,45.80491547101339,45.80491547101337,0.0,0.0,0,0.0,5.48,13.64,13.64,7.044915471013387,6.0,0.0,0.0,0.0,0.0,0.0,0.0,2803817,125
static_zone,242,5,5,5,4042.3951442984835,4102.417571722215,60.022427423731486,60.02242742373164,0.0,0.0,0,0.0,5.280000000000001,20.48,20.48,7.782427423731486,6.0,0.0,0.0,0.0,0.0,0.0,0.0,49204057,126
static_zone,437,7,7,7,4042.701423555675,4127.8037900873005,85.10236653162639,85.10236653162565,0.0,0.0,0,0.0,21.6,25.16,25.16,7.182366531626384,6.0,0.0,0.0,0.0,0.0,0.0,0.0,11451490,126
static_zone,519,4,4,4,4047.143557957284,4132.127208268054,84.98365031077067,84.98365031077037,0.0,0.0,0,0.0,15.52,28.16,28.16,7.143650310770671,6.0,0.0,0.0,0.0,0.0,0.0,0.0,9015676,124
static_zone,2,6,6,6,4059.226873809226,4119.314064082766,60.087190273539235,60.08719027353982,0.0,0.0,0,0.0,11.360000000000001,17.8,17.8,7.127190273539226,6.0,0.0,0.0,0.0,0.0,0.0,0.0,7980100,126
static_zone,412,0,0,0,4070.7930738331,4116.0992433540505,45.30616952095032,45.306169520950334,0.0,0.0,0,0.0,9.120000000000001,11.52,11.52,7.146169520950317,6.0,0.0,0.0,0.0,0.0,0.0,0.0,9174171,124
static_zone,369,3,3,3,4075.739955489898,4114.521107266148,38.781151776250205,38.78115177624977,0.0,0.0,0,0.0,3.5600000000000005,11.08,11.08,7.061151776250203,6.0,0.0,0.0,0.0,0.0,0.0,0.0,3825317,125
static_zone,449,2,2,2,4102.273987921094,4155.4401037660755,53.16611584498088,53.166115844981505,0.0,0.0,0,0.0,2.599999999999998,18.76,18.76,7.046115844980876,6.0,0.0,0.0,0.0,0.0,0.0,0.0,2879338,124
static_zone,83,5,5,5,4102.417571722215,4150.441499447307,48.02392772509257,48.02392772509211,0.0,0.0,0,0.0,8.040000000000001,13.44,13.44,7.10392772509257,6.0,0.0,0.0,0.0,0.0,0.0,0.0,6516547,126
static_zone,388,1,1,1,4113.07860307276,4168.244733566178,55.16613049341838,55.16613049341777,0.0,0.0,0,0.0,25.44,8.32,8.32,7.086130493418375,6.0,0.0,0.0,0.0,0.0,0.0,0.0,5396842,125
static_zone,166,3,3,3,4114.521107266148,4200.753141248362,86.23203398221334,86.23203398221449,0.0,0.0,0,0.0,17.64,27.72,27.72,7.1520339822133385,6.0,0.0,0.0,0.0,0.0,0.0,0.0,9543131,127
static_zone,436,0,0,0,4116.0992433540505,4147.621963355526,31.522720001475015,31.522720001475136,0.0,0.0,0,0.0,6.56,5.96,5.96,7.042720001475017,6.0,0.0,0.0,0.0,0.0,0.0,0.0,2665690,124
static_zone,405,6,6,6,4119.314064082766,4192.06597355326,72.75190947049458,72.75190947049396,0.0,0.0,0,0.0,8.68,25.48,25.48,7.111909470494588,6.0,0.0,0.0,0.0,0.0,0.0,0.0,7018715,124
static_zone,17,7,7,7,4127.8037900873005,4195.128673079345,67.32488299204508,67.32488299204488,0.0,0.0,0,0.0,10.080000000000002,22.08,22.08,7.084882992045085,6.0,0.0,0.0,0.0,0.0,0.0,0.0,5318356,125
static_zone,448,4,4,4,4132.127208268054,4194.589334321165,62.46212605311075,62.462126053110296,0.0,0.0,0,0.0,9.0,20.16,20.16,7.142126053110759,6.0,0.0,0.0,0.0,0.0,0.0,0.0,8919778,127
static_zone,45,0,0,0,4147.621963355526,4189.85938848408,42.237425128555294,42.237425128554605,0.0,0.0,0,0.0,6.24,11.2,11.2,7.597425128555298,6.0,0.0,0.0,0.0,0.0,0.0,0.0,37564719,125
static_zone,346,5,5,5,4150.441499447307,4244.157589597124,93.71609014981588,93.71609014981641,0.0,0.0,0,0.0,22.560000000000002,29.0,29.0,7.156090149815878,6.0,0.0,0.0,0.0,0.0,0.0,0.0,9798323,125
static_zone,406,2,2,2,4155.4401037660755,4208.103502211459,52.663398445383706,52.66339844538379,0.0,0.0,0,0.0,12.000000000000002,13.76,13.76,7.143398445383708,6.0,0.0,0.0,0.0,0.0,0.0,0.0,8999830,125
static_zone,1,1,1,1,4168.244733566178,4276.663756827184,108.41902326100667,108.41902326100626,0.0,0.0,0,0.0,26.919999999999998,34.239999999999995,34.239999999999995,7.019023261006673,6.0,0.0,0.0,0.0,0.0,0.0,0.0,1174820,125
static_zone,621,0,0,0,4189.85938848408,4222.097917296743,32.238528812662764,32.23852881266248,0.0,0.0,0,0.0,5.28,6.92,6.92,7.118528812662761,6.0,0.0,0.0,0.0,0.0,0.0,0.0,7435168,126
static_zone,34,6,6,6,4192.06597355326,4250.42778203918,58.36180848592123,58.36180848591994,0.0,0.0,0,0.0,20.0,12.48,12.48,7.401808485921224,6.0,0.0,0.0,0.0,0.0,0.0,0.0,25257584,125
static_zone,280,4,4,4,4194.589334321165,4240.240591290871,45.65125696970622,45.65125696970608,0.0,0.0,0,0.0,9.76,11.4,11.4,7.091256969706217,6.0,0.0,0.0,0.0,0.0,0.0,0.0,5719372,127
static_zone,161,7,7,7,4195.128673079345,4238.4828473642165,43.35417428487142,43.35417428487108,0.0,0.0,0,0.0,15.839999999999998,7.24,7.24,7.034174284871419,6.0,0.0,0.0,0.0,0.0,0.0,0.0,2128040,125
static_zone,374,3,3,3,4200.753141248362,4262.246236215506,61.49309496714274,61.493094967143406,0.0,0.0,0,0.0,20.96,13.76,13.76,7.013094967142741,6.0,0.0,0.0,0.0,0.0,0.0,0.0,801844,125
static_zone,88,2,2,2,4208.103502211459,4278.412086299085,70.30858408762614,70.3085840876256,0.0,0.0,0,0.0,14.56,21.32,21.32,7.10858408762614,6.0,0.0,0.0,0.0,0.0,0.0,0.0,6809500,125
static_zone,22,0,0,0,4222.097917296743,4245.8231490379485,23.725231741205853,23.72523174120579,0.0,0.0,0,0.0,5.16,2.76,2.76,7.045231741205852,6.0,0.0,0.0,0.0,0.0,0.0,0.0,2823715,125
static_zone,208,7,7,7,4238.4828473642165,4270.166645054692,31.683797690476492,31.68379769047533,0.0,0.0,0,0.0,9.76,4.385640646055101,4.385640646055101,7.152516398366292,6.0,0.0,0.0,0.0,0.0,0.0,0.0,9573482,404
static_zone,424,4,4,4,4240.240591290871,4325.596614232079,85.35602294120788,85.35602294120872,0.0,0.0,0,0.0,17.119999999999997,27.52,27.52,7.196022941207886,6.0,0.0,0.0,0.0,0.0,0.0,0.0,12310677,130
static_zone,392,5,5,5,4244.157589597124,4299.616229268067,55.458639670944216,55.45863967094374,0.0,0.0,0,0.0,29.6,6.4,6.4,7.058639670944214,6.0,0.0,0.0,0.0,0.0,0.0,0.0,3667269,124
static_zone,271,0,0,0,4245.8231490379485,4327.808519249487,81.98537021153768,81.9853702115388,0.0,0.0,0,0.0,21.799999999999997,23.56,23.56,7.0653702115376795,6.0,0.0,0.0,0.0,0.0,0.0,0.0,4090718,127
static_zone,573,6,6,6,4250.42778203918,4303.730998011699,53.30321597251892,53.303215972518956,0.0,0.0,0,0.0,9.76,15.24,15.24,7.063215972518921,6.0,0.0,0.0,0.0,0.0,0.0,0.0,3955185,125
static_zone,143,3,3,3,4262.246236215506,4328.7649493066565,66.51871309115091,66.51871309115086,0.0,0.0,0,0.0,9.319999999999999,22.08,22.08,7.038713091150919,6.0,0.0,0.0,0.0,0.0,0.0,0.0,2413597,125
static_zone,222,7,7,7,4270.166645054692,4367.07630019169,96.90965513699848,96.90965513699848,0.0,0.0,0,0.0,29.599999999999998,27.08,27.08,7.149655136998494,6.0,0.0,0.0,0.0,0.0,0.0,0.0,9393467,127
static_zone,474,1,1,1,4276.663756827184,4326.775870576229,50.11211374904605,50.11211374904451,0.0,0.0,0,0.0,33.44,1.7888543819998317,1.7888543819998317,7.094404985046387,6.0,0.0,0.0,0.0,0.0,0.0,0.0,5917428,124
static_zone,497,2,2,2,4278.412086299085,4340.5525631186965,62.1404768196106,62.14047681961165,0.0,0.0,0,0.0,7.52,20.8,20.8,7.020476819610596,6.0,0.0,0.0,0.0,0.0,0.0,0.0,1266270,124
static_zone,443,5,5,5,4299.616229268067,4365.890862416516,66.27463314844768,66.27463314844863,0.0,0.0,0,0.0,14.12,19.52,19.52,7.114633148447672,6.0,0.0,0.0,0.0,0.0,0.0,0.0,7190074,124
static_zone,168,6,6,6,4303.730998011699,4382.31221397341,78.58121596171061,78.58121596171077,0.0,0.0,0,0.0,12.319999999999999,26.56,26.56,7.141215961710612,6.0,0.0,0.0,0.0,0.0,0.0,0.0,8862520,126
static_zone,329,4,4,4,4325.596614232079,4390.193332948637,64.59671871655783,64.59671871655792,0.0,0.0,0,0.0,5.599999999999998,22.92,22.92,7.156718716557821,6.0,0.0,0.0,0.0,0.0,0.0,0.0,9837869,129
static_zone,303,1,1,1,4326.775870576229,4356.291156136456,29.51528556022644,29.515285560227312,0.0,0.0,0,0.0,4.84,5.64,5.64,7.395285560226441,6.0,0.0,0.0,0.0,0.0,0.0,0.0,24847197,127
static_zone,146,0,0,0,4327.808519249487,4397.316439856355,69.50792060686747,69.50792060686763,0.0,0.0,0,0.0,4.599999999999996,25.92,25.92,7.067920606867473,6.0,0.0,0.0,0.0,0.0,0.0,0.0,4251175,128
static_zone,620,3,3,3,4328.7649493066565,4415.776806363212,87.01185705655416,87.01185705655553,0.0,0.0,0,0.0,14.560000000000002,29.64,29.64,7.171857056554159,6.0,0.0,0.0,0.0,0.0,0.0,0.0,10790291,124
static_zone,57,2,2,2,4340.5525631186965,4385.964106991784,45.41154387308757,45.411543873087794,0.0,0.0,0,0.0,11.240000000000002,10.559999999999999,10.559999999999999,7.0515438730875655,6.0,0.0,0.0,0.0,0.0,0.0,0.0,3220840,127
static_zone,321,1,1,1,4356.291156136456,4376.4499671159165,20.158810979461673,20.158810979460213,0.0,0.0,0,0.0,5.4799999999999995,0.8,0.8,7.07881097946167,6.0,0.0,0.0,0.0,0.0,0.0,0.0,4936338,126
static_zone,238,5,5,5,4365.890862416516,4440.127400408613,74.23653799209595,74.2365379920966,0.0,0.0,0,0.0,8.04,26.56,26.56,7.076537992095948,6.0,0.0,0.0,0.0,0.0,0.0,0.0,4793334,127
static_zone,134,7,7,7,4367.07630019169,4431.142756050175,64.0664558584849,64.06645585848491,0.0,0.0,0,0.0,5.159999999999997,22.92,22.92,7.066455858484904,6.0,0.0,0.0,0.0,0.0,0.0,0.0,4159021,128
static_zone,109,1,1,1,4376.4499671159165,4480.247861353689,103.79789423777262,103.7978942377722,0.0,0.0,0,0.0,30.12,30.28,30.28,7.1178942377726235,6.0,0.0,0.0,0.0,0.0,0.0,0.0,7395244,125
static_zone,228,6,6,6,4382.31221397341,4431.567013929032,49.25479995562235,49.25479995562273,0.0,0.0,0,0.0,18.919999999999998,8.64,8.64,7.0547999556223555,6.0,0.0,0.0,0.0,0.0,0.0,0.0,3425695,125
static_zone,544,2,2,2,4385.964106991784,4416.274238050414,30.310131058629352,30.31013105862985,0.0,0.0,0,0.0,5.92,5.64,5.64,7.110131058629354,6.0,0.0,0.0,0.0,0.0,0.0,0.0,6906827,124
static_zone,541,4,4,4,4390.193332948637,4433.44273281881,43.249399870173136,43.249399870172965,0.0,0.0,0,0.0,17.64,6.28,6.28,7.049399870173136,6.0,0.0,0.0,0.0,0.0,0.0,0.0,3085951,124
static_zone,81,0,0,0,4397.316439856355,4486.304923649233,88.98848379287719,88.98848379287847,0.0,0.0,0,0.0,8.68,33.6,33.6,7.108483792877197,6.0,0.0,0.0,0.0,0.0,0.0,0.0,6803190,125
static_zone,490,3,3,3,4415.776806363212,4477.996016531668,62.21921016845704,62.2192101684559,0.0,0.0,0,0.0,24.16,12.48,12.48,7.099210168457032,6.0,0.0,0.0,0.0,0.0,0.0,0.0,6219744,125
static_zone,55,2,2,2,4416.274238050414,4518.612783482441,102.33854543202717,102.33854543202688,0.0,0.0,0,0.0,26.599999999999998,31.24,31.24,7.258545432027181,6.0,0.0,0.0,0.0,0.0,0.0,0.0,16244252,128
static_zone,389,7,7,7,4431.142756050175,4488.955204384806,57.81244833463033,57.81244833463097,0.0,0.0,0,0.0,4.200000000000003,19.72,19.72,8.172448334630332,6.0,0.0,0.0,0.0,0.0,0.0,0.0,73742051,130
static_zone,408,6,6,6,4431.567013929032,4536.680393501201,105.11337957216897,105.11337957216892,0.0,0.0,0,0.0,29.599999999999998,31.24,31.24,7.033379572168986,6.0,0.0,0.0,0.0,0.0,0.0,0.0,2078041,125
static_zone,365,4,4,4,4433.44273281881,4492.125593464995,58.68286064618429,58.68286064618496,0.0,0.0,0,0.0,11.68,16.96,16.96,7.082860646184286,6.0,0.0,0.0,0.0,0.0,0.0,0.0,5191121,130
static_zone,347,5,5,5,4440.127400408613,4491.627008977695,51.499608569081616,51.49960856908274,0.0,0.0,0,0.0,17.0,10.559999999999999,10.559999999999999,7.379608569081625,6.0,0.0,0.0,0.0,0.0,0.0,0.0,23860886,125
static_zone,289,3,3,3,4477.996016531668,4507.986932788507,29.990916256841025,29.990916256839228,0.0,0.0,0,0.0,9.32,3.8,3.8,7.0709162568410235,6.0,0.0,0.0,0.0,0.0,0.0,0.0,4439645,125
static_zone,100,1,1,1,4480.247861353689,4556.200184518566,75.9523231648763,75.95232316487727,0.0,0.0,0,0.0,11.68,25.6,25.6,7.072323164876302,6.0,0.0,0.0,0.0,0.0,0.0,0.0,4528160,125
static_zone,340,0,0,0,4486.304923649233,4540.039862078367,53.734938429133095,53.73493842913376,0.0,0.0,0,0.0,28.520000000000003,6.08,6.08,7.054938429133097,6.0,0.0,0.0,0.0,0.0,0.0,0.0,3434407,126
static_zone,315,7,7,7,4488.955204384806,4541.531808215398,52.576603830591836,52.57660383059192,0.0,0.0,0,0.0,13.919999999999998,12.8,12.8,7.056603830591838,6.0,0.0,0.0,0.0,0.0,0.0,0.0,3539185,125
static_zone,223,5,5,5,4491.627008977695,4590.286772963902,98.65976398620606,98.6597639862066,0.0,0.0,0,0.0,22.12,31.68,31.68,7.179763986206055,6.0,0.0,0.0,0.0,0.0,0.0,0.0,11287752,125
static_zone,183,4,4,4,4492.125593464995,4587.989541811706,95.8639483467102,95.86394834671046,0.0,0.0,0,0.0,20.96,30.92,30.92,7.063948346710205,6.0,0.0,0.0,0.0,0.0,0.0,0.0,4001262,125
static_zone,539,3,3,3,4507.986932788507,4583.0655644136195,75.0786316251119,75.0786316251124,0.0,0.0,0,0.0,22.56,19.72,19.72,7.078631625111898,6.0,0.0,0.0,0.0,0.0,0.0,0.0,4925054,127
static_zone,441,2,2,2,4518.612783482441,4595.942558887597,77.32977540515564,77.3297754051564,0.0,0.0,0,0.0,1.1313708498984765,31.56,31.56,7.078404555257162,6.0,0.0,0.0,0.0,0.0,0.0,0.0,4910768,124
static_zone,67,6,6,6,4536.680393501201,4616.113366752692,79.43297325149177,79.4329732514907,0.0,0.0,0,0.0,1.9595917942265433,32.2,32.2,7.073381457265218,6.0,0.0,0.0,0.0,0.0,0.0,0.0,4594742,126
static_zone,139,0,0,0,4540.039862078367,4637.150885582244,97.11102350387573,97.11102350387682,0.0,0.0,0,0.0,28.64,27.72,27.72,7.0310235038757325,6.0,0.0,0.0,0.0,0.0,0.0,0.0,1929810,125
static_zone,410,7,7,7,4541.531808215398,4596.414574835653,54.88276662025452,54.8827666202551,0.0,0.0,0,0.0,10.08,15.88,15.88,7.0427666202545165,6.0,0.0,0.0,0.0,0.0,0.0,0.0,2668623,125
static_zone,95,1,1,1,4556.200184518566,4602.903384024308,46.70319950574239,46.703199505742305,0.0,0.0,0,0.0,19.560000000000002,7.04,7.04,7.063199505742391,6.0,0.0,0.0,0.0,0.0,0.0,0.0,3954149,126
static_zone,39,3,3,3,4583.0655644136195,4628.522721431411,45.457157017792774,45.45715701779136,0.0,0.0,0,0.0,22.24,4.385640646055101,4.385640646055101,8.445875725682576,6.0,0.0,0.0,0.0,0.0,0.0,0.0,90944615,125
static_zone,313,4,4,4,4587.989541811706,4638.652319183049,50.66277737134298,50.66277737134351,0.0,0.0,0,0.0,26.28,5.64,5.64,7.102777371342977,6.0,0.0,0.0,0.0,0.0,0.0,0.0,6444173,126
static_zone,601,5,5,5,4590.286772963902,4645.600109617547,55.313336653645834,55.31333665364491,0.0,0.0,0,0.0,23.2,9.48,9.48,7.153336653645834,6.0,0.0,0.0,0.0,0.0,0.0,0.0,9625088,124
static_zone,460,2,2,2,4595.942558887597,4660.542474832269,64.59991594467164,64.59991594467192,0.0,0.0,0,0.0,25.759999999999998,12.8,12.8,7.239915944671631,6.0,0.0,0.0,0.0,0.0,0.0,0.0,15072186,126
static_zone,122,7,7,7,4596.414574835653,4646.853999762028,50.43942492637635,50.43942492637507,0.0,0.0,0,0.0,8.48,14.4,14.4,7.159424926376343,6.0,0.0,0.0,0.0,0.0,0.0,0.0,10008129,127
static_zone,330,1,1,1,4602.903384024308,4626.676726266485,23.77334224217733,23.773342242177023,0.0,0.0,0,0.0,5.6,2.44,2.44,7.293342242177328,6.0,0.0,0.0,0.0,0.0,0.0,0.0,18433478,125
static_zone,504,6,6,6,4616.113366752692,4673.764199931784,57.6508331790924,57.65083317909193,0.0,0.0,0,0.0,21.799999999999997,11.4,11.4,7.0508331790924075,6.0,0.0,0.0,0.0,0.0,0.0,0.0,3176127,125
static_zone,42,1,1,1,4626.676726266485,4707.041883541621,80.36515727513631,80.36515727513597,0.0,0.0,0,0.0,21.48,22.92,22.92,7.045157275136312,6.0,0.0,0.0,0.0,0.0,0.0,0.0,2819030,125
static_zone,116,3,3,3,4628.522721431411,4713.84336551596,85.32064408454895,85.3206440845488,0.0,0.0,0,0.0,25.759999999999998,23.24,23.24,7.0806440845489504,6.0,0.0,0.0,0.0,0.0,0.0,0.0,5051667,125
static_zone,560,0,0,0,4637.150885582244,4687.469252785258,50.318367203013096,50.31836720301362,0.0,0.0,0,0.0,20.2,8.52,8.52,7.078367203013102,6.0,0.0,0.0,0.0,0.0,0.0,0.0,4908418,124
static_zone,243,4,4,4,4638.652319183049,4662.351765350932,23.699446167882282,23.699446167882343,0.0,0.0,0,0.0,2.5999999999999996,4.04,4.04,7.0194461678822835,6.0,0.0,0.0,0.0,0.0,0.0,0.0,1201427,125
static_zone,511,5,5,5,4645.600109617547,4747.204503638517,101.60439402097066,101.60439402097018,0.0,0.0,0,0.0,23.84,32.32,32.32,7.124394020970662,6.0,0.0,0.0,0.0,0.0,0.0,0.0,7804175,128
static_zone,63,2,2,2,4660.542474832269,4745.254086168278,84.7116113360087,84.7116113360089,0.0,0.0,0,0.0,20.0,25.8,25.8,7.111611336008708,6.0,0.0,0.0,0.0,0.0,0.0,0.0,6999958,127
static_zone,89,4,4,4,4662.351765350932,4722.258015238018,59.90624988708496,59.90624988708623,0.0,0.0,0,0.0,13.600000000000001,16.64,16.64,7.026249887084961,6.0,0.0,0.0,0.0,0.0,0.0,0.0,1629480,125
static_zone,86,6,6,6,4673.764199931784,4765.368725693325,91.60452576154074,91.60452576154148,0.0,0.0,0,0.0,19.240000000000002,29.64,29.64,7.084525761540731,6.0,0.0,0.0,0.0,0.0,0.0,0.0,5295881,125
static_zone,525,0,0,0,4687.469252785258,4751.209898462442,63.74064567718506,63.74064567718415,0.0,0.0,0,0.0,11.879999999999999,19.4,19.4,7.060645677185058,6.0,0.0,0.0,0.0,0.0,0.0,0.0,3793476,125
static_zone,312,1,1,1,4707.041883541621,4759.338427659485,52.29654411786398,52.29654411786396,0.0,0.0,0,0.0,8.680000000000001,15.24,15.24,7.1365441178639735,6.0,0.0,0.0,0.0,0.0,0.0,0.0,8568593,128
static_zone,569,3,3,3,4713.84336551596,4766.04026996377,52.19690444780986,52.196904447810084,0.0,0.0,0,0.0,9.319999999999999,14.92,14.92,7.036904447809855,6.0,0.0,0.0,0.0,0.0,0.0,0.0,2299807,124
static_zone,268,4,4,4,4722.258015238018,4789.772342864182,67.51432762616476,67.51432762616423,0.0,0.0,0,0.0,11.68,21.32,21.32,7.194327626164754,6.0,0.0,0.0,0.0,0.0,0.0,0.0,12204017,132
static_zone,373,2,2,2,4745.254086168278,4803.250731057728,57.99664488945007,57.99664488945018,0.0,0.0,0,0.0,20.64,12.16,12.16,7.0366448894500735,6.0,0.0,0.0,0.0,0.0,0.0,0.0,2283477,125
static_zone,292,5,5,5,4747.204503638517,4825.361814097561,78.1573104590446,78.15731045904431,0.0,0.0,0,0.0,1.1313708498984765,32.0,32.0,7.025939609146119,6.0,0.0,0.0,0.0,0.0,0.0,0.0,1609959,126
static_zone,141,0,0,0,4751.209898462442,4798.950775357965,47.74087689552307,47.74087689552289,0.0,0.0,0,0.0,6.119999999999999,14.28,14.28,7.060876895523071,6.0,0.0,0.0,0.0,0.0,0.0,0.0,3808023,125
static_zone,325,1,1,1,4759.338427659485,4796.842460692475,37.5040330329895,37.504033032989355,0.0,0.0,0,0.0,8.04,8.2,8.2,7.064033032989502,6.0,0.0,0.0,0.0,0.0,0.0,0.0,4006590,125
static_zone,13,6,6,6,4765.368725693325,4837.539834274486,72.17110858116149,72.1711085811603,0.0,0.0,0,0.0,2.280000000000001,28.36,28.36,7.171108581161499,6.0,0.0,0.0,0.0,0.0,0.0,0.0,10743201,125
static_zone,66,3,3,3,4766.04026996377,4816.622472870315,50.58220290654501,50.58220290654481,0.0,0.0,0,0.0,3.24,17.16,17.16,7.022202906545004,6.0,0.0,0.0,0.0,0.0,0.0,0.0,1374866,127
static_zone,622,4,4,4,4789.772342864182,4832.463211920502,42.690869056320196,42.69086905631957,0.0,0.0,0,0.0,15.08,7.24,7.24,7.130869056320191,6.0,0.0,0.0,0.0,0.0,0.0,0.0,8211549,125
static_zone,118,1,1,1,4796.842460692475,4828.125253446874,31.2827927543988,31.282792754399452,0.0,0.0,0,0.0,1.131370849898475,8.52,8.52,7.111421904500325,6.0,0.0,0.0,0.0,0.0,0.0,0.0,6988040,127
static_zone,251,0,0,0,4798.950775357965,4832.971579116205,34.02080375823975,34.02080375824062,0.0,0.0,0,0.0,9.64,5.64,5.64,7.1008037582397465,6.0,0.0,0.0,0.0,0.0,0.0,0.0,6320004,125
static_zone,478,2,2,2,4803.250731057728,4840.311597342035,37.06086628430684,37.06086628430694,0.0,0.0,0,0.0,2.2800000000000002,10.879999999999999,10.879999999999999,7.020866284306845,6.0,0.0,0.0,0.0,0.0,0.0,0.0,1290773,128
static_zone,93,5,5,5,4825.361814097561,4886.428400345578,61.06658624801636,61.06658624801639,0.0,0.0,0,0.0,17.96,15.04,15.04,7.026586248016358,6.0,0.0,0.0,0.0,0.0,0.0,0.0,1650642,125
static_zone,385,1,1,1,4828.125253446874,4929.741527913325,101.61627446645102,101.6162744664507,0.0,0.0,0,0.0,24.48,32.0,32.0,7.13627446645101,6.0,0.0,0.0,0.0,0.0,0.0,0.0,8551628,126
static_zone,26,4,4,4,4832.463211920502,4930.308017289814,97.84480536931356,97.84480536931278,0.0,0.0,0,0.0,24.04,30.28,30.28,7.244805369313558,6.0,0.0,0.0,0.0,0.0,0.0,0.0,15379802,126
static_zone,15,0,0,0,4832.971579116205,4888.134013930912,55.162434814707446,55.16243481470701,0.0,0.0,0,0.0,10.600000000000001,15.24,15.24,8.082434814707439,6.0,0.0,0.0,0.0,0.0,0.0,0.0,68078890,130
static_zone,3,6,6,6,4837.539834274486,4909.260330530268,71.72049625578227,71.72049625578256,0.0,0.0,0,0.0,1.1313708498984765,28.68,28.68,7.2291254058837895,6.0,0.0,0.0,0.0,0.0,0.0,0.0,14393304,125
static_zone,607,0,0,0,4888.134013930912,4922.860144920241,34.72613098932902,34.72613098932834,0.0,0.0,0,0.0,10.92,5.32,5.32,7.16613098932902,6.0,0.0,0.0,0.0,0.0,0.0,0.0,10430038,124
static_zone,35,6,6,6,4909.260330530268,4991.958519892095,82.69818936182658,82.69818936182673,0.0,0.0,0,0.0,4.6000000000000005,32.32,32.32,7.458189361826578,6.0,0.0,0.0,0.0,0.0,0.0,0.0,28804762,127
static_zone,328,0,0,0,4922.860144920241,4955.615422121723,32.75527720148362,32.755277201482386,0.0,0.0,0,0.0,4.959591794226543,7.359999999999999,7.359999999999999,7.0756854072570805,6.0,0.0,0.0,0.0,0.0,0.0,0.0,4739694,125
static_zone,71,1,1,1,4929.741527913325,5000.663573628911,70.92204571558635,70.92204571558614,0.0,0.0,0,0.0,8.16,24.84,24.84,7.082045715586345,6.0,0.0,0.0,0.0,0.0,0.0,0.0,5139850,127
static_zone,605,4,4,4,4930.308017289814,4986.728788931482,56.420771641667685,56.42077164166767,0.0,0.0,0,0.0,31.200000000000003,6.08,6.08,7.060771641667684,6.0,0.0,0.0,0.0,0.0,0.0,0.0,3801401,126
static_zone,393,0,0,0,4955.615422121723,4986.279030706064,30.663608584340412,30.66360858434109,0.0,0.0,0,0.0,1.6,8.0,8.0,7.063608584340414,6.0,0.0,0.0,0.0,0.0,0.0,0.0,3979886,124
static_zone,65,0,0,0,4986.279030706064,5013.543797985915,27.26476727985046,27.264767279851185,0.0,0.0,0,0.0,4.131370849898476,4.68,4.68,7.773396429951986,6.0,0.0,0.0,0.0,0.0,0.0,0.0,48635876,125
static_zone,187,4,4,4,4986.728788931482,5030.128476528376,43.399687596893315,43.39968759689418,0.0,0.0,0,0.0,10.72,9.8,9.8,7.079687596893311,6.0,0.0,0.0,0.0,0.0,0.0,0.0,4991490,125
static_zone,423,6,6,6,4991.958519892095,5050.069450479482,58.11093058738709,58.110930587386974,0.0,0.0,0,0.0,22.44,10.879999999999999,10.879999999999999,7.910930587387085,6.0,0.0,0.0,0.0,0.0,0.0,0.0,57288777,126
static_zone,144,1,1,1,5000.663573628911,5070.51178119956,69.8482075706482,69.84820757064881,0.0,0.0,0,0.0,6.879999999999999,24.96,24.96,7.048207570648193,6.0,0.0,0.0,0.0,0.0,0.0,0.0,3010938,125
static_zone,27,0,0,0,5013.543797985915,5047.834902676085,34.291104690170286,34.29110469016996,0.0,0.0,0,0.0,4.6,8.32,8.32,7.0511046901702885,6.0,0.0,0.0,0.0,0.0,0.0,0.0,3193209,125
static_zone,592,4,4,4,5030.128476528376,5122.834059533264,92.7055830048879,92.70558300488756,0.0,0.0,0,0.0,20.64,29.44,29.44,7.185583004887899,6.0,0.0,0.0,0.0,0.0,0.0,0.0,11653853,124
static_zone,24,0,0,0,5047.834902676085,5106.297429882761,58.46252720667522,58.462527206675986,0.0,0.0,0,0.0,14.24,15.56,15.56,7.102527206675211,6.0,0.0,0.0,0.0,0.0,0.0,0.0,6428434,125
static_zone,613,6,6,6,5050.069450479482,5148.266470147045,98.19701966756185,98.19701966756293,0.0,0.0,0,0.0,21.8,31.68,31.68,7.037019667561849,6.0,0.0,0.0,0.0,0.0,0.0,0.0,2307056,127
static_zone,528,1,1,1,5070.51178119956,5114.963676390371,44.45189519081116,44.45189519081123,0.0,0.0,0,0.0,20.52,5.4399999999999995,5.4399999999999995,7.051895190811157,6.0,0.0,0.0,0.0,0.0,0.0,0.0,3242943,124
static_zone,628,0,0,0,5106.297429882761,5147.927746224416,41.630316341654456,41.63031634165509,0.0,0.0,0,0.0,16.8,5.76,5.76,7.31031634165446,6.0,0.0,0.0,0.0,0.0,0.0,0.0,19501396,124
static_zone,294,1,1,1,5114.963676390371,5168.556590935049,53.59291454467774,53.592914544678024,0.0,0.0,0,0.0,14.56,13.0,13.0,7.032914544677735,6.0,0.0,0.0,0.0,0.0,0.0,0.0,2048784,129
static_zone,68,4,4,4,5122.834059533264,5214.9690159391575,92.13495640589397,92.13495640589372,0.0,0.0,0,0.0,7.399999999999999,35.84,35.84,7.054956405893962,6.0,0.0,0.0,0.0,0.0,0.0,0.0,3435538,127
static_zone,279,0,0,0,5147.927746224416,5224.394501231462,76.46675500704447,76.46675500704532,0.0,0.0,0,0.0,21.919999999999998,20.68,20.68,7.186755007044474,6.0,0.0,0.0,0.0,0.0,0.0,0.0,11727589,126
static_zone,566,6,6,6,5148.266470147045,5202.826573472826,54.56010332578023,54.5601033257808,0.0,0.0,0,0.0,23.84,8.84,8.84,7.040103325780233,6.0,0.0,0.0,0.0,0.0,0.0,0.0,2501063,124
static_zone,590,1,1,1,5168.556590935049,5207.6702524373995,39.113661502351334,39.113661502350624,0.0,0.0,0,0.0,1.9595917942265433,12.04,12.04,7.074069708124797,6.0,0.0,0.0,0.0,0.0,0.0,0.0,4638043,128
static_zone,501,6,6,6,5202.826573472826,5308.802908087517,105.97633461469013,105.97633461469104,0.0,0.0,0,0.0,25.76,33.6,33.6,7.016334614690145,6.0,0.0,0.0,0.0,0.0,0.0,0.0,1005665,124
static_zone,231,4,4,4,5214.9690159391575,5297.929801870046,82.96078593088785,82.96078593088805,0.0,0.0,0,0.0,3.879999999999999,32.96,32.96,7.160785930887858,6.0,0.0,0.0,0.0,0.0,0.0,0.0,10093756,125
static_zone,371,4,4,4,5297.929801870046,5351.674555674189,53.74475380414327,53.74475380414333,0.0,0.0,0,0.0,27.240000000000002,6.720000000000001,6.720000000000001,7.06475380414327,6.0,0.0,0.0,0.0,0.0,0.0,0.0,4051937,130
static_zone,104,6,6,6,5308.802908087517,5381.077550890328,72.27464280281066,72.27464280281129,0.0,0.0,0,0.0,10.600000000000001,24.0,24.0,7.674642802810669,6.0,0.0,0.0,0.0,0.0,0.0,0.0,42422835,127
static_zone,165,4,4,4,5351.674555674189,5437.72711442841,86.0525587542216,86.05255875422063,0.0,0.0,0,0.0,24.48,24.2,24.2,7.1725587542215985,6.0,0.0,0.0,0.0,0.0,0.0,0.0,10834438,125
static_zone,40,4,4,4,5437.72711442841,5488.657936036255,50.93082160784403,50.930821607845246,0.0,0.0,0,0.0,12.52,12.68,12.68,7.050821607844035,6.0,0.0,0.0,0.0,0.0,0.0,0.0,3175399,125
static_zone,103,4,4,4,5488.657936036255,5585.061059537334,96.40312350107828,96.40312350107888,0.0,0.0,0,0.0,20.0,31.68,31.68,7.043123501078288,6.0,0.0,0.0,0.0,0.0,0.0,0.0,2691076,127
static_zone,515,4,4,4,5585.061059537334,5646.069027379689,61.007967842356365,61.007967842355356,0.0,0.0,0,0.0,17.439999999999998,15.24,15.24,7.087967842356364,6.0,0.0,0.0,0.0,0.0,0.0,0.0,5512438,128
no_zone_coordinated,471,7,7,7,0.0,110.61259617322285,110.61259617322285,110.61259617322285,0.0,0.0,0,0.0,32.519999999999996,32.519999999999996,32.519999999999996,7.0525961732228595,6.0,0.0,0.0,0.0,0.0,0.0,0.0,3287045,125
no_zone_coordinated,274,0,0,1,0.0,67.80723888549805,67.80723888549805,67.80723888549805,0.0,0.0,0,0.0,18.240000000000002,18.240000000000002,18.240000000000002,7.087238885498047,6.0,0.0,0.0,0.0,0.0,0.0,0.0,5466576,125
no_zone_coordinated,154,1,0,0,0.0,105.94834112002056,93.94834112002056,105.94834112002056,0.0,12.0,1,0.0,30.84,24.84,24.84,7.428341120020549,6.0,0.0,0.0,12.0,0.0,0.0,0.0,26926873,1608
no_zone_coordinated,360,5,5,6,0.0,110.97563251330058,110.97563251330058,110.97563251330058,0.0,0.0,0,0.0,32.64,32.64,32.64,7.055632513300578,6.0,0.0,0.0,0.0,0.0,0.0,0.0,3478075,126
no_zone_coordinated,326,2,0,0,0.0,114.71762276954652,86.56928164952598,114.71762276954652,16.148341120020547,12.0,2,0.0,32.480000000000004,20.48,20.48,7.129281649525961,6.0,0.0,0.0,28.148341120020547,0.0,0.0,0.0,8111678,127
no_zone_coordinated,101,4,4,5,0.0,28.418023660914105,28.418023660914105,28.418023660914105,0.0,0.0,0,0.0,5.12,5.12,5.12,7.058023660914103,6.0,0.0,0.0,0.0,0.0,0.0,0.0,3628513,125
no_zone_coordinated,102,6,4,5,0.0,94.10159296824136,94.10159296824136,94.10159296824136,0.0,0.0,0,0.0,30.96,24.96,24.96,7.2215929682413735,6.0,0.0,0.0,0.0,0.0,0.0,0.0,13919404,128
no_zone_coordinated,612,3,2,3,0.0,119.58528770917256,119.58528770917256,119.58528770917256,0.0,0.0,0,0.0,35.519999999999996,35.519999999999996,35.519999999999996,7.0252877091725665,6.0,0.0,0.0,0.0,0.0,0.0,0.0,1568945,126
no_zone_coordinated,316,4,6,7,28.418023660914105,78.32000000000001,42.100805776850386,49.901976339085905,7.801170562235512,1.4210854715202004e-14,1,0.0,14.92,7.04,7.04,7.1008057768503825,6.0,0.0,0.0,0.0,0.0,7.8011705622355265,0.0,6320131,141
no_zone_coordinated,314,0,1,1,67.80723888549805,117.4116907277425,49.604451842244465,49.604451842244444,0.0,0.0,0,0.0,4.6000000000000005,15.88,15.88,7.244451842244466,6.0,0.0,0.0,0.0,0.0,0.0,0.0,15357560,129
no_zone_coordinated,260,4,6,6,78.32000000000001,179.7391755039215,73.12657933069865,101.4191755039215,28.292596173222847,0.0,1,0.0,20.0,20.04,20.04,7.046579330698649,6.0,28.292596173222847,0.0,0.0,0.0,0.0,0.0,2908498,1129
no_zone_coordinated,531,6,6,6,94.10159296824136,174.08838586247762,51.348210358556116,79.98679289423626,1.0010000000000048,6.0,2,21.63758253568014,25.68,6.28,6.28,7.108210358556112,6.0,6.0,0.0,0.0,1.0010000000000048,0.0,0.0,6785987,126
no_zone_coordinated,342,1,0,0,105.94834112002056,158.69751619644165,46.7491750764211,52.749175076421096,0.0,6.0,1,0.0,17.96,7.88,7.88,7.029175076421102,6.0,6.0,0.0,0.0,0.0,0.0,0.0,1813517,126
no_zone_coordinated,626,7,5,6,110.61259617322285,197.73922706591287,87.12663089269002,87.12663089269002,0.0,0.0,1,0.0,17.36,28.16,28.16,7.446630892690023,6.0,0.0,0.0,0.0,0.0,0.0,0.0,28077566,124
no_zone_coordinated,117,5,4,4,110.97563251330058,201.91741283086142,90.94178031756081,90.94178031756084,0.0,0.0,0,0.0,12.879999999999999,32.519999999999996,32.519999999999996,7.0217803175608315,6.0,0.0,0.0,0.0,0.0,0.0,0.0,1348279,125
no_zone_coordinated,199,2,2,2,114.71762276954652,190.0078107419332,66.05906141613919,75.29018797238669,9.231126556247489,0.0,1,0.0,13.959591794226544,19.52,19.52,7.059469621912639,6.0,9.231126556247489,0.0,0.0,0.0,0.0,0.0,3719485,676
no_zone_coordinated,438,0,0,0,117.4116907277425,200.7214504987081,71.30975977096557,83.3097597709656,0.0,12.0,1,0.0,13.4,22.28,22.28,7.349759770965576,6.0,0.0,0.0,12.0,0.0,0.0,0.0,21982962,126
no_zone_coordinated,387,3,1,1,119.58528770917256,214.1027687684377,75.81007804069519,94.51748105926514,18.70740301856995,0.0,1,0.0,22.8,19.72,19.72,7.570078040695191,6.0,0.0,18.70740301856995,0.0,0.0,0.0,0.0,35844189,127
no_zone_coordinated,123,1,2,2,158.69751619644165,256.2071013305664,97.50958513412475,97.50958513412473,0.0,0.0,0,0.0,31.560000000000002,26.44,26.44,7.069585134124756,6.0,0.0,0.0,0.0,0.0,0.0,0.0,4355898,125
no_zone_coordinated,48,6,7,7,174.08838586247762,233.62937800318403,59.540992140706386,59.54099214070641,0.0,0.0,0,0.0,15.96,15.24,15.24,7.1009921407063805,6.0,0.0,0.0,0.0,0.0,0.0,0.0,6331856,128
no_zone_coordinated,217,4,6,6,179.7391755039215,240.59131280085242,53.85208573493957,60.85213729693092,7.00005156199137,0.0,2,0.0,13.28,13.76,13.76,7.052085734939575,6.0,7.00005156199137,0.0,0.0,0.0,0.0,0.0,3254931,126
no_zone_coordinated,548,2,3,3,190.0078107419332,239.1874308854421,49.17962014350891,49.179620143508885,0.0,0.0,1,0.0,16.92,9.6,9.6,7.059620143508911,6.0,0.0,0.0,0.0,0.0,0.0,0.0,3728955,129
no_zone_coordinated,32,7,4,4,197.73922706591287,276.973546026357,79.23431896044413,79.23431896044411,0.0,0.0,0,0.0,11.600000000000001,26.76,26.76,8.114318960444132,6.0,0.0,0.0,0.0,0.0,0.0,0.0,70084867,141
no_zone_coordinated,472,0,0,1,200.7214504987081,268.4803085184733,64.57653975003561,67.7588580197652,3.182318269729592,0.0,1,0.0,7.200000000000003,22.08,22.08,7.216539750035604,6.0,0.0,3.182318269729592,0.0,0.0,0.0,0.0,13601483,124
no_zone_coordinated,299,5,7,7,201.91741283086142,284.0211426685333,82.1037298376719,82.10372983767186,0.0,0.0,1,0.0,34.04,17.48,17.48,7.103729837671915,6.0,0.0,0.0,0.0,0.0,0.0,0.0,6504097,1220
no_zone_coordinated,379,3,3,3,214.1027687684377,285.69849732627864,71.59572855784099,71.59572855784094,0.0,0.0,0,0.0,14.920000000000002,21.64,21.64,7.395728557840983,6.0,0.0,0.0,0.0,0.0,0.0,0.0,24875068,669
no_zone_coordinated,372,6,5,6,233.62937800318403,296.10371152167914,62.47433351849514,62.474333518495115,0.0,0.0,0,0.0,10.959591794226542,19.2,19.2,7.114741724268596,6.0,0.0,0.0,0.0,0.0,0.0,0.0,7196905,125
no_zone_coordinated,542,2,1,1,239.1874308854421,324.89439970626836,85.7069688208262,85.70696882082626,0.0,0.0,1,0.0,26.439999999999998,23.04,23.04,7.186968820826213,6.0,0.0,0.0,0.0,0.0,0.0,0.0,11741041,128
no_zone_coordinated,233,4,6,6,240.59131280085242,315.3984347340901,62.807121933237724,74.80712193323765,0.0,11.999999999999972,1,0.0,12.000000000000002,18.76,18.76,7.287121933237712,6.0,11.999999999999972,0.0,0.0,0.0,0.0,0.0,18042130,126
no_zone_coordinated,578,1,3,3,256.2071013305664,312.1729298493703,55.96582851880392,55.9658285188039,0.0,0.0,0,0.0,23.96,9.48,9.48,7.045828518803915,6.0,0.0,0.0,0.0,0.0,0.0,0.0,2861261,124
no_zone_coordinated,97,0,0,1,268.4803085184733,371.00002729708353,84.33259641164145,102.51971877861024,18.187122366968822,0.0,2,0.0,9.64,30.72,30.72,7.252596411641439,6.0,18.187122366968822,0.0,0.0,0.0,0.0,0.0,15869972,125
no_zone_coordinated,614,7,4,4,276.973546026357,334.050881045405,57.07733501904805,57.07733501904801,0.0,0.0,0,0.0,11.560000000000002,16.2,16.2,7.117335019048055,6.0,0.0,0.0,0.0,0.0,0.0,0.0,7360061,124
no_zone_coordinated,129,5,6,6,284.0211426685333,360.73235342318213,64.71121075464885,76.71121075464885,0.0,12.0,1,0.0,10.2,20.68,20.68,7.151210754648845,6.0,0.0,0.0,12.0,0.0,0.0,0.0,9491338,173
no_zone_coordinated,579,3,1,1,285.69849732627864,354.5690903193156,56.87059299303691,68.87059299303695,0.0,12.0,1,0.0,25.48,9.16,9.16,7.070592993036906,6.0,12.0,0.0,0.0,0.0,0.0,0.0,4419307,126
no_zone_coordinated,98,6,5,5,296.10371152167914,350.08977200736996,43.38762933883667,53.986060485690814,10.598431146854125,0.0,2,0.0,10.08,10.12,10.12,7.06762933883667,6.0,0.0,0.0,0.0,10.598431146854125,0.0,0.0,4232850,125
no_zone_coordinated,259,1,0,0,312.1729298493703,392.96962200291944,56.796692153549195,80.79669215354915,0.0,24.0,1,0.0,20.92,11.4,11.4,7.076692153549194,6.0,0.0,0.0,24.0,0.0,0.0,0.0,4803033,127
no_zone_coordinated,257,4,7,7,315.3984347340901,364.6338129056294,49.2353781715393,49.23537817153931,0.0,0.0,0,0.0,15.320000000000002,10.44,10.44,7.035378171539307,6.0,0.0,0.0,0.0,0.0,0.0,0.0,2203782,571
no_zone_coordinated,237,2,2,3,324.89439970626836,418.1696518592835,93.27525215301513,93.27525215301512,0.0,0.0,0,0.0,20.04,30.08,30.08,7.075252153015136,6.0,0.0,0.0,0.0,0.0,0.0,0.0,4712436,125
no_zone_coordinated,624,7,5,5,334.050881045405,385.8899519901275,51.83907094472249,51.83907094472249,0.0,0.0,0,0.0,7.599999999999999,15.56,15.56,7.119070944722494,6.0,0.0,0.0,0.0,0.0,0.0,0.0,7469276,126
no_zone_coordinated,106,6,6,6,350.08977200736996,400.7899294516245,35.57904840621948,50.70015744425456,9.121109038035058,6.0,1,0.0,11.68,5.4399999999999995,5.4399999999999995,7.019048406219483,6.0,15.121109038035058,0.0,0.0,0.0,0.0,0.0,1176402,125
no_zone_coordinated,20,3,3,3,354.5690903193156,453.682655867513,99.11356554819741,99.11356554819741,0.0,0.0,0,0.0,31.24,27.4,27.4,7.073565548197428,6.0,0.0,0.0,0.0,0.0,0.0,0.0,4606324,126
no_zone_coordinated,422,5,6,6,360.73235342318213,411.3113939520518,38.579040528869626,50.579040528869655,0.0,12.0,1,0.0,17.96,3.72,3.72,7.179040528869629,6.0,0.0,0.0,12.0,0.0,0.0,0.0,11242236,168
no_zone_coordinated,73,4,5,5,364.6338129056294,414.09135134824106,42.198997925059004,49.45753844261168,7.258540517552717,0.0,1,0.0,17.8,5.64,5.64,7.118997925059,6.0,7.258540517552717,0.0,0.0,0.0,0.0,0.0,7464682,125
no_zone_coordinated,534,0,0,0,371.00002729708353,434.232028040568,63.23200074348449,63.23200074348449,0.0,0.0,1,0.0,13.279999999999998,18.44,18.44,7.072000743484497,6.0,0.0,0.0,0.0,0.0,0.0,0.0,4507875,129
no_zone_coordinated,38,7,6,6,385.8899519901275,431.9878104633544,39.97545911511333,46.09785847322689,6.122399358113569,0.0,3,0.0,18.08,4.385640646055101,4.385640646055101,7.124177823003134,6.0,0.0,6.122399358113569,0.0,0.0,0.0,0.0,7790573,125
no_zone_coordinated,206,1,3,3,392.96962200291944,475.47873075294495,59.75870345586141,82.50910875002552,10.750405294164068,12.0,2,0.0,20.6,13.0,13.0,7.15870345586141,6.0,10.750405294164068,0.0,12.0,0.0,0.0,0.0,9962738,127
no_zone_coordinated,60,6,5,6,400.7899294516245,446.2073016003925,43.2373496102651,45.41737214876798,2.1800225385029535,0.0,2,0.0,7.08,11.52,11.52,7.117349610265096,6.0,2.1800225385029535,0.0,0.0,0.0,0.0,0.0,7360979,153
no_zone_coordinated,255,5,7,7,411.3113939520518,436.8597478782524,25.54835392620059,25.548353926200605,0.0,0.0,0,0.0,8.92,1.7888543819998317,1.7888543819998317,7.050645162200928,6.0,0.0,0.0,0.0,0.0,0.0,0.0,3164298,143
no_zone_coordinated,637,4,6,7,414.09135134824106,461.1434650258381,47.05211367759705,47.05211367759705,0.0,0.0,2,0.0,12.24,10.879999999999999,10.879999999999999,7.052113677597046,6.0,0.0,0.0,0.0,0.0,0.0,0.0,3256689,140
no_zone_coordinated,617,2,0,0,418.1696518592835,484.5057157067617,66.33606384747823,66.33606384747821,0.0,0.0,2,0.0,32.96,10.12,10.12,7.136063847478231,6.0,0.0,0.0,0.0,0.0,0.0,0.0,8538377,124
no_zone_coordinated,546,7,5,5,431.9878104633544,468.1279976777394,27.916646329498292,36.14018721438504,8.223540884886688,0.0,2,0.0,6.5600000000000005,4.04,4.04,7.276646329498291,6.0,8.223540884886688,0.0,0.0,0.0,0.0,0.0,17383062,140
no_zone_coordinated,355,0,0,0,434.232028040568,536.3320603207906,78.20240846150716,102.10003228022254,11.89762381871543,12.0,2,0.0,10.079999999999998,27.52,27.52,7.082408461507161,6.0,11.89762381871543,0.0,12.0,0.0,0.0,0.0,5162672,142
no_zone_coordinated,230,5,6,6,436.8597478782524,469.1229410151163,25.57947598927816,32.26319313686389,6.683717147585696,0.0,1,0.0,7.6,2.44,2.44,7.099475989278158,6.0,0.0,0.0,6.683717147585696,0.0,0.0,0.0,6236468,125
no_zone_coordinated,240,6,6,6,446.2073016003925,541.8776798863728,95.67037828598023,95.67037828598029,0.0,0.0,0,0.0,24.48,29.0,29.0,7.190378285980224,6.0,0.0,0.0,0.0,0.0,0.0,0.0,11955546,141
no_zone_coordinated,570,3,3,3,453.682655867513,537.922604437383,84.23994856987,84.23994856987002,0.0,0.0,0,0.0,6.120000000000001,32.519999999999996,32.519999999999996,7.0799485698699955,6.0,0.0,0.0,0.0,0.0,0.0,0.0,5007909,158
no_zone_coordinated,64,4,7,7,461.1434650258381,556.7567572477975,89.61329222195943,95.6132922219594,0.0,6.0,2,0.0,18.92,28.8,28.8,7.093292221959432,6.0,6.0,0.0,0.0,0.0,0.0,0.0,5847419,141
no_zone_coordinated,267,7,4,5,468.1279976777394,511.88572971458433,43.757732036844885,43.757732036844914,0.0,0.0,0,0.0,8.16,11.2,11.2,7.197732036844889,6.0,0.0,0.0,0.0,0.0,0.0,0.0,12418204,142
no_zone_coordinated,357,5,4,4,469.1229410151163,511.1754137727101,29.928684058125818,42.05247275759382,1.0009999999999764,0.0,1,11.12278869946806,12.0,2.44,2.44,7.048684058125814,6.0,0.0,0.0,0.0,1.0009999999999764,0.0,0.0,3040916,141
no_zone_coordinated,586,1,1,1,475.47873075294495,567.8918359116873,92.41310515874227,92.41310515874233,0.0,0.0,1,0.0,26.44,26.44,26.44,7.093105158742269,6.0,0.0,0.0,0.0,0.0,0.0,0.0,5835650,142
no_zone_coordinated,148,2,0,1,484.5057157067617,537.4343675992549,46.92865189249315,52.92865189249318,0.0,6.0,1,0.0,4.959591794226544,14.08,14.08,7.809060098266602,6.0,0.0,0.0,6.0,0.0,0.0,0.0,50879640,141
no_zone_coordinated,309,5,4,4,511.1754137727101,587.116493451182,75.94107967847188,75.94107967847191,0.0,0.0,0,0.0,20.0,21.44,21.44,7.0610796784718834,6.0,0.0,0.0,0.0,0.0,0.0,0.0,3820781,141
no_zone_coordinated,318,7,6,6,511.88572971458433,550.8501609513949,38.964431236810505,38.964431236810526,0.0,0.0,0,0.0,10.131370849898477,7.88,7.88,7.073060386912028,6.0,0.0,0.0,0.0,0.0,0.0,0.0,4574542,125
no_zone_coordinated,181,0,3,3,536.3320603207906,598.6678958077748,62.335835486984244,62.33583548698425,0.0,0.0,0,0.0,43.76,2.76,2.76,7.055835486984253,6.0,0.0,0.0,0.0,0.0,0.0,0.0,3490845,210
no_zone_coordinated,211,2,0,0,537.4343675992549,584.6484725488247,47.2141049495697,47.21410494956979,0.0,0.0,0,0.0,6.0,14.08,14.08,7.054104949569703,6.0,0.0,0.0,0.0,0.0,0.0,0.0,3381969,141
no_zone_coordinated,577,3,0,0,537.922604437383,631.9630701012932,84.0712341896057,94.04046566391014,9.969231474304252,0.0,2,0.0,44.08,13.44,13.44,7.111234189605713,6.0,9.969231474304252,0.0,0.0,0.0,0.0,0.0,6976230,140
no_zone_coordinated,288,6,5,5,541.8776798863728,623.2109974651555,81.33331757878261,81.33331757878273,0.0,0.0,0,0.0,7.959591794226544,29.96,29.96,7.453725784556071,6.0,0.0,0.0,0.0,0.0,0.0,0.0,28523938,125
no_zone_coordinated,110,7,6,6,550.8501609513949,626.4824128481895,69.63225189679464,75.63225189679463,0.0,6.0,2,0.0,14.240000000000002,21.12,21.12,7.152251896794637,6.0,6.0,0.0,0.0,0.0,0.0,0.0,9556841,127
no_zone_coordinated,173,4,5,5,556.7567572477975,641.4293157953896,66.67255854759216,84.67255854759208,0.0,18.0,2,0.0,18.0,17.8,17.8,7.0725585475921635,6.0,6.0,0.0,12.0,0.0,0.0,0.0,4542969,625
no_zone_coordinated,265,1,2,3,567.8918359116873,668.1650549995423,100.27321908785503,100.27321908785507,0.0,0.0,1,0.0,15.759999999999998,35.2,35.2,8.113219087855022,6.0,0.0,0.0,0.0,0.0,0.0,0.0,70015669,143
no_zone_coordinated,171,2,1,1,584.6484725488247,681.9208944062771,97.2724218574524,97.2724218574524,0.0,0.0,0,0.0,23.32,30.4,30.4,7.152421857452393,6.0,0.0,0.0,0.0,0.0,0.0,0.0,9567534,144
no_zone_coordinated,516,5,4,4,587.116493451182,681.3458809108733,94.22938745969135,94.22938745969134,0.0,0.0,0,0.0,17.439999999999998,31.88,31.88,7.029387459691366,6.0,0.0,0.0,0.0,0.0,0.0,0.0,1826879,124
no_zone_coordinated,248,0,0,1,598.6678958077748,709.2950799142202,110.62718410644533,110.62718410644538,0.0,0.0,2,0.0,39.36,29.12,29.12,7.027184106445312,6.0,0.0,0.0,0.0,0.0,0.0,0.0,1688256,142
no_zone_coordinated,334,6,4,4,623.2109974651555,714.9166113404809,79.70561387532553,91.70561387532541,0.0,12.0,1,0.0,19.28,23.68,23.68,7.065613875325521,6.0,0.0,0.0,12.0,0.0,0.0,0.0,4106048,574
no_zone_coordinated,496,7,6,6,626.4824128481895,724.1948620824527,97.7124492342631,97.7124492342632,0.0,0.0,1,0.0,18.72,32.84,32.84,7.312449234263102,6.0,0.0,0.0,0.0,0.0,0.0,0.0,19635586,1934
no_zone_coordinated,192,3,2,2,631.9630701012932,723.2936683904014,91.33059828910827,91.33059828910825,0.0,0.0,2,0.0,25.799999999999997,26.24,26.24,7.050598289108277,6.0,0.0,0.0,0.0,0.0,0.0,0.0,3161349,142
no_zone_coordinated,111,4,5,6,641.4293157953896,707.9118199847121,54.53982251955668,66.48250418932253,11.942681669765761,0.0,1,0.0,8.48,16.32,16.32,7.419822519556681,6.0,0.0,0.0,0.0,11.942681669765761,0.0,0.0,26390929,125
no_zone_coordinated,277,1,1,1,668.1650549995423,745.0994886901856,76.93443369064332,76.93443369064323,0.0,0.0,0,0.0,20.56,21.64,21.64,7.094433690643311,6.0,0.0,0.0,0.0,0.0,0.0,0.0,5919234,603
no_zone_coordinated,498,5,6,6,681.3458809108733,762.932950859324,69.58706994845072,81.58706994845068,0.0,12.0,1,0.0,34.12,10.76,10.76,7.947069948450724,6.0,12.0,0.0,0.0,0.0,0.0,0.0,59562469,124
no_zone_coordinated,137,2,0,1,681.9208944062771,759.2139047221085,65.2930103158315,77.29301031583145,0.0,12.0,2,0.0,10.599999999999998,20.8,20.8,7.093010315831503,6.0,12.0,0.0,0.0,0.0,0.0,0.0,5829683,679
no_zone_coordinated,256,4,4,4,707.9118199847121,807.0747860627711,99.16296607805889,99.16296607805896,0.0,0.0,0,0.0,26.32,29.64,29.64,7.562966078058879,6.0,0.0,0.0,0.0,0.0,0.0,0.0,35396743,128
no_zone_coordinated,551,0,0,0,709.2950799142202,807.3045707681022,71.24508207791646,98.00949085388197,14.764408775965421,12.0,2,0.0,14.040000000000003,22.08,22.08,7.045082077916463,6.0,0.0,0.0,26.76440877596542,0.0,0.0,0.0,2814299,140
no_zone_coordinated,203,6,7,7,714.9166113404809,827.9597120741744,113.04310073369344,113.04310073369345,0.0,0.0,0,0.0,30.2,34.879999999999995,34.879999999999995,7.083100733693441,6.0,0.0,0.0,0.0,0.0,0.0,0.0,5206226,127
no_zone_coordinated,54,3,1,1,723.2936683904014,811.7381793954214,63.1586907052358,88.44451100501999,19.285820299784177,6.0,3,0.0,16.599999999999998,16.64,16.64,7.2786907052358,6.0,6.0,6.321236331707041,12.964583968077136,0.0,0.0,0.0,17511683,141
no_zone_coordinated,547,7,6,6,724.1948620824527,823.1313018359084,76.97369049542746,98.93643975345572,9.962749258028225,12.0,2,0.0,3.879999999999999,29.96,29.96,7.17369049542745,6.0,0.0,0.0,12.0,9.962749258028225,0.0,0.0,10905641,124
no_zone_coordinated,172,1,3,3,745.0994886901856,802.0734359338124,56.97394724362692,56.97394724362687,0.0,0.0,2,0.0,25.36,9.280000000000001,9.280000000000001,7.053947243626912,6.0,0.0,0.0,0.0,0.0,0.0,0.0,3372047,568
no_zone_coordinated,552,2,0,0,759.2139047221085,818.9254292895,42.42085852139791,59.71152456739151,17.290666045993703,0.0,1,0.0,14.240000000000002,7.56,7.56,7.0608585213979085,6.0,0.0,0.0,17.290666045993703,0.0,0.0,0.0,3806867,679
no_zone_coordinated,341,5,7,7,762.932950859324,832.8372737991551,38.72066245867411,69.9043229398311,7.183660481156949,24.0,2,0.0,9.879999999999999,7.88,7.88,7.080662458674113,6.0,7.183660481156949,0.0,24.0,0.0,0.0,0.0,5052823,125
no_zone_coordinated,523,1,2,2,802.0734359338124,857.0639773426057,54.990541408793135,54.990541408793206,0.0,0.0,0,0.0,12.440000000000001,14.72,14.72,7.110541408793131,6.0,0.0,0.0,0.0,0.0,0.0,0.0,6932644,124
no_zone_coordinated,444,4,6,7,807.0747860627711,880.2521681774358,73.17738211466471,73.17738211466474,0.0,0.0,0,0.0,37.120000000000005,11.52,11.52,7.017382114664714,6.0,0.0,0.0,0.0,0.0,0.0,0.0,1071568,125
no_zone_coordinated,610,0,0,0,807.3045707681022,891.5838561814628,84.2792854133606,84.27928541336064,0.0,0.0,0,0.0,9.64,30.72,30.72,7.199285413360596,6.0,0.0,0.0,0.0,0.0,0.0,0.0,12515934,568
no_zone_coordinated,537,3,1,1,811.7381793954214,862.92859502093,51.190415625508635,51.190415625508535,0.0,0.0,1,0.0,2.2799999999999994,17.92,17.92,7.070415625508627,6.0,0.0,0.0,0.0,0.0,0.0,0.0,4408148,124
no_zone_coordinated,512,2,1,1,818.9254292895,901.3304565979005,59.3064792552948,82.40502730840046,17.098548053105674,6.0,4,0.0,11.04,17.6,17.6,7.0664792552948,6.0,8.012750105921327,0.0,15.085797947184346,0.0,0.0,0.0,4160493,144
no_zone_coordinated,445,7,5,5,823.1313018359084,897.3227814631363,74.19147962722778,74.19147962722786,0.0,0.0,0,0.0,13.080000000000002,23.88,23.88,7.351479627227783,6.0,0.0,0.0,0.0,0.0,0.0,0.0,22091166,127
no_zone_coordinated,556,6,6,6,827.9597120741744,907.7660639090437,67.80635183486937,79.80635183486936,0.0,12.0,2,0.0,29.08,12.8,12.8,7.126351834869385,6.0,0.0,0.0,12.0,0.0,0.0,0.0,7927350,126
no_zone_coordinated,564,5,7,7,832.8372737991551,899.3849140257735,56.10520195159913,66.54764022661834,4.442438275019299,6.0,3,0.0,9.760000000000002,16.64,16.64,7.065201951599121,6.0,0.0,0.0,4.442438275019299,0.0,6.0,0.0,4080132,578
no_zone_coordinated,493,1,3,3,857.0639773426057,971.8616949440004,103.19771760139466,114.79771760139477,11.600000000000023,0.0,1,0.0,28.880000000000003,30.6,30.6,7.117717601394653,6.0,11.600000000000023,0.0,0.0,0.0,0.0,0.0,7384131,126
no_zone_coordinated,298,3,1,1,862.92859502093,926.5464933101656,43.05603671226502,63.617898289235654,20.5618615769705,0.0,2,0.0,7.84,11.08,11.08,7.056036712265015,6.0,16.815261160532827,0.0,3.7466004164376727,0.0,0.0,0.0,3503505,126
no_zone_coordinated,194,4,7,7,880.2521681774358,924.0671969989995,43.81502882156372,43.815028821563715,0.0,0.0,2,0.0,3.24,13.76,13.76,7.055028821563721,6.0,0.0,0.0,0.0,0.0,0.0,0.0,3440094,126
no_zone_coordinated,567,0,3,3,891.5838561814628,982.5716513165795,78.98779513511657,90.9877951351167,0.0,12.0,1,0.0,33.519999999999996,16.2,16.2,7.067795135116577,6.0,0.0,0.0,12.0,0.0,0.0,0.0,4243281,126
no_zone_coordinated,396,7,5,6,897.3227814631363,954.4034999978602,57.08071853472391,57.08071853472393,0.0,0.0,0,0.0,17.759999999999998,13.12,13.12,7.080718534723918,6.0,0.0,0.0,0.0,0.0,0.0,0.0,5056351,125
no_zone_coordinated,532,5,6,7,899.3849140257735,999.4876763735671,100.10276234779357,100.1027623477936,0.0,0.0,0,0.0,18.599999999999998,34.239999999999995,34.239999999999995,7.022762347793579,6.0,0.0,0.0,0.0,0.0,0.0,0.0,1410063,125
no_zone_coordinated,458,2,1,1,901.3304565979005,972.0757944417318,64.74533784383138,70.7453378438313,0.0,6.0,1,0.0,10.08,20.68,20.68,7.3053378438313805,6.0,0.0,0.0,6.0,0.0,0.0,0.0,19188176,124
no_zone_coordinated,266,6,6,6,907.7660639090437,978.3435950234948,31.894918649927774,70.57753111445106,1.0009999999999764,0.0,1,37.68161246452337,8.8,5.0,5.0,7.094918649927775,6.0,0.0,0.0,0.0,1.0009999999999764,0.0,0.0,5949745,127
no_zone_coordinated,452,4,4,4,924.0671969989995,970.6202922077398,46.55309520874023,46.553095208740274,0.0,0.0,0,0.0,20.16,6.6,6.6,7.1930952087402344,6.0,0.0,0.0,0.0,0.0,0.0,0.0,12126480,130
no_zone_coordinated,153,3,3,3,926.5464933101656,1011.0251775829319,50.053526266352335,84.47868427276626,28.425158006413994,6.0,3,0.0,13.600000000000001,11.72,11.72,7.0135262663523354,6.0,24.157362871297323,0.0,10.267795135116671,0.0,0.0,0.0,828979,126
no_zone_coordinated,476,7,5,6,954.4034999978602,992.1883695240238,37.78486952616373,37.78486952616356,0.0,0.0,2,0.0,3.5599999999999996,10.559999999999999,10.559999999999999,7.104869526163737,6.0,0.0,0.0,0.0,0.0,0.0,0.0,6575800,124
no_zone_coordinated,589,4,5,5,970.6202922077398,1075.8858370370447,105.26554482930501,105.26554482930487,0.0,0.0,0,0.0,31.0,30.6,30.6,7.065544829305013,6.0,0.0,0.0,0.0,0.0,0.0,0.0,4101704,125
no_zone_coordinated,58,1,0,1,971.8616949440004,1053.093703030777,81.23200808677674,81.23200808677666,0.0,0.0,0,0.0,31.04,18.560000000000002,18.560000000000002,7.072008086776734,6.0,0.0,0.0,0.0,0.0,0.0,0.0,4508337,127
no_zone_coordinated,382,2,2,2,972.0757944417318,1053.5697628791809,81.49396843744914,81.4939684374491,0.0,0.0,1,0.0,9.440000000000001,29.12,29.12,7.813968437449137,6.0,0.0,0.0,0.0,0.0,0.0,0.0,51188446,132
no_zone_coordinated,538,6,4,4,978.3435950234948,1060.4566784321048,82.11308340861002,82.11308340861001,0.0,0.0,0,0.0,28.36,20.36,20.36,7.033083408610026,6.0,0.0,0.0,0.0,0.0,0.0,0.0,2059408,126
no_zone_coordinated,7,0,1,1,982.5716513165795,1043.974352165095,54.99265722109476,61.402700848515565,6.410043627420805,0.0,2,0.0,28.479999999999997,6.720000000000001,6.720000000000001,7.072657221094767,6.0,0.0,0.0,6.410043627420805,0.0,0.0,0.0,4549177,127
no_zone_coordinated,636,7,4,4,992.1883695240238,1103.8060424871026,75.6176729630788,111.6176729630788,0.0,36.0,2,0.0,22.48,20.04,20.04,7.057672963078817,6.0,12.0,0.0,24.0,0.0,0.0,0.0,3606449,124
no_zone_coordinated,214,5,7,7,999.4876763735671,1076.9937287960272,77.50605242245992,77.50605242246013,0.0,0.0,0,0.0,6.239999999999998,29.0,29.0,7.266052422459921,6.0,0.0,0.0,0.0,0.0,0.0,0.0,16716551,127
no_zone_coordinated,72,3,0,0,1011.0251775829319,1125.048624064891,114.02344648195901,114.02344648195924,0.0,0.0,0,0.0,38.519999999999996,31.24,31.24,7.023446481959025,6.0,0.0,0.0,0.0,0.0,0.0,0.0,1453105,125
no_zone_coordinated,554,0,3,3,1043.974352165095,1162.0725003281914,118.09814816309611,118.09814816309631,0.0,0.0,1,0.0,43.2,30.92,30.92,7.05814816309611,6.0,0.0,0.0,0.0,0.0,0.0,0.0,3636346,673
no_zone_coordinated,506,1,2,2,1053.093703030777,1132.930292712021,61.03594054692586,79.83658968124382,18.800649134318064,0.0,1,0.0,8.28,19.84,19.84,7.075940546925863,6.0,18.800649134318064,0.0,0.0,0.0,0.0,0.0,4755746,813
no_zone_coordinated,503,2,0,0,1053.5697628791809,1149.3674249515877,83.79766207240722,95.79766207240687,0.0,12.0,1,0.0,13.131370849898477,28.8,28.8,7.066291222508749,6.0,0.0,0.0,12.0,0.0,0.0,0.0,4148663,678
no_zone_coordinated,520,6,7,7,1060.4566784321048,1128.4321259802716,67.97544754816691,67.97544754816681,0.0,0.0,0,0.0,23.799999999999997,15.56,15.56,7.055447548166911,6.0,0.0,0.0,0.0,0.0,0.0,0.0,3466438,126
no_zone_coordinated,507,4,4,4,1075.8858370370447,1160.723951881939,82.23790939483644,84.83811484489433,2.600205450057956,0.0,1,0.0,18.32,25.28,25.28,7.357909394836426,6.0,0.0,0.0,2.600205450057956,0.0,0.0,0.0,22495692,372
no_zone_coordinated,477,5,4,4,1076.9937287960272,1188.8234156715957,99.82968687556885,111.82968687556854,0.0,12.0,1,0.0,22.131370849898477,32.32,32.32,7.058316025670369,6.0,0.0,0.0,12.0,0.0,0.0,0.0,3646907,567
no_zone_coordinated,403,7,6,7,1103.8060424871026,1227.032067847464,102.94602536036174,123.22602536036152,20.279999999999973,0.0,1,0.0,25.28,32.32,32.32,7.026025360361735,6.0,20.279999999999973,0.0,0.0,0.0,0.0,0.0,1615354,124
no_zone_coordinated,331,3,1,1,1125.048624064891,1191.6614850989029,60.612861034011836,66.61286103401176,0.0,6.0,1,0.0,28.959999999999997,9.280000000000001,9.280000000000001,7.0928610340118405,6.0,6.0,0.0,0.0,0.0,0.0,0.0,5820291,125
no_zone_coordinated,229,6,7,7,1128.4321259802716,1191.724174601386,51.2920486211141,63.29204862111442,0.0,12.0,1,0.0,6.880000000000001,15.68,15.68,7.052048621114095,6.0,0.0,0.0,0.0,0.0,12.0,0.0,3252596,125
no_zone_coordinated,105,1,0,0,1132.930292712021,1241.9186034924826,108.98831078046162,108.98831078046169,0.0,0.0,1,0.0,27.4,34.239999999999995,34.239999999999995,7.108310780461629,6.0,0.0,0.0,0.0,0.0,0.0,0.0,6792305,125
no_zone_coordinated,219,2,2,3,1149.3674249515877,1235.8930290581093,86.5256041065216,86.52560410652154,0.0,0.0,1,0.0,22.2,25.6,25.6,7.125604106521607,6.0,0.0,0.0,0.0,0.0,0.0,0.0,7880307,425
no_zone_coordinated,262,4,5,5,1160.723951881939,1238.076923593034,77.35297171109517,77.35297171109505,0.0,0.0,1,0.0,9.239999999999998,27.52,27.52,7.072971711095175,6.0,0.0,0.0,0.0,0.0,0.0,0.0,4568963,125
no_zone_coordinated,606,0,3,3,1162.0725003281914,1250.405663815457,88.33316348726547,88.33316348726567,0.0,0.0,2,0.0,4.95959179422654,34.879999999999995,34.879999999999995,7.61357169303894,6.0,0.0,0.0,0.0,0.0,0.0,0.0,38580573,125
no_zone_coordinated,327,5,7,7,1188.8234156715957,1264.3440129529881,75.52059728139241,75.52059728139238,0.0,0.0,1,0.0,40.56,10.76,10.76,7.4405972813924155,6.0,0.0,0.0,0.0,0.0,0.0,0.0,27697964,126
no_zone_coordinated,431,3,2,2,1191.6614850989029,1255.7430031909948,52.08151809209188,64.08151809209198,0.0,12.0,2,0.0,15.440000000000001,11.72,11.72,7.201518092091878,6.0,0.0,0.0,12.0,0.0,0.0,0.0,12656402,131
no_zone_coordinated,594,6,5,5,1191.724174601386,1250.2679308558365,46.54375625445048,58.5437562544505,0.0,12.0,1,0.0,11.92,10.76,10.76,7.10375625445048,6.0,0.0,0.0,12.0,0.0,0.0,0.0,6505759,124
no_zone_coordinated,475,7,4,5,1227.032067847464,1292.4337517771617,65.40168392969767,65.40168392969758,0.0,0.0,1,0.0,38.28,7.04,7.04,7.0416839296976725,6.0,0.0,0.0,0.0,0.0,0.0,0.0,2600506,125
no_zone_coordinated,128,2,1,1,1235.8930290581093,1334.0122733426756,98.11924428456624,98.11924428456632,0.0,0.0,0,0.0,19.919999999999998,32.519999999999996,32.519999999999996,7.159244284566244,6.0,0.0,0.0,0.0,0.0,0.0,0.0,9996764,127
no_zone_coordinated,263,4,5,5,1238.076923593034,1295.7168843073741,51.88381645991008,57.63996071434008,5.756144254429955,0.0,1,0.0,18.28,10.24,10.24,7.123816459910075,6.0,0.0,0.0,0.0,5.756144254429955,0.0,0.0,7767838,126
no_zone_coordinated,344,1,2,2,1241.9186034924826,1329.4127561416628,87.4941526491801,87.49415264918025,0.0,0.0,0,0.0,20.04,27.2,27.2,7.054152649180095,6.0,0.0,0.0,0.0,0.0,0.0,0.0,3384970,172
no_zone_coordinated,400,6,5,5,1250.2679308558365,1336.5479247347737,68.27999387893678,86.27999387893715,0.0,18.0,4,0.0,11.88,21.64,21.64,7.119993878936768,6.0,6.0,0.0,12.0,0.0,0.0,0.0,7527342,124
no_zone_coordinated,600,0,3,3,1250.405663815457,1317.8281208158082,67.42245700035095,67.42245700035119,0.0,0.0,0,0.0,17.439999999999998,18.44,18.44,7.102457000350952,6.0,0.0,0.0,0.0,0.0,0.0,0.0,6424017,126
no_zone_coordinated,420,3,0,0,1255.7430031909948,1346.7712895414993,91.02828635050456,91.02828635050446,0.0,0.0,3,0.0,26.560000000000002,25.28,25.28,7.908286350504557,6.0,0.0,0.0,0.0,0.0,0.0,0.0,57122416,124
no_zone_coordinated,311,5,4,4,1264.3440129529881,1322.8266926013239,58.482679648335775,58.48267964833576,0.0,0.0,0,0.0,26.16,9.6,9.6,7.122679648335775,6.0,0.0,0.0,0.0,0.0,0.0,0.0,7696316,126
no_zone_coordinated,618,7,6,6,1292.4337517771617,1376.78619235842,84.35244058125814,84.3524405812584,0.0,0.0,1,0.0,23.64,23.68,23.68,7.352440581258138,6.0,0.0,0.0,0.0,0.0,0.0,0.0,22151624,124
no_zone_coordinated,466,4,5,6,1295.7168843073741,1377.205282164659,43.410122181723494,81.48839785728478,38.078275675561144,0.0,4,0.0,7.959591794226542,11.2,11.2,7.0505303874969485,6.0,13.35686746978763,24.721408205773514,0.0,0.0,0.0,0.0,3157077,125
no_zone_coordinated,121,0,3,3,1317.8281208158082,1364.364491571576,46.53637075576782,46.53637075576785,0.0,0.0,0,0.0,5.48,13.96,13.96,7.136370755767822,6.0,0.0,0.0,0.0,0.0,0.0,0.0,8557686,126
no_zone_coordinated,244,5,6,6,1322.8266926013239,1401.1383001544243,66.31160755310059,78.31160755310043,0.0,12.0,1,0.0,24.0,14.6,14.6,7.111607553100586,6.0,0.0,0.0,12.0,0.0,0.0,0.0,6999720,127
no_zone_coordinated,245,1,1,1,1329.4127561416628,1386.2274216673534,56.81466552569072,56.81466552569054,0.0,0.0,0,0.0,24.6,9.6,9.6,7.014665525690715,6.0,0.0,0.0,0.0,0.0,0.0,0.0,900655,125
no_zone_coordinated,12,2,0,0,1334.0122733426756,1417.6537801019376,83.64150675926209,83.64150675926203,0.0,0.0,0,0.0,8.599999999999998,30.92,30.92,7.201506759262085,6.0,0.0,0.0,0.0,0.0,0.0,0.0,12655689,170
no_zone_coordinated,390,6,7,7,1336.5479247347737,1413.8381846205612,64.73199226214092,77.29025988578746,6.558267623646316,6.0,3,0.0,17.68,16.96,16.96,7.13199226214091,6.0,6.0,0.0,6.558267623646316,0.0,0.0,0.0,8282215,127
no_zone_coordinated,41,3,2,2,1346.7712895414993,1428.1059376022342,81.33464806073506,81.33464806073493,0.0,0.0,1,0.0,18.56,24.84,24.84,7.094648060735067,6.0,0.0,0.0,0.0,0.0,0.0,0.0,5932721,579
no_zone_coordinated,580,0,1,2,1364.364491571576,1439.9090805680817,69.54458899650574,75.54458899650558,0.0,6.0,2,0.0,14.16,21.12,21.12,7.144588996505737,6.0,6.0,0.0,0.0,0.0,0.0,0.0,9074733,126
no_zone_coordinated,77,7,4,5,1376.78619235842,1436.5221192232984,59.73592686487834,59.735926864878365,0.0,0.0,0,0.0,14.68,16.0,16.0,7.055926864878336,6.0,0.0,0.0,0.0,0.0,0.0,0.0,3496594,573
no_zone_coordinated,599,4,4,4,1377.205282164659,1491.0384295012373,101.83314733657836,113.83314733657835,0.0,12.0,2,0.0,30.8,29.0,29.0,7.033147336578369,6.0,6.0,0.0,6.0,0.0,0.0,0.0,2063430,126
no_zone_coordinated,21,1,2,2,1386.2274216673534,1503.4794440624237,111.25202239507038,117.2520223950703,0.0,6.0,2,0.0,31.0,33.6,33.6,7.052022395070394,6.0,6.0,0.0,0.0,0.0,0.0,0.0,3250946,125
no_zone_coordinated,79,5,5,6,1401.1383001544243,1470.029537720037,68.89123756561278,68.89123756561276,0.0,0.0,0,0.0,9.44,23.04,23.04,7.371237565612793,6.0,0.0,0.0,0.0,0.0,0.0,0.0,23334228,125
no_zone_coordinated,366,6,6,6,1413.8381846205612,1469.0924964411636,49.254311820602425,55.254311820602425,0.0,6.0,2,0.0,11.8,12.16,12.16,7.134311820602417,6.0,6.0,0.0,0.0,0.0,0.0,0.0,8428149,129
no_zone_coordinated,583,2,0,1,1417.6537801019376,1495.6793881503133,78.02560804837545,78.02560804837572,0.0,0.0,0,0.0,11.040000000000003,26.88,26.88,7.225608048375448,6.0,0.0,0.0,0.0,0.0,0.0,0.0,14172011,124
no_zone_coordinated,384,3,1,1,1428.1059376022342,1496.639676280467,68.53373867823284,68.5337386782328,0.0,0.0,0,0.0,8.280000000000001,23.56,23.56,7.133738678232829,6.0,0.0,0.0,0.0,0.0,0.0,0.0,8392090,125
no_zone_coordinated,609,7,4,4,1436.5221192232984,1493.8732613420068,45.351142118708296,57.35114211870837,0.0,12.0,1,0.0,13.719999999999999,9.280000000000001,9.280000000000001,7.071142118708293,6.0,0.0,0.0,12.0,0.0,0.0,0.0,4453855,124
no_zone_coordinated,47,0,0,0,1439.9090805680817,1515.444098861093,50.044710710779825,75.53501829301126,25.490307582231708,0.0,2,0.0,19.28,8.84,8.84,7.0847107107798255,6.0,8.756857034152517,0.0,16.73345054807919,0.0,0.0,0.0,5307517,128
no_zone_coordinated,521,6,7,7,1469.0924964411636,1565.2055618984443,96.11306545728047,96.11306545728075,0.0,0.0,0,0.0,28.24,27.4,27.4,7.073065457280477,6.0,0.0,0.0,0.0,0.0,0.0,0.0,4574861,124
no_zone_coordinated,285,5,5,5,1470.029537720037,1530.3849112598982,48.35537353986104,60.35537353986115,0.0,12.0,1,0.0,13.6,10.44,10.44,7.875373539861044,6.0,12.0,0.0,0.0,0.0,0.0,0.0,55051721,129
no_zone_coordinated,394,4,5,5,1491.0384295012373,1580.6926499537715,77.65422045253419,89.65422045253422,0.0,12.0,1,0.0,7.1313708498984765,28.68,28.68,7.162849602635702,6.0,0.0,0.0,12.0,0.0,0.0,0.0,10223591,129
no_zone_coordinated,427,7,4,4,1493.8732613420068,1599.2671642754162,81.7363639242808,105.39390293340944,23.657539009128868,0.0,1,0.0,17.32,25.6,25.6,7.216363924280802,6.0,0.0,23.657539009128868,0.0,0.0,0.0,0.0,13590421,124
no_zone_coordinated,201,2,0,0,1495.6793881503133,1564.4922169851013,68.81282883478801,68.81282883478798,0.0,0.0,1,0.0,12.119999999999997,21.76,21.76,7.172828834788005,6.0,0.0,0.0,0.0,0.0,0.0,0.0,10851430,126
no_zone_coordinated,209,3,2,2,1496.639676280467,1546.5286237275443,49.88894744707743,49.88894744707727,0.0,0.0,0,0.0,24.279999999999998,6.28,6.28,7.048947447077433,6.0,0.0,0.0,0.0,0.0,0.0,0.0,3057487,572
no_zone_coordinated,461,1,2,2,1503.4794440624237,1558.3622684162353,48.95264468869122,54.88282435381166,5.930179665120704,0.0,1,0.0,33.120000000000005,1.3856406460551018,1.3856406460551018,7.061363396581014,6.0,0.0,5.930179665120704,0.0,0.0,0.0,0.0,3838631,915
no_zone_coordinated,514,0,3,3,1515.444098861093,1591.1804903115935,75.73639145050049,75.7363914505006,0.0,0.0,1,0.0,27.64,17.48,17.48,7.136391450500488,6.0,0.0,0.0,0.0,0.0,0.0,0.0,8558988,128
no_zone_coordinated,604,5,5,5,1530.3849112598982,1634.8879901321977,92.5030788722992,104.50307887229951,0.0,12.0,1,0.0,20.200000000000003,29.64,29.64,7.023078872299195,6.0,0.0,0.0,12.0,0.0,0.0,0.0,1429977,124
no_zone_coordinated,114,3,2,2,1546.5286237275443,1591.348248693466,44.81962496592203,44.819624965921776,0.0,0.0,0,0.0,7.079999999999999,12.36,12.36,7.019624965922038,6.0,0.0,0.0,0.0,0.0,0.0,0.0,1212676,125
no_zone_coordinated,182,1,0,0,1558.3622684162353,1642.1500299279744,83.78776151173909,83.78776151173906,0.0,0.0,1,0.0,31.24,19.72,19.72,7.1077615117390955,6.0,0.0,0.0,0.0,0.0,0.0,0.0,6757748,125
no_zone_coordinated,492,2,0,0,1564.4922169851013,1638.2461219813242,43.57509205334981,73.7539049962229,1.0009999999999764,18.0,2,11.17781294287306,15.080000000000002,7.68,7.68,7.135092053349813,6.0,18.0,0.0,0.0,1.0009999999999764,0.0,0.0,8477237,125
no_zone_coordinated,350,6,4,5,1565.2055618984443,1646.1143076720143,80.90874577356975,80.90874577356999,0.0,0.0,1,0.0,24.959999999999997,21.44,21.44,7.068745773569743,6.0,0.0,0.0,0.0,0.0,0.0,0.0,4303090,127
no_zone_coordinated,241,4,4,4,1580.6926499537715,1644.0435492097788,51.35089925600687,63.350899256007324,0.0,12.0,2,0.0,34.519999999999996,0.8,0.8,9.230899256006877,6.0,12.0,0.0,0.0,0.0,0.0,0.0,140334025,126
no_zone_coordinated,446,0,0,0,1591.1804903115935,1713.2790192609493,122.09852894935608,122.0985289493558,0.0,0.0,0,0.0,37.36,35.84,35.84,7.058528949356079,6.0,0.0,0.0,0.0,0.0,0.0,0.0,3660303,124
no_zone_coordinated,529,3,0,0,1591.348248693466,1687.6256763218269,40.54565706087748,96.27742762836078,21.562781234508293,0.0,4,34.168989332975116,23.24,2.12,2.12,7.0656570608774825,6.0,2.7340197227692897,0.0,17.827761511739027,1.0009999999999764,0.0,0.0,4108765,679
no_zone_coordinated,186,7,4,4,1599.2671642754162,1675.6176596016498,55.17411039187114,76.35049532623361,9.176384934362659,12.0,2,0.0,11.240000000000002,15.36,15.36,7.2141103918711345,6.0,0.0,0.0,21.17638493436266,0.0,0.0,0.0,13448641,136
no_zone_coordinated,14,5,6,6,1634.8879901321977,1699.495420537751,64.60743040555319,64.60743040555326,0.0,0.0,0,0.0,21.72,14.92,14.92,7.0474304055531825,6.0,0.0,0.0,0.0,0.0,0.0,0.0,2962043,126
no_zone_coordinated,49,2,1,1,1638.2461219813242,1734.9997144072427,96.75359242591858,96.75359242591844,0.0,0.0,1,0.0,31.44,26.12,26.12,7.073592425918579,6.0,0.0,0.0,0.0,0.0,0.0,0.0,4608015,125
no_zone_coordinated,269,1,1,1,1642.1500299279744,1728.7721882297728,51.61147382253011,86.62215830179844,1.0009999999999764,6.0,2,28.009684479268344,14.999999999999998,11.72,11.72,7.1714738225301105,6.0,6.0,0.0,0.0,1.0009999999999764,0.0,0.0,10766180,129
no_zone_coordinated,464,4,4,4,1644.0435492097788,1735.6453623782409,91.60181316846212,91.60181316846206,0.0,0.0,0,0.0,26.08,26.24,26.24,7.0418131684621175,6.0,0.0,0.0,0.0,0.0,0.0,0.0,2608637,127
no_zone_coordinated,439,6,6,6,1646.1143076720143,1745.5875075109414,83.9795173787435,99.47319983892703,3.493682460183436,12.0,2,0.0,18.0,26.44,26.44,7.0995173787434895,6.0,3.493682460183436,0.0,12.0,0.0,0.0,0.0,6239072,124
no_zone_coordinated,31,7,4,4,1675.6176596016498,1786.4715419716447,83.10799276186626,110.85388236999484,15.745889608128891,12.0,2,0.0,17.76,26.12,26.12,7.107992761866251,6.0,15.745889608128891,0.0,12.0,0.0,0.0,0.0,6772297,127
no_zone_coordinated,305,3,0,0,1687.6256763218269,1779.2931702643418,91.66749394251505,91.66749394251497,0.0,0.0,0,0.0,25.439999999999998,26.56,26.56,7.107493942515055,6.0,0.0,0.0,0.0,0.0,0.0,0.0,6740914,678
no_zone_coordinated,287,5,4,4,1699.495420537751,1807.76284656276,96.26742602500916,108.26742602500894,0.0,12.0,2,0.0,26.439999999999998,28.36,28.36,7.107426025009155,6.0,0.0,0.0,12.0,0.0,0.0,0.0,6736641,126
no_zone_coordinated,550,0,0,0,1713.2790192609493,1794.026284188114,68.74726492716472,80.74726492716468,0.0,12.0,1,0.0,18.08,18.76,18.76,7.147264927164714,6.0,0.0,0.0,12.0,0.0,0.0,0.0,9243088,124
no_zone_coordinated,413,1,2,2,1728.7721882297728,1771.597987801382,42.825799571609494,42.825799571609195,0.0,0.0,0,0.0,7.6000000000000005,11.08,11.08,7.065799571609497,6.0,0.0,0.0,0.0,0.0,0.0,0.0,4117731,124
no_zone_coordinated,33,2,1,1,1734.9997144072427,1794.3597816809547,59.36006727371216,59.36006727371205,0.0,0.0,0,0.0,8.040000000000003,19.08,19.08,7.1600672737121585,6.0,0.0,0.0,0.0,0.0,0.0,0.0,10048542,137
no_zone_coordinated,383,4,5,6,1735.6453623782409,1813.8762855336151,78.23092315537434,78.23092315537428,0.0,0.0,0,0.0,13.13137084989847,25.92,25.92,7.259552305475871,6.0,0.0,0.0,0.0,0.0,0.0,0.0,16307599,130
no_zone_coordinated,336,6,5,5,1745.5875075109414,1839.2940692717802,81.70656176083884,93.7065617608389,0.0,12.0,1,0.0,9.879999999999999,29.32,29.32,7.186561760838827,6.0,0.0,0.0,12.0,0.0,0.0,0.0,11715431,125
no_zone_coordinated,522,1,2,2,1771.597987801382,1810.773877212291,39.175889410909015,39.175889410908894,0.0,0.0,0,0.0,10.08,8.0,8.0,7.095889410909017,6.0,0.0,0.0,0.0,0.0,0.0,0.0,6010820,127
no_zone_coordinated,226,3,0,1,1779.2931702643418,1879.3980375016872,100.10486723734537,100.10486723734539,0.0,0.0,0,0.0,15.96,35.519999999999996,35.519999999999996,7.104867237345378,6.0,0.0,0.0,0.0,0.0,0.0,0.0,6575656,127
no_zone_coordinated,131,7,6,6,1786.4715419716447,1864.2479376550823,77.77639568343756,77.77639568343761,0.0,0.0,0,0.0,13.959591794226544,25.16,25.16,7.496803889211019,6.0,0.0,0.0,0.0,0.0,0.0,0.0,31234178,142
no_zone_coordinated,409,0,3,3,1794.026284188114,1879.9577316224759,85.93144743436177,85.93144743436187,0.0,0.0,1,0.0,24.439999999999998,24.2,24.2,7.0914474343617755,6.0,0.0,0.0,0.0,0.0,0.0,0.0,5731355,124
no_zone_coordinated,304,2,3,3,1794.3597816809547,1864.6168475831694,45.57811596069335,70.25706590221466,1.0009999999999764,0.0,2,23.677949941520865,30.919999999999998,0.8,0.8,7.0581159606933594,6.0,0.0,0.0,0.0,1.0009999999999764,0.0,0.0,3634320,127
no_zone_coordinated,598,5,4,4,1807.76284656276,1860.9694726822336,53.206626119473505,53.20662611947364,0.0,0.0,0,0.0,30.56,4.7888543819998315,4.7888543819998315,7.068917355473836,6.0,0.0,0.0,0.0,0.0,0.0,0.0,4313885,126
no_zone_coordinated,82,1,1,1,1810.773877212291,1926.6302332599853,111.35045157903036,115.85635604769436,4.505904468663857,0.0,2,0.0,31.96,32.96,32.96,7.470451579030355,6.0,4.505904468663857,0.0,0.0,0.0,0.0,0.0,29576234,125
no_zone_coordinated,195,4,4,4,1813.8762855336151,1877.2636999365134,57.38741440289815,63.38741440289823,0.0,6.0,2,0.0,33.480000000000004,5.4399999999999995,5.4399999999999995,7.0274144028981524,6.0,0.0,0.0,6.0,0.0,0.0,0.0,1702745,125
no_zone_coordinated,454,6,4,4,1839.2940692717802,1914.4857009337675,75.1916316619873,75.19163166198723,0.0,0.0,0,0.0,22.48,19.84,19.84,7.031631661987305,6.0,0.0,0.0,0.0,0.0,0.0,0.0,1968072,125
no_zone_coordinated,175,5,5,6,1860.9694726822336,1936.9689255957724,75.99945291353862,75.99945291353879,0.0,0.0,1,0.0,26.439999999999998,18.240000000000002,18.240000000000002,7.079452913538615,6.0,0.0,0.0,0.0,0.0,0.0,0.0,4976725,125
no_zone_coordinated,70,7,6,6,1864.2479376550823,1932.0653689729836,61.817431317901615,67.81743131790131,0.0,6.0,1,0.0,3.5599999999999987,22.6,22.6,7.057431317901611,6.0,0.0,0.0,0.0,0.0,6.0,0.0,3591246,128
no_zone_coordinated,343,2,2,2,1864.6168475831694,1914.8836258578194,43.84384417686463,50.26677827465005,6.422934097785401,0.0,2,0.0,14.16,8.32,8.32,7.043844176864624,6.0,6.422934097785401,0.0,0.0,0.0,0.0,0.0,2736417,213
no_zone_coordinated,177,4,4,4,1877.2636999365134,1920.4633011762771,27.849231904496726,43.19960123976375,3.350369335266805,12.0,2,0.0,1.9595917942265424,6.4,6.4,7.0896401102701825,6.0,3.350369335266805,0.0,12.0,0.0,0.0,0.0,5617648,129
no_zone_coordinated,180,3,2,2,1879.3980375016872,1957.5952527138097,78.19721521212259,78.1972152121225,0.0,0.0,0,0.0,19.919999999999998,22.6,22.6,7.077215212122599,6.0,0.0,0.0,0.0,0.0,0.0,0.0,4835941,127
no_zone_coordinated,23,0,0,0,1879.9577316224759,1968.8749129063344,88.91718128385844,88.91718128385855,0.0,0.0,0,0.0,22.131370849898477,26.88,26.88,7.025810433959961,6.0,0.0,0.0,0.0,0.0,0.0,0.0,1601832,125
no_zone_coordinated,75,6,7,7,1914.4857009337675,2001.6047389195055,87.11903798573812,87.11903798573803,0.0,0.0,0,0.0,24.12,24.96,24.96,7.079037985738118,6.0,0.0,0.0,0.0,0.0,0.0,0.0,4950620,128
no_zone_coordinated,190,2,1,1,1914.8836258578194,1970.4140236210078,55.53039776318868,55.530397763188375,0.0,0.0,1,0.0,13.28,14.6,14.6,7.0503977631886805,6.0,0.0,0.0,0.0,0.0,0.0,0.0,3148733,468
no_zone_coordinated,284,4,4,4,1920.4633011762771,2033.904374547783,113.44107337150574,113.44107337150581,0.0,0.0,0,0.0,29.8,35.2,35.2,7.241073371505737,6.0,0.0,0.0,0.0,0.0,0.0,0.0,15145005,132
no_zone_coordinated,418,1,1,1,1926.6302332599853,2029.7634256258857,79.13319236590067,103.13319236590041,0.0,24.0,1,0.0,4.6000000000000005,30.6,30.6,7.3331923659006755,6.0,0.0,0.0,24.0,0.0,0.0,0.0,20940631,127
no_zone_coordinated,565,7,5,5,1932.0653689729836,2003.174320368273,71.1089513952891,71.1089513952893,0.0,0.0,1,0.0,13.200000000000003,22.4,22.4,7.108951395289103,6.0,0.0,0.0,0.0,0.0,0.0,0.0,6832609,128
no_zone_coordinated,150,5,7,7,1936.9689255957724,1993.3328416855425,41.24614075177511,56.3639160897701,3.117775337994999,12.0,2,0.0,22.48,2.76,2.76,7.246140751775106,6.0,0.0,3.117775337994999,12.0,0.0,0.0,0.0,15463817,125
no_zone_coordinated,221,3,3,3,1957.5952527138097,2032.6193975587548,75.02414484494527,75.02414484494511,0.0,0.0,0,0.0,6.239999999999998,27.84,27.84,7.104144844945272,6.0,0.0,0.0,0.0,0.0,0.0,0.0,6530207,128
no_zone_coordinated,5,0,3,3,1968.8749129063344,2061.0378057708162,80.1628928644816,92.16289286448182,0.0,12.0,1,0.0,24.88,21.0,21.0,7.282892864481608,6.0,0.0,0.0,12.0,0.0,0.0,0.0,17776060,127
no_zone_coordinated,205,2,0,0,1970.4140236210078,2030.609935964605,60.19591234359742,60.19591234359723,0.0,0.0,0,0.0,10.600000000000001,18.240000000000002,18.240000000000002,7.1159123435974125,6.0,0.0,0.0,0.0,0.0,0.0,0.0,7270554,126
no_zone_coordinated,559,5,5,5,1993.3328416855425,2029.7273384649204,36.39449677937826,36.39449677937796,0.0,0.0,0,0.0,14.6,4.359999999999999,4.359999999999999,7.074496779378255,6.0,0.0,0.0,0.0,0.0,0.0,0.0,4664912,128
no_zone_coordinated,113,6,7,7,2001.6047389195055,2060.7199339410713,59.115195021565754,59.115195021565796,0.0,0.0,0,0.0,5.920000000000002,20.04,20.04,7.115195021565755,6.0,0.0,0.0,0.0,0.0,0.0,0.0,7225424,129
no_zone_coordinated,53,7,4,4,2003.174320368273,2094.760756076892,84.25638152910868,91.58643570861909,7.330054179509943,2.2737367544323206e-13,1,0.0,13.400000000000002,28.8,28.8,7.256381529108683,6.0,0.0,0.0,7.330054179510171,0.0,0.0,0.0,16108111,125
no_zone_coordinated,215,5,4,4,2029.7273384649204,2111.1571841015425,69.42984563662212,81.42984563662208,0.0,12.0,1,0.0,20.560000000000002,17.92,17.92,7.029845636622111,6.0,0.0,0.0,12.0,0.0,0.0,0.0,1855705,126
no_zone_coordinated,517,1,2,3,2029.7634256258857,2099.542672501267,69.77924687538147,69.77924687538143,0.0,0.0,0,0.0,30.480000000000004,13.12,13.12,7.059246875381469,6.0,0.0,0.0,0.0,0.0,0.0,0.0,3705471,124
no_zone_coordinated,407,2,0,0,2030.609935964605,2126.2916535526488,95.68171758804321,95.68171758804374,0.0,0.0,0,0.0,16.04,33.28,33.28,7.081717588043213,6.0,0.0,0.0,0.0,0.0,0.0,0.0,5119206,124
no_zone_coordinated,635,3,3,3,2032.6193975587548,2092.087689437887,47.563263812001544,59.468291879132266,5.905028067131298,6.0,2,0.0,23.2,5.64,5.64,7.0832638120015465,6.0,6.0,0.0,0.0,5.905028067131298,0.0,0.0,5216486,125
no_zone_coordinated,353,4,4,4,2033.904374547783,2116.1974289678724,52.29305442008972,82.29305442008945,0.0,30.0,3,0.0,33.12,3.08,3.08,7.013054420089722,6.0,18.0,0.0,12.0,0.0,0.0,0.0,799293,125
no_zone_coordinated,107,6,4,4,2060.7199339410713,2174.58124727293,113.86131333185833,113.86131333185858,0.0,0.0,0,0.0,32.88,33.92,33.92,7.141313331858317,6.0,0.0,0.0,0.0,0.0,0.0,0.0,8868646,131
no_zone_coordinated,185,0,2,2,2061.0378057708162,2154.52403214983,87.48622637901306,93.48622637901371,0.0,6.0,1,0.0,15.32,29.32,29.32,7.526226379013061,6.0,0.0,0.0,6.0,0.0,0.0,0.0,33085281,125
no_zone_coordinated,9,3,3,3,2092.087689437887,2193.7142821200264,101.62659268213906,101.62659268213929,0.0,0.0,2,0.0,26.4,31.04,31.04,7.146592682139079,6.0,0.0,0.0,0.0,0.0,0.0,0.0,9200794,129
no_zone_coordinated,234,7,6,6,2094.760756076892,2177.8897283197907,83.12897224289877,83.12897224289873,0.0,0.0,0,0.0,13.131370849898477,28.48,28.48,7.037601393000285,6.0,0.0,0.0,0.0,0.0,0.0,0.0,2343655,125
no_zone_coordinated,480,1,1,2,2099.542672501267,2230.0190875259605,112.53139808807373,130.47641502469332,17.94501693662005,0.0,3,0.0,29.08,35.2,35.2,7.05139808807373,6.0,17.94501693662005,0.0,0.0,0.0,0.0,0.0,3211668,124
no_zone_coordinated,167,5,7,7,2111.1571841015425,2210.610040986181,85.09010704511007,99.45285688463855,14.362749839528988,0.0,1,0.0,28.72,21.64,21.64,7.0901070451100665,6.0,14.362749839528988,0.0,0.0,0.0,0.0,0.0,5647025,125
no_zone_coordinated,619,4,4,4,2116.1974289678724,2153.537243520158,25.154996247227984,37.33981455228559,1.0010000000002037,0.0,1,11.183818305057684,2.6,4.68,4.68,7.194996247227987,6.0,0.0,0.0,0.0,1.0010000000002037,0.0,0.0,12246083,124
no_zone_coordinated,46,2,1,1,2126.2916535526488,2212.2764649129444,62.736377386983236,85.98481136029568,1.0010000000002037,0.0,1,22.247433973311672,31.44,8.84,8.84,7.616377386983236,6.0,0.0,0.0,0.0,1.0010000000002037,0.0,0.0,38757092,139
no_zone_coordinated,608,4,7,7,2153.537243520158,2231.8888772325454,66.35163371238708,78.35163371238741,0.0,12.0,1,0.0,27.32,13.0,13.0,7.031633712387085,6.0,0.0,0.0,12.0,0.0,0.0,0.0,1968201,125
no_zone_coordinated,44,0,1,1,2154.52403214983,2240.4628728012785,73.93884065144857,85.93884065144857,0.0,12.0,2,0.0,11.8,24.52,24.52,7.098840651448568,6.0,0.0,0.0,12.0,0.0,0.0,0.0,6196496,127
no_zone_coordinated,258,6,5,5,2174.58124727293,2234.5945082556977,60.01326098276774,60.01326098276786,0.0,0.0,0,0.0,34.96,5.96,5.96,7.133260982767741,6.0,0.0,0.0,0.0,0.0,0.0,0.0,8362036,125
no_zone_coordinated,62,7,6,7,2177.8897283197907,2238.5848586281963,60.69513030840557,60.69513030840562,0.0,0.0,1,0.0,23.32,12.16,12.16,7.055130308405558,6.0,0.0,0.0,0.0,0.0,0.0,0.0,3446479,125
no_zone_coordinated,356,3,0,0,2193.7142821200264,2268.985532601568,75.27125048154195,75.27125048154176,0.0,0.0,0,0.0,25.919999999999998,18.12,18.12,7.111250481541951,6.0,0.0,0.0,0.0,0.0,0.0,0.0,6977255,125
no_zone_coordinated,557,5,4,4,2210.610040986181,2292.6660129280654,82.05597194188435,82.05597194188431,0.0,0.0,0,0.0,21.24,23.88,23.88,7.0559719418843585,6.0,0.0,0.0,0.0,0.0,0.0,0.0,3499430,124
no_zone_coordinated,487,2,2,2,2212.2764649129444,2296.0894424764206,83.81297756347657,83.81297756347612,0.0,0.0,0,0.0,22.36,24.2,24.2,7.052977563476563,6.0,0.0,0.0,0.0,0.0,0.0,0.0,3311040,128
no_zone_coordinated,283,1,3,3,2230.0190875259605,2304.4862265808306,74.46713905487061,74.46713905487013,0.0,0.0,2,0.0,23.0,19.2,19.2,7.067139054870606,6.0,0.0,0.0,0.0,0.0,0.0,0.0,4202004,125
no_zone_coordinated,218,4,4,4,2231.8888772325454,2309.0043084283766,65.11543119583129,77.1154311958312,0.0,12.0,1,0.0,23.92,14.08,14.08,7.035431195831299,6.0,0.0,0.0,12.0,0.0,0.0,0.0,2207118,125
no_zone_coordinated,157,6,4,4,2234.5945082556977,2312.1353383593814,41.57002993100484,77.54083010368367,1.0010000000002037,0.0,1,34.96980017267924,10.2,9.16,9.16,7.050029931004842,6.0,0.0,0.0,0.0,1.0010000000002037,0.0,0.0,3125591,125
no_zone_coordinated,163,7,6,6,2238.5848586281963,2332.729619718412,88.14476109021506,94.14476109021552,0.0,6.0,1,0.0,21.6,26.76,26.76,7.024761090215048,6.0,6.0,0.0,0.0,0.0,0.0,0.0,1535813,127
no_zone_coordinated,188,0,3,3,2240.4628728012785,2316.394199439514,58.427972858683276,75.93132663823553,17.50335377955207,0.0,2,0.0,29.64,7.88,7.88,7.027972858683269,6.0,0.0,0.0,17.50335377955207,0.0,0.0,0.0,1737880,128
no_zone_coordinated,112,3,2,3,2268.985532601568,2362.5686893668067,93.58315676523844,93.58315676523853,0.0,0.0,1,0.0,23.36,28.48,28.48,7.263156765238444,6.0,0.0,0.0,0.0,0.0,0.0,0.0,16534372,125
no_zone_coordinated,495,5,5,5,2292.6660129280654,2387.650321512533,94.98430858446758,94.98430858446773,0.0,0.0,0,0.0,15.96,32.84,32.84,7.34430858446757,6.0,0.0,0.0,0.0,0.0,0.0,0.0,21640003,126
no_zone_coordinated,535,2,2,2,2296.0894424764206,2364.499592337438,49.01336575660705,68.41014986101754,7.396784104410017,12.0,2,0.0,14.44,10.76,10.76,7.053365756607056,6.0,7.396784104410017,0.0,12.0,0.0,0.0,0.0,3335463,124
no_zone_coordinated,442,1,2,2,2304.4862265808306,2389.240946631261,66.75472005043031,84.75472005043048,0.0,18.0,4,0.0,9.760000000000002,21.96,21.96,7.074720050430298,6.0,6.0,0.0,12.0,0.0,0.0,0.0,4678959,127
no_zone_coordinated,631,4,4,4,2309.0043084283766,2361.8031456338817,52.79883720550537,52.79883720550515,0.0,0.0,0,0.0,4.52,17.6,17.6,7.078837205505371,6.0,0.0,0.0,0.0,0.0,0.0,0.0,4937988,124
no_zone_coordinated,169,6,6,6,2312.1353383593814,2423.6546358367223,105.5192974773407,111.51929747734084,0.0,6.0,2,0.0,29.2,31.36,31.36,7.5992974773406985,6.0,6.0,0.0,0.0,0.0,0.0,0.0,37682517,126
no_zone_coordinated,581,0,1,2,2316.394199439514,2398.7712685233,82.37706908378601,82.37706908378595,0.0,0.0,3,0.0,22.16,23.04,23.04,8.137069083786011,6.0,0.0,0.0,0.0,0.0,0.0,0.0,71516181,130
no_zone_coordinated,435,7,7,7,2332.729619718412,2414.9591098347855,82.2294901163737,82.22949011637365,0.0,0.0,0,0.0,9.879999999999999,29.64,29.64,7.069490116373698,6.0,0.0,0.0,0.0,0.0,0.0,0.0,4349920,124
no_zone_coordinated,558,4,7,7,2361.8031456338817,2449.6082114938677,55.11357565714518,87.80506585998592,32.69149020284067,0.0,1,0.0,31.16,5.4399999999999995,5.4399999999999995,7.073575657145183,6.0,32.69149020284067,0.0,0.0,0.0,0.0,0.0,4606960,124
no_zone_coordinated,61,3,0,0,2362.5686893668067,2462.7980420364584,100.2293526696523,100.22935266965169,0.0,0.0,0,0.0,22.72,32.2,32.2,7.109352669652303,6.0,0.0,0.0,0.0,0.0,0.0,0.0,6857855,125
no_zone_coordinated,375,2,2,2,2364.499592337438,2424.483808968628,46.84286233736674,59.984216631190066,13.141354293822587,0.0,2,0.0,4.6000000000000005,14.4,14.4,7.44286233736674,6.0,0.0,0.0,13.141354293822587,0.0,0.0,0.0,27840469,125
no_zone_coordinated,52,5,4,5,2387.650321512533,2455.087109710623,67.4367881980896,67.43678819808974,0.0,0.0,0,0.0,25.759999999999998,14.08,14.08,7.5167881980896,6.0,0.0,0.0,0.0,0.0,0.0,0.0,32491482,125
no_zone_coordinated,74,1,2,2,2389.240946631261,2438.6135714982556,40.04876252962748,49.372624866994556,9.323862337367245,0.0,1,0.0,18.92,4.04,4.04,7.048762529627482,6.0,0.0,9.323862337367245,0.0,0.0,0.0,0.0,3045853,129
no_zone_coordinated,625,0,3,3,2398.7712685233,2460.9721219647927,62.20085344149272,62.200853441492654,0.0,0.0,0,0.0,9.0,20.04,20.04,7.1208534414927165,6.0,0.0,0.0,0.0,0.0,0.0,0.0,7581421,134
no_zone_coordinated,482,7,4,4,2414.9591098347855,2512.098071634661,97.13896179987589,97.13896179987569,0.0,0.0,0,0.0,20.919999999999998,31.56,31.56,7.098961799875895,6.0,0.0,0.0,0.0,0.0,0.0,0.0,6204118,124
no_zone_coordinated,505,6,5,5,2423.6546358367223,2478.2078711497556,54.55323531303405,54.55323531303338,0.0,0.0,0,0.0,23.2,9.16,9.16,7.033235313034058,6.0,0.0,0.0,0.0,0.0,0.0,0.0,2068965,124
no_zone_coordinated,386,2,3,3,2424.483808968628,2467.4779541950434,36.994145226415,42.994145226415185,0.0,6.0,2,0.0,18.96,2.44,2.44,7.1541452264149985,6.0,6.0,0.0,0.0,0.0,0.0,0.0,9675959,126
no_zone_coordinated,530,1,0,0,2438.6135714982556,2513.4443667974037,74.83079529914855,74.83079529914812,0.0,0.0,0,0.0,26.56,17.6,17.6,7.07079529914856,6.0,0.0,0.0,0.0,0.0,0.0,0.0,4432035,124
no_zone_coordinated,147,4,5,5,2449.6082114938677,2538.382773984585,88.77456249071757,88.77456249071747,0.0,0.0,1,0.0,30.279999999999998,22.72,22.72,7.05456249071757,6.0,0.0,0.0,0.0,0.0,0.0,0.0,3410755,127
no_zone_coordinated,632,5,6,6,2455.087109710623,2498.5297601638085,43.44265045318603,43.442650453185706,0.0,0.0,0,0.0,11.92,9.16,9.16,7.202650453186036,6.0,0.0,0.0,0.0,0.0,0.0,0.0,12727644,124
no_zone_coordinated,524,0,0,0,2460.9721219647927,2539.3225700472717,67.99720324986775,78.35044808247903,10.35324483261138,0.0,1,0.0,35.12,9.92,9.92,7.0372032498677575,6.0,0.0,10.35324483261138,0.0,0.0,0.0,0.0,2318606,127
no_zone_coordinated,421,3,1,1,2462.7980420364584,2527.6104372927557,58.81239525629679,64.81239525629735,0.0,6.0,1,0.0,32.8,6.4,6.4,7.2123952562967935,6.0,6.0,0.0,0.0,0.0,0.0,0.0,13340734,125
no_zone_coordinated,254,2,3,3,2467.4779541950434,2573.5575304345653,78.46540846977234,106.07957623952188,27.6141677697492,0.0,1,0.0,20.84,22.28,22.28,7.065408469772339,6.0,27.6141677697492,0.0,0.0,0.0,0.0,0.0,4093125,125
no_zone_coordinated,639,6,5,5,2478.2078711497556,2538.385456550529,48.7616825659434,60.177585400773296,1.0010000000002037,0.0,1,10.414902834829718,6.4399999999999995,14.6,14.6,7.1216825659434,6.0,0.0,0.0,0.0,1.0010000000002037,0.0,0.0,7633585,125
no_zone_coordinated,207,5,7,7,2498.5297601638085,2533.4758501515003,34.946089987691245,34.94608998769172,0.0,0.0,0,0.0,10.4,5.76,5.76,7.026089987691243,6.0,0.0,0.0,0.0,0.0,0.0,0.0,1619420,125
no_zone_coordinated,28,7,4,4,2512.098071634661,2573.976884982414,61.878813347752896,61.87881334775284,0.0,0.0,0,0.0,28.32,10.24,10.24,7.078813347752889,6.0,0.0,0.0,0.0,0.0,0.0,0.0,4936487,125
no_zone_coordinated,629,1,0,0,2513.4443667974037,2578.3099177302247,58.86555093282064,64.86555093282095,0.0,6.0,1,0.0,4.200000000000001,20.8,20.8,7.0655509328206385,6.0,0.0,0.0,6.0,0.0,0.0,0.0,4102088,169
no_zone_coordinated,247,3,0,0,2527.6104372927557,2614.6895178459376,64.36694779866536,87.07908055318194,4.712132754516006,18.0,3,0.0,17.439999999999998,16.84,16.84,7.2469477986653645,6.0,10.712132754516006,0.0,12.0,0.0,0.0,0.0,15514592,126
no_zone_coordinated,549,5,5,5,2533.4758501515003,2634.032808307069,100.55695815556845,100.55695815556874,0.0,0.0,0,0.0,34.0,26.76,26.76,7.036958155568441,6.0,0.0,0.0,0.0,0.0,0.0,0.0,2303186,126
no_zone_coordinated,8,4,7,7,2538.382773984585,2639.521968519141,101.13919453455608,101.13919453455583,0.0,0.0,0,0.0,26.880000000000003,30.6,30.6,7.059194534556071,6.0,0.0,0.0,0.0,0.0,0.0,0.0,3702178,125
no_zone_coordinated,151,6,7,7,2538.385456550529,2620.6780456951715,44.35507717603048,82.29258914464253,1.0010000000002037,0.0,1,36.936511968612194,23.88,3.72,3.72,7.035077176030477,6.0,0.0,0.0,0.0,1.0010000000002037,0.0,0.0,2184845,125
no_zone_coordinated,127,0,0,0,2539.3225700472717,2610.3468827678366,28.322005567953504,71.02431272056492,13.441000000000258,18.0,2,11.261307152610243,6.4399999999999995,4.385640646055101,4.385640646055101,7.110724275843302,6.0,30.440000000000055,0.0,0.0,1.0010000000002037,0.0,0.0,6944149,125
no_zone_coordinated,596,2,3,3,2573.5575304345653,2616.1715898620814,42.61405942751567,42.61405942751617,0.0,0.0,0,0.0,17.0,6.28,6.28,7.054059427515666,6.0,0.0,0.0,0.0,0.0,0.0,0.0,3379105,124
no_zone_coordinated,253,7,5,5,2573.976884982414,2654.2361112743247,68.2592262919108,80.25922629191064,0.0,12.0,1,0.0,20.240000000000002,17.48,17.48,7.059226291910807,6.0,0.0,0.0,12.0,0.0,0.0,0.0,3704176,125
no_zone_coordinated,76,1,0,0,2578.3099177302247,2638.2136582808384,47.903740550613406,59.90374055061375,0.0,12.0,2,0.0,8.8,13.0,13.0,7.103740550613403,6.0,0.0,0.0,12.0,0.0,0.0,0.0,6504771,125
no_zone_coordinated,591,0,2,2,2610.3468827678366,2709.8003550276126,99.4534722597758,99.45347225977594,0.0,0.0,0,0.0,38.4,23.88,23.88,7.293472259775798,6.0,0.0,0.0,0.0,0.0,0.0,0.0,18441658,124
no_zone_coordinated,135,3,1,1,2614.6895178459376,2713.5476291972054,98.8581113512675,98.85811135126778,0.0,0.0,0,0.0,22.04,31.88,31.88,7.058111351267497,6.0,0.0,0.0,0.0,0.0,0.0,0.0,3634030,125
no_zone_coordinated,270,2,0,0,2616.1715898620814,2680.4329677958376,64.2613779337565,64.2613779337562,0.0,0.0,0,0.0,25.4,12.68,12.68,7.50137793375651,6.0,0.0,0.0,0.0,0.0,0.0,0.0,31521952,127
no_zone_coordinated,470,6,6,6,2620.6780456951715,2707.750177467149,87.07213177197774,87.07213177197764,0.0,0.0,0,0.0,26.84,23.56,23.56,7.112131771977743,6.0,0.0,0.0,0.0,0.0,0.0,0.0,7032701,125
no_zone_coordinated,593,5,4,4,2634.032808307069,2697.747003661785,63.71419535471598,63.71419535471614,0.0,0.0,1,0.0,28.880000000000003,10.879999999999999,10.879999999999999,7.074195354715983,6.0,0.0,0.0,0.0,0.0,0.0,0.0,4645948,125
no_zone_coordinated,467,1,0,0,2638.2136582808384,2738.393799754227,80.40083195838929,100.18014147338863,19.779309514999113,0.0,1,0.0,14.440000000000001,26.44,26.44,7.0808319583892825,6.0,0.0,0.0,19.779309514999113,0.0,0.0,0.0,5063487,126
no_zone_coordinated,481,4,4,4,2639.521968519141,2739.6765294490115,88.15456092987061,100.15456092987051,0.0,12.0,1,0.0,24.12,25.48,25.48,7.074560929870605,6.0,0.0,0.0,12.0,0.0,0.0,0.0,4668948,124
no_zone_coordinated,502,7,5,5,2654.2361112743247,2744.9462577824784,90.71014650815327,90.71014650815368,0.0,0.0,1,0.0,14.879999999999999,31.36,31.36,7.11014650815328,6.0,0.0,0.0,0.0,0.0,0.0,0.0,6907799,125
no_zone_coordinated,155,2,1,1,2680.4329677958376,2715.2883506054127,34.8553828095754,34.855382809575076,0.0,0.0,0,0.0,17.56,2.12,2.12,7.0553828095753985,6.0,0.0,0.0,0.0,0.0,0.0,0.0,3462365,125
no_zone_coordinated,354,5,4,4,2697.747003661785,2748.4990104967274,26.222481047715263,50.75200683494222,24.529525787226248,0.0,1,0.0,10.4,1.3856406460551018,1.3856406460551018,7.051199755605062,6.0,0.0,0.0,24.529525787226248,0.0,0.0,0.0,3199190,127
no_zone_coordinated,483,6,7,7,2707.750177467149,2795.0499182091335,87.29974074198405,87.29974074198435,0.0,0.0,0,0.0,13.720000000000002,30.28,30.28,7.01974074198405,6.0,0.0,0.0,0.0,0.0,0.0,0.0,1219960,124
no_zone_coordinated,310,0,3,3,2709.8003550276126,2777.1462838637067,67.34592883609436,67.34592883609412,0.0,0.0,0,0.0,7.1313708498984765,23.56,23.56,7.094557986195882,6.0,0.0,0.0,0.0,0.0,0.0,0.0,5927054,195
no_zone_coordinated,204,3,0,1,2713.5476291972054,2796.091678322495,76.25687856826781,82.5440491252898,6.287170557021909,0.0,1,0.0,14.559999999999999,24.32,24.32,7.056878568267822,6.0,0.0,6.287170557021909,0.0,0.0,0.0,0.0,3556470,125
no_zone_coordinated,432,2,2,2,2715.2883506054127,2817.4579540055793,102.16960340016682,102.16960340016658,0.0,0.0,1,0.0,28.959999999999997,30.08,30.08,7.04960340016683,6.0,0.0,0.0,0.0,0.0,0.0,0.0,3098756,127
no_zone_coordinated,575,1,1,1,2738.393799754227,2841.0216424617975,75.29329185638427,102.62784270757038,27.334550851185213,0.0,2,0.0,4.6000000000000005,28.8,28.8,7.093291856384277,6.0,0.0,0.0,27.334550851185213,0.0,0.0,0.0,5847396,168
no_zone_coordinated,447,4,4,4,2739.6765294490115,2801.5291426294266,61.85261318041484,61.85261318041512,0.0,0.0,0,0.0,16.16,16.32,16.32,7.052613180414836,6.0,0.0,0.0,0.0,0.0,0.0,0.0,3288115,173
no_zone_coordinated,37,7,6,6,2744.9462577824784,2801.6543781745786,56.708120392100014,56.70812039210023,0.0,0.0,0,0.0,33.04,5.32,5.32,7.028120392100016,6.0,0.0,0.0,0.0,0.0,0.0,0.0,1747162,125
no_zone_coordinated,29,5,5,5,2748.4990104967274,2833.3216643227415,78.8226538260142,84.82265382601418,0.0,6.0,2,0.0,25.56,20.04,20.04,7.182653826014201,6.0,6.0,0.0,0.0,0.0,0.0,0.0,11469565,474
no_zone_coordinated,170,0,2,2,2777.1462838637067,2832.832336782077,55.68605291837056,55.68605291837048,0.0,0.0,1,0.0,30.479999999999997,6.08,6.08,7.046052918370565,6.0,0.0,0.0,0.0,0.0,0.0,0.0,2875379,125
no_zone_coordinated,455,6,6,6,2795.0499182091335,2881.8690473566,86.81912914746601,86.81912914746636,0.0,0.0,1,0.0,12.880000000000003,30.4,30.4,7.139129147466024,6.0,0.0,0.0,0.0,0.0,0.0,0.0,8731229,130
no_zone_coordinated,333,3,3,3,2796.091678322495,2893.6861481510373,97.59446982854209,97.59446982854206,0.0,0.0,0,0.0,24.64,29.96,29.96,7.034469828542074,6.0,0.0,0.0,0.0,0.0,0.0,0.0,2146634,125
no_zone_coordinated,401,4,4,4,2801.5291426294266,2840.1064220905873,38.5772794611613,38.57727946116074,0.0,0.0,0,0.0,9.120000000000001,8.2,8.2,7.057279461161295,6.0,0.0,0.0,0.0,0.0,0.0,0.0,3581692,124
no_zone_coordinated,500,7,6,6,2801.6543781745786,2867.082877672762,31.412830316162108,65.42849949818356,1.0010000000002037,0.0,1,33.01466918202141,3.2399999999999993,7.56,7.56,7.052830316162109,6.0,0.0,0.0,0.0,1.0010000000002037,0.0,0.0,3301776,132
no_zone_coordinated,349,2,3,3,2817.4579540055793,2917.366929859436,69.9089758538564,99.90897585385665,0.0,30.0,2,0.0,17.68,19.4,19.4,7.428975853856405,6.0,18.0,0.0,12.0,0.0,0.0,0.0,26966807,130
no_zone_coordinated,90,0,2,3,2832.832336782077,2907.8179540055794,65.83664345258077,74.98561722350223,9.148973770921202,0.0,2,0.0,18.2,17.28,17.28,7.07664345258077,6.0,0.0,0.0,0.0,0.0,9.148973770921202,0.0,4799969,128
no_zone_coordinated,572,5,7,7,2833.3216643227415,2933.0282596942416,99.70659537150064,99.70659537150004,0.0,0.0,0,0.0,24.2,31.24,31.24,7.026595371500651,6.0,0.0,0.0,0.0,0.0,0.0,0.0,1651216,125
no_zone_coordinated,484,4,4,4,2840.1064220905873,2939.165684927298,99.05926283671062,99.05926283671079,0.0,0.0,0,0.0,23.84,31.04,31.04,7.139262836710612,6.0,0.0,0.0,0.0,0.0,0.0,0.0,8739640,124
no_zone_coordinated,50,1,0,0,2841.0216424617975,2892.0393429924216,51.01770053062438,51.0177005306241,0.0,0.0,0,0.0,21.6,8.2,8.2,7.017700530624389,6.0,0.0,0.0,0.0,0.0,0.0,0.0,1091601,126
no_zone_coordinated,638,7,5,5,2867.082877672762,2901.7875776200262,34.70469994726481,34.70469994726409,0.0,0.0,0,0.0,7.131370849898475,7.24,7.24,7.093329097366333,6.0,0.0,0.0,0.0,0.0,0.0,0.0,5849739,124
no_zone_coordinated,78,6,5,5,2881.8690473566,2947.1023571802075,65.2333098236084,65.23330982360767,0.0,0.0,0,0.0,10.719999999999999,20.68,20.68,7.1533098236083985,6.0,0.0,0.0,0.0,0.0,0.0,0.0,9623400,128
no_zone_coordinated,132,1,1,1,2892.0393429924216,2921.585769470257,29.546426477835098,29.546426477835666,0.0,0.0,0,0.0,13.72,1.3856406460551018,1.3856406460551018,7.055145185724895,6.0,0.0,0.0,0.0,0.0,0.0,0.0,3447415,125
no_zone_coordinated,200,3,3,3,2893.6861481510373,2976.157183407995,70.99025354855856,82.47103525695775,11.480781708398808,0.0,1,0.0,4.199999999999999,26.76,26.76,7.2702535485585535,6.0,0.0,0.0,11.480781708398808,0.0,0.0,0.0,16980863,125
no_zone_coordinated,212,7,4,5,2901.7875776200262,3013.568906798773,105.78132917874655,111.78132917874655,0.0,6.0,2,0.0,26.72,32.96,32.96,7.141329178746542,6.0,6.0,0.0,0.0,0.0,0.0,0.0,8869643,126
no_zone_coordinated,584,0,0,1,2907.8179540055794,2972.75503521845,59.38810535901388,64.93708121287045,5.548975853856518,0.0,1,0.0,14.28,16.0,16.0,7.108105359013876,6.0,5.548975853856518,0.0,0.0,0.0,0.0,0.0,6779381,126
no_zone_coordinated,152,2,0,0,2917.366929859436,2999.295232184875,67.69919696642557,81.92830232543929,14.229105359014284,0.0,2,0.0,34.16,10.24,10.24,7.059196966425578,6.0,7.600000000000364,6.62910535901392,0.0,0.0,0.0,0.0,3702331,127
no_zone_coordinated,91,1,2,3,2921.585769470257,3019.852905838945,98.26713636868794,98.26713636868772,0.0,0.0,2,0.0,32.08,26.56,26.56,7.067136368687947,6.0,0.0,0.0,0.0,0.0,0.0,0.0,4201835,126
no_zone_coordinated,526,5,6,6,2933.0282596942416,2997.7022984492774,64.6740387550354,64.67403875503578,0.0,0.0,0,0.0,24.919999999999998,13.32,13.32,7.1140387550354,6.0,0.0,0.0,0.0,0.0,0.0,0.0,7152678,126
no_zone_coordinated,358,4,4,4,2939.165684927298,3038.0410467320417,66.85246911201477,98.87536180474353,20.022892692727964,12.0,2,0.0,10.279999999999998,21.76,21.76,7.05246911201477,6.0,0.0,20.022892692727964,12.0,0.0,0.0,0.0,3279051,125
no_zone_coordinated,509,6,7,7,2947.1023571802075,3048.1718749467786,101.06951776657104,101.06951776657115,0.0,0.0,0,0.0,24.2,31.88,31.88,7.109517766571045,6.0,0.0,0.0,0.0,0.0,0.0,0.0,6868242,124
no_zone_coordinated,282,0,0,0,2972.75503521845,3034.780040500153,56.025005281702676,62.025005281703216,0.0,6.0,1,0.0,7.6000000000000005,15.36,15.36,11.705005281702677,6.0,0.0,0.0,6.0,0.0,0.0,0.0,295991317,126
no_zone_coordinated,250,3,1,1,2976.157183407995,3033.09783868868,56.94065528068542,56.94065528068495,0.0,0.0,0,0.0,35.72,4.04,4.04,7.140655280685425,6.0,0.0,0.0,0.0,0.0,0.0,0.0,8827245,125
no_zone_coordinated,276,5,5,6,2997.7022984492774,3055.0425901130197,57.34029166374207,57.34029166374239,0.0,0.0,0,0.0,6.5600000000000005,18.880000000000003,18.880000000000003,7.020291663742065,6.0,0.0,0.0,0.0,0.0,0.0,0.0,1254621,125
no_zone_coordinated,364,2,2,2,2999.295232184875,3109.1599227349802,109.86469055010477,109.86469055010502,0.0,0.0,0,0.0,34.12,31.36,31.36,7.024690550104777,6.0,0.0,0.0,0.0,0.0,0.0,0.0,1531375,133
no_zone_coordinated,216,7,6,7,3013.568906798773,3094.3631602004657,80.79425340169271,80.79425340169291,0.0,0.0,0,0.0,24.2,21.76,21.76,7.074253401692708,6.0,0.0,0.0,0.0,0.0,0.0,0.0,4649600,125
no_zone_coordinated,252,1,0,1,3019.852905838945,3121.4447733509487,101.59186751200359,101.59186751200377,0.0,0.0,0,0.0,20.360000000000003,33.92,33.92,7.39186751200358,6.0,0.0,0.0,0.0,0.0,0.0,0.0,24632152,129
no_zone_coordinated,479,3,0,0,3033.09783868868,3102.614461474906,36.94005897385579,69.51662278622598,1.0010000000002037,0.0,1,31.575563812370547,10.131370849898476,6.720000000000001,6.720000000000001,7.368688123957316,6.0,0.0,0.0,0.0,1.0010000000002037,0.0,0.0,23173831,131
no_zone_coordinated,419,0,1,1,3034.780040500153,3107.925719367111,57.34948718223573,73.14567886695795,15.796191684722544,0.0,1,0.0,13.200000000000001,15.56,15.56,7.029487182235718,6.0,0.0,15.796191684722544,0.0,0.0,0.0,0.0,1833153,124
no_zone_coordinated,92,4,4,4,3038.0410467320417,3105.2620603145256,67.22101358248392,67.22101358248392,0.0,0.0,0,0.0,4.199999999999999,24.96,24.96,7.101013582483928,6.0,0.0,0.0,0.0,0.0,0.0,0.0,6333205,125
no_zone_coordinated,488,6,4,4,3048.1718749467786,3141.5464090402543,81.37453409347533,93.37453409347563,0.0,12.0,1,0.0,33.4,17.48,17.48,7.0145340934753415,6.0,0.0,0.0,12.0,0.0,0.0,0.0,892386,124
no_zone_coordinated,125,5,5,5,3055.0425901130197,3118.7770389339194,51.734448820898905,63.734448820899615,0.0,12.0,1,0.0,4.959591794226542,16.84,16.84,7.094857026672363,6.0,0.0,0.0,0.0,0.0,12.0,0.0,5945868,127
no_zone_coordinated,232,7,6,6,3094.3631602004657,3174.282244995718,79.91908479525249,79.91908479525227,0.0,0.0,1,0.0,12.439999999999998,27.2,27.2,7.0790847952524825,6.0,0.0,0.0,0.0,0.0,0.0,0.0,4953565,127
no_zone_coordinated,158,3,0,0,3102.614461474906,3160.7541935734216,58.13973209851583,58.13973209851565,0.0,0.0,0,0.0,15.2,14.92,14.92,7.099732098515829,6.0,0.0,0.0,0.0,0.0,0.0,0.0,6252581,126
no_zone_coordinated,616,4,7,7,3105.2620603145256,3189.682266226034,63.28002123031616,84.42020591150822,21.140184681192295,0.0,3,0.0,37.88,6.08,6.08,7.240021230316162,6.0,0.0,0.0,21.140184681192295,0.0,0.0,0.0,15078810,124
no_zone_coordinated,213,0,3,3,3107.925719367111,3153.237545308451,45.311825941340125,45.311825941339976,0.0,0.0,0,0.0,24.84,3.72,3.72,7.031825941340129,6.0,0.0,0.0,0.0,0.0,0.0,0.0,1980295,125
no_zone_coordinated,576,2,2,3,3109.1599227349802,3189.3621259403435,80.20220320536295,80.20220320536328,0.0,0.0,1,0.0,9.559999999999999,28.8,28.8,7.042203205362956,6.0,0.0,0.0,0.0,0.0,0.0,0.0,2633176,125
no_zone_coordinated,510,5,4,4,3118.7770389339194,3191.9757370733196,54.560698882964275,73.19869813940022,18.637999256436615,0.0,2,0.0,7.1313708498984765,17.16,17.16,7.109328033065796,6.0,18.637999256436615,0.0,0.0,0.0,0.0,0.0,6856305,125
no_zone_coordinated,451,1,2,2,3121.4447733509487,3222.190561685096,88.74578833414714,100.74578833414716,0.0,12.0,1,0.0,11.279999999999998,32.2,32.2,7.065788334147135,6.0,0.0,0.0,12.0,0.0,0.0,0.0,4117024,124
no_zone_coordinated,489,6,5,5,3141.5464090402543,3199.728317503033,55.18190846277873,58.181908462778665,3.0,0.0,2,0.0,6.880000000000001,17.6,17.6,7.101908462778727,6.0,3.0,0.0,0.0,0.0,0.0,0.0,6389506,125
no_zone_coordinated,462,0,2,2,3153.237545308451,3271.483933055516,106.24638774706523,118.246387747065,0.0,12.0,1,0.0,33.24,29.96,29.96,7.086387747065226,6.0,0.0,0.0,12.0,0.0,0.0,0.0,5413027,124
no_zone_coordinated,278,3,0,0,3160.7541935734216,3241.2241497059285,80.46995613250732,80.46995613250692,0.0,0.0,0,0.0,13.159999999999998,27.08,27.08,7.149956132507325,6.0,0.0,0.0,0.0,0.0,0.0,0.0,9412404,125
no_zone_coordinated,414,7,6,6,3174.282244995718,3217.381546330595,43.09930133487674,43.099301334877055,0.0,0.0,1,0.0,26.4,1.7888543819998317,1.7888543819998317,7.121592570877075,6.0,0.0,0.0,0.0,0.0,0.0,0.0,7627923,124
no_zone_coordinated,84,2,1,1,3189.3621259403435,3275.8502318861847,70.37168657773336,86.4881059458412,16.116419368107472,0.0,2,0.0,18.96,16.84,16.84,11.731686577733358,6.0,0.0,16.116419368107472,0.0,0.0,0.0,0.0,297669959,128
no_zone_coordinated,588,4,4,4,3189.682266226034,3244.205988631404,54.52372240537008,54.523722405370336,0.0,0.0,1,0.0,22.4,9.48,9.48,7.163722405370077,6.0,0.0,0.0,0.0,0.0,0.0,0.0,10278503,127
no_zone_coordinated,124,5,7,7,3191.9757370733196,3246.2192501757872,54.24351310246785,54.24351310246766,0.0,0.0,1,0.0,31.16,5.0,5.0,7.083513102467855,6.0,0.0,0.0,0.0,0.0,0.0,0.0,5232170,125
no_zone_coordinated,264,6,6,7,3199.728317503033,3292.9050745255086,87.1767570224762,93.17675702247561,0.0,6.0,1,0.0,21.64,26.24,26.24,7.056757022476196,6.0,6.0,0.0,0.0,0.0,0.0,0.0,3548823,127
no_zone_coordinated,115,7,4,4,3217.381546330595,3289.3040205320517,71.92247420145671,71.92247420145668,0.0,0.0,1,0.0,27.08,15.88,15.88,7.082474201456706,6.0,0.0,0.0,0.0,0.0,0.0,0.0,5166808,125
no_zone_coordinated,11,1,0,1,3222.190561685096,3291.665364355511,69.47480267041524,69.4748026704151,0.0,0.0,2,0.0,34.0,11.2,11.2,7.0748026704152425,6.0,0.0,0.0,0.0,0.0,0.0,0.0,4684157,127
no_zone_coordinated,273,3,1,1,3241.2241497059285,3305.9028904631714,58.678740757242835,64.67874075724285,0.0,6.0,2,0.0,22.56,11.52,11.52,7.078740757242839,6.0,6.0,0.0,0.0,0.0,0.0,0.0,4931920,125
no_zone_coordinated,381,4,5,5,3244.205988631404,3275.8974072012234,31.691418569819135,31.691418569819234,0.0,0.0,0,0.0,14.36,2.12,2.12,7.091418569819132,6.0,0.0,0.0,0.0,0.0,0.0,0.0,5729539,125
no_zone_coordinated,59,5,6,6,3246.2192501757872,3302.0304562584843,38.092640851487694,55.811206082697026,11.71856523120914,6.0,3,0.0,10.959591794226542,7.04,7.04,7.053049057261149,6.0,4.429475533018376,0.0,13.289089698190764,0.0,0.0,0.0,3315538,125
no_zone_coordinated,404,0,2,2,3271.483933055516,3320.2180269520004,48.734093896484374,48.73409389648441,0.0,0.0,0,0.0,26.28,4.68,4.68,7.094093896484375,6.0,0.0,0.0,0.0,0.0,0.0,0.0,5897856,125
no_zone_coordinated,543,2,0,0,3275.8502318861847,3350.7010635393985,74.8508316532135,74.85083165321385,0.0,0.0,0,0.0,14.04,23.88,23.88,7.050831653213501,6.0,0.0,0.0,0.0,0.0,0.0,0.0,3176031,124
no_zone_coordinated,189,4,4,4,3275.8974072012234,3328.195469018647,50.2580618174235,52.298061817423786,2.0399999999999636,0.0,1,0.0,15.64,10.76,10.76,7.098061817423503,6.0,2.0399999999999636,0.0,0.0,0.0,0.0,0.0,6147496,128
no_zone_coordinated,18,7,5,5,3289.3040205320517,3369.0063962157724,79.7023756837209,79.70237568372067,0.0,0.0,0,0.0,16.28,25.16,25.16,7.102375683720907,6.0,0.0,0.0,0.0,0.0,0.0,0.0,6418901,125
no_zone_coordinated,563,1,3,3,3291.665364355511,3398.2112190685693,106.54585471305847,106.54585471305836,0.0,0.0,1,0.0,32.2,30.4,30.4,7.545854713058472,6.0,0.0,0.0,0.0,0.0,0.0,0.0,34320189,124
no_zone_coordinated,611,6,6,6,3292.9050745255086,3368.0073962157726,71.99454388771056,75.10232169026403,3.1077778025533007,0.0,1,0.0,7.599999999999996,25.6,25.6,7.194543887710571,6.0,0.0,0.0,0.0,0.0,0.0,3.1077778025533007,12217623,124
no_zone_coordinated,615,5,7,7,3302.0304562584843,3404.382911612158,102.3524553536733,102.35245535367358,0.0,0.0,3,0.0,29.720000000000002,29.76,29.76,7.112455353673299,6.0,0.0,0.0,0.0,0.0,0.0,0.0,7053059,127
no_zone_coordinated,351,3,1,1,3305.9028904631714,3346.752617996109,34.54138610992432,40.84972753293778,6.308341423013644,0.0,2,0.0,3.5599999999999996,8.96,8.96,7.0613861099243165,6.0,0.0,6.308341423013644,0.0,0.0,0.0,0.0,3840060,126
no_zone_coordinated,6,0,0,0,3320.2180269520004,3395.352498366821,75.13447141482035,75.13447141482038,0.0,0.0,0,0.0,26.240000000000002,17.92,17.92,7.054471414820354,6.0,0.0,0.0,0.0,0.0,0.0,0.0,3405025,125
no_zone_coordinated,508,4,4,4,3328.195469018647,3403.4976944573373,75.30222543869019,75.30222543869013,0.0,0.0,0,0.0,14.24,24.0,24.0,7.062225438690185,6.0,0.0,0.0,0.0,0.0,0.0,0.0,3892866,124
no_zone_coordinated,540,3,3,3,3346.752617996109,3410.969418243705,40.3581991751353,64.21680024759598,23.858601072459805,0.0,1,0.0,16.6,5.32,5.32,7.118199175135294,6.0,0.0,0.0,23.858601072459805,0.0,0.0,0.0,7414429,130
no_zone_coordinated,370,2,2,3,3350.7010635393985,3452.2937260184176,101.59266247901917,101.59266247901905,0.0,0.0,2,0.0,22.080000000000002,32.96,32.96,7.5926624790191655,6.0,0.0,0.0,0.0,0.0,0.0,0.0,37265079,126
no_zone_coordinated,156,6,6,6,3368.0073962157726,3418.171007142973,50.16361092720032,50.16361092720035,0.0,0.0,0,0.0,16.160000000000004,10.44,10.44,7.123610927200318,6.0,0.0,0.0,0.0,0.0,0.0,0.0,7754907,125
no_zone_coordinated,433,7,4,4,3369.0063962157724,3463.8377373090902,82.83134109331766,94.83134109331786,0.0,12.0,1,0.0,11.16,29.32,29.32,7.031341093317668,6.0,0.0,0.0,12.0,0.0,0.0,0.0,1949791,124
no_zone_coordinated,453,0,0,0,3395.352498366821,3443.0274364589886,47.674938092168176,47.67493809216785,0.0,0.0,0,0.0,3.24,15.68,15.68,7.074938092168172,6.0,0.0,0.0,0.0,0.0,0.0,0.0,4692677,124
no_zone_coordinated,416,1,0,0,3398.2112190685693,3485.2425314340376,81.03131236546835,87.03131236546824,0.0,6.0,1,0.0,30.839999999999996,18.560000000000002,18.560000000000002,7.071312365468343,6.0,0.0,0.0,6.0,0.0,0.0,0.0,4464566,126
no_zone_coordinated,485,4,5,5,3403.4976944573373,3489.7049408196413,86.20724636230469,86.20724636230398,0.0,0.0,0,0.0,16.72,27.72,27.72,8.047246362304687,6.0,0.0,0.0,0.0,0.0,0.0,0.0,65865024,124
no_zone_coordinated,463,5,4,5,3404.382911612158,3523.7351148207,101.35220320854185,119.35220320854205,0.0,18.0,2,0.0,18.119999999999997,34.879999999999995,34.879999999999995,7.47220320854187,6.0,0.0,0.0,18.0,0.0,0.0,0.0,29686437,125
no_zone_coordinated,597,3,0,0,3410.969418243705,3544.852867500856,121.88344925715128,133.88344925715091,0.0,12.0,2,0.0,45.36,31.68,31.68,7.163449257151286,6.0,0.0,0.0,12.0,0.0,0.0,0.0,10261318,126
no_zone_coordinated,377,6,4,4,3418.171007142973,3562.456348089425,120.28534094645181,144.28534094645192,0.0,24.0,3,0.0,37.44,34.879999999999995,34.879999999999995,7.085340946451823,6.0,0.0,0.0,24.0,0.0,0.0,0.0,5347168,125
no_zone_coordinated,290,0,1,2,3443.0274364589886,3499.0104182437053,49.65534929745992,55.982981784716685,6.327632487257233,0.0,1,0.0,21.0,7.68,7.68,7.295349297459921,6.0,0.0,0.0,0.0,0.0,0.0,6.327632487257233,18559751,127
no_zone_coordinated,585,2,1,1,3452.2937260184176,3520.6194416604794,64.80902341677347,68.32571564206182,3.5166922252878976,0.0,2,0.0,40.2,5.76,5.76,7.089023416773478,6.0,0.0,3.5166922252878976,0.0,0.0,0.0,0.0,5578849,124
no_zone_coordinated,302,7,6,6,3463.8377373090902,3531.755719255654,61.98471211268107,67.91798194656394,5.93326983388306,0.0,1,0.0,35.72,6.6,6.6,7.064712112681071,6.0,5.93326983388306,0.0,0.0,0.0,0.0,0.0,4049314,125
no_zone_coordinated,380,1,2,2,3485.2425314340376,3538.6756521631028,53.43312072906494,53.433120729065195,0.0,0.0,0,0.0,22.72,8.84,8.84,7.033120729064941,6.0,0.0,0.0,0.0,0.0,0.0,0.0,2061756,125
no_zone_coordinated,450,4,6,6,3489.7049408196413,3545.8376211603327,52.441901904678346,56.13268034069142,3.690778436012806,0.0,1,0.0,30.36,4.359999999999999,4.359999999999999,7.361901904678345,6.0,0.0,0.0,3.690778436012806,0.0,0.0,0.0,22746879,124
no_zone_coordinated,494,0,3,3,3499.0104182437053,3539.7556521631027,33.7929267993927,40.74523391939738,6.952307120005116,0.0,1,0.0,8.6,6.08,6.08,7.0329267993927,6.0,0.0,0.0,0.0,0.0,6.952307120005116,0.0,2049555,126
no_zone_coordinated,324,2,0,0,3520.6194416604794,3581.4153960547565,60.79595439427694,60.79595439427703,0.0,0.0,0,0.0,15.84,14.6,14.6,9.755954394276937,6.0,0.0,0.0,0.0,0.0,0.0,0.0,173367638,128
no_zone_coordinated,281,5,4,4,3523.7351148207,3604.7733043560825,67.07595626665751,81.03818953538257,13.962233268724958,0.0,1,0.0,17.759999999999998,18.12,18.12,7.075956266657512,6.0,0.0,13.962233268724958,0.0,0.0,0.0,0.0,4756735,125
no_zone_coordinated,164,7,4,4,3531.755719255654,3636.2235478901707,92.4678286345164,104.46782863451654,0.0,12.0,1,0.0,30.72,24.32,24.32,7.107828634516398,6.0,0.0,0.0,12.0,0.0,0.0,0.0,6761971,125
no_zone_coordinated,145,1,2,2,3538.6756521631028,3608.8208865396286,70.14523437652588,70.14523437652588,0.0,0.0,0,0.0,13.8,21.64,21.64,7.065234376525879,6.0,0.0,0.0,0.0,0.0,0.0,0.0,4082172,125
no_zone_coordinated,536,0,2,2,3539.7556521631027,3597.9715647746198,22.68104908488891,58.21591261151707,1.0010000000002037,0.0,1,34.533863526627556,4.1313708498984765,2.76,2.76,7.029678234990438,6.0,0.0,0.0,0.0,1.0010000000002037,0.0,0.0,1845173,127
no_zone_coordinated,193,3,1,1,3544.852867500856,3601.917276434114,57.06440893325806,57.06440893325771,0.0,0.0,1,0.0,34.0,4.68,4.68,7.7044089332580565,6.0,0.0,0.0,0.0,0.0,0.0,0.0,44295558,126
no_zone_coordinated,162,4,5,6,3545.8376211603327,3633.689374480391,75.05265522473654,87.85175332005838,12.79909809532137,0.0,1,0.0,18.400000000000002,21.76,21.76,7.132655224736531,6.0,0.0,0.0,0.0,12.79909809532137,0.0,0.0,8323925,131
no_zone_coordinated,235,6,5,5,3562.456348089425,3644.668985296074,70.21263720664979,82.2126372066491,0.0,12.0,1,0.0,26.64,15.24,15.24,7.092637206649781,6.0,0.0,0.0,12.0,0.0,0.0,0.0,5806209,126
no_zone_coordinated,108,2,3,3,3581.4153960547565,3639.7949502485076,58.37955419375102,58.37955419375112,0.0,0.0,1,0.0,22.2,11.4,11.4,7.379554193751018,6.0,0.0,0.0,0.0,0.0,0.0,0.0,23857465,127
no_zone_coordinated,411,0,3,3,3597.9715647746198,3662.7259803104835,46.754415535863245,64.7544155358637,0.0,18.0,2,0.0,14.040000000000001,9.8,9.8,7.114415535863241,6.0,6.0,0.0,12.0,0.0,0.0,0.0,7176383,124
no_zone_coordinated,337,3,0,0,3601.917276434114,3702.3658308243216,100.44855439020793,100.44855439020785,0.0,0.0,0,0.0,30.68,28.36,28.36,7.048554390207927,6.0,0.0,0.0,0.0,0.0,0.0,0.0,3032758,126
no_zone_coordinated,397,5,6,6,3604.7733043560825,3699.882305612644,95.10900125656127,95.10900125656144,0.0,0.0,1,0.0,19.919999999999998,31.04,31.04,7.109001256561279,6.0,0.0,0.0,0.0,0.0,0.0,0.0,6835746,125
no_zone_coordinated,0,1,2,2,3608.8208865396286,3704.9852991254593,96.16441258583069,96.16441258583063,0.0,0.0,0,0.0,13.919999999999998,34.56,34.56,7.124412585830688,6.0,0.0,0.0,0.0,0.0,0.0,0.0,7805343,195
no_zone_coordinated,335,4,5,5,3633.689374480391,3687.4146040923592,43.745618796284994,53.72522961196819,3.9796108156829177,6.0,1,0.0,14.880000000000003,7.88,7.88,7.105618796284993,6.0,9.979610815682918,0.0,0.0,0.0,0.0,0.0,6622940,125
no_zone_coordinated,363,7,6,6,3636.2235478901707,3700.676744932254,52.45319704208374,64.4531970420835,0.0,12.0,2,0.0,35.2,2.12,2.12,7.01319704208374,6.0,12.0,0.0,0.0,0.0,0.0,0.0,808266,128
no_zone_coordinated,36,2,1,1,3639.7949502485076,3697.7181919797695,57.92324173126221,57.923241731261896,0.0,0.0,0,0.0,15.24,13.64,13.64,9.403241731262208,6.0,0.0,0.0,0.0,0.0,0.0,0.0,151176876,125
no_zone_coordinated,376,6,7,7,3644.668985296074,3736.9324758505018,92.2634905544281,92.26349055442779,0.0,0.0,3,0.0,20.880000000000003,29.12,29.12,7.143490554428101,6.0,0.0,0.0,0.0,0.0,0.0,0.0,9005625,127
no_zone_coordinated,308,0,0,0,3662.7259803104835,3740.8778807774006,57.43204995307922,78.15190046691714,20.719850513838082,0.0,1,0.0,20.92,11.72,11.72,7.072049953079223,6.0,20.719850513838082,0.0,0.0,0.0,0.0,0.0,4510971,125
no_zone_coordinated,130,4,6,6,3687.4146040923592,3777.224199300464,89.80959520810445,89.80959520810484,0.0,0.0,0,0.0,24.92,25.8,25.8,7.289595208104451,6.0,0.0,0.0,0.0,0.0,0.0,0.0,18197735,125
no_zone_coordinated,468,2,1,1,3697.7181919797695,3781.6293039687275,83.91111198895773,83.91111198895806,0.0,0.0,1,0.0,15.2,27.84,27.84,7.031111988957723,6.0,0.0,0.0,0.0,0.0,0.0,0.0,1935377,124
no_zone_coordinated,94,5,5,6,3699.882305612644,3772.81338682971,66.93108121706645,72.9310812170661,0.0,6.0,1,0.0,11.879999999999999,20.16,20.16,8.731081217066446,6.0,6.0,0.0,0.0,0.0,0.0,0.0,108888193,125
no_zone_coordinated,323,7,7,7,3700.676744932254,3743.4814800888857,36.80473515663147,42.80473515663152,0.0,6.0,1,0.0,11.16,6.28,6.28,7.08473515663147,6.0,6.0,0.0,0.0,0.0,0.0,0.0,5309055,125
no_zone_coordinated,399,3,2,2,3702.3658308243216,3775.2457522144737,72.87992139015198,72.87992139015205,0.0,0.0,0,0.0,22.919999999999998,18.44,18.44,7.079921390151978,6.0,0.0,0.0,0.0,0.0,0.0,0.0,5006199,130
no_zone_coordinated,473,1,1,1,3704.9852991254593,3813.4850501870906,75.32685820732118,108.49975106163129,21.17289285431025,12.0,2,0.0,13.599999999999998,21.96,21.96,11.806858207321167,6.0,0.0,0.0,33.17289285431025,0.0,0.0,0.0,302399349,125
no_zone_coordinated,25,6,4,4,3736.9324758505018,3806.447756581958,69.51528073145548,69.51528073145619,0.0,0.0,1,0.0,39.8,8.32,8.32,7.075280731455485,6.0,0.0,0.0,0.0,0.0,0.0,0.0,4714234,266
no_zone_coordinated,307,0,0,0,3740.8778807774006,3804.216478186587,54.73728620681763,63.338597409186605,8.601311202368834,0.0,1,0.0,6.76,17.48,17.48,7.017286206817627,6.0,0.0,0.0,0.0,8.601311202368834,0.0,0.0,1065534,128
no_zone_coordinated,178,7,4,4,3743.4814800888857,3850.5250773372177,107.0435972483317,107.04359724833193,0.0,0.0,0,0.0,39.8,27.08,27.08,7.083597248331706,6.0,0.0,0.0,0.0,0.0,0.0,0.0,5237464,126
no_zone_coordinated,367,5,4,4,3772.81338682971,3884.505277477852,99.69189064814249,111.69189064814191,0.0,12.0,1,0.0,24.08,31.24,31.24,7.131890648142496,6.0,0.0,0.0,12.0,0.0,0.0,0.0,8275822,125
no_zone_coordinated,398,3,0,1,3775.2457522144737,3861.5995438311675,80.35379161669412,86.3537916166938,0.0,6.0,2,0.0,14.799999999999997,26.24,26.24,7.073791616694132,6.0,0.0,0.0,6.0,0.0,0.0,0.0,4620547,125
no_zone_coordinated,545,4,4,4,3777.224199300464,3890.7997053908825,78.66631856117249,113.57550609041846,16.909187529245628,18.0,4,0.0,24.0,20.8,20.8,7.066318561172485,6.0,6.0,0.0,28.909187529245628,0.0,0.0,0.0,4150383,124
no_zone_coordinated,246,2,3,3,3781.6293039687275,3851.37252438219,69.74322041346232,69.7432204134625,0.0,0.0,0,0.0,24.96,15.88,15.88,7.023220413462321,6.0,0.0,0.0,0.0,0.0,0.0,0.0,1438882,125
no_zone_coordinated,198,0,1,1,3804.216478186587,3856.454321879365,45.088569664891565,52.237843692777915,7.149274027886349,0.0,1,0.0,16.92,7.56,7.56,7.048569664891561,6.0,7.149274027886349,0.0,0.0,0.0,0.0,0.0,3033719,127
no_zone_coordinated,16,6,5,5,3806.447756581958,3892.105926698637,80.74444660975138,85.65817011667923,4.913723506927909,0.0,1,0.0,25.68,21.0,21.0,7.064446609751384,6.0,4.913723506927909,0.0,0.0,0.0,0.0,0.0,4032610,127
no_zone_coordinated,210,1,1,1,3813.4850501870906,3874.401112881257,41.946791001892095,60.91606269416661,6.96927169227456,12.0,2,0.0,17.0,5.96,5.96,7.02679100189209,6.0,12.0,0.0,6.96927169227456,0.0,0.0,0.0,1663524,127
no_zone_coordinated,459,7,6,6,3850.5250773372177,3928.4625970670863,77.93751972986857,77.93751972986865,0.0,0.0,0,0.0,15.239999999999998,24.84,24.84,7.017519729868571,6.0,0.0,0.0,0.0,0.0,0.0,0.0,1080226,124
no_zone_coordinated,425,2,2,2,3851.37252438219,3925.6226158569775,74.25009147478738,74.2500914747875,0.0,0.0,0,0.0,14.479999999999999,23.36,23.36,7.050091474787394,6.0,0.0,0.0,0.0,0.0,0.0,0.0,3129463,124
no_zone_coordinated,96,0,3,3,3856.454321879365,3956.1692900822104,99.71496820284524,99.71496820284528,0.0,0.0,1,0.0,32.519999999999996,27.08,27.08,7.034968202845255,6.0,0.0,0.0,0.0,0.0,0.0,0.0,2177989,125
no_zone_coordinated,634,3,0,0,3861.5995438311675,3909.1697388686275,47.57019503746033,47.57019503746005,0.0,0.0,0,0.0,20.0,7.24,7.24,7.090195037460327,6.0,0.0,0.0,0.0,0.0,0.0,0.0,5652561,124
no_zone_coordinated,417,1,1,1,3874.401112881257,3974.591626024796,87.75208219362894,100.19051314353874,12.438430949910071,0.0,2,0.0,21.599999999999998,26.56,26.56,7.032082193628947,6.0,12.438430949910071,0.0,0.0,0.0,0.0,0.0,1996417,334
no_zone_coordinated,196,5,6,6,3884.505277477852,3985.769961066423,89.26468358857137,101.26468358857119,0.0,12.0,1,0.0,13.131370849898477,31.56,31.56,7.013312738672893,6.0,0.0,0.0,12.0,0.0,0.0,0.0,815545,125
no_zone_coordinated,582,4,6,6,3890.7997053908825,4004.9049991813185,102.1052937904358,114.10529379043601,0.0,12.0,2,0.0,28.48,30.28,30.28,7.065293790435791,6.0,0.0,0.0,12.0,0.0,0.0,0.0,4085910,124
no_zone_coordinated,469,6,5,6,3892.105926698637,4018.141695961494,94.8640476337433,126.03576926285677,31.171721629113108,0.0,3,0.0,13.920000000000002,33.92,33.92,7.104047633743286,6.0,0.0,31.171721629113108,0.0,0.0,0.0,0.0,6524091,126
no_zone_coordinated,275,3,2,2,3909.1697388686275,4019.9255519728754,110.75581310424803,110.75581310424786,0.0,0.0,2,0.0,32.4,32.64,32.64,7.075813104248047,6.0,0.0,0.0,0.0,0.0,0.0,0.0,4747728,125
no_zone_coordinated,306,2,0,0,3925.6226158569775,3995.809311882444,70.18669602546692,70.18669602546652,0.0,0.0,1,0.0,16.2,20.16,20.16,7.666696025466919,6.0,0.0,0.0,0.0,0.0,0.0,0.0,41922867,125
no_zone_coordinated,227,7,7,7,3928.4625970670863,3996.155455389484,67.69285832239788,67.69285832239757,0.0,0.0,0,0.0,9.239999999999998,22.6,22.6,7.252858322397868,6.0,0.0,0.0,0.0,0.0,0.0,0.0,15886450,126
no_zone_coordinated,627,0,2,2,3956.1692900822104,4035.9678510940967,67.79856101188659,79.79856101188625,0.0,12.0,1,0.0,13.399999999999999,20.68,20.68,7.038561011886597,6.0,0.0,0.0,12.0,0.0,0.0,0.0,2404029,124
no_zone_coordinated,553,1,0,0,3974.591626024796,4046.6591551483566,66.06752912356059,72.06752912356069,0.0,6.0,1,0.0,4.6000000000000005,24.2,24.2,7.067529123560588,6.0,0.0,0.0,6.0,0.0,0.0,0.0,4226545,126
no_zone_coordinated,133,5,5,5,3985.769961066423,4062.6879941559973,64.91803308957418,76.91803308957424,0.0,12.0,1,0.0,25.24,13.32,13.32,7.038033089574178,6.0,12.0,0.0,0.0,0.0,0.0,0.0,2370815,125
no_zone_coordinated,174,2,1,1,3995.809311882444,4082.933708252632,87.12439637018839,87.12439637018815,0.0,0.0,0,0.0,19.919999999999998,27.08,27.08,7.044396370188395,6.0,0.0,0.0,0.0,0.0,0.0,0.0,2771158,125
no_zone_coordinated,562,7,4,4,3996.155455389484,4064.4176566906767,68.26220130119324,68.26220130119282,0.0,0.0,0,0.0,27.96,13.64,13.64,7.022201301193237,6.0,0.0,0.0,0.0,0.0,0.0,0.0,1374765,124
no_zone_coordinated,362,4,5,5,4004.9049991813185,4099.160903917773,82.25590473645528,94.25590473645434,0.0,12.0,2,0.0,17.68,25.6,25.6,7.375904736455282,6.0,0.0,0.0,12.0,0.0,0.0,0.0,23627861,125
no_zone_coordinated,339,6,6,6,4018.141695961494,4096.086138203417,71.94444224192301,77.9444422419233,0.0,6.0,1,0.0,11.040000000000003,23.88,23.88,7.144442241923015,6.0,0.0,0.0,6.0,0.0,0.0,0.0,9065500,125
no_zone_coordinated,486,3,2,2,4019.9255519728754,4104.794522850334,53.09981459770203,84.86897087745865,25.769156279757226,6.0,2,0.0,27.240000000000002,6.4,6.4,7.059814597702027,6.0,6.0,25.769156279757226,0.0,0.0,0.0,0.0,3741189,130
no_zone_coordinated,465,0,3,3,4035.9678510940967,4093.563130919562,57.595279825464885,57.59527982546524,0.0,0.0,0,0.0,10.84,16.84,16.84,7.075279825464884,6.0,0.0,0.0,0.0,0.0,0.0,0.0,4714177,125
no_zone_coordinated,136,1,3,3,4046.6591551483566,4117.174126660452,64.51497151209513,70.5149715120956,0.0,6.0,1,0.0,35.0,8.2,8.2,7.114971512095133,6.0,6.0,0.0,0.0,0.0,0.0,0.0,7211362,129
no_zone_coordinated,519,5,4,4,4062.6879941559973,4153.991644466768,91.30365031077066,91.30365031077054,0.0,0.0,0,0.0,21.84,28.16,28.16,7.143650310770671,6.0,0.0,0.0,0.0,0.0,0.0,0.0,9015676,124
no_zone_coordinated,149,7,5,5,4064.4176566906767,4162.297877579739,87.65173937632242,97.88022088906246,4.228481512740473,6.0,2,0.0,20.439999999999998,27.08,27.08,7.051739376322429,6.0,0.0,0.0,10.228481512740473,0.0,0.0,0.0,3233140,127
no_zone_coordinated,291,2,1,2,4082.933708252632,4157.123810650169,74.19010239753723,74.19010239753652,0.0,0.0,0,0.0,7.199999999999999,26.88,26.88,7.230102397537231,6.0,0.0,0.0,0.0,0.0,0.0,0.0,14454771,125
no_zone_coordinated,80,0,2,3,4093.563130919562,4147.17552049285,43.96181224021912,53.61238957328851,3.6505773330695774,6.000000000000455,2,0.0,16.8,7.04,7.04,7.081812240219116,6.0,9.650577333070032,0.0,0.0,0.0,0.0,0.0,5125161,130
no_zone_coordinated,368,6,4,5,4096.086138203417,4205.6278567355985,85.5417185321808,109.54171853218122,0.0,24.0,3,0.0,12.880000000000003,29.76,29.76,7.141718532180787,6.0,6.0,0.0,18.0,0.0,0.0,0.0,8894139,125
no_zone_coordinated,602,4,7,7,4099.160903917773,4157.29398645218,58.13308253440857,58.13308253440755,0.0,0.0,0,0.0,32.2,6.4,6.4,7.13308253440857,6.0,0.0,0.0,0.0,0.0,0.0,0.0,8350809,125
no_zone_coordinated,595,3,1,2,4104.794522850334,4203.437592398876,80.6430695485433,98.64306954854237,0.0,18.0,3,0.0,18.92,24.32,24.32,7.083069548543294,6.0,12.0,0.0,6.0,0.0,0.0,0.0,5204264,126
no_zone_coordinated,293,1,0,0,4117.174126660452,4228.992038995783,111.81791233533224,111.81791233533113,0.0,0.0,0,0.0,40.120000000000005,29.32,29.32,7.057912335332235,6.0,0.0,0.0,0.0,0.0,0.0,0.0,3621509,125
no_zone_coordinated,633,0,3,3,4147.17552049285,4221.659318696254,68.48379820340475,74.48379820340324,0.0,6.0,1,0.0,14.440000000000001,20.48,20.48,7.083798203404744,6.0,6.0,0.0,0.0,0.0,0.0,0.0,5250107,125
no_zone_coordinated,434,5,7,7,4153.991644466768,4222.221821950264,68.23017748349507,68.23017748349594,0.0,0.0,1,0.0,41.519999999999996,5.64,5.64,9.430177483495076,6.0,0.0,0.0,0.0,0.0,0.0,0.0,152871527,128
no_zone_coordinated,224,2,2,2,4157.123810650169,4238.15216224789,61.93664175504048,81.02835159772167,19.091709842680757,0.0,1,0.0,6.879999999999999,21.0,21.0,7.056641755040487,6.0,0.0,0.0,19.091709842680757,0.0,0.0,0.0,3541571,127
no_zone_coordinated,352,4,6,6,4157.29398645218,4251.776948337251,94.4829618850708,94.48296188507084,0.0,0.0,0,0.0,27.48,26.88,26.88,7.242961885070801,6.0,0.0,0.0,0.0,0.0,0.0,0.0,15263820,129
no_zone_coordinated,448,7,4,4,4162.297877579739,4246.089982788709,73.38212605311075,83.79210520896959,10.409979155859219,0.0,1,0.0,19.919999999999998,20.16,20.16,7.142126053110759,6.0,0.0,0.0,10.409979155859219,0.0,0.0,0.0,8919778,127
no_zone_coordinated,10,3,1,1,4203.437592398876,4306.764986552091,103.3273941532135,103.3273941532143,0.0,0.0,1,0.0,18.52,35.84,35.84,7.127394153213501,6.0,0.0,0.0,0.0,0.0,0.0,0.0,7992927,125
no_zone_coordinated,140,6,7,7,4205.6278567355985,4298.225299831378,92.59744309577941,92.59744309577945,0.0,0.0,1,0.0,15.239999999999998,32.0,32.0,7.357443095779419,6.0,0.0,0.0,0.0,0.0,0.0,0.0,22466355,125
no_zone_coordinated,295,0,2,2,4221.659318696254,4313.434571116298,91.77525242004394,91.77525242004413,0.0,0.0,1,0.0,17.24,30.72,30.72,7.095252420043946,6.0,0.0,0.0,0.0,0.0,0.0,0.0,5970744,127
no_zone_coordinated,499,5,6,7,4222.221821950264,4366.757435729931,115.98048739267986,144.53561377966707,22.555126386987467,6.0,3,0.0,31.2,35.84,35.84,7.100487392679851,6.0,28.555126386987467,0.0,0.0,0.0,0.0,0.0,6300100,128
no_zone_coordinated,513,1,0,1,4228.992038995783,4304.182607199646,69.19056820386251,75.19056820386231,0.0,6.0,2,0.0,16.48,19.84,19.84,7.030568203862508,6.0,6.0,0.0,0.0,0.0,0.0,0.0,1901165,124
no_zone_coordinated,126,2,3,3,4238.15216224789,4297.7145711162975,49.08880156033834,59.56240886840715,4.473607308068495,6.0,1,0.0,20.0,8.0,8.0,7.0888015603383385,6.0,0.0,0.0,0.0,0.0,10.473607308068495,0.0,5564891,125
no_zone_coordinated,249,7,7,7,4246.089982788709,4395.818893599143,110.80194526189169,149.72891081043417,38.926965548542285,0.0,3,0.0,31.8,32.96,32.96,7.081945261891683,6.0,6.086965548542139,0.0,32.840000000000146,0.0,0.0,0.0,5133530,125
no_zone_coordinated,428,4,5,6,4251.776948337251,4323.169414995144,65.39246665789287,71.39246665789233,0.0,6.0,2,0.0,3.5599999999999987,24.32,24.32,7.192466657892863,6.0,0.0,0.0,6.0,0.0,0.0,0.0,12086935,124
no_zone_coordinated,457,2,3,3,4297.7145711162975,4379.717166691884,82.00259557558695,82.00259557558638,0.0,0.0,0,0.0,18.28,25.28,25.28,7.162595575586955,6.0,0.0,0.0,0.0,0.0,0.0,0.0,10207609,124
no_zone_coordinated,361,6,7,7,4298.225299831378,4396.7426560804515,71.88276248130798,98.5173562490736,1.0010000000002037,0.0,1,25.633593767764978,7.199999999999999,25.8,25.8,7.0827624813079835,6.0,0.0,0.0,0.0,1.0010000000002037,0.0,0.0,5184945,126
no_zone_coordinated,225,1,0,0,4304.182607199646,4357.79053095544,53.607923755794744,53.60792375579422,0.0,0.0,0,0.0,4.959591794226544,17.8,17.8,7.048331961568197,6.0,0.0,0.0,0.0,0.0,0.0,0.0,3018764,125
no_zone_coordinated,359,3,0,0,4306.764986552091,4375.069165560828,62.304179008738195,68.30417900873726,0.0,6.0,1,0.0,36.44,6.4,6.4,7.0641790087382,6.0,6.0,0.0,0.0,0.0,0.0,0.0,4015774,126
no_zone_coordinated,391,0,0,0,4313.434571116298,4399.8893376211145,62.77880666567484,86.45476650481669,5.675959839141797,18.0,3,0.0,25.68,12.04,12.04,7.018806665674846,6.0,6.0,0.0,17.675959839141797,0.0,0.0,0.0,1161193,124
no_zone_coordinated,19,4,7,7,4323.169414995144,4427.710860786006,81.07342505607605,104.54144579086278,11.468020734787387,12.0,3,0.0,15.120000000000001,26.44,26.44,7.07342505607605,6.0,0.0,0.0,23.468020734787387,0.0,0.0,0.0,4597485,125
no_zone_coordinated,51,1,0,0,4357.79053095544,4419.485497406704,49.694966451263426,61.69496645126401,0.0,12.0,1,0.0,12.96,11.84,11.84,7.054966451263428,6.0,0.0,0.0,12.0,0.0,0.0,0.0,3436170,267
no_zone_coordinated,286,5,7,7,4366.757435729931,4458.90829448339,80.15085875345866,92.15085875345903,0.0,12.0,3,0.0,6.879999999999999,29.96,29.96,7.350858753458659,6.0,0.0,0.0,12.0,0.0,0.0,0.0,22052104,125
no_zone_coordinated,138,3,2,2,4375.069165560828,4445.626260304812,70.55709474398294,70.55709474398373,0.0,0.0,0,0.0,27.52,14.92,14.92,7.197094743982951,6.0,0.0,0.0,0.0,0.0,0.0,0.0,12378109,125
no_zone_coordinated,85,2,3,3,4379.717166691884,4438.988880525629,59.27171383374532,59.2717138337448,0.0,0.0,0,0.0,6.440000000000001,19.84,19.84,7.151713833745321,6.0,0.0,0.0,0.0,0.0,0.0,0.0,9522989,125
no_zone_coordinated,272,7,5,5,4395.818893599143,4471.108553075359,75.28965947621663,75.289659476216,0.0,0.0,0,0.0,17.68,22.28,22.28,7.049659476216634,6.0,0.0,0.0,0.0,0.0,0.0,0.0,3102284,125
no_zone_coordinated,378,6,6,6,4396.7426560804515,4471.803281128769,65.30438752962748,75.06062504831789,9.756237518691705,0.0,3,0.0,25.36,13.44,13.44,7.064387529627482,6.0,9.756237518691705,0.0,0.0,0.0,0.0,0.0,4028893,125
no_zone_coordinated,159,0,2,2,4399.8893376211145,4476.574534464198,64.6851968430837,76.68519684308376,0.0,12.0,1,0.0,17.8,16.84,16.84,7.2051968430837,6.0,0.0,0.0,12.0,0.0,0.0,0.0,12887849,126
no_zone_coordinated,456,1,0,0,4419.485497406704,4446.688562195288,27.203064788585422,27.203064788584015,0.0,0.0,0,0.0,11.36,1.3856406460551018,1.3856406460551018,7.07178349647522,6.0,0.0,0.0,0.0,0.0,0.0,0.0,4494207,124
no_zone_coordinated,527,4,5,5,4427.710860786006,4487.167896052501,59.457035266494756,59.45703526649504,0.0,0.0,1,0.0,32.52,6.92,6.92,7.097035266494751,6.0,0.0,0.0,0.0,0.0,0.0,0.0,6082911,124
no_zone_coordinated,623,2,2,2,4438.988880525629,4495.723423322339,42.097163017527265,56.73454279671023,2.637379779182993,12.0,2,0.0,12.64,8.2,8.2,7.057163017527262,6.0,2.637379779182993,0.0,12.0,0.0,0.0,0.0,3574366,124
no_zone_coordinated,555,3,0,0,4445.626260304812,4499.913698501885,51.80743819707235,54.28743819707324,2.480000000000473,0.0,1,0.0,17.16,10.76,10.76,7.1274381970723475,6.0,2.480000000000473,0.0,0.0,0.0,0.0,0.0,7995698,126
no_zone_coordinated,296,1,1,2,4446.688562195288,4519.587690510367,69.492156046168,72.899128315079,3.4069722689109767,0.0,2,0.0,22.48,16.96,16.96,7.092156046168009,6.0,0.0,3.4069722689109767,0.0,0.0,0.0,0.0,5775937,127
no_zone_coordinated,280,5,4,4,4458.90829448339,4532.359551453096,73.45125696970622,73.45125696970626,0.0,0.0,0,0.0,37.56,11.4,11.4,7.091256969706217,6.0,0.0,0.0,0.0,0.0,0.0,0.0,5719372,127
no_zone_coordinated,429,7,7,7,4471.108553075359,4523.77945624143,52.670903166071575,52.670903166071184,0.0,0.0,1,0.0,30.92,4.359999999999999,4.359999999999999,7.030903166071574,6.0,0.0,0.0,0.0,0.0,0.0,0.0,1922239,125
no_zone_coordinated,2,6,6,6,4471.803281128769,4546.756743348898,60.087190273539235,74.95346222012904,14.866271946590132,0.0,1,0.0,11.360000000000001,17.8,17.8,7.127190273539226,6.0,0.0,14.866271946590132,0.0,0.0,0.0,0.0,7980100,126
no_zone_coordinated,176,0,2,2,4476.574534464198,4555.06206507867,78.48753061447142,78.48753061447132,0.0,0.0,0,0.0,11.239999999999998,27.08,27.08,7.087530614471436,6.0,0.0,0.0,0.0,0.0,0.0,0.0,5484930,125
no_zone_coordinated,426,4,7,7,4487.167896052501,4602.600295859478,107.13200137608845,115.43239980697672,8.30039843088889,0.0,1,0.0,35.4,29.32,29.32,7.092001376088461,6.0,8.30039843088889,0.0,0.0,0.0,0.0,0.0,5766206,125
no_zone_coordinated,43,2,3,3,4495.723423322339,4556.541848194037,54.818424871699015,60.81842487169797,0.0,6.0,2,0.0,9.120000000000001,16.32,16.32,7.058424871699016,6.0,6.0,0.0,0.0,0.0,0.0,0.0,3653755,149
no_zone_coordinated,402,3,3,3,4499.913698501885,4589.134787125823,65.22108862393696,89.22108862393816,0.0,24.0,1,0.0,22.84,14.6,14.6,7.181088623936971,6.0,0.0,0.0,24.0,0.0,0.0,0.0,11371091,126
no_zone_coordinated,319,1,3,3,4519.587690510367,4589.516761200759,43.940974074935916,69.92907069039211,9.915157683670259,0.0,3,16.072938931785757,17.04,6.92,6.92,7.060974074935913,6.0,0.0,0.0,8.914157683670055,1.0010000000002037,0.0,0.0,3814137,125
no_zone_coordinated,99,7,6,7,4523.77945624143,4635.2295907231155,86.47284737421671,111.45013448168538,18.977287107468328,6.0,3,0.0,22.240000000000002,25.6,25.6,7.032847374216716,6.0,24.977287107468328,0.0,0.0,0.0,0.0,0.0,2044558,125
no_zone_coordinated,424,5,4,4,4532.359551453096,4617.715574394305,85.35602294120788,85.35602294120872,0.0,0.0,0,0.0,17.119999999999997,27.52,27.52,7.196022941207886,6.0,0.0,0.0,0.0,0.0,0.0,0.0,12310677,130
no_zone_coordinated,561,6,5,5,4546.756743348898,4605.275020832034,58.51827748313545,58.518277483135535,0.0,0.0,0,0.0,7.959591794226544,18.76,18.76,7.038685688908895,6.0,0.0,0.0,0.0,0.0,0.0,0.0,2411873,124
no_zone_coordinated,179,0,2,2,4555.06206507867,4599.626546987086,44.564481908416745,44.56448190841638,0.0,0.0,0,0.0,24.68,3.4,3.4,7.084481908416748,6.0,0.0,0.0,0.0,0.0,0.0,0.0,5293122,125
no_zone_coordinated,120,2,1,1,4556.541848194037,4624.455891539424,67.91404334538777,67.91404334538674,0.0,0.0,1,0.0,16.08,19.4,19.4,7.034043345387777,6.0,0.0,0.0,0.0,0.0,0.0,0.0,2119802,125
no_zone_coordinated,160,3,3,3,4589.134787125823,4629.39510363278,40.260316506958006,40.26031650695677,0.0,0.0,0,0.0,16.16,5.4399999999999995,5.4399999999999995,7.2203165069580075,6.0,0.0,0.0,0.0,0.0,0.0,0.0,13839096,126
no_zone_coordinated,30,1,0,1,4589.516761200759,4640.916787968744,45.400026767985025,51.400026767984855,0.0,6.0,1,0.0,19.84,6.08,6.08,7.400026767985026,6.0,6.0,0.0,0.0,0.0,0.0,0.0,25145488,127
no_zone_coordinated,603,0,0,0,4599.626546987086,4669.187263763871,63.56071677678426,69.56071677678483,0.0,6.0,1,0.0,23.240000000000002,13.64,13.64,7.0407167767842616,6.0,6.0,0.0,0.0,0.0,0.0,0.0,2539658,125
no_zone_coordinated,322,4,5,5,4602.600295859478,4663.306264326809,60.70596846733093,60.70596846733042,0.0,0.0,0,0.0,37.0,5.32,5.32,7.065968467330933,6.0,0.0,0.0,0.0,0.0,0.0,0.0,4128357,125
no_zone_coordinated,329,6,4,4,4605.275020832034,4675.431739548591,70.15671871655782,70.1567187165574,0.0,0.0,0,0.0,11.16,22.92,22.92,7.156718716557821,6.0,0.0,0.0,0.0,0.0,0.0,0.0,9837869,129
no_zone_coordinated,405,5,6,6,4617.715574394305,4698.747075659025,81.03150126472113,81.03150126471974,0.0,0.0,0,0.0,16.959591794226544,25.48,25.48,7.111909470494588,6.0,0.0,0.0,0.0,0.0,0.0,0.0,7018715,124
no_zone_coordinated,412,2,0,0,4624.455891539424,4693.522061060375,57.06616952095031,69.06616952095101,0.0,12.0,1,0.0,20.88,11.52,11.52,7.146169520950317,6.0,0.0,0.0,12.0,0.0,0.0,0.0,9174171,124
no_zone_coordinated,436,3,0,0,4629.39510363278,4701.004781061849,44.482720001475016,71.60967742906905,15.12695742759388,12.0,2,0.0,19.52,5.96,5.96,7.042720001475017,6.0,0.0,0.0,27.12695742759388,0.0,0.0,0.0,2665690,124
no_zone_coordinated,348,7,7,7,4635.2295907231155,4683.9067883971675,48.677197674051925,48.67719767405197,0.0,0.0,1,0.0,17.64,8.96,8.96,7.117197674051921,6.0,0.0,0.0,0.0,0.0,0.0,0.0,7351420,125
no_zone_coordinated,69,1,3,3,4640.916787968744,4694.5458542468195,53.629066278076166,53.6290662780757,0.0,0.0,2,0.0,22.08,9.16,9.16,7.229066278076172,6.0,0.0,0.0,0.0,0.0,0.0,0.0,14389584,125
no_zone_coordinated,541,4,4,4,4663.306264326809,4696.875255991207,33.568991664399675,33.56899166439871,0.0,0.0,0,0.0,7.959591794226542,6.28,6.28,7.049399870173136,6.0,0.0,0.0,0.0,0.0,0.0,0.0,3085951,124
no_zone_coordinated,45,0,0,0,4669.187263763871,4730.002206190404,45.4374251285553,60.81494242653298,15.377517297978557,0.0,2,0.0,9.440000000000001,11.2,11.2,7.597425128555298,6.0,0.0,0.0,15.377517297978557,0.0,0.0,0.0,37564719,125
no_zone_coordinated,365,6,4,4,4675.431739548591,4735.394600194776,59.96286064618429,59.96286064618471,0.0,0.0,0,0.0,12.96,16.96,16.96,7.082860646184286,6.0,0.0,0.0,0.0,0.0,0.0,0.0,5191121,130
no_zone_coordinated,630,7,5,5,4683.9067883971675,4785.269509183834,101.36272078666687,101.36272078666661,0.0,0.0,0,0.0,32.08,28.04,28.04,7.2027207866668705,6.0,0.0,0.0,0.0,0.0,0.0,0.0,12732069,125
no_zone_coordinated,621,2,0,0,4693.522061060375,4746.164309874512,32.55852881266276,52.64224881413702,8.083720001473921,12.0,2,0.0,5.6,6.92,6.92,7.118528812662761,6.0,0.0,8.083720001473921,12.0,0.0,0.0,0.0,7435168,126
no_zone_coordinated,415,1,2,2,4694.5458542468195,4751.522129027982,56.97627478116353,56.97627478116283,0.0,0.0,1,0.0,13.2,15.36,15.36,7.056274781163534,6.0,0.0,0.0,0.0,0.0,0.0,0.0,3518483,124
no_zone_coordinated,34,4,6,6,4696.875255991207,4748.437064477127,51.56180848592122,51.561808485919755,0.0,0.0,1,0.0,13.2,12.48,12.48,7.401808485921224,6.0,0.0,0.0,0.0,0.0,0.0,0.0,25257584,125
no_zone_coordinated,587,5,4,5,4698.747075659025,4776.789946687542,72.04287102851868,78.04287102851777,0.0,6.0,2,0.0,19.28,19.2,19.2,8.362871028518677,6.0,0.0,0.0,6.0,0.0,0.0,0.0,85722411,127
no_zone_coordinated,202,3,1,1,4701.004781061849,4755.880029729121,40.79782353871663,54.87524866727199,8.07742512855475,6.0,3,0.0,5.92,10.879999999999999,10.879999999999999,7.117823538716634,6.0,12.199999999999818,0.0,1.8774251285549326,0.0,0.0,0.0,7390796,132
no_zone_coordinated,22,0,0,0,4730.002206190404,4770.169541615717,28.005231741205854,40.16733542531347,12.162103684107933,0.0,1,0.0,9.440000000000001,2.76,2.76,7.045231741205852,6.0,12.162103684107933,0.0,0.0,0.0,0.0,0.0,2823715,125
no_zone_coordinated,573,6,6,6,4735.394600194776,4796.217816167295,60.82321597251892,60.82321597251848,0.0,0.0,0,0.0,17.28,15.24,15.24,7.063215972518921,6.0,0.0,0.0,0.0,0.0,0.0,0.0,3955185,125
no_zone_coordinated,332,2,3,3,4746.164309874512,4816.649225345525,66.04491547101338,70.48491547101366,4.4399999999996,0.0,2,0.0,25.72,13.64,13.64,7.044915471013387,6.0,4.4399999999996,0.0,0.0,0.0,0.0,0.0,2803817,125
no_zone_coordinated,395,4,7,7,4748.437064477127,4814.026644261138,59.58957978401184,65.58957978401122,0.0,6.0,2,0.0,11.799999999999999,17.28,17.28,7.2295797840118405,6.0,6.0,0.0,0.0,0.0,0.0,0.0,14421891,124
no_zone_coordinated,301,1,1,1,4751.522129027982,4804.708860488806,51.51592146419189,53.18673146082347,1.670809996630851,0.0,1,0.0,7.1313708498984765,15.68,15.68,7.024550614293417,6.0,0.0,0.0,1.670809996630851,0.0,0.0,0.0,1522571,126
no_zone_coordinated,574,3,2,2,4755.880029729121,4804.478607376555,42.598577647434695,48.59857764743447,0.0,6.0,2,0.0,7.1313708498984765,11.2,11.2,7.0672067975362145,6.0,6.0,0.0,0.0,0.0,0.0,0.0,4206266,126
no_zone_coordinated,239,0,1,1,4770.169541615717,4872.09062358784,98.08631371332805,101.92108197212292,3.834768258794611,0.0,1,0.0,31.0,26.76,26.76,7.566313713328044,6.0,3.834768258794611,0.0,0.0,0.0,0.0,0.0,35607358,125
no_zone_coordinated,197,5,7,7,4776.789946687542,4851.131460666409,62.34151397886576,74.34151397886671,0.0,12.0,1,0.0,16.131370849898477,16.52,16.52,7.170143128967285,6.0,0.0,0.0,12.0,0.0,0.0,0.0,10682460,125
no_zone_coordinated,168,7,5,6,4785.269509183834,4860.010725145545,74.74121596171061,74.74121596171062,0.0,0.0,0,0.0,8.48,26.56,26.56,7.141215961710612,6.0,0.0,0.0,0.0,0.0,0.0,0.0,8862520,126
no_zone_coordinated,571,6,7,7,4796.217816167295,4884.645573749896,76.4277575826009,88.42775758260177,0.0,12.0,3,0.0,15.639999999999999,23.88,23.88,7.027757582600912,6.0,0.0,0.0,12.0,0.0,0.0,0.0,1724336,127
no_zone_coordinated,388,3,0,1,4804.478607376555,4844.084737869974,39.60613049341838,39.60613049341828,0.0,0.0,0,0.0,9.879999999999999,8.32,8.32,7.086130493418375,6.0,0.0,0.0,0.0,0.0,0.0,0.0,5396842,125
no_zone_coordinated,1,1,0,1,4804.708860488806,4911.767883749812,101.05902326100667,107.05902326100659,0.0,6.0,2,0.0,19.56,34.239999999999995,34.239999999999995,7.019023261006673,6.0,6.0,0.0,0.0,0.0,0.0,0.0,1174820,125
no_zone_coordinated,236,4,7,7,4814.026644261138,4895.4962979240145,64.81072417411804,81.46965366287623,4.658929488758076,12.0,2,0.0,10.4,20.68,20.68,7.050724174118042,6.0,0.0,0.0,16.658929488758076,0.0,0.0,0.0,3169269,125
no_zone_coordinated,369,2,3,3,4816.649225345525,4855.430377121776,38.781151776250205,38.781151776250226,0.0,0.0,0,0.0,3.5600000000000005,11.08,11.08,7.061151776250203,6.0,0.0,0.0,0.0,0.0,0.0,0.0,3825317,125
no_zone_coordinated,474,3,1,1,4844.084737869974,4874.276851619019,24.19211374904605,30.192113749045348,0.0,6.0,1,0.0,7.5200000000000005,1.7888543819998317,1.7888543819998317,7.094404985046387,6.0,6.0,0.0,0.0,0.0,0.0,0.0,5917428,124
no_zone_coordinated,345,5,5,5,4851.131460666409,4906.052552332566,54.921091666158034,54.921091666156826,0.0,0.0,0,0.0,17.16,12.36,12.36,7.0410916661580405,6.0,0.0,0.0,0.0,0.0,0.0,0.0,2563244,126
no_zone_coordinated,271,2,0,0,4855.430377121776,4959.095747333314,91.66537021153768,103.66537021153817,0.0,12.0,1,0.0,31.479999999999997,23.56,23.56,7.0653702115376795,6.0,0.0,0.0,12.0,0.0,0.0,0.0,4090718,127
no_zone_coordinated,142,7,6,7,4860.010725145545,4911.7222123258725,51.71148718032836,51.71148718032782,0.0,0.0,1,0.0,28.439999999999998,5.12,5.12,7.031487180328369,6.0,0.0,0.0,0.0,0.0,0.0,0.0,1958982,125
no_zone_coordinated,166,0,3,3,4872.09062358784,4954.64224936428,82.55162577643988,82.55162577644023,0.0,0.0,0,0.0,13.95959179422654,27.72,27.72,7.1520339822133385,6.0,0.0,0.0,0.0,0.0,0.0,0.0,9543131,127
no_zone_coordinated,146,3,0,0,4874.276851619019,4982.304772225886,96.02792060686748,108.02792060686716,0.0,12.0,2,0.0,31.12,25.92,25.92,7.067920606867473,6.0,0.0,0.0,12.0,0.0,0.0,0.0,4251175,128
no_zone_coordinated,183,6,4,4,4884.645573749896,4985.589522096607,100.94394834671021,100.94394834671039,0.0,0.0,0,0.0,26.040000000000003,30.92,30.92,7.063948346710205,6.0,0.0,0.0,0.0,0.0,0.0,0.0,4001262,125
no_zone_coordinated,338,4,7,7,4895.4962979240145,4954.1953003379895,58.69900241397522,58.699002413974995,0.0,0.0,0,0.0,1.1313708498984765,21.0,21.0,9.567631564076741,6.0,0.0,0.0,0.0,0.0,0.0,0.0,161519390,125
no_zone_coordinated,313,5,4,4,4906.052552332566,4968.41329946795,38.102777371342974,62.36074713538437,1.0010000000002037,0.0,1,23.25696976404015,13.719999999999999,5.64,5.64,7.102777371342977,6.0,0.0,0.0,0.0,1.0010000000002037,0.0,0.0,6444173,126
no_zone_coordinated,491,7,6,7,4911.7222123258725,4958.31097854622,40.58876622034708,46.58876622034768,0.0,6.0,2,0.0,6.4399999999999995,10.559999999999999,10.559999999999999,7.028766220347086,6.0,6.0,0.0,0.0,0.0,0.0,0.0,1787794,125
no_zone_coordinated,374,1,2,3,4911.767883749812,4985.780978716955,74.01309496714273,74.01309496714293,0.0,0.0,0,0.0,33.48,13.76,13.76,7.013094967142741,6.0,0.0,0.0,0.0,0.0,0.0,0.0,801844,125
no_zone_coordinated,437,4,7,7,4954.1953003379895,5022.857666869615,68.66236653162639,68.6623665316256,0.0,0.0,0,0.0,5.16,25.16,25.16,7.182366531626384,6.0,0.0,0.0,0.0,0.0,0.0,0.0,11451490,126
no_zone_coordinated,143,0,3,3,4954.64224936428,5032.9796918081065,69.83871309115091,78.33744244382615,8.498729352674673,0.0,1,0.0,12.64,22.08,22.08,7.038713091150919,6.0,0.0,0.0,8.498729352674673,0.0,0.0,0.0,2413597,125
no_zone_coordinated,228,7,5,6,4958.31097854622,4997.565778501843,39.25479995562236,39.25479995562273,0.0,0.0,0,0.0,8.92,8.64,8.64,7.0547999556223555,6.0,0.0,0.0,0.0,0.0,0.0,0.0,3425695,125
no_zone_coordinated,430,2,1,2,4959.095747333314,5030.240826184631,71.14507885131836,71.14507885131752,0.0,0.0,0,0.0,15.119999999999997,21.44,21.44,7.14507885131836,6.0,0.0,0.0,0.0,0.0,0.0,0.0,9105552,126
no_zone_coordinated,243,5,4,4,4968.41329946795,4992.112745635833,23.699446167882282,23.699446167882343,0.0,0.0,0,0.0,2.5999999999999996,4.04,4.04,7.0194461678822835,6.0,0.0,0.0,0.0,0.0,0.0,0.0,1201427,125
no_zone_coordinated,620,3,3,3,4982.304772225886,5094.431548864662,101.17185705655416,112.12677663877548,10.9549195822201,0.0,1,0.0,28.72,29.64,29.64,7.171857056554159,6.0,0.0,0.0,10.9549195822201,0.0,0.0,0.0,10790291,124
no_zone_coordinated,408,6,6,6,4985.589522096607,5074.234272518674,88.64475042206745,88.64475042206686,0.0,0.0,0,0.0,13.13137084989847,31.24,31.24,7.033379572168986,6.0,0.0,0.0,0.0,0.0,0.0,0.0,2078041,125
no_zone_coordinated,81,1,0,0,4985.780978716955,5116.009462509834,119.14848379287719,130.22848379287825,11.079999999999927,0.0,2,0.0,38.84,33.6,33.6,7.108483792877197,6.0,11.079999999999927,0.0,0.0,0.0,0.0,0.0,6803190,125
no_zone_coordinated,89,5,4,4,4992.112745635833,5052.018995522919,59.90624988708496,59.90624988708623,0.0,0.0,0,0.0,13.600000000000001,16.64,16.64,7.026249887084961,6.0,0.0,0.0,0.0,0.0,0.0,0.0,1629480,125
no_zone_coordinated,320,7,5,5,4997.565778501843,5101.753160044303,104.18738154246013,104.18738154245966,0.0,0.0,1,0.0,29.28,30.92,30.92,7.067381542460124,6.0,0.0,0.0,0.0,0.0,0.0,0.0,4217260,129
no_zone_coordinated,67,4,6,6,5022.857666869615,5126.37104832688,91.51338145726523,103.51338145726459,0.0,12.0,1,0.0,14.04,32.2,32.2,7.073381457265218,6.0,0.0,0.0,12.0,0.0,0.0,0.0,4594742,126
no_zone_coordinated,340,2,0,0,5030.240826184631,5096.545400938967,53.57493842913309,66.30457475433559,1.0010000000002037,0.0,1,11.728636325202388,28.36,6.08,6.08,7.054938429133097,6.0,0.0,0.0,0.0,1.0010000000002037,0.0,0.0,3434407,126
no_zone_coordinated,139,0,0,0,5032.9796918081065,5138.090715311983,93.11102350387573,105.11102350387682,0.0,12.0,3,0.0,24.64,27.72,27.72,7.0310235038757325,6.0,0.0,0.0,12.0,0.0,0.0,0.0,1929810,125
no_zone_coordinated,4,5,5,5,5052.018995522919,5150.844755437572,86.82575991465251,98.82575991465274,0.0,12.0,1,0.0,22.16,25.8,25.8,7.0657599146525065,6.0,0.0,0.0,12.0,0.0,0.0,0.0,4115236,125
no_zone_coordinated,268,6,4,4,5074.234272518674,5152.988600144838,78.75432762616475,78.75432762616401,0.0,0.0,1,0.0,22.919999999999998,21.32,21.32,7.194327626164754,6.0,0.0,0.0,0.0,0.0,0.0,0.0,12204017,132
no_zone_coordinated,518,3,2,2,5094.431548864662,5163.274350112831,68.84280124816895,68.84280124816905,0.0,0.0,0,0.0,29.520000000000003,13.12,13.12,7.082801248168946,6.0,0.0,0.0,0.0,0.0,0.0,0.0,5187384,124
no_zone_coordinated,533,2,2,2,5096.545400938967,5160.08502037427,33.99852464343998,63.53961943530339,1.0010000000002037,0.0,1,28.540094791865158,17.28,1.7888543819998317,1.7888543819998317,7.140815879440308,6.0,0.0,0.0,0.0,1.0010000000002037,0.0,0.0,8837349,125
no_zone_coordinated,504,7,6,6,5101.753160044303,5164.123993223395,62.37083317909241,62.37083317909219,0.0,0.0,0,0.0,26.520000000000003,11.4,11.4,7.0508331790924075,6.0,0.0,0.0,0.0,0.0,0.0,0.0,3176127,125
no_zone_coordinated,303,1,1,1,5116.009462509834,5175.644748070061,59.63528556022644,59.6352855602272,0.0,0.0,1,0.0,34.96,5.64,5.64,7.395285560226441,6.0,0.0,0.0,0.0,0.0,0.0,0.0,24847197,127
no_zone_coordinated,568,4,5,5,5126.37104832688,5205.280751223889,66.90970289700826,78.90970289700908,0.0,12.0,1,0.0,36.56,8.64,8.64,7.06970289700826,6.0,12.0,0.0,0.0,0.0,0.0,0.0,4363307,125
no_zone_coordinated,440,0,2,2,5138.090715311983,5229.180604576027,91.08988926404318,91.08988926404345,0.0,0.0,0,0.0,16.200000000000003,30.92,30.92,7.0498892640431725,6.0,0.0,0.0,0.0,0.0,0.0,0.0,3116741,125
no_zone_coordinated,17,5,7,7,5150.844755437572,5224.809638429617,73.96488299204508,73.9648829920452,0.0,0.0,0,0.0,16.720000000000002,22.08,22.08,7.084882992045085,6.0,0.0,0.0,0.0,0.0,0.0,0.0,5318356,125
no_zone_coordinated,86,6,6,6,5152.988600144838,5246.673125906379,93.68452576154073,93.68452576154141,0.0,0.0,0,0.0,21.32,29.64,29.64,7.084525761540731,6.0,0.0,0.0,0.0,0.0,0.0,0.0,5295881,125
no_zone_coordinated,560,2,0,0,5160.08502037427,5209.923387577284,49.83836720301311,49.83836720301406,0.0,0.0,0,0.0,19.72,8.52,8.52,7.078367203013102,6.0,0.0,0.0,0.0,0.0,0.0,0.0,4908418,124
no_zone_coordinated,220,3,1,2,5163.274350112831,5214.112254090798,50.83790397796631,50.83790397796747,0.0,0.0,0,0.0,4.520000000000001,16.64,16.64,7.037903977966309,6.0,0.0,0.0,0.0,0.0,0.0,0.0,2362692,126
no_zone_coordinated,161,7,7,7,5164.123993223395,5218.004812714488,38.67417428487142,53.88081949109346,1.0010000000002037,0.0,1,14.20564520622247,11.16,7.24,7.24,7.034174284871419,6.0,0.0,0.0,0.0,1.0010000000002037,0.0,0.0,2128040,125
no_zone_coordinated,525,1,0,0,5175.644748070061,5255.054995790016,72.62064567718505,79.4102477199549,6.789602042770639,0.0,1,0.0,20.759999999999998,19.4,19.4,7.060645677185058,6.0,6.789602042770639,0.0,0.0,0.0,0.0,0.0,3793476,125
no_zone_coordinated,13,4,6,6,5205.280751223889,5309.56423448754,102.6111085811615,104.28348326365085,1.6723746824900445,0.0,1,0.0,32.72,28.36,28.36,7.171108581161499,6.0,0.0,0.0,1.6723746824900445,0.0,0.0,0.0,10743201,125
no_zone_coordinated,490,2,3,3,5209.923387577284,5264.942189539966,55.01880196268358,55.01880196268212,0.0,0.0,0,0.0,16.959591794226544,12.48,12.48,7.099210168457032,6.0,0.0,0.0,0.0,0.0,0.0,0.0,6219744,125
no_zone_coordinated,119,3,1,2,5214.112254090798,5302.74971547805,88.63746138725281,88.63746138725219,0.0,0.0,0,0.0,14.759999999999998,30.4,30.4,7.077461387252808,6.0,0.0,0.0,0.0,0.0,0.0,0.0,4851429,196
no_zone_coordinated,622,7,4,4,5218.004812714488,5288.283994962699,45.6108690563202,70.27918224821042,24.668313191890775,0.0,1,0.0,18.0,7.24,7.24,7.130869056320191,6.0,24.668313191890775,0.0,0.0,0.0,0.0,0.0,8211549,125
no_zone_coordinated,300,5,5,5,5224.809638429617,5310.581010259857,85.77137183024088,85.77137183024024,0.0,0.0,2,0.0,18.12,27.2,27.2,7.251371830240886,6.0,0.0,0.0,0.0,0.0,0.0,0.0,15792928,125
no_zone_coordinated,184,0,2,2,5229.180604576027,5299.68359204991,65.58140250994364,70.50298747388297,4.921584963939495,0.0,2,0.0,23.840000000000003,14.08,14.08,7.581402509943644,6.0,0.0,0.0,4.921584963939495,0.0,0.0,0.0,36556663,125
no_zone_coordinated,26,6,4,4,5246.673125906379,5340.077931275692,87.40480536931356,93.40480536931318,0.0,6.0,1,0.0,13.600000000000001,30.28,30.28,7.244805369313558,6.0,0.0,0.0,6.0,0.0,0.0,0.0,15379802,126
no_zone_coordinated,191,1,2,2,5255.054995790016,5313.150130702585,49.145538652674354,58.09513491256894,8.949596259893951,0.0,1,0.0,28.68,3.72,3.72,7.025538652674357,6.0,0.0,8.949596259893951,0.0,0.0,0.0,0.0,1584733,126
no_zone_coordinated,141,2,0,0,5264.942189539966,5336.4430664354895,62.42087689552307,71.5008768955231,9.079999999999927,0.0,2,0.0,20.799999999999997,14.28,14.28,7.060876895523071,6.0,9.079999999999927,0.0,0.0,0.0,0.0,0.0,3808023,125
no_zone_coordinated,208,7,7,7,5288.283994962699,5331.967792653174,43.683797690476496,43.68379769047533,0.0,0.0,1,0.0,21.759999999999998,4.385640646055101,4.385640646055101,7.152516398366292,6.0,0.0,0.0,0.0,0.0,0.0,0.0,9573482,404
no_zone_coordinated,321,0,1,1,5299.68359204991,5328.2824030293705,28.59881097946167,28.598810979460723,0.0,0.0,1,0.0,13.92,0.8,0.8,7.07881097946167,6.0,0.0,0.0,0.0,0.0,0.0,0.0,4936338,126
no_zone_coordinated,289,3,3,3,5302.74971547805,5356.66063173489,53.91091625684101,53.9109162568393,0.0,0.0,0,0.0,33.239999999999995,3.8,3.8,7.0709162568410235,6.0,0.0,0.0,0.0,0.0,0.0,0.0,4439645,125
no_zone_coordinated,317,4,5,5,5309.56423448754,5373.906241925818,64.3420074382782,64.34200743827842,0.0,0.0,0,0.0,19.479999999999997,15.88,15.88,7.102007438278198,6.0,0.0,0.0,0.0,0.0,0.0,0.0,6395733,126
no_zone_coordinated,56,5,4,5,5310.581010259857,5367.1067863074995,50.52577604764303,56.525776047642466,0.0,6.0,1,0.0,19.24,8.96,8.96,7.365776047643026,6.0,6.0,0.0,0.0,0.0,0.0,0.0,22990619,196
no_zone_coordinated,109,1,1,1,5313.150130702585,5426.388024940357,107.23789423777262,113.23789423777271,0.0,6.0,1,0.0,33.56,30.28,30.28,7.1178942377726235,6.0,6.0,0.0,0.0,0.0,0.0,0.0,7395244,125
no_zone_coordinated,100,0,0,1,5328.2824030293705,5423.994726194247,89.71232316487631,95.71232316487658,0.0,6.0,2,0.0,25.44,25.6,25.6,7.072323164876302,6.0,0.0,0.0,0.0,0.0,6.0,0.0,4528160,125
no_zone_coordinated,3,7,6,6,5331.967792653174,5433.756918059058,101.7891254058838,101.78912540588408,0.0,0.0,0,0.0,31.2,28.68,28.68,7.2291254058837895,6.0,0.0,0.0,0.0,0.0,0.0,0.0,14393304,125
no_zone_coordinated,251,2,0,0,5336.4430664354895,5409.136529952487,34.02080375823975,72.69346351699733,4.001000000000204,6.0,2,28.671659758756505,9.64,5.64,5.64,7.1008037582397465,6.0,6.0,0.0,0.0,4.001000000000204,0.0,0.0,6320004,125
no_zone_coordinated,261,6,5,5,5340.077931275692,5416.368284036515,66.54204211069742,76.29035276082323,9.748310650125859,0.0,1,0.0,21.080000000000002,16.2,16.2,7.062042110697428,6.0,0.0,0.0,9.748310650125859,0.0,0.0,0.0,3881332,125
no_zone_coordinated,87,3,2,2,5356.66063173489,5425.389024940358,42.00439889742533,68.72839320546791,26.723994308042165,0.0,1,0.0,11.48,8.64,8.64,7.2443988974253335,6.0,0.0,0.0,0.0,0.0,0.0,26.723994308042165,15354229,127
no_zone_coordinated,605,5,4,4,5367.1067863074995,5402.2075579491675,35.100771641667684,35.10077164166796,0.0,0.0,0,0.0,9.879999999999999,6.08,6.08,7.060771641667684,6.0,0.0,0.0,0.0,0.0,0.0,0.0,3801401,126
no_zone_coordinated,242,4,4,5,5373.906241925818,5449.448669349549,60.34242742373148,75.54242742373117,15.199999999999818,0.0,2,0.0,5.6,20.48,20.48,7.782427423731486,6.0,15.199999999999818,0.0,0.0,0.0,0.0,0.0,49204057,126
no_zone_coordinated,187,5,4,4,5402.2075579491675,5469.607245546062,43.399687596893315,67.39968759689418,0.0,24.0,2,0.0,10.72,9.8,9.8,7.079687596893311,6.0,12.0,0.0,12.0,0.0,0.0,0.0,4991490,125
no_zone_coordinated,539,2,3,3,5409.136529952487,5494.735161577599,85.59863162511189,85.59863162511192,0.0,0.0,0,0.0,33.08,19.72,19.72,7.078631625111898,6.0,0.0,0.0,0.0,0.0,0.0,0.0,4925054,127
no_zone_coordinated,83,6,5,5,5416.368284036515,5472.112211761608,49.74392772509257,55.74392772509236,0.0,6.0,2,0.0,9.76,13.44,13.44,7.10392772509257,6.0,0.0,0.0,6.0,0.0,0.0,0.0,6516547,126
no_zone_coordinated,297,0,2,2,5423.994726194247,5490.080335307558,66.08560911331176,66.08560911331097,0.0,0.0,0,0.0,12.240000000000002,20.36,20.36,7.125609113311768,6.0,0.0,0.0,0.0,0.0,0.0,0.0,7880622,127
no_zone_coordinated,95,3,1,1,5425.389024940358,5461.1322244461,35.74319950574239,35.74319950574227,0.0,0.0,0,0.0,8.6,7.04,7.04,7.063199505742391,6.0,0.0,0.0,0.0,0.0,0.0,0.0,3954149,126
no_zone_coordinated,449,1,2,2,5426.388024940357,5507.474140785339,69.08611584498088,81.08611584498158,0.0,12.0,2,0.0,18.52,18.76,18.76,7.046115844980876,6.0,0.0,0.0,12.0,0.0,0.0,0.0,2879338,124
no_zone_coordinated,346,7,5,5,5433.756918059058,5524.044379058772,78.28746099971436,90.28746099971431,0.0,12.0,1,0.0,7.1313708498984765,29.0,29.0,7.156090149815878,6.0,0.0,0.0,12.0,0.0,0.0,0.0,9798323,125
no_zone_coordinated,222,4,7,7,5449.448669349549,5542.358324486548,92.90965513699848,92.90965513699848,0.0,0.0,0,0.0,25.599999999999998,27.08,27.08,7.149655136998494,6.0,0.0,0.0,0.0,0.0,0.0,0.0,9393467,127
no_zone_coordinated,330,3,1,1,5461.1322244461,5492.401367182535,23.77334224217733,31.269142736435242,7.495800494258219,0.0,1,0.0,5.6,2.44,2.44,7.293342242177328,6.0,0.0,0.0,7.495800494258219,0.0,0.0,0.0,18433478,125
no_zone_coordinated,35,5,6,6,5469.607245546062,5577.2254349078885,107.61818936182658,107.61818936182681,0.0,0.0,2,0.0,29.52,32.32,32.32,7.458189361826578,6.0,0.0,0.0,0.0,0.0,0.0,0.0,28804762,127
no_zone_coordinated,134,6,7,7,5472.112211761608,5593.264780345033,87.38645585848491,121.15256858342491,33.766112724940285,0.0,2,0.0,28.480000000000004,22.92,22.92,7.066455858484904,6.0,6.535033784454754,0.0,27.23107894048553,0.0,0.0,0.0,4159021,128
no_zone_coordinated,406,0,2,2,5490.080335307558,5550.343733752942,54.26339844538371,60.263398445384155,0.0,6.0,1,0.0,13.6,13.76,13.76,7.143398445383708,6.0,6.0,0.0,0.0,0.0,0.0,0.0,8999830,125
no_zone_coordinated,15,3,0,0,5492.401367182535,5556.763801997242,64.36243481470744,64.36243481470683,0.0,0.0,1,0.0,19.8,15.24,15.24,8.082434814707439,6.0,0.0,0.0,0.0,0.0,0.0,0.0,68078890,130
no_zone_coordinated,607,2,0,0,5494.735161577599,5563.941292566927,57.20613098932902,69.2061309893279,0.0,12.0,3,0.0,33.4,5.32,5.32,7.16613098932902,6.0,0.0,0.0,12.0,0.0,0.0,0.0,10430038,124
no_zone_coordinated,42,1,1,1,5507.474140785339,5582.420318852734,70.04515727513632,74.94617806739552,4.90102079225926,0.0,1,0.0,11.16,22.92,22.92,7.045157275136312,6.0,0.0,0.0,4.90102079225926,0.0,0.0,0.0,2819030,125
no_zone_coordinated,392,7,4,5,5524.044379058772,5579.503018729716,55.458639670944216,55.45863967094374,0.0,0.0,0,0.0,29.6,6.4,6.4,7.058639670944214,6.0,0.0,0.0,0.0,0.0,0.0,0.0,3667269,124
no_zone_coordinated,443,4,5,5,5542.358324486548,5621.072957634997,78.71463314844767,78.71463314844914,0.0,0.0,1,0.0,26.56,19.52,19.52,7.114633148447672,6.0,0.0,0.0,0.0,0.0,0.0,0.0,7190074,124
no_zone_coordinated,312,0,1,1,5550.343733752942,5614.440277870805,52.09654411786398,64.09654411786323,0.0,12.0,1,0.0,8.48,15.24,15.24,7.1365441178639735,6.0,0.0,0.0,12.0,0.0,0.0,0.0,8568593,128
no_zone_coordinated,88,3,2,2,5556.763801997242,5631.592386084867,74.82858408762614,74.82858408762513,0.0,0.0,0,0.0,19.08,21.32,21.32,7.10858408762614,6.0,0.0,0.0,0.0,0.0,0.0,0.0,6809500,125
no_zone_coordinated,497,2,1,2,5563.941292566927,5653.041769386537,77.10047681961059,89.10047681961078,0.0,12.0,3,0.0,22.48,20.8,20.8,7.020476819610596,6.0,0.0,0.0,12.0,0.0,0.0,0.0,1266270,124
no_zone_coordinated,592,5,4,4,5577.2254349078885,5665.171017912776,87.9455830048879,87.94558300488734,0.0,0.0,0,0.0,15.879999999999999,29.44,29.44,7.185583004887899,6.0,0.0,0.0,0.0,0.0,0.0,0.0,11653853,124
no_zone_coordinated,68,7,4,4,5579.503018729716,5719.613280892442,121.17495640589397,140.11026216272603,6.935305756832349,12.0,2,0.0,36.44,35.84,35.84,7.054956405893962,6.0,6.935305756832349,0.0,12.0,0.0,0.0,0.0,3435538,127
no_zone_coordinated,325,1,1,1,5582.420318852734,5654.505802419527,45.184033032989504,72.08548356679239,2.9014505338027448,24.0,2,0.0,15.720000000000002,8.2,8.2,7.064033032989502,6.0,12.0,0.0,14.901450533802745,0.0,0.0,0.0,4006590,125
no_zone_coordinated,231,6,4,4,5593.264780345033,5745.799110417436,108.12078593088785,152.53433007240346,32.41354414151556,12.0,3,0.0,29.04,32.96,32.96,7.160785930887858,6.0,3.5735441415154128,0.0,40.840000000000146,0.0,0.0,0.0,10093756,125
no_zone_coordinated,328,0,0,0,5614.440277870805,5663.115963278062,48.675685407257085,48.675685407256424,0.0,0.0,0,0.0,20.880000000000003,7.359999999999999,7.359999999999999,7.0756854072570805,6.0,0.0,0.0,0.0,0.0,0.0,0.0,4739694,125
no_zone_coordinated,238,4,5,5,5621.072957634997,5718.613280892442,74.23653799209595,97.54032325744538,17.30378526534878,6.0,3,0.0,8.04,26.56,26.56,7.076537992095948,6.0,0.0,0.0,0.0,0.0,23.30378526534878,0.0,4793334,127
no_zone_coordinated,393,3,0,0,5631.592386084867,5692.9759946692075,61.383608584340415,61.383608584340436,0.0,0.0,0,0.0,32.32,8.0,8.0,7.063608584340414,6.0,0.0,0.0,0.0,0.0,0.0,0.0,3979886,124
no_zone_coordinated,118,2,1,1,5653.041769386537,5696.473191291038,43.431421904500326,43.431421904500894,0.0,0.0,0,0.0,13.280000000000001,8.52,8.52,7.111421904500325,6.0,0.0,0.0,0.0,0.0,0.0,0.0,6988040,127
no_zone_coordinated,39,1,3,3,5654.505802419527,5694.442959437319,39.93715701779278,39.93715701779183,0.0,0.0,1,0.0,16.72,4.385640646055101,4.385640646055101,8.445875725682576,6.0,0.0,0.0,0.0,0.0,0.0,0.0,90944615,125
no_zone_coordinated,57,0,2,2,5663.115963278062,5720.2133132596255,50.37154387308756,57.09734998156364,6.725806108475808,0.0,3,0.0,16.2,10.559999999999999,10.559999999999999,7.0515438730875655,6.0,6.725806108475808,0.0,0.0,0.0,0.0,0.0,3220840,127
no_zone_coordinated,347,5,5,5,5665.171017912776,5762.057933055631,60.379608569081626,96.88691514285529,30.50730657377244,6.0,3,0.0,25.880000000000003,10.559999999999999,10.559999999999999,7.379608569081625,6.0,36.50730657377244,0.0,0.0,0.0,0.0,0.0,23860886,125
no_zone_coordinated,65,3,0,0,5692.9759946692075,5720.240761949059,27.26476727985046,27.264767279851185,0.0,0.0,0,0.0,4.131370849898476,4.68,4.68,7.773396429951986,6.0,0.0,0.0,0.0,0.0,0.0,0.0,48635876,125
no_zone_coordinated,385,1,1,1,5694.442959437319,5817.258043852989,117.65627446645101,122.81508441567075,5.158809949219176,0.0,1,0.0,40.519999999999996,32.0,32.0,7.13627446645101,6.0,5.158809949219176,0.0,0.0,0.0,0.0,0.0,8551628,126
no_zone_coordinated,544,2,2,2,5696.473191291038,5733.603444318255,34.27013105862935,37.130253027216895,2.860121968587009,0.0,1,0.0,9.879999999999999,5.64,5.64,7.110131058629354,6.0,0.0,0.0,2.860121968587009,0.0,0.0,0.0,6906827,124
no_zone_coordinated,223,4,4,5,5718.613280892442,5818.338874403643,82.65976398620606,99.72559351120071,11.065829524994115,6.0,2,0.0,6.120000000000001,31.68,31.68,7.179763986206055,6.0,0.0,0.0,17.065829524994115,0.0,0.0,0.0,11287752,125
no_zone_coordinated,601,7,5,5,5719.613280892442,5790.171269709276,65.47333665364584,70.55798881683404,5.084652163189276,0.0,2,0.0,33.36,9.48,9.48,7.153336653645834,6.0,0.0,0.0,5.084652163189276,0.0,0.0,0.0,9625088,124
no_zone_coordinated,116,0,3,3,5720.2133132596255,5805.453957344174,85.24064408454895,85.24064408454888,0.0,0.0,0,0.0,25.68,23.24,23.24,7.0806440845489504,6.0,0.0,0.0,0.0,0.0,0.0,0.0,5051667,125
no_zone_coordinated,71,3,1,1,5720.240761949059,5845.884815102125,89.92204571558635,125.64405315306612,23.722007437479988,12.0,2,0.0,27.16,24.84,24.84,7.082045715586345,6.0,0.0,23.722007437479988,12.0,0.0,0.0,0.0,5139850,127
no_zone_coordinated,27,2,0,0,5733.603444318255,5779.425919858323,45.822475540068766,45.8224755400679,0.0,0.0,1,0.0,16.131370849898474,8.32,8.32,7.0511046901702885,6.0,0.0,0.0,0.0,0.0,0.0,0.0,3193209,125
no_zone_coordinated,389,6,7,7,5745.799110417436,5831.651558752067,85.85244833463034,85.85244833463094,0.0,0.0,0,0.0,32.24,19.72,19.72,8.172448334630332,6.0,0.0,0.0,0.0,0.0,0.0,0.0,73742051,130
no_zone_coordinated,315,5,6,7,5762.057933055631,5823.434536886222,53.89660383059184,61.37660383059119,7.479999999999563,0.0,1,0.0,15.240000000000002,12.8,12.8,7.056603830591838,6.0,7.479999999999563,0.0,0.0,0.0,0.0,0.0,3539185,125
no_zone_coordinated,144,2,0,1,5779.425919858323,5889.570976957188,86.6082075706482,110.14505709886453,23.536849528215498,0.0,2,0.0,23.64,24.96,24.96,7.048207570648193,6.0,23.536849528215498,0.0,0.0,0.0,0.0,0.0,3010938,125
no_zone_coordinated,423,7,5,6,5790.171269709276,5831.442200296664,41.270930587387085,41.27093058738774,0.0,0.0,1,0.0,5.6000000000000005,10.879999999999999,10.879999999999999,7.910930587387085,6.0,0.0,0.0,0.0,0.0,0.0,0.0,57288777,126
no_zone_coordinated,24,0,0,0,5805.453957344174,5888.274504163864,70.90252720667522,82.8205468196893,1.0010000000002037,0.0,1,10.917019613012599,26.68,15.56,15.56,7.102527206675211,6.0,0.0,0.0,0.0,1.0010000000002037,0.0,0.0,6428434,125
no_zone_coordinated,628,1,0,0,5817.258043852989,5890.394085728194,58.070316341654454,73.13604187520468,3.065725533549994,12.0,5,0.0,33.239999999999995,5.76,5.76,7.31031634165446,6.0,0.0,3.065725533549994,12.0,0.0,0.0,0.0,19501396,124
no_zone_coordinated,371,4,4,4,5818.338874403643,5876.8036282077865,58.46475380414327,58.464753804143584,0.0,0.0,0,0.0,31.96,6.720000000000001,6.720000000000001,7.06475380414327,6.0,0.0,0.0,0.0,0.0,0.0,0.0,4051937,130
no_zone_coordinated,511,5,5,5,5823.434536886222,5933.718930907193,110.28439402097067,110.28439402097047,0.0,0.0,0,0.0,32.519999999999996,32.32,32.32,7.124394020970662,6.0,0.0,0.0,0.0,0.0,0.0,0.0,7804175,128
no_zone_coordinated,165,7,4,4,5831.442200296664,5925.648095640444,87.8925587542216,94.20589534377996,6.313336589559185,0.0,1,0.0,26.32,24.2,24.2,7.1725587542215985,6.0,0.0,0.0,0.0,6.313336589559185,0.0,0.0,10834438,125
no_zone_coordinated,40,6,4,4,5831.651558752067,5922.179917248289,64.45082160784403,90.5283584962217,11.303978134155841,0.0,2,14.773558754221085,26.04,12.68,12.68,7.050821607844035,6.0,10.302978134155637,0.0,0.0,1.0010000000002037,0.0,0.0,3175399,125
no_zone_coordinated,55,3,2,2,5845.884815102125,5935.023360534151,89.13854543202719,89.13854543202615,0.0,0.0,0,0.0,13.399999999999999,31.24,31.24,7.258545432027181,6.0,0.0,0.0,0.0,0.0,0.0,0.0,16244252,128
no_zone_coordinated,410,4,7,7,5876.8036282077865,5961.9249669169185,78.96276662025451,85.12133870913203,6.158572088877008,0.0,2,0.0,34.16,15.88,15.88,7.0427666202545165,6.0,6.158572088877008,0.0,0.0,0.0,0.0,0.0,2668623,125
no_zone_coordinated,528,0,1,1,5888.274504163864,5929.326399354674,41.05189519081116,41.05189519081068,0.0,0.0,0,0.0,17.12,5.4399999999999995,5.4399999999999995,7.051895190811157,6.0,0.0,0.0,0.0,0.0,0.0,0.0,3242943,124
no_zone_coordinated,441,2,2,2,5889.570976957188,5997.369381512446,95.79840455525716,107.79840455525846,0.0,12.0,1,0.0,19.599999999999998,31.56,31.56,7.078404555257162,6.0,0.0,0.0,12.0,0.0,0.0,0.0,4910768,124
no_zone_coordinated,460,1,1,2,5890.394085728194,5981.57089290186,58.87991594467164,91.17680717366602,32.296891228994355,0.0,3,0.0,20.04,12.8,12.8,7.239915944671631,6.0,23.589274805956848,0.0,8.707616423037507,0.0,0.0,0.0,15072186,126
no_zone_coordinated,613,6,6,6,5922.179917248289,6024.576936915852,102.39701966756184,102.39701966756274,0.0,0.0,0,0.0,26.0,31.68,31.68,7.037019667561849,6.0,0.0,0.0,0.0,0.0,0.0,0.0,2307056,127
no_zone_coordinated,292,7,5,5,5925.648095640444,6023.47403524959,85.82593960914612,97.82593960914619,0.0,12.0,1,0.0,8.8,32.0,32.0,7.025939609146119,6.0,0.0,0.0,12.0,0.0,0.0,0.0,1609959,126
no_zone_coordinated,63,0,2,2,5929.326399354674,6045.398010690683,98.0716113360087,116.07161133600857,0.0,18.0,2,0.0,33.36,25.8,25.8,7.111611336008708,6.0,6.0,0.0,12.0,0.0,0.0,0.0,6999958,127
no_zone_coordinated,103,5,4,4,5933.718930907193,6024.171219141523,84.00312350107828,90.4522882343299,6.4491647332506545,0.0,3,0.0,7.6000000000000005,31.68,31.68,7.043123501078288,6.0,3.7291647332513094,0.0,2.719999999999345,0.0,0.0,0.0,2691076,127
no_zone_coordinated,279,3,0,0,5935.023360534151,6013.130115541197,78.10675500704447,78.10675500704565,0.0,0.0,0,0.0,23.56,20.68,20.68,7.186755007044474,6.0,0.0,0.0,0.0,0.0,0.0,0.0,11727589,126
no_zone_coordinated,515,4,4,4,5961.9249669169185,6056.739186983878,63.16796784235637,94.81422006695993,31.646252224603813,0.0,1,0.0,19.6,15.24,15.24,7.087967842356364,6.0,0.0,0.0,31.646252224603813,0.0,0.0,0.0,5512438,128
no_zone_coordinated,294,1,1,1,5981.57089290186,6041.520313899352,46.23291454467773,59.94942099749187,13.716506452814428,0.0,1,0.0,7.199999999999999,13.0,13.0,7.032914544677735,6.0,0.0,13.716506452814428,0.0,0.0,0.0,0.0,2048784,129
no_zone_coordinated,373,2,2,2,5997.369381512446,6078.755655580133,63.75664488945007,81.38627406768683,17.629629178237337,0.0,1,0.0,26.4,12.16,12.16,7.0366448894500735,6.0,0.0,17.629629178237337,0.0,0.0,0.0,0.0,2283477,125
no_zone_coordinated,569,3,3,3,6013.130115541197,6080.767019989007,67.63690444780985,67.6369044478106,0.0,0.0,1,0.0,24.759999999999998,14.92,14.92,7.036904447809855,6.0,0.0,0.0,0.0,0.0,0.0,0.0,2299807,124
no_zone_coordinated,566,7,6,6,6023.47403524959,6084.354138575371,60.88010332578024,60.88010332578051,0.0,0.0,0,0.0,30.16,8.84,8.84,7.040103325780233,6.0,0.0,0.0,0.0,0.0,0.0,0.0,2501063,124
no_zone_coordinated,93,5,5,5,6024.171219141523,6095.846773231895,66.74658624801636,71.67555409037232,4.9289678423556325,0.0,1,0.0,23.64,15.04,15.04,7.026586248016358,6.0,0.0,4.9289678423556325,0.0,0.0,0.0,0.0,1650642,125
no_zone_coordinated,501,6,6,6,6024.576936915852,6123.130473190061,83.13633461469016,98.55353627420936,3.4172016595184687,12.0,1,0.0,2.9200000000000017,33.6,33.6,7.016334614690145,6.0,0.0,0.0,15.417201659518469,0.0,0.0,0.0,1005665,124
no_zone_coordinated,478,1,1,2,6041.520313899352,6085.421180183659,43.900866284306844,43.900866284307085,0.0,0.0,1,0.0,9.120000000000001,10.879999999999999,10.879999999999999,7.020866284306845,6.0,0.0,0.0,0.0,0.0,0.0,0.0,1290773,128
no_zone_coordinated,66,0,3,3,6045.398010690683,6124.109222895552,62.982202906545,78.7112122048693,15.729009298323945,0.0,1,0.0,15.64,17.16,17.16,7.022202906545004,6.0,0.0,0.0,15.729009298323945,0.0,0.0,0.0,1374866,127
no_zone_coordinated,122,4,7,7,6056.739186983878,6118.538611910254,61.799424926376346,61.79942492637565,0.0,0.0,2,0.0,19.84,14.4,14.4,7.159424926376343,6.0,0.0,0.0,0.0,0.0,0.0,0.0,10008129,127
no_zone_coordinated,590,2,1,1,6078.755655580133,6122.789725288258,44.03406970812479,44.03406970812466,0.0,0.0,0,0.0,6.879999999999999,12.04,12.04,7.074069708124797,6.0,0.0,0.0,0.0,0.0,0.0,0.0,4638043,128
no_zone_coordinated,104,7,5,6,6084.354138575371,6162.188781378181,77.83464280281066,77.83464280281078,0.0,0.0,1,0.0,16.16,24.0,24.0,7.674642802810669,6.0,0.0,0.0,0.0,0.0,0.0,0.0,42422835,127
