placement,placement_display_name,placement_family,window_kind,window_size,window_index,is_residual,logical_request_count,logical_bytes,physical_task_count,requests_per_physical_task,busiest_logical_owner_share,busiest_task_owner_share,busiest_work_owner_share,work_max_mean_ratio,static_drain_s,ideal_balanced_drain_s,static_throughput_req_per_s,ideal_balanced_throughput_req_per_s,throughput_retained_vs_ideal,throughput_loss_vs_ideal,stranded_capacity_share
hash_seed_1,Hash seed 1,randomized_hash,request_count,5000.0,0,False,5000,58922496,511,9.784735812133073,0.282,0.14481409001956946,0.1447435615145785,1.157948492116628,2280.1439426452202,1969.1238066015505,2.192844015891139,2.5392004216481157,0.8635962711709982,0.13640372882900176,0.1364037288290018
hash_seed_1,Hash seed 1,randomized_hash,request_count,5000.0,1,False,5000,131597824,730,6.8493150684931505,0.1532,0.14520547945205478,0.14454195655139937,1.156335652411195,3256.07198449262,2815.8536647236015,1.5355925863472977,1.7756604551716966,0.8648008023576863,0.1351991976423137,0.1351991976423137
hash_seed_1,Hash seed 1,randomized_hash,request_count,5000.0,2,False,5000,127554048,719,6.954102920723226,0.1646,0.1404728789986092,0.13885448207600834,1.1108358566080667,3093.3355773476337,2784.6918686916742,1.6163781377664905,1.795530793268391,0.9002230113938674,0.0997769886061326,0.0997769886061326
hash_seed_1,Hash seed 1,randomized_hash,request_count,5000.0,3,False,5000,158485504,663,7.541478129713424,0.2244,0.15384615384615385,0.15623098542121372,1.2498478833697098,3198.377872118852,2559.0137125293345,1.5632924563374417,1.953877767641186,0.8000973664922358,0.19990263350776416,0.19990263350776413
hash_seed_1,Hash seed 1,randomized_hash,request_count,5000.0,4,False,5000,88420864,644,7.763975155279503,0.3056,0.13819875776397517,0.1371343984316586,1.0970751874532687,2744.432122468095,2501.5898216046357,1.8218705279923086,1.9987289510127475,0.9115145538214047,0.08848544617859533,0.08848544617859544
hash_seed_1,Hash seed 1,randomized_hash,request_count,5000.0,5,False,5000,68247040,665,7.518796992481203,0.2688,0.13533834586466165,0.13690413922800496,1.0952331138240397,2797.5822088193977,2554.3258083674573,1.7872575770025505,1.957463681266112,0.9130476310275806,0.08695236897241942,0.08695236897241942
hash_seed_1,Hash seed 1,randomized_hash,request_count,5000.0,6,False,5000,64428544,599,8.347245409015025,0.2318,0.15692821368948248,0.15863550775735397,1.2690840620588317,2962.2718335894256,2334.1809436829108,1.6878937116116826,2.1420790078557124,0.7879698673212416,0.21203013267875837,0.2120301326787584
hash_seed_1,Hash seed 1,randomized_hash,request_count,5000.0,7,False,5000,173246464,454,11.013215859030836,0.2056,0.14977973568281938,0.15017367233797663,1.201389378703813,2113.6221271599425,1759.3148105240812,2.3656073314857187,2.8420155222308128,0.8323696028334349,0.16763039716656514,0.16763039716656508
hash_seed_1,Hash seed 1,randomized_hash,request_count,5000.0,8,False,5000,93361664,648,7.716049382716049,0.2086,0.13734567901234568,0.13489219737746094,1.0791375790196875,2725.027375571376,2525.1899558968666,1.834843952329695,1.980049060595982,0.926665903812211,0.07333409618778897,0.07333409618778897
hash_seed_1,Hash seed 1,randomized_hash,request_count,5000.0,9,False,5000,101086720,563,8.880994671403197,0.1834,0.17761989342806395,0.1788797953777848,1.4310383630222785,3148.4549564211507,2200.1191846260344,1.588080524958026,2.2726041547834943,0.6987932859382274,0.3012067140617726,0.3012067140617726
hash_seed_1,Hash seed 1,randomized_hash,request_count,5000.0,10,False,5000,49374208,390,12.820512820512821,0.21,0.14871794871794872,0.15416801885723572,1.2333441508578857,1869.4785370143043,1515.7801135343595,2.6745426069375315,3.298631480486606,0.8108036992792507,0.18919630072074933,0.18919630072074928
hash_seed_1,Hash seed 1,randomized_hash,request_count,5000.0,11,False,5000,93842432,518,9.652509652509652,0.283,0.15637065637065636,0.15089204617735177,1.2071363694188142,2448.4576877305603,2028.3190447732022,2.0421018607164196,2.4650954261286238,0.8284068190915814,0.17159318090841857,0.17159318090841852
hash_seed_1,Hash seed 1,randomized_hash,request_count,5000.0,12,False,5000,72498176,888,5.63063063063063,0.2342,0.1463963963963964,0.1450472486400749,1.1603779891205992,3988.815259874927,3437.513721626071,1.2535050320071177,1.4545396483929716,0.8617881495303589,0.13821185046964113,0.13821185046964113
hash_seed_1,Hash seed 1,randomized_hash,request_count,5000.0,13,False,5000,78662656,811,6.165228113440198,0.2022,0.14180024660912455,0.1429066466383156,1.1432531731065247,3581.7773055015437,3132.969485463046,1.3959550171698538,1.5959300028934087,0.8746968943744389,0.12530310562556113,0.1253031056255611
hash_seed_1,Hash seed 1,randomized_hash,request_count,5000.0,14,False,5000,79249920,712,7.022471910112359,0.2092,0.13623595505617977,0.13379877887368238,1.070390230989459,2983.1537976811946,2786.977787459434,1.6760785192793277,1.79405807340787,0.934238720653877,0.06576127934612297,0.06576127934612304
hash_seed_1,Hash seed 1,randomized_hash,request_count,5000.0,15,False,5000,66673664,708,7.062146892655368,0.1668,0.1384180790960452,0.13834189596039578,1.1067351676831663,3054.6559737455227,2760.0604579504993,1.636845537754341,1.811554520697993,0.9035585289056955,0.09644147109430445,0.09644147109430451
hash_seed_1,Hash seed 1,randomized_hash,request_count,5000.0,16,False,5000,81592320,693,7.215007215007215,0.1546,0.1414141414141414,0.14137896407512673,1.1310317126010139,3058.8668009817634,2704.4925150218296,1.6345922608971457,1.8487756842468621,0.884148506941788,0.11585149305821196,0.11585149305821196
hash_seed_1,Hash seed 1,randomized_hash,request_count,5000.0,17,False,5000,111870976,473,10.570824524312897,0.2574,0.1733615221987315,0.17244610033053778,1.3795688026443023,2521.4899199357415,1827.7377069578918,1.982954585885246,2.735622283747737,0.724864173561507,0.275135826438493,0.275135826438493
hash_seed_1,Hash seed 1,randomized_hash,request_count,5000.0,18,False,5000,112221184,341,14.662756598240469,0.2186,0.15249266862170088,0.15015481896763294,1.2012385517410635,1566.6424647193135,1304.1892989936405,3.1915386647557917,3.8337992834768544,0.832474114779791,0.16752588522020895,0.16752588522020898
hash_seed_1,Hash seed 1,randomized_hash,request_count,5000.0,19,False,5000,55542784,360,13.88888888888889,0.2168,0.1527777777777778,0.1502635980163561,1.2021087841308489,1670.362290271313,1389.5267319579748,2.9933625951217215,3.5983474696845352,0.8318714688729456,0.1681285311270544,0.16812853112705434
hash_seed_1,Hash seed 1,randomized_hash,request_count,5000.0,20,False,5000,124009984,364,13.736263736263735,0.265,0.17032967032967034,0.17623323411598849,1.4098658729279079,2008.526922382399,1424.6226970592847,2.489386596854419,3.5097012074291896,0.7092873295267953,0.2907126704732047,0.2907126704732047
hash_seed_1,Hash seed 1,randomized_hash,request_count,5000.0,21,False,5000,174182400,522,9.578544061302683,0.1866,0.14559386973180077,0.14535190481834184,1.1628152385467347,2360.239736392193,2029.7633348372506,2.118428870976845,2.46334137294923,0.8599818499538945,0.14001815004610552,0.14001815004610552
hash_seed_1,Hash seed 1,randomized_hash,request_count,5000.0,22,False,5000,112900608,665,7.518796992481203,0.197,0.14736842105263157,0.14569559117840986,1.1655647294272788,3011.4118216933566,2583.6504362765572,1.660350790941783,1.9352463203984278,0.8579532090777728,0.14204679092222716,0.14204679092222713
hash_seed_1,Hash seed 1,randomized_hash,request_count,5000.0,23,False,5000,116538880,747,6.693440428380187,0.1576,0.14190093708165996,0.1398602979745496,1.1188823837963968,3250.1614754738325,2904.8285347437063,1.5383851041650363,1.721271992545044,0.8937489896006533,0.1062510103993467,0.1062510103993467
hash_seed_1,Hash seed 1,randomized_hash,request_count,5000.0,24,False,5000,94137344,839,5.959475566150179,0.1928,0.1394517282479142,0.14016760868382122,1.1213408694705698,3651.608345313713,3256.465937104196,1.3692596596282687,1.5354068172585391,0.8917894881260685,0.10821051187393149,0.10821051187393148
hash_seed_1,Hash seed 1,randomized_hash,request_count,5000.0,25,False,5000,109406720,751,6.657789613848203,0.1584,0.1384820239680426,0.14170504779582196,1.1336403823665757,3278.6735191396588,2892.163661544179,1.5250069794421088,1.728809495286449,0.8821139539087435,0.11788604609125652,0.11788604609125647
hash_seed_1,Hash seed 1,randomized_hash,request_count,5000.0,26,False,5000,68690432,775,6.451612903225806,0.1838,0.13806451612903226,0.14189610955617876,1.13516887644943,3455.6270499339894,3044.1523914419367,1.4469154013872856,1.6424933305101814,0.880926195869455,0.11907380413054502,0.11907380413054493
hash_seed_1,Hash seed 1,randomized_hash,request_count,5000.0,27,False,5000,87021568,849,5.889281507656066,0.1444,0.1354534746760895,0.13858498756676865,1.1086799005341492,3674.166979675534,3314.001613906198,1.360852685155194,1.5087500196194905,0.9019735989785793,0.09802640102142068,0.09802640102142068
hash_seed_1,Hash seed 1,randomized_hash,request_count,5000.0,28,False,5000,39401984,790,6.329113924050633,0.214,0.13291139240506328,0.1361094477365884,1.0888755818927072,3334.846805812299,3062.6518412834603,1.499319246474983,1.6325721169483824,0.9183785701776673,0.08162142982233267,0.08162142982233263
hash_seed_1,Hash seed 1,randomized_hash,request_count,5000.0,29,False,5000,48270848,820,6.097560975609756,0.2024,0.13902439024390245,0.14130284309542965,1.1304227447634372,3601.835264875758,3186.2728183424083,1.3881811999451537,1.5692316022710024,0.8846248048638382,0.11537519513616179,0.11537519513616187
hash_seed_1,Hash seed 1,randomized_hash,request_count,5000.0,30,False,5000,35755008,285,17.54385964912281,0.205,0.17192982456140352,0.1664005875614717,1.3312047004917735,1494.8470286858876,1122.927997575175,3.3448238542477986,4.45264523709168,0.7511992705784318,0.24880072942156817,0.2488007294215682
hash_seed_1,Hash seed 1,randomized_hash,request_count,5000.0,31,False,5000,47288320,326,15.337423312883436,0.201,0.1687116564417178,0.15852938838208028,1.2682351070566422,1641.0876485610004,1293.9932347163024,3.046759875613156,3.864007837024132,0.7884973333697014,0.2115026666302986,0.21150266663029868
hash_seed_1,Hash seed 1,randomized_hash,request_count,5000.0,32,False,5000,118990848,674,7.4183976261127595,0.1832,0.14985163204747776,0.15297557805163234,1.2238046244130587,3195.5647448406276,2611.172307322529,1.5646686577302833,1.9148487390044941,0.8171238938401656,0.1828761061598344,0.18287610615983438
hash_seed_1,Hash seed 1,randomized_hash,request_count,5000.0,33,False,5000,44438528,364,13.736263736263735,0.2516,0.14285714285714285,0.14491826897651996,1.1593461518121597,1635.5406198585636,1410.743993329404,3.057093134398817,3.544229161096642,0.8625551552803383,0.13744484471966167,0.13744484471966173
hash_seed_1,Hash seed 1,randomized_hash,request_count,5000.0,34,False,5000,36884992,179,27.932960893854748,0.2426,0.18994413407821228,0.19136534972769437,1.530922797821555,1067.6991365917538,697.4219327787457,4.682967166163218,7.169261196129073,0.6532008024329914,0.3467991975670086,0.34679919756700855
hash_seed_1,Hash seed 1,randomized_hash,request_count,5000.0,35,False,5000,30553600,147,34.01360544217687,0.2058,0.1564625850340136,0.14690727565415038,1.175258205233203,668.1596256237873,568.5215577722398,7.483241740822111,8.794741257644784,0.8508768503356868,0.14912314966431317,0.14912314966431314
hash_seed_1,Hash seed 1,randomized_hash,request_count,5000.0,36,False,5000,86471168,316,15.822784810126583,0.25,0.14873417721518986,0.1456854314498936,1.1654834515991488,1420.92728812694,1219.174142865177,3.518828895594635,4.101136846824455,0.8580130405351613,0.14198695946483875,0.1419869594648388
hash_seed_1,Hash seed 1,randomized_hash,request_count,5000.0,37,False,5000,108463104,619,8.077544426494345,0.1894,0.1470113085621971,0.14717037248650883,1.1773629798920706,2782.5254825834677,2363.3539784294417,1.7969287366086195,2.115637371987218,0.8493557357236342,0.1506442642763658,0.15064426427636574
hash_seed_1,Hash seed 1,randomized_hash,request_count,5000.0,38,False,5000,74446848,479,10.438413361169102,0.19,0.13569937369519833,0.13493048842498032,1.0794439073998425,1980.7379011685675,1834.9613977994986,2.524311771411135,2.7248529620274535,0.9264029313100609,0.0735970686899391,0.07359706868993912
hash_seed_1,Hash seed 1,randomized_hash,request_count,5000.0,39,False,5000,33530368,340,14.705882352941176,0.4544,0.1588235294117647,0.15733060018351966,1.2586448014681573,1637.7160652283196,1301.1741385003866,3.053032272296195,3.8426831982401213,0.7945053273437758,0.20549467265622423,0.2054946726562242
hash_seed_1,Hash seed 1,randomized_hash,request_count,5000.0,40,False,5000,73317376,712,7.022471910112359,0.2624,0.15730337078651685,0.1600525137079733,1.2804201096637864,3548.8640025704535,2771.6403200683226,1.4089015517017514,1.8039858793354353,0.7809936695406796,0.2190063304593204,0.21900633045932033
hash_seed_1,Hash seed 1,randomized_hash,request_count,5000.0,41,False,5000,85826048,823,6.075334143377885,0.1712,0.13608748481166463,0.13914392417085708,1.1131513933668566,3549.3593153631273,3188.568362321027,1.4087049396092097,1.5681018663687654,0.8983504004566558,0.10164959954334418,0.1016495995433442
hash_seed_1,Hash seed 1,randomized_hash,request_count,5000.0,42,False,5000,125619712,959,5.213764337851929,0.2002,0.13451511991657977,0.1350189613347663,1.0801516906781303,4040.7169517677157,3740.8791622877634,1.2374041685381159,1.336584204698612,0.9257958938824505,0.07420410611754946,0.0742041061175494
hash_seed_1,Hash seed 1,randomized_hash,request_count,5000.0,43,False,5000,163280896,714,7.002801120448179,0.2164,0.14565826330532214,0.1482268999726668,1.1858151997813344,3262.591396203896,2751.348942740421,1.5325241174293605,1.8172903924792103,0.8433017220426935,0.1566982779573065,0.15669827795730648
hash_seed_1,Hash seed 1,randomized_hash,request_count,5000.0,44,False,5000,138666496,1043,4.793863854266539,0.1938,0.14477468839884947,0.14510067335275992,1.1608053868220793,4683.619277386825,4034.801466772224,1.0675504783535044,1.2392183459772357,0.8614708471828217,0.13852915281717826,0.13852915281717817
hash_seed_1,Hash seed 1,randomized_hash,request_count,5000.0,45,False,5000,90707456,846,5.91016548463357,0.2008,0.15011820330969267,0.1526778651834927,1.2214229214679415,4039.980878444997,3307.6019840774156,1.2376296201492216,1.511669186337921,0.8187172374317088,0.18128276256829123,0.18128276256829132
hash_seed_1,Hash seed 1,randomized_hash,request_count,5000.0,46,False,5000,68132864,525,9.523809523809524,0.174,0.14857142857142858,0.14841604417327295,1.1873283533861836,2430.511102765468,2047.0420805110966,2.0571804812209797,2.442548713386303,0.8422270024530827,0.15777299754691732,0.15777299754691726
hash_seed_1,Hash seed 1,randomized_hash,request_count,5000.0,47,False,5000,71943168,516,9.689922480620154,0.2006,0.14728682170542637,0.1524242924871618,1.2193943398972944,2425.0540786729043,1988.7365385648409,2.0618096907497496,2.5141590668456355,0.8200792535122204,0.17992074648777956,0.17992074648777956
hash_seed_1,Hash seed 1,randomized_hash,request_count,5000.0,48,False,5000,95191552,593,8.431703204047217,0.178,0.15851602023608768,0.16099689141784698,1.2879751313427759,2962.945090337216,2300.467624128894,1.687510179080283,2.1734711445431985,0.7764125064724287,0.22358749352757135,0.22358749352757146
hash_seed_1,Hash seed 1,randomized_hash,request_count,5000.0,49,False,5000,167976960,425,11.764705882352942,0.2408,0.15294117647058825,0.15145245511005434,1.2116196408804347,2013.8688882355389,1662.1296158356613,2.482783278101473,3.0081889837972553,0.825341523246801,0.174658476753199,0.17465847675319898
hash_seed_1,Hash seed 1,randomized_hash,request_count,5000.0,50,False,5000,65021440,223,22.42152466367713,0.1924,0.16591928251121077,0.17012927566941663,1.361034205355333,1179.4357774659563,866.5732079511067,4.239315184030291,5.769852972747465,0.734735391708193,0.265264608291807,0.26526460829180687
hash_seed_1,Hash seed 1,randomized_hash,request_count,5000.0,51,False,5000,117344768,393,12.72264631043257,0.1806,0.16539440203562342,0.16398470087601796,1.3118776070081437,1999.7685391611021,1524.3560287013026,2.500289359536323,3.2800736218164355,0.7622662317413825,0.23773376825861747,0.23773376825861747
hash_seed_1,Hash seed 1,randomized_hash,request_count,5000.0,52,False,5000,121467904,744,6.720430107526882,0.1804,0.15188172043010753,0.153178532150072,1.225428257200576,3527.3321023671447,2878.4484784324645,1.4175019121801908,1.737046897821455,0.8160412444580358,0.18395875554196417,0.18395875554196417
hash_seed_1,Hash seed 1,randomized_hash,request_count,5000.0,53,False,5000,146289152,612,8.169934640522875,0.2432,0.16339869281045752,0.1653194244139088,1.3225553953112703,3134.4282932213114,2369.9788336530187,1.5951872342440494,2.1097234831811305,0.7561119961743794,0.2438880038256206,0.24388800382562062
hash_seed_1,Hash seed 1,randomized_hash,request_count,5000.0,54,False,5000,96331776,687,7.27802037845706,0.3254,0.16011644832605532,0.16133766369850092,1.2907013095880073,3495.1378403760464,2707.937006348662,1.4305587442760321,1.84642404467965,0.774772592676148,0.22522740732385205,0.225227407323852
hash_seed_1,Hash seed 1,randomized_hash,request_count,5000.0,55,False,5000,174883328,813,6.150061500615006,0.183,0.14022140221402213,0.14084418116468803,1.1267534493175042,3596.5591499301713,3191.96639877932,1.3902176473580525,1.5664325294627515,0.8875056034713883,0.1124943965286117,0.11249439652861166
hash_seed_1,Hash seed 1,randomized_hash,request_count,5000.0,56,False,5000,111398912,675,7.407407407407407,0.275,0.1511111111111111,0.1511019802944319,1.2088158423554551,3207.9319696513007,2653.7805489051498,1.5586365444475108,1.8841045474023135,0.8272558688935081,0.1727441311064919,0.17274413110649187
hash_seed_1,Hash seed 1,randomized_hash,request_count,5000.0,57,False,5000,132835328,512,9.765625,0.2228,0.138671875,0.13813857009768357,1.1051085607814686,2215.9737245987712,2005.2090837408439,2.2563444433012445,2.4935055603639023,0.9048884747511666,0.09511152524883337,0.09511152524883337
hash_seed_1,Hash seed 1,randomized_hash,request_count,5000.0,58,False,5000,229708800,523,9.560229445506693,0.1548,0.1338432122370937,0.13495948151288636,1.079675852103091,2218.1632179253616,2054.4714541912012,2.254117262243884,2.433715975853452,0.9262039139359363,0.07379608606406374,0.07379608606406363
hash_seed_1,Hash seed 1,randomized_hash,request_count,5000.0,59,False,5000,161638912,640,7.8125,0.2126,0.1421875,0.13905296874438258,1.1124237499550607,2801.539775016511,2518.4106102819965,1.784732826065456,1.9853791830396275,0.8989380171363636,0.10106198286363643,0.10106198286363649
hash_seed_1,Hash seed 1,randomized_hash,request_count,5000.0,60,False,5000,156919808,477,10.482180293501049,0.1808,0.13626834381551362,0.1388193069730053,1.1105544557840423,2078.5970863367656,1871.6750678104236,2.40546858882199,2.6714038595648137,0.9004511168198485,0.09954888318015154,0.09954888318015155
hash_seed_1,Hash seed 1,randomized_hash,request_count,5000.0,61,False,5000,136565248,379,13.192612137203167,0.2334,0.1503957783641161,0.15309562445905603,1.2247649956724482,1814.7420861698101,1481.7063621037269,2.75521245586638,3.374487771585862,0.8164831649609299,0.18351683503907013,0.18351683503907026
hash_seed_1,Hash seed 1,randomized_hash,request_count,5000.0,62,False,5000,141972992,532,9.398496240601503,0.2014,0.13345864661654136,0.13532481743609642,1.0825985394887714,2263.60769776905,2090.9022275588686,2.2088633136067983,2.391312197241048,0.9237034445587037,0.07629655544129632,0.0762965554412963
hash_seed_1,Hash seed 1,randomized_hash,request_count,5000.0,63,False,5000,124154368,311,16.077170418006432,0.2012,0.1607717041800643,0.16593131235910047,1.3274504988728038,1601.2747131499084,1206.2782864668934,3.1225123078128,4.144980520742571,0.7533237592280418,0.24667624077195816,0.24667624077195813
hash_seed_1,Hash seed 1,randomized_hash,request_count,5000.0,64,False,5000,139842560,312,16.025641025641026,0.1958,0.15705128205128205,0.15057811435074153,1.2046249148059323,1472.02531815929,1221.978144455394,3.3966807080820485,4.091726208596291,0.8301339177939071,0.1698660822060929,0.16986608220609295
hash_seed_1,Hash seed 1,randomized_hash,request_count,5000.0,65,False,5000,204763136,413,12.106537530266344,0.2004,0.15738498789346247,0.15507316851808517,1.2405853481446814,2032.6042584415293,1638.4235566551927,2.459898418117888,3.0517139354413305,0.8060711030446385,0.19392889695536153,0.19392889695536164
hash_seed_1,Hash seed 1,randomized_hash,request_count,5000.0,66,False,5000,146511360,443,11.286681715575622,0.212,0.14446952595936793,0.14552528724030603,1.1642022979224482,2028.503589269,1742.3978572185624,2.464871162393073,2.869608671340791,0.8589572463347035,0.1410427536652965,0.14104275366529662
hash_seed_1,Hash seed 1,randomized_hash,request_count,5000.0,67,False,5000,138295808,510,9.803921568627452,0.1752,0.1411764705882353,0.1420461356950276,1.1363690855602209,2281.300673705459,2007.5349661424448,2.1917321366843883,2.4906166439569875,0.8799957801624003,0.12000421983759968,0.12000421983759965
hash_seed_1,Hash seed 1,randomized_hash,request_count,5000.0,68,False,5000,167005696,460,10.869565217391305,0.1884,0.14782608695652175,0.1459030414516095,1.167224331612876,2107.1127197245983,1805.2337178518032,2.3729152945617003,2.769724468668751,0.856733339869805,0.14326666013019496,0.14326666013019507
hash_seed_1,Hash seed 1,randomized_hash,request_count,5000.0,69,False,5000,144917504,484,10.330578512396695,0.219,0.16115702479338842,0.15858678384306638,1.268694270744531,2392.668821517346,1885.9301856176999,2.089716702551913,2.651211608006766,0.7882119617464274,0.21178803825357262,0.21178803825357254
hash_seed_1,Hash seed 1,randomized_hash,request_count,5000.0,70,False,5000,125676544,282,17.73049645390071,0.2024,0.1524822695035461,0.16274739055274928,1.3019791244219943,1428.244177079289,1096.9793219329454,3.500801949863244,4.557971057457757,0.7680614698365029,0.23193853016349708,0.23193853016349705
hash_seed_1,Hash seed 1,randomized_hash,request_count,5000.0,71,False,5000,125376512,492,10.16260162601626,0.2052,0.13617886178861788,0.14002878397447568,1.1202302717958055,2146.9890886350117,1916.5604989349572,2.328842762390955,2.6088401606829144,0.8926736093258145,0.10732639067418548,0.10732639067418541
hash_seed_1,Hash seed 1,randomized_hash,request_count,5000.0,72,False,5000,105510400,372,13.440860215053764,0.2258,0.1424731182795699,0.14437317391532387,1.154985391322591,1677.4400120016578,1452.3473843082954,2.980732523503832,3.4427025200870474,0.8658118167666911,0.13418818323330894,0.13418818323330892
hash_seed_1,Hash seed 1,randomized_hash,request_count,5000.0,73,False,5000,106253312,148,33.78378378378378,0.3422,0.16891891891891891,0.15362802026300496,1.2290241621040396,708.7636635545018,576.6881444715676,7.05453772125483,8.670197311896558,0.8136536537150258,0.18634634628497415,0.18634634628497426
hash_seed_1,Hash seed 1,randomized_hash,request_count,5000.0,74,False,5000,121377280,568,8.80281690140845,0.2312,0.13380281690140844,0.13688305926461272,1.0950644741169018,2431.4212982638323,2220.3453364922784,2.0564103816850965,2.2519019531885274,0.9131882401777621,0.08681175982223788,0.086811759822238
hash_seed_1,Hash seed 1,randomized_hash,request_count,5000.0,75,False,5000,209009664,725,6.896551724137931,0.1876,0.14620689655172414,0.14294981698747042,1.1435985358997633,3252.7622061271336,2844.3217650396145,1.5371550956235427,1.757888316805944,0.8744327389447185,0.1255672610552815,0.12556726105528146
hash_seed_1,Hash seed 1,randomized_hash,request_count,5000.0,76,False,5000,152879104,850,5.882352941176471,0.1406,0.1564705882352941,0.15615329583704454,1.2492263666963563,4174.468951715178,3341.6433266252434,1.197757141766651,1.4962698023937662,0.8004954319404509,0.19950456805954908,0.19950456805954897
hash_seed_1,Hash seed 1,randomized_hash,request_count,5000.0,77,False,5000,144356352,774,6.459948320413437,0.1726,0.13565891472868216,0.13588832098480053,1.0871065678784042,3282.3361232700972,3019.332437367111,1.5233052960519606,1.6559951922220433,0.9198730184765591,0.08012698152344089,0.080126981523441
hash_seed_1,Hash seed 1,randomized_hash,request_count,5000.0,78,False,5000,129148416,577,8.665511265164644,0.1694,0.14904679376083188,0.15101880894436465,1.2081504715549172,2750.8623687085496,2276.9203286144707,1.8176118357921902,2.1959485965161334,0.827711467689101,0.17228853231089902,0.17228853231089894
hash_seed_1,Hash seed 1,randomized_hash,request_count,5000.0,79,False,5000,163935744,634,7.886435331230284,0.2,0.138801261829653,0.1382343965555316,1.1058751724442528,2749.736339905584,2486.4798563367676,1.8183561556202448,2.010874927161607,0.9042611905191406,0.09573880948085944,0.09573880948085939
hash_seed_1,Hash seed 1,randomized_hash,request_count,5000.0,80,False,5000,149628416,708,7.062146892655368,0.2034,0.14548022598870056,0.14300789610340323,1.1440631688272258,3131.993967566625,2737.605800890539,1.5964270850383233,1.826413429710555,0.8740776097399375,0.12592239026006247,0.12592239026006255
hash_seed_1,Hash seed 1,randomized_hash,request_count,5000.0,81,False,5000,242783744,626,7.987220447284345,0.2072,0.1389776357827476,0.13902075046034962,1.112166003682797,2745.1827200932776,2468.321015930133,1.8213723856713286,2.0256684473902835,0.8991463474774688,0.1008536525225312,0.10085365252253127
hash_seed_1,Hash seed 1,randomized_hash,request_count,5000.0,82,False,5000,98750464,324,15.432098765432098,0.305,0.14814814814814814,0.14936040892853072,1.1948832714282458,1520.6704297236347,1272.6518699236412,3.288023428527308,3.928804190811426,0.8369018329336041,0.1630981670663959,0.16309816706639593
hash_seed_1,Hash seed 1,randomized_hash,request_count,5000.0,83,False,5000,134159360,949,5.268703898840885,0.151,0.14330874604847207,0.14293097328872478,1.1434477863097983,4224.215327914505,3694.2791603516416,1.1836517818963788,1.3534440097710625,0.8745480221945757,0.12545197780542428,0.12545197780542425
hash_seed_1,Hash seed 1,randomized_hash,request_count,5000.0,84,False,5000,143817216,664,7.530120481927711,0.1936,0.14006024096385541,0.14074974387752462,1.125997951020197,2932.525525208047,2604.3790954957485,1.705014997148329,1.9198433932477255,0.8881010832159704,0.11189891678402963,0.11189891678402976
hash_seed_1,Hash seed 1,randomized_hash,request_count,5000.0,85,False,5000,137756672,395,12.658227848101266,0.1884,0.14177215189873418,0.1501028000237054,1.2008224001896433,1854.1924558683181,1544.102154969369,2.6965917071744854,3.2381277261407533,0.8327626132241305,0.16723738677586952,0.16723738677586947
hash_seed_1,Hash seed 1,randomized_hash,request_count,5000.0,86,False,5000,226083328,512,9.765625,0.2212,0.142578125,0.1441256796799294,1.1530054374394352,2320.1027558395776,2012.2218686080114,2.1550769626109276,2.4848154559908617,0.8672985985398077,0.13270140146019227,0.13270140146019227
hash_seed_1,Hash seed 1,randomized_hash,request_count,5000.0,87,False,5000,145024000,476,10.504201680672269,0.1688,0.14915966386554622,0.15215265834120198,1.2172212667296158,2272.1528962259317,1866.672032711576,2.2005561370033897,2.6785637285928963,0.8215433194712102,0.17845668052878982,0.17845668052878982
hash_seed_1,Hash seed 1,randomized_hash,request_count,5000.0,88,False,5000,93749248,248,20.161290322580644,0.1864,0.1532258064516129,0.15154986746594493,1.2123989397275594,1177.6749847171727,971.3592994248332,4.245653567313215,5.1474258834610715,0.8248110149491817,0.17518898505081826,0.17518898505081834
hash_seed_1,Hash seed 1,randomized_hash,request_count,5000.0,89,False,5000,184436224,634,7.886435331230284,0.2414,0.14195583596214512,0.14395328963019052,1.1516263170415242,2869.768220757011,2491.926572266354,1.742300985785207,2.006479667437635,0.868337224672804,0.13166277532719595,0.1316627753271959
hash_seed_1,Hash seed 1,randomized_hash,request_count,5000.0,90,False,5000,163142656,775,6.451612903225806,0.1776,0.13806451612903226,0.13872885978745866,1.1098308782996693,3346.76175069006,3015.5601327451886,1.4939814580374784,1.6580667537371554,0.9010381847836697,0.0989618152163303,0.0989618152163302
hash_seed_1,Hash seed 1,randomized_hash,request_count,5000.0,91,False,5000,168001536,767,6.51890482398957,0.1578,0.14602346805736635,0.14722718967007048,1.1778175173605638,3481.2682251524243,2955.694047541244,1.4362581900109348,1.691650055647456,0.8490279565895362,0.15097204341046377,0.15097204341046389
hash_seed_1,Hash seed 1,randomized_hash,request_count,5000.0,92,False,5000,155715584,808,6.188118811881188,0.1494,0.1311881188118812,0.13272931503374596,1.0618345202699677,3330.1314792392614,3136.2057040607297,1.501442219675424,1.5942831790421295,0.9417663307327336,0.058233669267266364,0.05823366926726638
hash_seed_1,Hash seed 1,randomized_hash,request_count,5000.0,93,False,5000,244248576,876,5.707762557077626,0.1678,0.1461187214611872,0.1451322481435397,1.1610579851483176,3925.966716587893,3381.370066617626,1.273571673156099,1.4786905607765921,0.861283426660432,0.138716573339568,0.13871657333956794
hash_seed_1,Hash seed 1,randomized_hash,request_count,5000.0,94,False,5000,198525952,835,5.9880239520958085,0.182,0.14131736526946106,0.14469098466654534,1.1575278773323627,3771.785010247519,3258.483086333929,1.3256322898615795,1.5344563306067136,0.8639100790424147,0.13608992095758532,0.13608992095758535
hash_seed_1,Hash seed 1,randomized_hash,request_count,5000.0,95,False,5000,164614656,655,7.633587786259542,0.2046,0.13893129770992366,0.14089907732310852,1.1271926185848682,2889.4159467116533,2563.3737296285394,1.7304535214773529,1.950554436213464,0.8871598194596484,0.11284018054035161,0.1128401805403516
hash_seed_1,Hash seed 1,randomized_hash,request_count,5000.0,96,False,5000,140496384,735,6.802721088435374,0.1526,0.14421768707482993,0.14644111476027277,1.1715289180821822,3356.7837056036283,2865.301618929522,1.4895210530405274,1.7450169877292017,0.8535854169413261,0.14641458305867394,0.14641458305867405
hash_seed_1,Hash seed 1,randomized_hash,request_count,5000.0,97,False,5000,120379904,838,5.966587112171838,0.1704,0.14200477326968974,0.14363636992760498,1.1490909594208398,3750.6417788351628,3264.0077341880283,1.3331051843487038,1.5318591152921475,0.8702531264400654,0.12974687355993464,0.12974687355993472
hash_seed_1,Hash seed 1,randomized_hash,request_count,5000.0,98,False,5000,96649216,717,6.97350069735007,0.1966,0.14086471408647142,0.14297492274474738,1.143799381957979,3214.8004644752104,2810.6331540169654,1.5553064817713993,1.7789585926053655,0.8742791924648355,0.12572080753516446,0.1257208075351644
hash_seed_1,Hash seed 1,randomized_hash,request_count,5000.0,99,False,5000,165388800,322,15.527950310559007,0.2388,0.15217391304347827,0.15370065898961313,1.229605271916905,1500.670561491172,1220.4490300791304,3.3318438625407882,4.096852778584137,0.8132691220826016,0.1867308779173984,0.18673087791739837
hash_seed_1,Hash seed 1,randomized_hash,request_count,5000.0,100,False,5000,115799040,470,10.638297872340425,0.212,0.15319148936170213,0.15120014619767136,1.2096011695813709,2211.133932625745,1827.985941342131,2.261283193308172,2.735250795380262,0.8267187773521156,0.17328122264788437,0.1732812226478844
hash_seed_1,Hash seed 1,randomized_hash,request_count,5000.0,101,False,5000,140165120,1061,4.71253534401508,0.1722,0.1347785108388313,0.13529566134050333,1.0823652907240267,4420.213297371838,4083.8461240890533,1.131167132358271,1.2243360420724239,0.9239025018356508,0.07609749816434919,0.07609749816434906
hash_seed_1,Hash seed 1,randomized_hash,request_count,5000.0,102,False,5000,78791168,398,12.56281407035176,0.1706,0.16080402010050251,0.15685842209183484,1.2548673767346787,1941.978275444082,1547.556587611156,2.574694095821759,3.230899625918116,0.7968969618145024,0.20310303818549758,0.2031030381854976
hash_seed_1,Hash seed 1,randomized_hash,request_count,5000.0,103,False,5000,183373312,519,9.633911368015415,0.1936,0.14258188824662812,0.14760623666540754,1.1808498933232603,2386.658161937051,2021.1359423679924,2.0949795323608127,2.4738563573026795,0.8468476862759454,0.15315231372405458,0.15315231372405452
hash_seed_1,Hash seed 1,randomized_hash,request_count,5000.0,104,False,5000,70089216,538,9.293680297397769,0.242,0.15613382899628253,0.1562665207027712,1.2501321656221696,2609.6348885351563,2087.487195592944,1.9159768372067583,2.3952242727792,0.7999154229443548,0.2000845770556452,0.20008457705564514
hash_seed_1,Hash seed 1,randomized_hash,request_count,5000.0,105,False,5000,91448320,504,9.920634920634921,0.2158,0.1527777777777778,0.15315389250323055,1.2252311400258444,2386.19804281758,1947.549294876105,2.0953834972121967,2.567329111080641,0.8161725304981281,0.1838274695018719,0.1838274695018718
hash_seed_1,Hash seed 1,randomized_hash,request_count,5000.0,106,False,5000,41154048,291,17.18213058419244,0.2362,0.14776632302405499,0.14698722989269564,1.175897839141565,1310.984475636945,1114.8795686145631,3.8139276954982533,4.484789335778565,0.8504140127768456,0.14958598722315442,0.14958598722315444
hash_seed_1,Hash seed 1,randomized_hash,request_count,5000.0,107,False,5000,227659776,475,10.526315789473685,0.2758,0.1368421052631579,0.1412664894420526,1.130131915536421,2117.4182972501526,1873.6027787031505,2.3613662007612746,2.6686553077493,0.8848524550564052,0.1151475449435948,0.11514754494359486
hash_seed_1,Hash seed 1,randomized_hash,request_count,5000.0,108,False,5000,149084160,787,6.353240152477763,0.1614,0.13341804320203304,0.13471434916744066,1.0777147933395252,3327.5946145847306,3087.6393598286622,1.5025868770448105,1.6193601056690305,0.9278892766251174,0.07211072337488256,0.07211072337488253
hash_seed_1,Hash seed 1,randomized_hash,request_count,5000.0,109,False,5000,150497792,684,7.309941520467836,0.1956,0.13450292397660818,0.13646175750269995,1.0916940600215996,2912.7668906074477,2668.1164597981024,1.7165808963714453,1.87398116811526,0.9160075488367267,0.08399245116327325,0.08399245116327327
hash_seed_1,Hash seed 1,randomized_hash,request_count,5000.0,110,False,5000,163380224,798,6.265664160401003,0.1806,0.14912280701754385,0.1538069745269933,1.2304557962159464,3793.1636890698287,3082.730562719154,1.3181608835937464,1.6219386995630585,0.8127069684870654,0.18729303151293464,0.1872930315129346
hash_seed_1,Hash seed 1,randomized_hash,request_count,5000.0,111,False,5000,105788928,202,24.752475247524753,0.2682,0.13861386138613863,0.13858509109127468,1.1086807287301974,862.9223057838581,778.3325563638026,5.7942644042074205,6.423989282112125,0.9019729251949095,0.09802707480509054,0.09802707480509053
hash_seed_1,Hash seed 1,randomized_hash,request_count,5000.0,112,False,5000,110579200,256,19.53125,0.272,0.15625,0.1615174223984192,1.2921393791873537,1281.3610031175635,991.6585035303476,3.90210095970999,5.042058311606043,0.7739103196660684,0.22608968033393162,0.22608968033393165
hash_seed_1,Hash seed 1,randomized_hash,request_count,5000.0,113,False,5000,93275136,280,17.857142857142858,0.2002,0.16071428571428573,0.15579195867120252,1.2463356693696201,1343.9407111172814,1078.3136069571278,3.7204022161388832,4.636869986375673,0.8023520666032022,0.19764793339679776,0.19764793339679781
hash_seed_1,Hash seed 1,randomized_hash,request_count,5000.0,114,False,5000,111938048,161,31.055900621118013,0.204,0.14906832298136646,0.15849967087235564,1.2679973669788451,791.5782983770184,624.2744022907934,6.316494540403084,8.00929844576736,0.7886451707566391,0.2113548292433609,0.211354829243361
hash_seed_1,Hash seed 1,randomized_hash,request_count,5000.0,115,False,5000,109698048,278,17.985611510791365,0.1678,0.14388489208633093,0.14031946177018165,1.1225556941614532,1206.7270531373072,1074.981900153052,4.143439054424743,4.651241103955441,0.8908243975787751,0.10917560242122493,0.10917560242122502
hash_seed_1,Hash seed 1,randomized_hash,request_count,5000.0,116,False,5000,117343744,293,17.064846416382252,0.185,0.16382252559726962,0.16312313941948145,1.3049851153558516,1477.8838322233273,1132.490949385525,3.3832158461859643,4.415046321308735,0.7662922651246591,0.2337077348753409,0.23370773487534097
hash_seed_1,Hash seed 1,randomized_hash,request_count,5000.0,117,False,5000,133413376,359,13.927576601671309,0.3122,0.1392757660167131,0.14224861556679325,1.137988924534346,1588.6904701410506,1396.0509069023913,3.147246171594445,3.5815312860576,0.8787431744199007,0.12125682558009931,0.1212568255800993
hash_seed_1,Hash seed 1,randomized_hash,request_count,5000.0,118,False,5000,90357248,359,13.927576601671309,0.1952,0.14484679665738162,0.13712038590482942,1.0969630872386353,1556.4070247676723,1418.832632450365,3.2125272633913737,3.5240238246880855,0.91160770278723,0.08839229721276998,0.08839229721277005
hash_seed_1,Hash seed 1,randomized_hash,request_count,5000.0,119,False,5000,115283456,542,9.22509225092251,0.187,0.14391143911439114,0.14482630659473877,1.1586104527579102,2460.372876830562,2123.5548764245896,2.032212290700006,2.354542402228124,0.8631028639691967,0.13689713603080333,0.1368971360308033
hash_seed_1,Hash seed 1,randomized_hash,request_count,5000.0,120,False,5000,142369792,565,8.849557522123893,0.2052,0.13805309734513274,0.13940038575409372,1.1152030860327498,2478.370359763146,2222.3489073902765,2.017454727984175,2.249871738579314,0.8966976620889958,0.10330233791100418,0.10330233791100421
hash_seed_1,Hash seed 1,randomized_hash,request_count,5000.0,121,False,5000,155637248,671,7.451564828614009,0.212,0.13710879284649777,0.14120276038796678,1.1296220831037342,2968.3728590720284,2627.7574628464836,1.6844245104582645,1.9027631243348524,0.8852518155916479,0.1147481844083521,0.11474818440835222
hash_seed_1,Hash seed 1,randomized_hash,request_count,5000.0,122,False,5000,178986496,726,6.887052341597796,0.1724,0.15013774104683195,0.1532961635385432,1.2263693083083456,3479.393229266619,2837.1496299643177,1.4370321692710462,1.7623321474457743,0.8154150574588339,0.18458494254116609,0.18458494254116614
hash_seed_1,Hash seed 1,randomized_hash,request_count,5000.0,123,False,5000,158013440,788,6.345177664974619,0.1926,0.14974619289340102,0.1503286069583673,1.2026288556669384,3688.3262999902336,3066.886581517129,1.3556284323361627,1.6303178702900052,0.8315117297309758,0.16848827026902424,0.16848827026902424
hash_seed_1,Hash seed 1,randomized_hash,request_count,5000.0,124,False,5000,117901312,586,8.532423208191126,0.173,0.13822525597269625,0.13630769372166074,1.090461549773286,2474.530961036694,2269.250998855636,2.020584942653242,2.2033701880142202,0.9170428798777055,0.0829571201222945,0.08295712012229445
hash_seed_1,Hash seed 1,randomized_hash,request_count,5000.0,125,False,5000,63754240,231,21.645021645021647,0.2076,0.1341991341991342,0.13824254599511693,1.1059403679609354,970.811173828667,877.815117300211,5.150332149846497,5.69596023292227,0.9042078840505101,0.09579211594948989,0.09579211594948989
hash_seed_1,Hash seed 1,randomized_hash,request_count,5000.0,126,False,5000,116463616,246,20.32520325203252,0.2502,0.16666666666666666,0.16005326489567967,1.2804261191654374,1218.2871023935725,951.4700490393259,4.104122903522892,5.255026161935804,0.7809900040556693,0.21900999594433068,0.2190099959443306
hash_seed_1,Hash seed 1,randomized_hash,request_count,5000.0,127,False,5000,104297472,259,19.305019305019304,0.1844,0.138996138996139,0.14652882681216964,1.172230614497357,1176.1669455837332,1003.3579835210701,4.251097192259976,4.9832662739709015,0.8530744613156104,0.14692553868438962,0.14692553868438957
hash_seed_1,Hash seed 1,randomized_hash,request_count,5000.0,128,False,5000,92386304,370,13.513513513513514,0.1906,0.15945945945945947,0.15772529308336677,1.2618023446669342,1824.2167005514252,1445.7230233099194,2.7409024369136614,3.4584771214009717,0.7925171515384688,0.2074828484615312,0.2074828484615312
hash_seed_1,Hash seed 1,randomized_hash,request_count,5000.0,129,False,5000,84128768,419,11.933174224343675,0.2118,0.1360381861575179,0.1344301612331795,1.075441289865436,1779.5199985838337,1654.6881874011879,2.8097464507165237,3.021717347153409,0.9298508523186091,0.07014914768139091,0.0701491476813909
hash_seed_1,Hash seed 1,randomized_hash,request_count,5000.0,130,False,5000,108119040,434,11.52073732718894,0.2532,0.15207373271889402,0.14987377584142753,1.1989902067314202,2013.1240992713415,1679.0162988564687,2.4837018253419005,2.977934165025891,0.8340351692497227,0.16596483075027735,0.1659648307502774
hash_seed_1,Hash seed 1,randomized_hash,request_count,5000.0,131,False,5000,88718848,519,9.633911368015415,0.192,0.17726396917148363,0.17626679332557926,1.410134346604634,2796.9421201147443,1983.4579072904007,1.78766659633088,2.5208500677639756,0.7091522892182802,0.2908477107817198,0.2908477107817199
hash_seed_1,Hash seed 1,randomized_hash,request_count,5000.0,132,False,5000,123553280,813,6.150061500615006,0.187,0.14514145141451415,0.14304910256244024,1.144392820499522,3591.929386990942,3138.720658368935,1.3920095473225986,1.5930057320227713,0.873825824565646,0.12617417543435405,0.1261741754343541
hash_seed_1,Hash seed 1,randomized_hash,request_count,5000.0,133,False,5000,279956480,622,8.038585209003216,0.1788,0.13987138263665594,0.14313458177299002,1.1450766541839201,2769.5437934753204,2418.6536188261866,1.805351484883301,2.0672658379361426,0.8733039804332451,0.1266960195667549,0.12669601956675489
hash_seed_1,Hash seed 1,randomized_hash,request_count,5000.0,134,False,5000,204160512,184,27.17391304347826,0.208,0.1358695652173913,0.1384626817222732,1.1077014537781855,792.4265346890312,715.37915923663,6.309733181716498,6.989300618339822,0.902770323708763,0.09722967629123702,0.097229676291237
hash_seed_1,Hash seed 1,randomized_hash,request_count,5000.0,135,False,5000,215689728,126,39.682539682539684,0.262,0.1746031746031746,0.18580605960119015,1.4864484768095212,718.1563465491816,483.1357142567201,6.9622722461836295,10.34905897547286,0.6727444749019333,0.32725552509806666,0.3272555250980666
hash_seed_1,Hash seed 1,randomized_hash,request_count,5000.0,136,False,5000,181541376,129,38.75968992248062,0.2082,0.17829457364341086,0.17886088037211725,1.430887042976938,727.0485457207717,508.1103706188845,6.877119869682383,9.840381714527771,0.6988671851549622,0.30113281484503784,0.3011328148450379
hash_seed_1,Hash seed 1,randomized_hash,request_count,5000.0,137,False,5000,155066368,72,69.44444444444444,0.3568,0.18055555555555555,0.18014098230129585,1.4411278584103668,409.21449237402334,283.95432784527986,12.218531095985682,17.608465551278318,0.693900956923453,0.306099043076547,0.30609904307654695
hash_seed_1,Hash seed 1,randomized_hash,request_count,5000.0,138,False,5000,146853888,79,63.29113924050633,0.372,0.189873417721519,0.18023953486850539,1.441916278948043,448.38257340055225,310.9629733341189,11.151191631021229,16.07908474243869,0.6935215411601808,0.30647845883981917,0.3064784588398192
hash_seed_1,Hash seed 1,randomized_hash,request_count,5000.0,139,False,5000,133518336,131,38.16793893129771,0.2606,0.1984732824427481,0.20432147933887504,1.6345718347110003,830.7597794111316,508.24305287140453,6.018586989784406,9.837812778259654,0.6117810051320287,0.3882189948679713,0.3882189948679713
hash_seed_1,Hash seed 1,randomized_hash,request_count,5000.0,140,False,5000,146286592,133,37.59398496240601,0.3406,0.15789473684210525,0.16670960689902856,1.3336768551922284,702.0815367199024,526.4255235341161,7.12167994526648,9.49801971308856,0.7498068187258643,0.2501931812741357,0.25019318127413565
hash_seed_1,Hash seed 1,randomized_hash,request_count,5000.0,141,False,5000,143192064,284,17.6056338028169,0.2206,0.16901408450704225,0.17153868707858544,1.3723094966286835,1524.1217348095536,1110.6253644340604,3.280577847428161,4.50196813445535,0.7286985934708414,0.2713014065291586,0.2713014065291586
hash_seed_1,Hash seed 1,randomized_hash,request_count,5000.0,142,False,5000,97990144,121,41.32231404958678,0.2396,0.15702479338842976,0.1585336925911005,1.268269540728804,605.2920659847229,477.2582219682538,8.260475035081983,10.476508878945179,0.7884759255712752,0.21152407442872478,0.2115240744287247
hash_seed_1,Hash seed 1,randomized_hash,request_count,5000.0,143,False,5000,105496064,58,86.20689655172414,0.3466,0.1896551724137931,0.19447706139610477,1.5558164911688381,347.43827262422377,223.31571531498798,14.391045529425059,22.389825959841087,0.6427493253068234,0.3572506746931766,0.3572506746931767
hash_seed_1,Hash seed 1,randomized_hash,request_count,5000.0,144,False,5000,123123200,99,50.505050505050505,0.2184,0.1717171717171717,0.16414157599192442,1.3131326079353953,492.6947221261652,375.2056107271728,10.148271892223846,13.326026735873366,0.7615377106294501,0.23846228937054992,0.23846228937055006
hash_seed_1,Hash seed 1,randomized_hash,request_count,5000.0,145,False,5000,150889472,566,8.8339222614841,0.1734,0.15724381625441697,0.15540140690210386,1.2432112552168308,2754.4120569093184,2215.5623554332415,1.815269428355037,2.2567633845820043,0.8043685220864479,0.19563147791355207,0.1956314779135521
hash_seed_1,Hash seed 1,randomized_hash,request_count,5000.0,146,False,5000,188863488,421,11.876484560570072,0.182,0.15676959619952494,0.15830471229751814,1.266437698380145,2078.8389121967703,1641.485337064538,2.405188766991259,3.0460217262381892,0.7896164187776974,0.2103835812223026,0.2103835812223025
hash_seed_1,Hash seed 1,randomized_hash,request_count,5000.0,147,False,5000,174777856,485,10.309278350515465,0.1826,0.1463917525773196,0.1457851064051825,1.16628085124146,2187.010429646275,1875.2004950765408,2.286225951290363,2.6663815486012408,0.8574264071433048,0.14257359285669524,0.14257359285669527
hash_seed_1,Hash seed 1,randomized_hash,request_count,5000.0,148,False,5000,162015744,380,13.157894736842104,0.2266,0.16842105263157894,0.1682250941666646,1.3458007533333167,2021.3634394870433,1501.978234504977,2.4735779337479453,3.328943046666654,0.7430520435682416,0.2569479564317584,0.25694795643175844
hash_seed_1,Hash seed 1,randomized_hash,request_count,5000.0,149,False,5000,159193088,497,10.060362173038229,0.2298,0.15492957746478872,0.15996069182095357,1.2796855345676286,2472.982141512343,1932.492065207174,2.021850427493289,2.587332745122538,0.7814419816333027,0.2185580183666973,0.21855801836669725
hash_seed_1,Hash seed 1,randomized_hash,request_count,5000.0,150,False,5000,160138240,411,12.165450121654501,0.218,0.15571776155717762,0.15818672130067216,1.2654937704053772,2040.593845846574,1612.4882583917483,2.4502671171811103,3.100797772621838,0.7902053912755876,0.20979460872441236,0.20979460872441225
hash_seed_1,Hash seed 1,randomized_hash,request_count,5000.0,151,False,5000,106305024,249,20.080321285140563,0.2206,0.15261044176706828,0.15370380839532982,1.2296304671626386,1163.9343101418863,946.5724388137962,4.295775076336128,5.282215913940812,0.8132524581206022,0.1867475418793978,0.18674754187939793
hash_seed_1,Hash seed 1,randomized_hash,request_count,5000.0,152,False,5000,145574912,304,16.44736842105263,0.2492,0.16776315789473684,0.16603154239517248,1.3282523391613799,1556.6491730237867,1171.9528941365238,3.2120275310894324,4.26638308162029,0.7528689922212907,0.24713100777870933,0.24713100777870933
hash_seed_1,Hash seed 1,randomized_hash,request_count,5000.0,153,False,5000,159968768,425,11.764705882352942,0.1754,0.14352941176470588,0.14246563723982483,1.1397250979185987,1880.5739966515503,1650.0242032801707,2.65876270165531,3.030258580486416,0.8774045617019675,0.12259543829803254,0.12259543829803253
hash_seed_1,Hash seed 1,randomized_hash,request_count,5000.0,154,False,5000,40487424,174,28.735632183908045,0.3422,0.15517241379310345,0.15160480334586768,1.2128384267669414,823.327836754108,678.843792036545,6.07291503675137,7.365464719062834,0.8245121344528108,0.1754878655471892,0.1754878655471892
hash_seed_1,Hash seed 1,randomized_hash,request_count,5000.0,155,False,5000,71297024,146,34.24657534246575,0.2556,0.1643835616438356,0.15857619209037396,1.2686095367229917,714.0946182915203,562.8955148296722,7.001873241899734,8.882643169599532,0.7882646086542513,0.2117353913457487,0.21173539134574879
hash_seed_1,Hash seed 1,randomized_hash,request_count,5000.0,156,False,5000,56515072,205,24.390243902439025,0.2616,0.17560975609756097,0.18145776883005088,1.451662150640407,1156.1510088827602,796.4325641284504,4.3246945784631725,6.277995432634757,0.6888655184395664,0.31113448156043355,0.31113448156043355
hash_seed_1,Hash seed 1,randomized_hash,request_count,5000.0,157,False,5000,111941632,303,16.501650165016503,0.1884,0.1419141914191419,0.14791609907975917,1.1833287926380733,1407.1872023373883,1189.1768467834308,3.5531875159856634,4.20458909330799,0.8450736652580164,0.15492633474198358,0.15492633474198345
hash_seed_1,Hash seed 1,randomized_hash,request_count,5000.0,158,False,5000,130848256,304,16.44736842105263,0.2574,0.1513157894736842,0.14949578460907034,1.1959662768725627,1419.0111446127169,1186.4976229291462,3.5235805010993224,4.214083453160516,0.8361439777507672,0.1638560222492328,0.1638560222492328
hash_seed_1,Hash seed 1,randomized_hash,request_count,5000.0,159,False,5000,130554368,252,19.841269841269842,0.2128,0.15079365079365079,0.15054254618112783,1.2043403694490227,1181.4746040370142,981.0138678466209,4.2319995562455235,5.096767909076835,0.8303300506795208,0.16966994932047919,0.16966994932047907
hash_seed_1,Hash seed 1,randomized_hash,request_count,5000.0,160,False,5000,122929152,331,15.105740181268882,0.1472,0.13897280966767372,0.14760453985642707,1.1808363188514166,1539.174713642548,1303.4615289777691,3.2484941155037586,3.8359398331619468,0.846857421333963,0.15314257866603698,0.15314257866603703
hash_seed_1,Hash seed 1,randomized_hash,request_count,5000.0,161,False,5000,111735296,221,22.624434389140273,0.1904,0.18099547511312217,0.18779077238529662,1.502326179082373,1300.6988160679593,865.7898891587122,3.8440874537851184,5.775073216503485,0.6656344101058028,0.3343655898941972,0.33436558989419723
hash_seed_1,Hash seed 1,randomized_hash,request_count,5000.0,162,False,5000,101872640,128,39.0625,0.1856,0.1953125,0.20358312880887328,1.6286650304709862,797.3078391809245,489.54685233854053,6.271103523999598,10.213527012001514,0.6139997981726264,0.3860002018273736,0.38600020182737355
hash_seed_1,Hash seed 1,randomized_hash,request_count,5000.0,163,False,5000,129278464,199,25.12562814070352,0.2394,0.22110552763819097,0.22608379199556838,1.808670335964547,1419.756445233687,784.9724833777096,3.5217307988181155,6.369650027075053,0.5528923541872043,0.4471076458127957,0.4471076458127958
hash_seed_1,Hash seed 1,randomized_hash,request_count,5000.0,164,False,5000,76468224,104,48.07692307692308,0.2126,0.17307692307692307,0.17858817650123435,1.4287054120098748,559.4466179931721,391.5759073146882,8.93740321093696,12.768916336780068,0.6999343542719696,0.3000656457280304,0.30006564572803035
hash_seed_1,Hash seed 1,randomized_hash,request_count,5000.0,165,False,5000,111716864,326,15.337423312883436,0.222,0.15950920245398773,0.16917905101302236,1.3534324081041789,1705.7791509492995,1260.335677448917,2.9312118143883996,3.967197064611111,0.7388621655666946,0.2611378344333054,0.2611378344333054
hash_seed_1,Hash seed 1,randomized_hash,request_count,5000.0,166,False,5000,118973440,382,13.089005235602095,0.2,0.1518324607329843,0.15919968716683175,1.273597497334654,1887.6093034394014,1482.1082071767041,2.6488532297915306,3.373572844269309,0.7851774222961095,0.21482257770389046,0.2148225777038904
hash_seed_1,Hash seed 1,randomized_hash,request_count,5000.0,167,False,5000,77188608,288,17.36111111111111,0.2268,0.1423611111111111,0.14420645784437675,1.153651662755014,1299.877630746524,1126.7505371962195,3.8465159194473437,4.437539486284059,0.866812775714221,0.133187224285779,0.13318722428577906
hash_seed_1,Hash seed 1,randomized_hash,request_count,5000.0,168,False,5000,99889664,199,25.12562814070352,0.148,0.16080402010050251,0.15946013896981692,1.2756811117585354,1003.1157154708718,786.3373583136853,4.984469810297961,6.358593989127759,0.7838949646448029,0.2161050353551971,0.21610503535519704
hash_seed_1,Hash seed 1,randomized_hash,request_count,5000.0,169,False,5000,157674496,360,13.88888888888889,0.1692,0.15555555555555556,0.15888143155431292,1.2710514524345033,1745.085167647458,1372.9461260635958,2.8651896725135075,3.6418034947486326,0.7867502122629686,0.2132497877370314,0.2132497877370314
hash_seed_1,Hash seed 1,randomized_hash,request_count,5000.0,170,False,5000,172319744,373,13.404825737265416,0.254,0.14745308310991956,0.15391071065343978,1.2312856852275182,1796.1023670892357,1458.7210658242568,2.783805695943156,3.4276601038696373,0.8121592023667675,0.18784079763323247,0.18784079763323244
hash_seed_1,Hash seed 1,randomized_hash,request_count,5000.0,171,False,5000,132588544,969,5.159958720330238,0.1828,0.13312693498452013,0.133746648396098,1.069973187168784,4008.910090194741,3746.7388325894103,1.2472217853499217,1.3344938687771968,0.9346028592044091,0.06539714079559089,0.06539714079559092
hash_seed_1,Hash seed 1,randomized_hash,request_count,5000.0,172,False,5000,149096960,841,5.945303210463734,0.195,0.1426872770511296,0.140928743279877,1.127429946239016,3653.0437872916727,3240.1514608316293,1.3687216171331322,1.543137739220586,0.8869730694451498,0.11302693055485025,0.11302693055485037
hash_seed_1,Hash seed 1,randomized_hash,request_count,5000.0,173,False,5000,187214848,517,9.671179883945841,0.176,0.15860735009671179,0.16293100625390275,1.303448050031222,2627.986173422395,2016.18021781493,1.9025975290762507,2.47993703926866,0.7671959001174207,0.23280409988257933,0.23280409988257944
hash_seed_1,Hash seed 1,randomized_hash,request_count,5000.0,174,False,5000,171852800,488,10.245901639344263,0.17,0.14959016393442623,0.14646835522841947,1.1717468418273558,2226.6246396609754,1900.2608414873325,2.2455513654790495,2.6312177206611826,0.8534266654736494,0.14657333452635057,0.14657333452635055
hash_seed_1,Hash seed 1,randomized_hash,request_count,5000.0,175,False,5000,132709376,699,7.15307582260372,0.1732,0.13304721030042918,0.13449836382644997,1.0759869106115998,2941.8947247316373,2734.1361644069075,1.6995849504628706,1.828731160170513,0.9293793355084513,0.07062066449154869,0.07062066449154865
hash_seed_1,Hash seed 1,randomized_hash,request_count,5000.0,176,False,5000,163518464,586,8.532423208191126,0.2362,0.14334470989761092,0.14284578677298373,1.1427662941838699,2600.4899843420353,2275.6096304006137,1.9227145769088891,2.1972134118274784,0.875069561545102,0.12493043845489804,0.12493043845489812
hash_seed_1,Hash seed 1,randomized_hash,request_count,5000.0,177,False,5000,147057152,574,8.710801393728223,0.1484,0.14111498257839722,0.14793233943631254,1.1834587154905003,2650.2402634668065,2239.4023794639756,1.8866214014345435,2.2327385403586124,0.8449808911040353,0.1550191088959647,0.15501910889596462
hash_seed_1,Hash seed 1,randomized_hash,request_count,5000.0,178,False,5000,69594624,660,7.575757575757576,0.3428,0.1590909090909091,0.15674900491940524,1.253992039355242,3173.027229348214,2530.340807410286,1.575782254168387,1.9760184024844158,0.7974532282630473,0.20254677173695268,0.20254677173695268
hash_seed_1,Hash seed 1,randomized_hash,request_count,5000.0,179,False,5000,67227648,565,8.849557522123893,0.1734,0.1486725663716814,0.14889074838294497,1.1911259870635598,2603.2884446691714,2185.5693460999582,1.920647713947582,2.2877334040771826,0.8395417536521593,0.16045824634784067,0.16045824634784078
hash_seed_1,Hash seed 1,randomized_hash,request_count,5000.0,180,False,5000,38263808,78,64.1025641025641,0.252,0.16666666666666666,0.17654637471250953,1.4123709977000762,436.88559434251187,309.32778643425996,11.444643780312138,16.164082954321426,0.708029265418515,0.29197073458148504,0.2919707345814851
hash_seed_1,Hash seed 1,randomized_hash,request_count,5000.0,181,False,5000,62912000,99,50.505050505050505,0.2194,0.20202020202020202,0.19238789041456766,1.5391031233165413,587.5822495628726,381.7692529248586,8.509446981626338,13.096916427117614,0.649729043395836,0.35027095660416396,0.3502709566041639
hash_seed_1,Hash seed 1,randomized_hash,request_count,5000.0,182,False,5000,33894400,78,64.1025641025641,0.2242,0.1794871794871795,0.20012375873229502,1.6009900698583601,491.39840830689997,306.9340763308882,10.175043132979136,16.290143016280094,0.6246134931295796,0.3753865068704204,0.3753865068704204
hash_seed_1,Hash seed 1,randomized_hash,request_count,5000.0,183,False,5000,113659904,345,14.492753623188406,0.2382,0.1565217391304348,0.15889580548598006,1.2711664438878405,1702.2424767010207,1339.1184804208185,2.9373018641210846,3.733799565239924,0.7866790417638129,0.21332095823618713,0.21332095823618713
hash_seed_1,Hash seed 1,randomized_hash,request_count,5000.0,184,False,5000,167241216,526,9.505703422053232,0.1474,0.13878326996197718,0.13765806115072565,1.1012644892058052,2217.315178529783,2013.4265657915075,2.2549793770479254,2.4833287118343086,0.9080470766120554,0.09195292338794459,0.09195292338794453
hash_seed_1,Hash seed 1,randomized_hash,request_count,5000.0,185,False,5000,107516416,464,10.775862068965518,0.1958,0.15732758620689655,0.15662033232786066,1.2529626586228853,2232.681509996577,1781.921827144065,2.239459581500124,2.8059592311148895,0.7981083818563969,0.20189161814360312,0.20189161814360307
hash_seed_1,Hash seed 1,randomized_hash,request_count,5000.0,186,False,5000,187385856,657,7.610350076103501,0.1838,0.1765601217656012,0.1771765158534906,1.4174121268279247,3636.5002270720233,2565.591304210351,1.374948353578357,1.9488684701240526,0.7055111079357944,0.2944888920642056,0.2944888920642056
hash_seed_1,Hash seed 1,randomized_hash,request_count,5000.0,187,False,5000,55057920,114,43.85964912280702,0.2404,0.16666666666666666,0.16987137357149648,1.3589709885719718,607.4724385624744,447.009129459648,8.230826096130425,11.185453876622345,0.7358508815930029,0.26414911840699706,0.2641491184069972
hash_seed_1,Hash seed 1,randomized_hash,request_count,5000.0,188,False,5000,40182272,76,65.78947368421052,0.1692,0.15789473684210525,0.1740827257210846,1.3926618057686768,424.35344558288665,304.7067449004,11.782630851817549,16.40921995879795,0.7180494186440706,0.28195058135592943,0.28195058135592943
hash_seed_1,Hash seed 1,randomized_hash,request_count,5000.0,189,False,5000,159243264,597,8.375209380234505,0.1822,0.1574539363484087,0.1586414607358449,1.2691316858867592,2936.2297998382214,2313.573786306217,1.7028639925510896,2.1611586497022217,0.7879402989621891,0.2120597010378109,0.2120597010378109
hash_seed_1,Hash seed 1,randomized_hash,request_count,5000.0,190,False,5000,137717760,478,10.460251046025105,0.2178,0.15271966527196654,0.1520342039241118,1.2162736313928943,2266.007979226964,1863.0741641845007,2.2065235629513196,2.683736426664789,0.8221834085597872,0.17781659144021278,0.1778165914402128
hash_seed_1,Hash seed 1,randomized_hash,request_count,5000.0,191,False,5000,116005376,289,17.301038062283737,0.1948,0.1453287197231834,0.146006147235937,1.168049177887496,1282.0899264661048,1097.6335164114066,3.8998824472334603,4.555254486348919,0.856128336829597,0.143871663170403,0.14387166317040298
hash_seed_1,Hash seed 1,randomized_hash,request_count,5000.0,192,False,5000,106169856,234,21.367521367521366,0.1856,0.1581196581196581,0.15704256136228995,1.2563404908983196,1125.9177998929615,896.1884202967126,4.4408215239827795,5.57918389343235,0.7959625652795533,0.20403743472044666,0.20403743472044653
hash_seed_1,Hash seed 1,randomized_hash,request_count,5000.0,193,False,5000,156773376,372,13.440860215053764,0.1622,0.15053763440860216,0.14485876168008047,1.1588700934406437,1637.2831797698918,1412.8271917940835,3.0538394712530508,3.539003233403749,0.8629094888720753,0.1370905111279247,0.1370905111279247
hash_seed_1,Hash seed 1,randomized_hash,request_count,5000.0,194,False,5000,111949824,377,13.26259946949602,0.2714,0.15915119363395225,0.15569854788806187,1.245588383104495,1799.5394994664296,1444.730477480266,2.7784886086037677,3.4608531334650245,0.8028334348363203,0.1971665651636797,0.1971665651636798
hash_seed_1,Hash seed 1,randomized_hash,request_count,5000.0,195,False,5000,103715328,312,16.025641025641026,0.214,0.1762820512820513,0.17753353943031794,1.4202683154425435,1698.2247322715034,1195.706975792353,2.9442510787792635,4.1816265198977165,0.7040923106761052,0.2959076893238948,0.2959076893238948
hash_seed_1,Hash seed 1,randomized_hash,request_count,5000.0,196,False,5000,165867520,354,14.124293785310735,0.1736,0.1497175141242938,0.15609854364880782,1.2487883491904626,1712.8797582180796,1371.6333591104274,2.919060708150077,3.6452890029174774,0.8007762089134306,0.1992237910865694,0.19922379108656943
hash_seed_1,Hash seed 1,randomized_hash,request_count,5000.0,197,False,5000,195588096,382,13.089005235602095,0.2188,0.1518324607329843,0.15315860532270895,1.2252688425816716,1797.011553321938,1466.6263360909354,2.7823972476732544,3.409184655259037,0.8161474161809056,0.18385258381909442,0.18385258381909436
hash_seed_1,Hash seed 1,randomized_hash,request_count,5000.0,198,False,5000,131293696,585,8.547008547008547,0.1974,0.13333333333333333,0.13565528312970127,1.0852422650376101,2470.938296753546,2276.854096414973,2.023522807740393,2.1960124752274486,0.9214532387985682,0.07854676120143178,0.07854676120143174
hash_seed_1,Hash seed 1,randomized_hash,request_count,5000.0,199,False,5000,108412416,769,6.501950585175552,0.1596,0.1352405721716515,0.13574780610924664,1.085982448873973,3227.2900288839996,2971.7699694228877,1.5492874688207077,1.6824989993996713,0.9208251947689154,0.07917480523108456,0.07917480523108456
hash_seed_1,Hash seed 1,randomized_hash,request_count,5000.0,200,False,5000,148313600,580,8.620689655172415,0.1954,0.1482758620689655,0.1499018944409083,1.1992151555272663,2673.2724621309358,2229.185021394732,1.8703667773595993,2.242972185804324,0.8338787209208708,0.1661212790791292,0.16612127907912916
hash_seed_1,Hash seed 1,randomized_hash,request_count,5000.0,201,False,5000,119550464,661,7.564296520423601,0.1676,0.14977307110438728,0.1529389712398095,1.223511769918476,3129.5727445697944,2557.8607590986403,1.5976621756677918,1.9547584762831032,0.8173194770873606,0.18268052291263936,0.1826805229126394
hash_seed_1,Hash seed 1,randomized_hash,request_count,5000.0,202,False,5000,90409984,470,10.638297872340425,0.1808,0.1425531914893617,0.1402695530447269,1.1221564243578153,2068.234630220718,1843.0894172390645,2.4175206850039106,2.7128363676950444,0.8911413580974483,0.10885864190255168,0.10885864190255165
hash_seed_1,Hash seed 1,randomized_hash,request_count,5000.0,203,False,5000,48309760,314,15.92356687898089,0.2218,0.14331210191082802,0.1446695584470369,1.1573564675762953,1418.4626689555723,1225.605687352384,3.5249429607347706,4.0796155334439215,0.8640380280538572,0.1359619719461428,0.13596197194614282
hash_seed_1,Hash seed 1,randomized_hash,request_count,5000.0,204,False,5000,177554432,822,6.082725060827251,0.1496,0.14963503649635038,0.15300624256508977,1.2240499405207181,3912.5676433028307,3196.411775191461,1.2779331773492875,1.5642540297238476,0.81696013119742,0.18303986880258005,0.18303986880258
hash_seed_1,Hash seed 1,randomized_hash,request_count,5000.0,205,False,5000,152609792,724,6.906077348066298,0.1968,0.13812154696132597,0.1418730554772191,1.1349844438177528,3249.6230376079725,2863.1432398114634,1.538640002897219,1.7463324679240455,0.8810693445597325,0.11893065544026749,0.11893065544026744
hash_seed_1,Hash seed 1,randomized_hash,request_count,5000.0,206,False,5000,125283328,622,8.038585209003216,0.1732,0.13183279742765272,0.13042932110802452,1.0434345688641962,2539.0474891260233,2433.3557320128257,1.9692424113426379,2.0547756064683953,0.9583734618726734,0.04162653812732664,0.041626538127326716
hash_seed_1,Hash seed 1,randomized_hash,request_count,5000.0,207,False,5000,216923648,700,7.142857142857143,0.156,0.13714285714285715,0.13737708281555278,1.0990166625244222,3010.3444511501366,2739.125396184101,1.6609394975015874,1.8254001831991855,0.9099043118263715,0.09009568817362845,0.09009568817362845
hash_seed_1,Hash seed 1,randomized_hash,request_count,5000.0,208,False,5000,145835520,483,10.351966873706004,0.208,0.14285714285714285,0.14128765115436034,1.1303012092348828,2130.137744679638,1884.5753037117947,2.3472660453476797,2.6531176494524638,0.8847199240606974,0.11528007593930256,0.1152800759393026
hash_seed_1,Hash seed 1,randomized_hash,request_count,5000.0,209,False,5000,166169600,581,8.605851979345955,0.1868,0.1566265060240964,0.1532769911840025,1.22621592947202,2778.04557067199,2265.5435343008076,1.7998264869321545,2.2069759085618723,0.8155170520664959,0.18448294793350406,0.1844829479335041
hash_seed_1,Hash seed 1,randomized_hash,request_count,5000.0,210,False,5000,285022208,567,8.818342151675486,0.1622,0.15167548500881833,0.15494357295992706,1.2395485836794164,2739.4076632233127,2210.0042703383087,1.8252120949814277,2.2624390672487693,0.8067453048364172,0.19325469516358285,0.1932546951635828
hash_seed_1,Hash seed 1,randomized_hash,request_count,5000.0,211,False,5000,290845696,480,10.416666666666666,0.1986,0.15208333333333332,0.15356763151068645,1.2285410520854916,2303.62028535925,1875.0861287449643,2.1704966012748272,2.6665441780781602,0.8139736139077036,0.18602638609229638,0.1860263860922963
hash_seed_1,Hash seed 1,randomized_hash,request_count,5000.0,212,False,5000,268808192,756,6.613756613756614,0.2568,0.15079365079365079,0.15357869618032016,1.2286295694425613,3614.747527495221,2942.0971278879933,1.3832224690571036,1.6994680266009055,0.8139149706886086,0.18608502931139137,0.18608502931139143
hash_seed_1,Hash seed 1,randomized_hash,request_count,5000.0,213,False,5000,125152256,612,8.169934640522875,0.2,0.14052287581699346,0.14027157097619877,1.1221725678095902,2659.307597810936,2369.784892355492,1.8801886641905785,2.109896141261225,0.8911285382353773,0.1088714617646227,0.10887146176462267
hash_seed_1,Hash seed 1,randomized_hash,request_count,5000.0,214,False,5000,98967040,440,11.363636363636363,0.1684,0.15681818181818183,0.1595055685161401,1.2760445481291207,2174.138104573449,1703.8105039209427,2.299761910010296,2.9345986472636523,0.7836716997585664,0.21632830024143357,0.21632830024143349
hash_seed_1,Hash seed 1,randomized_hash,request_count,5000.0,215,False,5000,74075136,328,15.24390243902439,0.431,0.14939024390243902,0.15152507836420798,1.2122006269136638,1519.2130126205484,1253.2686247560823,3.2911777074469035,3.9895676802514113,0.8249459518479714,0.17505404815202863,0.1750540481520287
hash_seed_1,Hash seed 1,randomized_hash,request_count,5000.0,216,False,5000,115739136,666,7.5075075075075075,0.278,0.13813813813813813,0.1389484048760601,1.1115872390084809,2857.364258952717,2570.526323693175,1.7498644018990435,1.9451269391461845,0.899614501595021,0.10038549840497901,0.10038549840497903
hash_seed_1,Hash seed 1,randomized_hash,request_count,5000.0,217,False,5000,68541952,380,13.157894736842104,0.2136,0.15,0.15570621255750863,1.245649700460069,1840.1304806790606,1477.245553063133,2.717198618521257,3.384677645251517,0.8027939151999631,0.19720608480003687,0.19720608480003696
hash_seed_1,Hash seed 1,randomized_hash,request_count,5000.0,218,False,5000,96251392,393,12.72264631043257,0.1732,0.13994910941475827,0.1428154383653701,1.142523506922961,1758.0424826338462,1538.7363778348843,2.844072341476726,3.2494195055265864,0.8752555146048551,0.12474448539514493,0.12474448539514484
hash_seed_1,Hash seed 1,randomized_hash,request_count,5000.0,219,False,5000,163715072,584,8.561643835616438,0.1462,0.14897260273972604,0.1513449650802056,1.2107597206416447,2752.7995774756373,2273.6134433153966,1.8163327402807445,2.199142521214587,0.8259277071672386,0.17407229283276138,0.1740722928327613
hash_seed_1,Hash seed 1,randomized_hash,request_count,5000.0,220,False,5000,227633152,752,6.648936170212766,0.1812,0.13430851063829788,0.1349279480496396,1.0794235843971167,3127.048178413453,2896.9611407554917,1.5989520195166331,1.7259465201856528,0.9264203732944406,0.0735796267055594,0.07357962670555941
hash_seed_1,Hash seed 1,randomized_hash,request_count,5000.0,221,False,5000,154438656,607,8.237232289950576,0.2148,0.14497528830313014,0.14190460168787788,1.135236813503023,2665.122471171849,2347.635699857219,1.8760863915576493,2.129802337008291,0.8808734777674094,0.11912652223259057,0.11912652223259057
hash_seed_1,Hash seed 1,randomized_hash,request_count,5000.0,222,False,5000,143036928,487,10.26694045174538,0.2782,0.1437371663244353,0.14879685203538215,1.1903748162830572,2263.9948859081323,1901.9176606721667,2.208485554062726,2.6289255856812033,0.8400715357222508,0.1599284642777492,0.15992846427774923
hash_seed_1,Hash seed 1,randomized_hash,request_count,5000.0,223,False,5000,133972480,251,19.9203187250996,0.1822,0.15139442231075698,0.15259463171523918,1.2207570537219135,1192.9388817598683,977.2123602503614,4.1913295613466905,5.116595126487145,0.8191638106461423,0.1808361893538577,0.1808361893538578
hash_seed_1,Hash seed 1,randomized_hash,request_count,5000.0,224,False,5000,96920576,352,14.204545454545455,0.2996,0.16477272727272727,0.15863909861089684,1.2691127888871747,1728.730206313266,1362.1564776989667,2.8922963119057927,3.6706502386908504,0.7879520313374613,0.21204796866253872,0.21204796866253864
hash_seed_1,Hash seed 1,randomized_hash,request_count,5000.0,225,False,5000,200400384,252,19.841269841269842,0.2822,0.15873015873015872,0.15547150577970967,1.2437720462376773,1199.7187999925918,964.5809323514356,4.167643284435382,5.1835982158709095,0.804005849001776,0.19599415099822404,0.195994150998224
hash_seed_1,Hash seed 1,randomized_hash,request_count,5000.0,226,False,5000,173995520,282,17.73049645390071,0.2074,0.15602836879432624,0.15058380069657235,1.2046704055725788,1338.7474873981655,1111.2977302383883,3.734834273875965,4.499244319456526,0.8301025702749798,0.1698974297250202,0.16989742972502017
hash_seed_1,Hash seed 1,randomized_hash,request_count,5000.0,227,False,5000,218288128,376,13.297872340425531,0.2066,0.14627659574468085,0.14623214580642124,1.16985716645137,1696.1638367087714,1449.8896834165605,2.947828441916305,3.4485382282449657,0.854805209283273,0.14519479071672703,0.14519479071672708
hash_seed_1,Hash seed 1,randomized_hash,request_count,5000.0,228,False,5000,175135232,579,8.635578583765112,0.1738,0.13989637305699482,0.1397541522137191,1.1180332177097527,2514.4388048493665,2248.983988150277,1.9885152863362434,2.2232261440475405,0.894427807832455,0.10557219216754499,0.10557219216754496
hash_seed_1,Hash seed 1,randomized_hash,request_count,5000.0,229,False,5000,230472192,476,10.504201680672269,0.234,0.15336134453781514,0.15179115753119357,1.2143292602495486,2277.9402694279916,1875.8835383410487,2.194965367224286,2.665410670654846,0.8234998799209505,0.17650012007904947,0.17650012007904947
hash_seed_1,Hash seed 1,randomized_hash,request_count,5000.0,230,False,5000,157299712,293,17.064846416382252,0.2678,0.16382252559726962,0.1642340908055081,1.3138727264440648,1483.7781625204032,1129.316510386953,3.3697759721081257,4.427456743979402,0.7611087283213903,0.23889127167860968,0.23889127167860982
hash_seed_1,Hash seed 1,randomized_hash,request_count,5000.0,231,False,5000,102403072,409,12.224938875305623,0.222,0.16625916870415647,0.17470919129751689,1.397673530380135,2215.4153922876712,1585.073584161767,2.25691309061319,3.1544276871184787,0.715474664335972,0.28452533566402805,0.2845253356640281
hash_seed_1,Hash seed 1,randomized_hash,request_count,5000.0,232,False,5000,170378752,816,6.127450980392157,0.1598,0.14215686274509803,0.14194108582512313,1.135528686600985,3591.968818234255,3163.256781285035,1.3919942663806049,1.5806494210592699,0.8806470605276672,0.11935293947233283,0.11935293947233296
hash_seed_1,Hash seed 1,randomized_hash,request_count,5000.0,233,False,5000,214011904,587,8.517887563884157,0.1876,0.14480408858603067,0.14572473007856146,1.1657978406284917,2650.0442076801037,2273.159303718938,1.886760977612932,2.199581873483258,0.8577816540309351,0.1422183459690649,0.1422183459690649
hash_seed_1,Hash seed 1,randomized_hash,request_count,5000.0,234,False,5000,171980288,511,9.784735812133073,0.1722,0.14481409001956946,0.14546684701186158,1.1637347760948926,2364.086265135137,2031.4648266061324,2.114982043480629,2.461278154814648,0.8593023260468918,0.14069767395310817,0.14069767395310817
hash_seed_1,Hash seed 1,randomized_hash,request_count,5000.0,235,False,5000,171338752,447,11.185682326621924,0.1958,0.13870246085011187,0.1428011076303357,1.1424088610426857,1988.558339693494,1740.6713196171472,2.514384365897293,2.8724549796682624,0.875343350442233,0.12465664955776701,0.12465664955776694
hash_seed_1,Hash seed 1,randomized_hash,request_count,5000.0,236,False,5000,113431552,369,13.550135501355014,0.1568,0.14363143631436315,0.14670663697848293,1.1736530958278635,1698.0775259807917,1446.8308668184557,2.944506315818562,3.4558289532451525,0.8520405250536375,0.14795947494636252,0.14795947494636244
hash_seed_1,Hash seed 1,randomized_hash,request_count,5000.0,237,False,5000,61525504,101,49.504950495049506,0.2414,0.18811881188118812,0.19109473591572174,1.528757887325774,616.2507353621637,403.10551492241785,8.11358058187396,12.403700308993058,0.6541258156641666,0.3458741843358334,0.34587418433583333
hash_seed_1,Hash seed 1,randomized_hash,request_count,5000.0,238,False,5000,87193600,655,7.633587786259542,0.1412,0.13435114503816795,0.13479613751598493,1.0783691001278795,2777.2933435294735,2575.4570890431905,1.8003139681477938,1.9414029537791884,0.9273262743539424,0.07267372564605756,0.07267372564605762
hash_seed_1,Hash seed 1,randomized_hash,request_count,5000.0,239,False,5000,121374720,918,5.446623093681917,0.1752,0.14161220043572983,0.14053183622606394,1.1242546898085115,4009.279269596975,3566.166373101681,1.2471069396227454,1.4020658255636118,0.8894781663488767,0.11052183365112334,0.11052183365112332
hash_seed_1,Hash seed 1,randomized_hash,request_count,5000.0,240,False,5000,73682432,253,19.76284584980237,0.2978,0.14624505928853754,0.1486940690620367,1.1895525524962935,1165.699983495639,979.948284797843,4.2892683115652686,5.1023100683639315,0.840652224991225,0.15934777500877495,0.15934777500877506
hash_seed_1,Hash seed 1,randomized_hash,request_count,5000.0,241,False,5000,38372352,414,12.077294685990339,0.241,0.15458937198067632,0.15406301655898105,1.2325041324718484,2023.073419492183,1641.4333763204577,2.4714871698799064,3.0461181502281383,0.8113563059577334,0.18864369404226655,0.1886436940422665
hash_seed_1,Hash seed 1,randomized_hash,request_count,5000.0,242,False,5000,58450432,338,14.792899408284024,0.289,0.14201183431952663,0.14568682054213417,1.1654945643370733,1541.4301256648473,1322.5545385032353,3.243740936906503,3.7805624300821745,0.8580048595668864,0.14199514043311356,0.14199514043311362
hash_seed_1,Hash seed 1,randomized_hash,request_count,5000.0,243,False,5000,92154880,360,13.88888888888889,0.2444,0.1388888888888889,0.14118506979763717,1.1294805583810974,1581.995495527553,1400.6398638636617,3.160565257066446,3.569797011351306,0.8853627382779532,0.1146372617220468,0.11463726172204683
hash_seed_1,Hash seed 1,randomized_hash,request_count,5000.0,244,False,5000,239138304,510,9.803921568627452,0.1744,0.15294117647058825,0.1493737549959446,1.1949900399675568,2374.5236220676097,1987.0656178289792,2.1056855166790314,2.5162732197353814,0.8368270584306705,0.1631729415693295,0.16317294156932943
hash_seed_1,Hash seed 1,randomized_hash,request_count,5000.0,245,False,5000,237914624,677,7.385524372230428,0.1592,0.13884785819793205,0.13957304471226104,1.1165843576980883,2933.8317388821774,2627.505677162148,1.7042558827538814,1.902945460197931,0.8955884014545623,0.10441159854543769,0.10441159854543774
hash_seed_1,Hash seed 1,randomized_hash,request_count,5000.0,246,False,5000,176497664,659,7.587253414264036,0.1914,0.14871016691957512,0.14275430854374924,1.142034468349994,2946.4232889437326,2579.9775493647853,1.6969727393759697,1.9380013602176682,0.8756303138948122,0.12436968610518784,0.12436968610518787
hash_seed_1,Hash seed 1,randomized_hash,request_count,5000.0,247,False,5000,116477440,526,9.505703422053232,0.2268,0.14068441064638784,0.14681543571592626,1.17452348572741,2408.727579833477,2050.8126138845964,2.0757847594976537,2.4380579513450176,0.8514091136974383,0.14859088630256168,0.14859088630256168
hash_seed_1,Hash seed 1,randomized_hash,request_count,5000.0,248,False,5000,152342016,310,16.129032258064516,0.1866,0.15161290322580645,0.15418691143308164,1.233495291464653,1464.4828768900247,1187.262640582192,3.4141744358377193,4.2113680908448154,0.8107043512201813,0.18929564877981875,0.18929564877981878
hash_seed_1,Hash seed 1,randomized_hash,request_count,5000.0,249,False,5000,80457728,166,30.120481927710845,0.216,0.15060240963855423,0.1578277519052394,1.2626220152419152,830.7819283057001,657.9815006207732,6.018426532456019,7.59899783699503,0.7920026642402576,0.20799733575974244,0.20799733575974239
hash_seed_1,Hash seed 1,randomized_hash,request_count,5000.0,250,False,5000,44312576,218,22.93577981651376,0.2252,0.16972477064220184,0.171860985788512,1.374887886308096,1183.6064665417755,860.874896294303,4.224377055499573,5.808044840804227,0.7273320319122456,0.2726679680877544,0.27266796808775434
hash_seed_1,Hash seed 1,randomized_hash,request_count,5000.0,251,False,5000,47093760,281,17.793594306049823,0.3076,0.16725978647686832,0.16781330469047318,1.3425064375237854,1452.533838157549,1081.9567024473313,3.4422605991349546,4.6212570139731595,0.744875385360886,0.25512461463911396,0.25512461463911396
hash_seed_1,Hash seed 1,randomized_hash,request_count,5000.0,252,False,5000,78467584,508,9.84251968503937,0.173,0.14173228346456693,0.13768283771204312,1.101462701696345,2150.599605060003,1952.4942621732894,2.3249330039100875,2.5608269877498038,0.9078836700143511,0.09211632998564889,0.09211632998564895
hash_seed_1,Hash seed 1,randomized_hash,request_count,5000.0,253,False,5000,168335872,407,12.285012285012286,0.2068,0.1375921375921376,0.1392481867938208,1.1139854943505665,1784.436228916814,1601.8487116451263,2.8020054283671953,3.121393402292601,0.8976777570905284,0.10232224290947156,0.10232224290947155
hash_seed_1,Hash seed 1,randomized_hash,request_count,5000.0,254,False,5000,221413376,576,8.680555555555555,0.1982,0.14756944444444445,0.1489966246127241,1.1919729969017927,2664.1295650300813,2235.058656492015,1.8767855984299862,2.237077754302715,0.8389451796300974,0.1610548203699026,0.16105482036990254
hash_seed_1,Hash seed 1,randomized_hash,request_count,5000.0,255,False,5000,116378624,358,13.966480446927374,0.1742,0.1424581005586592,0.1453274761790887,1.1626198094327096,1624.1541046334116,1396.9778352786745,3.078525606490125,3.579154853951266,0.8601264075209087,0.13987359247909126,0.1398735924790912
hash_seed_1,Hash seed 1,randomized_hash,request_count,5000.0,256,False,5000,134793728,370,13.513513513513514,0.1762,0.14864864864864866,0.15113757984930665,1.2091006387944532,1737.255547040074,1436.8163338100817,2.878102768771682,3.479915896237925,0.8270610137110347,0.1729389862889653,0.17293898628896529
hash_seed_1,Hash seed 1,randomized_hash,request_count,5000.0,257,False,5000,143998976,540,9.25925925925926,0.1804,0.14629629629629629,0.1442903492598343,1.1543227940786744,2429.6201346338953,2104.8013147597094,2.057934871680432,2.375521131110095,0.8663088047205655,0.13369119527943452,0.13369119527943446
hash_seed_1,Hash seed 1,randomized_hash,request_count,5000.0,258,False,5000,167642624,539,9.276437847866418,0.1882,0.14471243042671614,0.14649202942001727,1.1719362353601381,2485.9239133435103,2121.2108972631786,2.011324631925325,2.3571442172256813,0.8532887454347702,0.14671125456522982,0.14671125456522968
hash_seed_1,Hash seed 1,randomized_hash,request_count,5000.0,259,False,5000,167585792,241,20.74688796680498,0.2444,0.17012448132780084,0.15936519154922213,1.274921532393777,1191.790076449047,934.7948451473376,4.1953697205614935,5.348767193096712,0.784361997653622,0.21563800234637798,0.2156380023463779
hash_seed_1,Hash seed 1,randomized_hash,request_count,5000.0,260,False,5000,184129024,409,12.224938875305623,0.2156,0.16625916870415647,0.1677408578992862,1.3419268631942896,2120.772848205677,1580.393765393027,2.357631089171267,3.163768492060935,0.7451970948846084,0.2548029051153916,0.25480290511539155
hash_seed_1,Hash seed 1,randomized_hash,request_count,5000.0,261,False,5000,146408960,349,14.326647564469914,0.2106,0.1489971346704871,0.1469602222422393,1.1756817779379145,1621.0491160152578,1378.8162293869134,3.084422273577143,3.6262990625104807,0.8505702978181294,0.14942970218187057,0.14942970218187052
hash_seed_1,Hash seed 1,randomized_hash,request_count,5000.0,262,False,5000,94592512,192,26.041666666666668,0.268,0.17708333333333334,0.17588423134499545,1.4070738507599636,1049.476577376765,745.8574948357831,4.764279744573076,6.703693446294134,0.7106947509968278,0.2893052490031722,0.2893052490031721
hash_seed_1,Hash seed 1,randomized_hash,request_count,5000.0,263,False,5000,122634240,672,7.440476190476191,0.185,0.14285714285714285,0.14635285281879135,1.1708228225503308,3077.4876073567602,2628.482762791777,1.6247019120556188,1.9022380784758792,0.8541001941026071,0.14589980589739293,0.14589980589739282
hash_seed_1,Hash seed 1,randomized_hash,request_count,5000.0,264,False,5000,152812032,883,5.662514156285391,0.2864,0.1347678369195923,0.13321813545347844,1.0657450836278275,3657.854892457064,3432.204331645255,1.3669213642975833,1.456789723705992,0.9383106855121215,0.06168931448787851,0.06168931448787858
hash_seed_1,Hash seed 1,randomized_hash,request_count,5000.0,265,False,5000,192248832,625,8.0,0.1918,0.136,0.13484280823068714,1.0787424658454972,2644.9971091681496,2451.926379940047,1.8903612342973402,2.0392129392246505,0.9270053155979352,0.0729946844020648,0.07299468440206475
hash_seed_1,Hash seed 1,randomized_hash,request_count,5000.0,266,False,5000,83193856,658,7.598784194528875,0.1714,0.14437689969604864,0.14291724297058403,1.1433379437646722,2921.8312283257465,2555.527212457433,1.7112555822962696,1.956543438718434,0.8746320416055615,0.12536795839443848,0.12536795839443854
hash_seed_1,Hash seed 1,randomized_hash,request_count,5000.0,267,False,5000,112237056,475,10.526315789473685,0.2232,0.1368421052631579,0.13880592517978976,1.110447401438318,2052.9454293407935,1848.7552194563157,2.4355250405294573,2.7045224523938907,0.9005379261590777,0.09946207384092232,0.09946207384092223
hash_seed_1,Hash seed 1,randomized_hash,request_count,5000.0,268,False,5000,169545216,510,9.803921568627452,0.2088,0.15098039215686274,0.14917549668576754,1.1934039734861404,2381.994546799391,1995.9666631921555,2.0990812118853666,2.5050518589340993,0.8379392244512361,0.16206077554876386,0.16206077554876389
hash_seed_1,Hash seed 1,randomized_hash,request_count,5000.0,269,False,5000,211095552,514,9.727626459143968,0.1752,0.14980544747081712,0.15043490416619668,1.2034792333295734,2397.404172142574,1992.061105624449,2.0855890959476686,2.509963166231618,0.8309241840703615,0.1690758159296385,0.16907581592963847
hash_seed_1,Hash seed 1,randomized_hash,request_count,5000.0,270,False,5000,280745472,453,11.037527593818984,0.2364,0.15011037527593818,0.14853499918056332,1.1882799934445065,2082.368843625633,1752.4227077066253,2.401111606767248,2.853192884348914,0.8415525006873733,0.1584474993126267,0.1584474993126267
hash_seed_1,Hash seed 1,randomized_hash,request_count,5000.0,271,False,5000,196746240,518,9.652509652509652,0.1626,0.14864864864864866,0.14934866071213937,1.194789285697115,2399.3131624411058,2008.1475379495023,2.0839297171666025,2.4898568982164755,0.8369676661575831,0.1630323338424169,0.16303233384241692
hash_seed_1,Hash seed 1,randomized_hash,request_count,5000.0,272,False,5000,160731136,480,10.416666666666666,0.2656,0.15416666666666667,0.15395350983066705,1.2316280786453364,2345.1427286398184,1904.0997597417827,2.1320663936305477,2.625912835931483,0.8119334215730909,0.1880665784269091,0.18806657842690896
hash_seed_1,Hash seed 1,randomized_hash,request_count,5000.0,273,False,5000,159851520,514,9.727626459143968,0.2544,0.14591439688715954,0.14938705346267142,1.1950964277013714,2403.42612616052,2011.072973235499,2.0803635050716176,2.486234993231394,0.8367525639110004,0.1632474360889996,0.16324743608899955
hash_seed_1,Hash seed 1,randomized_hash,request_count,5000.0,274,False,5000,115342336,440,11.363636363636363,0.2396,0.14772727272727273,0.1504425057874957,1.2035400462999657,2030.5173319756623,1687.1207054705546,2.4624266541645703,2.9636290893634967,0.8308821987887255,0.1691178012112745,0.16911780121127457
hash_seed_1,Hash seed 1,randomized_hash,request_count,5000.0,275,False,5000,75599360,299,16.722408026755854,0.211,0.14046822742474915,0.13558536293543527,1.0846829034834822,1253.4745029936205,1155.6137733599935,3.9889124095134845,4.326705094092379,0.9219284242320763,0.07807157576792367,0.07807157576792373
hash_seed_1,Hash seed 1,randomized_hash,request_count,5000.0,276,False,5000,114087424,241,20.74688796680498,0.2224,0.16182572614107885,0.1597079358488233,1.2776634867905865,1213.3222083444289,949.6414516722404,4.120916905347403,5.265145062060435,0.7826787024429568,0.2173212975570432,0.2173212975570433
hash_seed_1,Hash seed 1,randomized_hash,request_count,5000.0,277,False,5000,112627712,601,8.319467554076539,0.2446,0.15141430948419302,0.15600501103695524,1.248040088295642,2942.074995342329,2357.356164223946,1.6994808113034583,2.121020181795917,0.8012563133013041,0.1987436866986959,0.19874368669869594
hash_seed_1,Hash seed 1,randomized_hash,request_count,5000.0,278,False,5000,134122496,415,12.048192771084338,0.2264,0.15421686746987953,0.15129578431821838,1.210366274545747,1964.5512705705135,1623.1047674455517,2.545110466141197,3.08051587321071,0.8261961862538694,0.17380381374613063,0.1738038137461306
hash_seed_1,Hash seed 1,randomized_hash,request_count,5000.0,279,True,4055,110185472,275,14.745454545454546,0.19630086313193587,0.1709090909090909,0.1772294907878169,1.4178359263025353,1508.7352804900981,1064.1113350996911,2.6876815651071486,3.810691481469942,0.7053002265274958,0.2946997734725042,0.2946997734725042
hash_seed_1,Hash seed 1,randomized_hash,time,60.0,0,False,34858,696534016,2292,15.208551483420594,0.1811922657639566,0.13176265270506107,0.13129514624157018,1.0503611699325615,9321.513928624987,8874.579711684768,3.7395213124078754,3.9278479806884836,0.9520534732488303,0.04794652675116973,0.0479465267511697
hash_seed_1,Hash seed 1,randomized_hash,time,60.0,1,False,41097,756369408,2239,18.35506922733363,0.18463634815193322,0.1335417597141581,0.1321375861283569,1.0571006890268553,9190.92853980564,8694.468403257419,4.471474217431907,4.726798476213087,0.9459836800603915,0.05401631993960854,0.05401631993960861
hash_seed_1,Hash seed 1,randomized_hash,time,60.0,2,False,44781,951824896,2295,19.512418300653597,0.14988499586878365,0.1355119825708061,0.13849349989123022,1.1079479991298418,9829.362986107166,8871.682600471262,4.5558394845417265,5.047633241254736,0.9025694353754673,0.0974305646245327,0.09743056462453269
hash_seed_1,Hash seed 1,randomized_hash,time,60.0,3,False,16257,295019008,1762,9.22644721906924,0.16269914498369933,0.13791146424517595,0.13951812196869878,1.1161449757495903,7651.897714995574,6855.648577243871,2.1245710025816,2.3713292501547225,0.8959409590393141,0.10405904096068586,0.10405904096068581
hash_seed_1,Hash seed 1,randomized_hash,time,60.0,4,False,33385,390920192,2272,14.694102112676056,0.17367081024412162,0.12984154929577466,0.1303591842821049,1.0428734742568393,9209.94583736496,8831.316611948585,3.624885595369768,3.7802970346268414,0.9588890931496831,0.04111090685031693,0.04111090685031688
hash_seed_1,Hash seed 1,randomized_hash,time,60.0,5,False,34302,432607744,1609,21.31883157240522,0.22739198880531747,0.1348663766314481,0.13485074602294597,1.0788059681835678,6715.677783037136,6225.102549575818,5.107749524052816,5.510270670534955,0.9269507487836236,0.0730492512163764,0.07304925121637648
hash_seed_1,Hash seed 1,randomized_hash,time,60.0,6,False,17037,410975232,1992,8.552710843373495,0.18395257380994307,0.13855421686746988,0.13871530843936086,1.109722467514887,8606.563458539316,7755.599900408306,1.9795357440949464,2.1967352904709614,0.9011262088253477,0.09887379117465234,0.09887379117465238
hash_seed_1,Hash seed 1,randomized_hash,time,60.0,7,False,28946,614623744,2083,13.896303408545368,0.16261314171215366,0.14066250600096014,0.14279614935558838,1.142369194844707,9215.938642515493,8067.390721060456,3.1408629248533257,3.588025050582285,0.8753737447690363,0.12462625523096371,0.12462625523096378
hash_seed_1,Hash seed 1,randomized_hash,time,60.0,8,False,32808,784760832,2106,15.578347578347579,0.1580712021458181,0.13295346628679963,0.1345001070147713,1.0760008561181704,8821.051149107703,8197.996403953552,3.719284634611682,4.001953450989326,0.9293672902897545,0.07063270971024549,0.07063270971024546
hash_seed_1,Hash seed 1,randomized_hash,time,60.0,9,False,23416,776259584,1569,14.924155513065648,0.14917150666211137,0.1325685149776928,0.13211690977337107,1.0569352781869685,6483.097470336004,6133.864205438286,3.6118537639056045,3.8174956627242196,0.9461317269259538,0.05386827307404618,0.05386827307404621
hash_seed_1,Hash seed 1,randomized_hash,time,60.0,10,False,36846,1098494464,1781,20.688377316114543,0.15325951256581447,0.13419427288040428,0.1336182417476086,1.068945933980869,7468.234001961074,6986.540445641223,4.933696505803736,5.273854819374524,0.935501009181908,0.06449899081809196,0.06449899081809207
hash_seed_1,Hash seed 1,randomized_hash,time,60.0,11,False,29419,727262720,1451,20.2749827705031,0.15486590298786498,0.13714679531357685,0.14020123873487592,1.1216099098790073,6315.771204513516,5630.9873413964615,4.658021807214287,5.224483419404066,0.8915755747092805,0.1084244252907195,0.10842442529071968
hash_seed_1,Hash seed 1,randomized_hash,time,60.0,12,False,12169,416182272,1492,8.156166219839141,0.21784863176924973,0.13941018766756033,0.13842181728627606,1.1073745382902085,6467.879591148423,5840.733525564765,1.8814512281047733,2.083471185038069,0.9030368366099555,0.09696316339004452,0.0969631633900444
hash_seed_1,Hash seed 1,randomized_hash,time,60.0,13,False,18947,565995520,1768,10.716628959276019,0.14804454531060326,0.13009049773755657,0.13060490723789087,1.044839257903127,7198.414767668169,6889.494927779192,2.6321072918861037,2.750129029575686,0.9570850180408473,0.042914981959152665,0.04291498195915253
hash_seed_1,Hash seed 1,randomized_hash,time,60.0,14,False,13044,411668992,1368,9.535087719298245,0.19334559950935296,0.13596491228070176,0.13582833820424692,1.0866267056339753,5796.424028412782,5334.328705855751,2.2503529652180747,2.4452936291085643,0.9202792410817529,0.07972075891824715,0.07972075891824727
hash_seed_1,Hash seed 1,randomized_hash,time,60.0,15,False,19076,625319424,1503,12.691949434464405,0.13734535542042356,0.13439787092481703,0.13505714559855883,1.0804571647884706,6356.215659197623,5882.894636033097,3.0011568239344575,3.242621393073795,0.9255341466459504,0.07446585335404965,0.07446585335404982
hash_seed_1,Hash seed 1,randomized_hash,time,60.0,16,False,38032,1286717952,2417,15.735208936698386,0.16657025662599917,0.13322300372362433,0.1330201565124415,1.064161252099532,10004.833668491603,9401.614321845127,3.8013625473629653,4.04526272808604,0.9397072088718271,0.06029279112817287,0.060292791128172894
hash_seed_1,Hash seed 1,randomized_hash,time,60.0,17,False,16695,471530496,1664,10.033052884615385,0.14693021862833183,0.13701923076923078,0.13897734816484947,1.1118187853187957,7235.431780851107,6507.743776587176,2.3073951224561418,2.5654052422997013,0.8994271487446279,0.10057285125537208,0.1005728512553721
hash_seed_1,Hash seed 1,randomized_hash,time,60.0,18,False,11783,305499136,867,13.590542099192618,0.1918866163116354,0.13264129181084197,0.1339711795683818,1.0717694365470545,3599.6902942838096,3358.642420221479,3.273337158674739,3.508262722181361,0.9330364963771725,0.06696350362282755,0.06696350362282745
hash_seed_1,Hash seed 1,randomized_hash,time,60.0,19,False,5545,154679808,967,5.734229576008273,0.1897204688908927,0.13857290589451912,0.1382729717322507,1.1061837738580056,4115.859831775349,3720.774006131533,1.3472276089655366,1.490281320731195,0.9040089211508938,0.09599107884910618,0.09599107884910617
hash_seed_1,Hash seed 1,randomized_hash,time,60.0,20,False,15564,349587456,1094,14.226691042047532,0.1409663325623233,0.13619744058500913,0.13662908814874525,1.093032705189962,4643.506056335749,4248.277324445418,3.3517776893526343,3.6636026349884694,0.9148857076753313,0.08511429232466872,0.08511429232466879
hash_seed_1,Hash seed 1,randomized_hash,time,60.0,21,False,15694,367356416,1208,12.991721854304636,0.23340129985981903,0.13658940397350994,0.1355102171239851,1.0840817369918807,5087.6621512856545,4693.061397199572,3.0847174071953893,3.3440858049214683,0.9224396702547619,0.07756032974523808,0.0775603297452381
hash_seed_1,Hash seed 1,randomized_hash,time,60.0,22,False,14877,468156928,1733,8.584535487593769,0.15749142972373462,0.14195037507212926,0.14612434116751935,1.1689947293401548,7873.860100948994,6735.58220864985,1.8894163484320676,2.2087177528462085,0.8554358500525107,0.14456414994748934,0.1445641499474893
hash_seed_1,Hash seed 1,randomized_hash,time,60.0,23,False,25311,536254976,764,33.12958115183246,0.17877602623365335,0.1400523560209424,0.13812085946813552,1.1049668757450841,3252.9797063781293,2943.9612876943756,7.78086624714339,8.59759946769641,0.9050045046153038,0.0949954953846962,0.09499549538469611
hash_seed_1,Hash seed 1,randomized_hash,time,60.0,24,False,31743,822208000,1734,18.30622837370242,0.16832057461487573,0.13437139561707034,0.1321661628424563,1.0573293027396504,7190.067134684872,6800.2155204198525,4.414840557867926,4.667940288757223,0.9457791412844568,0.05422085871554316,0.054220858715543295
hash_seed_1,Hash seed 1,randomized_hash,time,60.0,25,False,7787,249937408,1098,7.091985428051002,0.18582252472068833,0.14025500910746813,0.13846356973718807,1.1077085578975046,4745.31702340191,4283.903910978894,1.6409862526777004,1.8177345154832456,0.9027645339294464,0.09723546607055356,0.09723546607055347
hash_seed_1,Hash seed 1,randomized_hash,time,60.0,26,False,31512,618173440,1403,22.460441910192444,0.19878141660319879,0.1361368496079829,0.1366136402305451,1.0929091218443607,5983.322690381728,5474.675406025023,5.266638894582097,5.755957689349074,0.914989160592264,0.08501083940773602,0.08501083940773607
hash_seed_1,Hash seed 1,randomized_hash,time,60.0,27,False,11674,239716352,1031,11.322987390882638,0.19042316258351893,0.15518913676042678,0.15370360952098988,1.229628876167919,4886.539301000651,3973.995240116126,2.3890117895111236,2.937597881888472,0.8132535103733521,0.18674648962664786,0.18674648962664786
hash_seed_1,Hash seed 1,randomized_hash,time,60.0,28,False,7643,350188544,1035,7.384541062801932,0.1643333769462253,0.13719806763285025,0.13768015075322634,1.1014412060258107,4430.903437269701,4022.8233817919,1.7249303913311134,1.8999094105383152,0.9079013882258609,0.09209861177413914,0.0920986117741391
hash_seed_1,Hash seed 1,randomized_hash,time,60.0,29,False,69287,2140419584,1454,47.652682255845946,0.17746474807683982,0.14030261348005502,0.13735900275997256,1.0988720220797805,6209.570576883168,5650.858746162835,11.158098477524339,12.26132223656249,0.910024079152866,0.08997592084713402,0.0899759208471341
hash_seed_1,Hash seed 1,randomized_hash,time,60.0,30,False,22217,658015744,1322,16.805597579425115,0.19075482738443533,0.14145234493192133,0.14298684071067835,1.1438947256854268,5890.0882353312645,5149.152367847398,3.7719299121417142,4.314690732154002,0.8742063212161378,0.12579367878386216,0.1257936787838622
hash_seed_1,Hash seed 1,randomized_hash,time,60.0,31,False,46057,990004224,1288,35.75854037267081,0.1796686714288816,0.140527950310559,0.14379609892371234,1.1503687913896987,5767.220702422494,5013.366796447445,7.985995746730133,9.186840275209217,0.86928644751563,0.13071355248437,0.13071355248437008
hash_seed_1,Hash seed 1,randomized_hash,time,60.0,32,False,46500,1068391936,1242,37.43961352657005,0.16980645161290323,0.1457326892109501,0.14789426538050426,1.1831541230440341,5664.176645056953,4787.353172961175,8.209489730617758,9.713091622868056,0.845198423876669,0.154801576123331,0.1548015761233311
hash_seed_1,Hash seed 1,randomized_hash,time,60.0,33,False,4528,109146624,753,6.0132802124834,0.18926678445229683,0.13280212483399734,0.13374307290352963,1.069944583228237,3118.213322794507,2914.368997865509,1.4521136084243456,1.5536810895656379,0.9346278449139859,0.06537215508601413,0.06537215508601417
hash_seed_1,Hash seed 1,randomized_hash,time,60.0,34,False,6272,195976192,1021,6.142997061704212,0.17330994897959184,0.13712047012732614,0.1402006218042666,1.1216049744341328,4414.49581753278,3935.873964681694,1.4207738005073842,1.5935469621947702,0.8915794979462495,0.10842050205375053,0.1084205020537506
hash_seed_1,Hash seed 1,randomized_hash,time,60.0,35,False,12764,452016128,978,13.051124744376278,0.1598245064243184,0.14621676891615543,0.1480145389046316,1.1841163112370527,4524.053155849979,3820.61551970657,2.821363843502829,3.3408229470261634,0.8445116332831313,0.15548836671686872,0.15548836671686872
hash_seed_1,Hash seed 1,randomized_hash,time,60.0,36,False,3178,54794240,559,5.68515205724508,0.19131529263687855,0.1413237924865832,0.13948746611900043,1.1158997289520034,2444.37094790096,2190.49336108056,1.3001299997977087,1.4508147143766312,0.8961378644111238,0.10386213558887625,0.10386213558887637
hash_seed_1,Hash seed 1,randomized_hash,time,60.0,37,False,10240,317254656,1130,9.061946902654867,0.177734375,0.14513274336283186,0.14888245389754845,1.1910596311803876,5210.51261874826,4374.686608750591,1.96525769137471,2.340739101063182,0.8395885258985397,0.16041147410146028,0.1604114741014603
hash_seed_1,Hash seed 1,randomized_hash,time,60.0,38,False,5991,82896896,724,8.274861878453038,0.3101318644633617,0.15193370165745856,0.15069131976827554,1.2055305581462044,3362.396496423849,2789.1424847781122,1.7817648829850556,2.1479720138702807,0.8295102876012886,0.17048971239871136,0.17048971239871136
hash_seed_1,Hash seed 1,randomized_hash,time,60.0,39,False,24270,318624256,676,35.90236686390533,0.22863617634940256,0.15088757396449703,0.15312820453424736,1.2250256362739789,3206.7573697623607,2617.706335939213,7.5683929906423035,9.27147543893311,0.8163094472386604,0.1836905527613396,0.18369055276133958
hash_seed_1,Hash seed 1,randomized_hash,time,60.0,40,False,8870,239582720,761,11.655716162943495,0.16629086809470123,0.14848883048620237,0.1502163511991914,1.2017308095935313,3514.902381587848,2924.8666619246574,2.52354092291832,3.03261687634104,0.8321331133535937,0.16786688664640625,0.16786688664640628
hash_seed_1,Hash seed 1,randomized_hash,time,60.0,41,False,21640,486224896,1267,17.07971586424625,0.15596118299445472,0.14917127071823205,0.1489717459642048,1.1917739677136383,5885.7776354900425,4938.6694079093095,3.676659456095521,4.381747027922826,0.8390852855415634,0.16091471445843664,0.16091471445843672
hash_seed_1,Hash seed 1,randomized_hash,time,60.0,42,False,37961,1041811456,1497,25.358049432197728,0.16055952161428835,0.1409485637942552,0.13689036358966453,1.0951229087173162,6306.16868093222,5758.411800843835,6.019661369792023,6.5922690687799035,0.9131395134188813,0.08686048658111867,0.08686048658111878
hash_seed_1,Hash seed 1,randomized_hash,time,60.0,43,False,19360,485670912,1587,12.199117832388154,0.1640495867768595,0.129174543163201,0.12974920190056616,1.0379936152045293,6372.179988926929,6138.9394843930095,3.038206710049352,3.153639166702786,0.9633970627102143,0.0366029372897857,0.03660293728978562
hash_seed_1,Hash seed 1,randomized_hash,time,60.0,44,False,29128,770878976,1624,17.935960591133004,0.15528014281790717,0.1336206896551724,0.135230327768598,1.081842622148784,6878.049014807406,6357.716800939165,4.2349218415413725,4.5815189496482756,0.9243488650999662,0.07565113490003383,0.07565113490003395
hash_seed_1,Hash seed 1,randomized_hash,time,60.0,45,False,23520,1046495744,1457,16.142759094028825,0.15318877551020407,0.14138641043239533,0.14233553828358184,1.1386843062686547,6455.238156640203,5669.032339431567,3.6435526357468424,4.1488562053887215,0.8782065358193017,0.12179346418069825,0.1217934641806983
hash_seed_1,Hash seed 1,randomized_hash,time,60.0,46,False,35615,809182208,1739,20.480161012075907,0.1989891899480556,0.13456009200690053,0.13220926983316209,1.0576741586652967,7134.162496415156,6745.142100680534,4.992176729629606,5.280096322419467,0.9454707688631846,0.054529231136815404,0.05452923113681541
hash_seed_1,Hash seed 1,randomized_hash,time,60.0,47,False,18225,662418432,1443,12.62993762993763,0.19198902606310014,0.13236313236313235,0.13472493374498123,1.0777994699598499,6043.7574421684385,5607.497137100633,3.015508179206652,3.250113117208522,0.9278163776024605,0.0721836223975395,0.07218362239753943
hash_seed_1,Hash seed 1,randomized_hash,time,60.0,48,False,23095,726973440,812,28.442118226600986,0.1890019484736956,0.1477832512315271,0.1461895622528999,1.1695164980231991,3700.420316872244,3164.0599539441814,6.241182898790508,7.299166367315753,0.8550542054689027,0.14494579453109735,0.14494579453109735
hash_seed_1,Hash seed 1,randomized_hash,time,60.0,49,False,10201,390664192,1007,10.130089374379345,0.16714047642388002,0.13803376365441908,0.13800027953793226,1.104002236303458,4324.634349850372,3917.2333240289345,2.358812138730976,2.6041338761787403,0.9057952666366965,0.09420473336330348,0.09420473336330347
hash_seed_1,Hash seed 1,randomized_hash,time,60.0,50,False,28393,994708992,1723,16.478816018572257,0.16778783502976086,0.13813116656993615,0.13911670213416047,1.1129336170732838,7439.413544093145,6684.507889748898,3.816564280465883,4.2475826894515905,0.8985261875993387,0.10147381240066133,0.1014738124006613
hash_seed_1,Hash seed 1,randomized_hash,time,60.0,51,False,31503,560774144,1548,20.350775193798448,0.17465003333015902,0.13695090439276486,0.1358306179165506,1.0866449433324048,6558.940053574328,6035.955068690682,4.8030626507757574,5.219223741974213,0.9202637955810188,0.07973620441898122,0.07973620441898113
hash_seed_1,Hash seed 1,randomized_hash,time,60.0,52,False,31538,976122368,1967,16.03355363497712,0.15679497748747542,0.13116420945602442,0.13020012453592858,1.0416009962874286,7995.285611605749,7675.958106898219,3.944574532049269,4.108672762512536,0.9600605256372576,0.039939474362742367,0.03993947436274232
hash_seed_1,Hash seed 1,randomized_hash,time,60.0,53,False,33830,719635456,1338,25.284005979073243,0.1840673958025421,0.13303437967115098,0.13606014915700565,1.0884811932560452,5636.242113402612,5178.079463681454,6.002226185343332,6.5333103204151906,0.918711325648755,0.08128867435124498,0.08128867435124491
hash_seed_1,Hash seed 1,randomized_hash,time,60.0,54,False,12410,303286272,718,17.284122562674096,0.1676873489121676,0.15459610027855153,0.15911827985029098,1.2729462388023278,3554.2903682347014,2792.1763385536324,3.4915549137206923,4.444561694992541,0.7855791309308289,0.21442086906917113,0.21442086906917115
hash_seed_1,Hash seed 1,randomized_hash,time,60.0,55,False,18724,673357824,1100,17.021818181818183,0.1498077333903012,0.14181818181818182,0.14083236372478083,1.1266589097982467,4827.87948849886,4285.129639957669,3.8783072453662015,4.3695294129269255,0.8875800753034229,0.11241992469657713,0.11241992469657722
hash_seed_1,Hash seed 1,randomized_hash,time,60.0,56,False,14224,319798784,921,15.444082519001086,0.19115579302587177,0.14006514657980457,0.14164510985361214,1.1331608788288972,4083.7542256339543,3603.8609361933195,3.483069551716691,3.946878154245459,0.8824872254974803,0.11751277450251973,0.11751277450251969
hash_seed_1,Hash seed 1,randomized_hash,time,60.0,57,False,15552,438783488,1489,10.44459368703828,0.20634002057613168,0.1417058428475487,0.140345579278345,1.12276463422676,6512.213012382128,5800.158656464133,2.388128270747577,2.681305964392488,0.8906586202625565,0.10934137973744351,0.1093413797374435
hash_seed_1,Hash seed 1,randomized_hash,time,60.0,58,False,27083,1035197440,1369,19.783053323593865,0.20784255806225307,0.13805697589481372,0.13670454775503327,1.0936363820402661,5814.706738604611,5316.855614986775,4.657672556414989,5.093800163325925,0.914380699492111,0.08561930050788902,0.08561930050788903
hash_seed_1,Hash seed 1,randomized_hash,time,60.0,59,False,36631,912944640,1701,21.53497942386831,0.18315088313177363,0.14285714285714285,0.14117285027823726,1.129382802225898,7507.093567183394,6647.0762193188,4.87951824127106,5.510843984839094,0.8854393727521815,0.11456062724781846,0.11456062724781862
hash_seed_1,Hash seed 1,randomized_hash,full_trace,1399055.0,0,False,1399055,36156877824,6204,225.50854287556416,0.13192976687835717,0.12556415215989683,0.12575850053622764,1.0060680042898211,24338.982187668484,24192.183911910866,57.48206680182547,57.830868229766736,0.9939685943058048,0.0060314056941952465,0.006031405694195123
hash_seed_2,Hash seed 2,randomized_hash,request_count,5000.0,0,False,5000,58922496,510,9.803921568627452,0.212,0.15294117647058825,0.154526704480299,1.236213635842392,2476.805095572802,2003.5413166147732,2.0187296969540784,2.4955811784546116,0.8089216709849433,0.19107832901505672,0.19107832901505675
hash_seed_2,Hash seed 2,randomized_hash,request_count,5000.0,1,False,5000,131597824,726,6.887052341597796,0.154,0.15151515151515152,0.154384976029812,1.235079808238496,3467.278894613407,2807.3318594354914,1.4420530196655807,1.7810505669983092,0.8096642770204681,0.19033572297953194,0.19033572297953205
hash_seed_2,Hash seed 2,randomized_hash,request_count,5000.0,2,False,5000,127554048,734,6.8119891008174385,0.151,0.14305177111716622,0.14387183875032933,1.1509747100026346,3309.897008962875,2875.7339150877597,1.5106210212766418,1.7386865918877663,0.8688288207459494,0.13117117925405064,0.13117117925405067
hash_seed_2,Hash seed 2,randomized_hash,request_count,5000.0,3,False,5000,158485504,663,7.541478129713424,0.2024,0.138763197586727,0.1419718533252762,1.1357748266022096,2926.864040493491,2576.975622227439,1.70831303771697,1.9402589441952856,0.880456210665987,0.119543789334013,0.11954378933401293
hash_seed_2,Hash seed 2,randomized_hash,request_count,5000.0,4,False,5000,88420864,652,7.668711656441718,0.2774,0.13496932515337423,0.13431448067132923,1.0745158453706338,2694.44697398659,2507.591661486566,1.8556683609929094,1.9939450576398348,0.9306517017020526,0.06934829829794742,0.06934829829794747
hash_seed_2,Hash seed 2,randomized_hash,request_count,5000.0,5,False,5000,68247040,664,7.530120481927711,0.1932,0.14006024096385541,0.1386439545513172,1.1091516364105376,2842.327125981761,2562.6136523407804,1.7591219371953757,1.9511329752859259,0.9015899784778061,0.09841002152219391,0.09841002152219393
hash_seed_2,Hash seed 2,randomized_hash,request_count,5000.0,6,False,5000,64428544,588,8.503401360544217,0.2316,0.1445578231292517,0.14603061035684106,1.1682448828547285,2621.010499446061,2243.5454568748873,1.9076611868043747,2.228615419704789,0.8559849177823021,0.14401508221769788,0.14401508221769788
hash_seed_2,Hash seed 2,randomized_hash,request_count,5000.0,7,False,5000,173246464,452,11.061946902654867,0.17,0.14823008849557523,0.14261805806537448,1.1409444645229958,1996.3914958954235,1749.7709642949812,2.504518783154501,2.857516841933997,0.8764668492590288,0.12353315074097115,0.12353315074097118
hash_seed_2,Hash seed 2,randomized_hash,request_count,5000.0,8,False,5000,93361664,644,7.763975155279503,0.2004,0.16459627329192547,0.16014590157262165,1.2811672125809732,3176.1504334228466,2479.106866171152,1.574232740170195,2.016855371677556,0.7805382390214716,0.21946176097852843,0.21946176097852857
hash_seed_2,Hash seed 2,randomized_hash,request_count,5000.0,9,False,5000,101086720,569,8.787346221441124,0.166,0.15817223198594024,0.15957875184417444,1.2766300147533955,2772.079523975391,2171.4040026787784,1.8037000586583414,2.302657632495699,0.783312305400534,0.21668769459946602,0.21668769459946602
hash_seed_2,Hash seed 2,randomized_hash,request_count,5000.0,10,False,5000,49374208,384,13.020833333333334,0.2282,0.1484375,0.15164862511773614,1.213189000941889,1805.1227860825047,1487.9155553512712,2.769894678938184,3.36040575825527,0.8242738758953678,0.17572612410463218,0.1757261241046321
hash_seed_2,Hash seed 2,randomized_hash,request_count,5000.0,11,False,5000,93842432,504,9.920634920634921,0.2628,0.14682539682539683,0.14814739428471566,1.1851791542777252,2319.7086273506425,1957.2641140185467,2.1554431194708017,2.5545862534281465,0.8437542935096782,0.15624570649032177,0.1562457064903218
hash_seed_2,Hash seed 2,randomized_hash,request_count,5000.0,12,False,5000,72498176,893,5.599104143337066,0.2488,0.1444568868980963,0.14142157483947124,1.13137259871577,3927.742039147527,3471.660921968535,1.2729960242208764,1.440232820077616,0.8838821102217855,0.11611788977821447,0.11611788977821448
hash_seed_2,Hash seed 2,randomized_hash,request_count,5000.0,13,False,5000,78662656,812,6.157635467980295,0.2188,0.14285714285714285,0.14448587718827055,1.1558870175061644,3619.8982618667987,3131.705960048551,1.381254289014597,1.59657390054668,0.8651364578499274,0.13486354215007257,0.13486354215007268
hash_seed_2,Hash seed 2,randomized_hash,request_count,5000.0,14,False,5000,79249920,705,7.092198581560283,0.201,0.14042553191489363,0.14123563972838504,1.1298851178270803,3066.5704834580615,2714.055115050533,1.6304859213154883,1.8422617773209462,0.8850457309528363,0.11495426904716366,0.11495426904716359
hash_seed_2,Hash seed 2,randomized_hash,request_count,5000.0,15,False,5000,66673664,708,7.062146892655368,0.1522,0.12994350282485875,0.13335038669376714,1.0668030935501371,2946.6141838776093,2762.097524550463,1.696862801841342,1.810218486334497,0.9373801088935467,0.06261989110645327,0.06261989110645325
hash_seed_2,Hash seed 2,randomized_hash,request_count,5000.0,16,False,5000,81592320,694,7.204610951008646,0.219,0.1440922190201729,0.1456758798609963,1.1654070388879705,3141.896974555937,2695.965332038779,1.5913952750492972,1.8546232551955086,0.8580692982206444,0.14193070177935563,0.14193070177935557
hash_seed_2,Hash seed 2,randomized_hash,request_count,5000.0,17,False,5000,111870976,466,10.729613733905579,0.204,0.15450643776824036,0.15141595922107198,1.2113276737685759,2190.1543987577634,1808.0610607565402,2.282944071356776,2.765393331300365,0.8255404558610374,0.17445954413896259,0.1744595441389626
hash_seed_2,Hash seed 2,randomized_hash,request_count,5000.0,18,False,5000,112221184,331,15.105740181268882,0.1856,0.14501510574018128,0.14280157389843362,1.142412591187469,1476.0726881515375,1292.0661935433056,3.387367058638163,3.869770778761899,0.8753404923177189,0.12465950768228107,0.12465950768228105
hash_seed_2,Hash seed 2,randomized_hash,request_count,5000.0,19,False,5000,55542784,356,14.044943820224718,0.1752,0.14606741573033707,0.1481486556666683,1.1851892453333464,1627.9331316107127,1373.5638743100815,3.0713792249273104,3.640165625724117,0.8437471095333303,0.15625289046666968,0.15625289046666968
hash_seed_2,Hash seed 2,randomized_hash,request_count,5000.0,20,False,5000,124009984,365,13.698630136986301,0.2516,0.15616438356164383,0.14912311693425515,1.1929849354740412,1690.5891471497619,1417.1085458660834,2.957548857112752,3.5283112324639805,0.8382335520461898,0.16176644795381023,0.16176644795381026
hash_seed_2,Hash seed 2,randomized_hash,request_count,5000.0,21,False,5000,174182400,516,9.689922480620154,0.2038,0.14728682170542637,0.1467507554432983,1.1740060435463864,2359.815686003524,2010.0541210802423,2.118809545023311,2.487495210981136,0.851784371551652,0.148215628448348,0.14821562844834804
hash_seed_2,Hash seed 2,randomized_hash,request_count,5000.0,22,False,5000,112900608,661,7.564296520423601,0.1938,0.14977307110438728,0.14926682547487366,1.1941346037989893,3081.3167600079305,2580.376408325417,1.6226828948242022,1.9377017957022955,0.837426531999513,0.162573468000487,0.16257346800048703
hash_seed_2,Hash seed 2,randomized_hash,request_count,5000.0,23,False,5000,116538880,732,6.830601092896175,0.1754,0.13797814207650272,0.13768100138071393,1.1014480110457114,3148.905802303592,2858.8782863333063,1.5878531508761662,1.7489376948652189,0.9078957789851589,0.09210422101484106,0.0921042210148411
hash_seed_2,Hash seed 2,randomized_hash,request_count,5000.0,24,False,5000,94137344,840,5.9523809523809526,0.19,0.14047619047619048,0.14070068207855754,1.1256054566284603,3681.6670970528544,3270.8326664305596,1.3580804206883508,1.5286627320670827,0.8884107607254429,0.1115892392745571,0.11158923927455705
hash_seed_2,Hash seed 2,randomized_hash,request_count,5000.0,25,False,5000,109406720,747,6.693440428380187,0.1762,0.13788487282463185,0.1389271041331153,1.1114168330649223,3237.977344057291,2913.377994400187,1.5441738680403605,1.7162208301190287,0.899752433335321,0.10024756666467904,0.10024756666467904
hash_seed_2,Hash seed 2,randomized_hash,request_count,5000.0,26,False,5000,68690432,786,6.361323155216285,0.1624,0.13994910941475827,0.1380006457743823,1.1040051661950585,3394.222194499792,3074.4622384313116,1.4730915401184725,1.626300670569029,0.9057928627693734,0.09420713723062657,0.09420713723062654
hash_seed_2,Hash seed 2,randomized_hash,request_count,5000.0,27,False,5000,87021568,838,5.966587112171838,0.1662,0.13961813842482101,0.1386352467473526,1.1090819739788207,3632.032095480028,3274.809419587038,1.3766398172038108,1.5268064059222455,0.9016466081515235,0.09835339184847647,0.09835339184847641
hash_seed_2,Hash seed 2,randomized_hash,request_count,5000.0,28,False,5000,39401984,792,6.313131313131313,0.2204,0.1351010101010101,0.13590531972662018,1.0872425578129614,3350.1389016788576,3081.316931171106,1.4924754306438894,1.6226828046862634,0.9197579627599808,0.08024203724001922,0.08024203724001916
hash_seed_2,Hash seed 2,randomized_hash,request_count,5000.0,29,False,5000,48270848,828,6.038647342995169,0.278,0.14492753623188406,0.14307980781112875,1.14463846248903,3686.3298339141384,3220.518927782813,1.3563626222483214,1.5525448265079076,0.8736382995775697,0.12636170042243033,0.12636170042243022
hash_seed_2,Hash seed 2,randomized_hash,request_count,5000.0,30,False,5000,35755008,285,17.54385964912281,0.2386,0.14736842105263157,0.15495546066017965,1.2396436852814372,1379.6860181767333,1112.9698271834477,3.6240129523147173,4.492484771715077,0.8066834138496575,0.19331658615034253,0.1933165861503426
hash_seed_2,Hash seed 2,randomized_hash,request_count,5000.0,31,False,5000,47288320,330,15.151515151515152,0.1956,0.1484848484848485,0.1488757062059502,1.1910056496476016,1542.6008274532633,1295.2086565749648,3.2412792156054295,3.8603818578714133,0.8396265796857328,0.16037342031426716,0.1603734203142671
hash_seed_2,Hash seed 2,randomized_hash,request_count,5000.0,32,False,5000,118990848,673,7.429420505200595,0.2272,0.150074294205052,0.15044137677843383,1.2035310142274707,3177.7735895425585,2640.3753222614923,1.5734286471679537,1.8936701755406045,0.8308884342643099,0.16911156573569008,0.16911156573569008
hash_seed_2,Hash seed 2,randomized_hash,request_count,5000.0,33,False,5000,44438528,360,13.88888888888889,0.2746,0.13333333333333333,0.13652553163612324,1.092204253088986,1520.316307715847,1391.9706899291677,3.288789296427464,3.5920296570716093,0.9155796611959599,0.0844203388040401,0.08442033880404018
hash_seed_2,Hash seed 2,randomized_hash,request_count,5000.0,34,False,5000,36884992,180,27.77777777777778,0.3398,0.16666666666666666,0.16708228151122875,1.33665825208983,964.0009456479813,721.2022550571855,5.186716903725758,6.932867950618846,0.7481343854620479,0.2518656145379521,0.2518656145379521
hash_seed_2,Hash seed 2,randomized_hash,request_count,5000.0,35,False,5000,30553600,147,34.01360544217687,0.285,0.1836734693877551,0.19303049824613805,1.5442439859691044,901.7135488156596,583.9190937498008,5.544998194345827,8.562830113828086,0.6475660640973394,0.3524339359026606,0.3524339359026606
hash_seed_2,Hash seed 2,randomized_hash,request_count,5000.0,36,False,5000,86471168,316,15.822784810126583,0.2656,0.16772151898734178,0.16566533187512864,1.325322655001029,1648.5239980106599,1243.866157263704,3.0330162048194027,4.019725089232396,0.7545332423214508,0.2454667576785492,0.24546675767854922
hash_seed_2,Hash seed 2,randomized_hash,request_count,5000.0,37,False,5000,108463104,628,7.961783439490445,0.1856,0.14331210191082802,0.1388832718678997,1.1110661749431976,2712.9671238397887,2441.7691628300063,1.8430005863555277,2.047695611900106,0.9000363997681096,0.09996360023189044,0.09996360023189049
hash_seed_2,Hash seed 2,randomized_hash,request_count,5000.0,38,False,5000,74446848,484,10.330578512396695,0.2106,0.14669421487603307,0.14800060402136547,1.1840048321709238,2249.1979384203537,1899.652668052336,2.223014664290319,2.6320601045065617,0.8445911476277144,0.15540885237228563,0.15540885237228555
hash_seed_2,Hash seed 2,randomized_hash,request_count,5000.0,39,False,5000,33530368,341,14.662756598240469,0.3168,0.15835777126099707,0.1595704823099834,1.2765638584798673,1719.1970623073335,1346.7380036550258,2.9083344251935275,3.712674615574877,0.7833528995492636,0.21664710045073643,0.21664710045073635
hash_seed_2,Hash seed 2,randomized_hash,request_count,5000.0,40,False,5000,73317376,706,7.0821529745042495,0.19,0.14305949008498584,0.14241562374709602,1.1393249899767681,3135.8872790530363,2752.4080544542253,1.5944450661217267,1.8165911089776436,0.8777126884756481,0.1222873115243519,0.12228731152435195
hash_seed_2,Hash seed 2,randomized_hash,request_count,5000.0,41,False,5000,85826048,823,6.075334143377885,0.2078,0.1445929526123937,0.14485476669880404,1.1588381335904323,3689.3540188492434,3183.6663912832287,1.3552508039224611,1.5705163121644377,0.8629332872415033,0.1370667127584967,0.13706671275849672
hash_seed_2,Hash seed 2,randomized_hash,request_count,5000.0,42,False,5000,125619712,959,5.213764337851929,0.2022,0.13764337851929093,0.13742222818458055,1.0993778254766444,4089.8127787470185,3720.115763635533,1.2225498501992142,1.3440441958488096,0.9096053939112713,0.09039460608872874,0.09039460608872868
hash_seed_2,Hash seed 2,randomized_hash,request_count,5000.0,43,False,5000,163280896,696,7.183908045977011,0.1722,0.14798850574712644,0.1496676471155907,1.1973411769247255,3246.387475400231,2711.330352588655,1.5401735122156281,1.8441131657845482,0.8351838383846613,0.16481616161533874,0.16481616161533874
hash_seed_2,Hash seed 2,randomized_hash,request_count,5000.0,44,False,5000,138666496,1061,4.71253534401508,0.2588,0.14326107445805844,0.1456055587209938,1.1648444697679503,4863.20013863213,4174.978089221587,1.0281295972750872,1.1976110755906353,0.8584837083007407,0.14151629169925928,0.1415162916992594
hash_seed_2,Hash seed 2,randomized_hash,request_count,5000.0,45,False,5000,90707456,854,5.85480093676815,0.2162,0.15105386416861827,0.1475916001018609,1.1807328008148872,3927.782258118474,3326.563177890629,1.272982989234019,1.5030527702679906,0.8469316676134061,0.1530683323865939,0.15306833238659392
hash_seed_2,Hash seed 2,randomized_hash,request_count,5000.0,46,False,5000,68132864,525,9.523809523809524,0.193,0.14476190476190476,0.14413329459347754,1.1530663567478203,2392.2682971941304,2074.7013241644063,2.0900665723257106,2.4099854479120113,0.8672527770391828,0.1327472229608172,0.13274722296081734
hash_seed_2,Hash seed 2,randomized_hash,request_count,5000.0,47,False,5000,71943168,515,9.70873786407767,0.1878,0.1436893203883495,0.14357772225996218,1.1486217780796975,2305.3665858027202,2007.0719794786633,2.1688524639819997,2.4911911735715377,0.8706086016163056,0.1293913983836944,0.12939139838369432
hash_seed_2,Hash seed 2,randomized_hash,request_count,5000.0,48,False,5000,95191552,587,8.517887563884157,0.2,0.13969335604770017,0.14122899560164234,1.1298319648131387,2609.1505632402623,2309.3262046907885,1.9163324916713813,2.165133704300335,0.8850873679834226,0.11491263201657742,0.11491263201657735
hash_seed_2,Hash seed 2,randomized_hash,request_count,5000.0,49,False,5000,167976960,421,11.876484560570072,0.268,0.14489311163895488,0.14596224768841537,1.167697981507323,1928.091086099303,1651.1898766926245,2.593238481339301,3.0281193402270175,0.8563858256474417,0.1436141743525583,0.1436141743525582
hash_seed_2,Hash seed 2,randomized_hash,request_count,5000.0,50,False,5000,65021440,226,22.123893805309734,0.3196,0.1415929203539823,0.14441818796997413,1.155345503759793,1030.1070555393467,891.6008693391819,4.8538644339078765,5.607890449575038,0.8655419497853598,0.1344580502146402,0.1344580502146403
hash_seed_2,Hash seed 2,randomized_hash,request_count,5000.0,51,False,5000,117344768,383,13.054830287206267,0.1872,0.1671018276762402,0.1706111374583004,1.3648890996664031,2085.235176152335,1527.7689422986775,2.397811075308049,3.2727461997473335,0.7326602580710865,0.2673397419289135,0.2673397419289134
hash_seed_2,Hash seed 2,randomized_hash,request_count,5000.0,52,False,5000,121467904,740,6.756756756756757,0.1636,0.14594594594594595,0.14218591504815742,1.1374873203852593,3303.9638362818814,2904.615969840306,1.5133337553799482,1.721397958255699,0.8791306787150002,0.12086932128499983,0.1208693212849998
hash_seed_2,Hash seed 2,randomized_hash,request_count,5000.0,53,False,5000,146289152,621,8.051529790660226,0.2194,0.16908212560386474,0.17204689179955215,1.3763751343964172,3351.432804377278,2434.9704674423547,1.491899223958643,2.053412994881988,0.7265461101478926,0.2734538898521074,0.27345388985210733
hash_seed_2,Hash seed 2,randomized_hash,request_count,5000.0,54,False,5000,96331776,681,7.342143906020558,0.33,0.15859030837004406,0.1606576042307311,1.2852608338458489,3430.6059680298017,2669.190469116295,1.4574684608478956,1.8732271292933922,0.7780521849465598,0.2219478150534402,0.22194781505344024
hash_seed_2,Hash seed 2,randomized_hash,request_count,5000.0,55,False,5000,174883328,808,6.188118811881188,0.2068,0.14232673267326731,0.14116186642952663,1.129294931436213,3540.8538011760384,3135.4553204917484,1.412088801390029,1.594664726147597,0.8855082690650364,0.11449173093496356,0.11449173093496358
hash_seed_2,Hash seed 2,randomized_hash,request_count,5000.0,56,False,5000,111398912,670,7.462686567164179,0.165,0.1417910447761194,0.1428950903981798,1.1431607231854384,3007.7053343617645,2631.043276207687,1.6623968920349708,1.9003868333199223,0.8747676330354333,0.12523236696456674,0.12523236696456674
hash_seed_2,Hash seed 2,randomized_hash,request_count,5000.0,57,False,5000,132835328,515,9.70873786407767,0.2382,0.13980582524271845,0.14380716962391743,1.1504573569913394,2293.494350467701,1993.550075133264,2.180079492666016,2.5080884911635652,0.8692195272801648,0.13078047271983517,0.13078047271983512
hash_seed_2,Hash seed 2,randomized_hash,request_count,5000.0,58,False,5000,229708800,518,9.652509652509652,0.2112,0.14671814671814673,0.14929074580223323,1.1943259664178658,2414.261677019273,2021.4428429956627,2.0710265368471426,2.4734807700970096,0.8372923541127498,0.16270764588725017,0.1627076458872501
hash_seed_2,Hash seed 2,randomized_hash,request_count,5000.0,59,False,5000,161638912,636,7.861635220125786,0.2136,0.13679245283018868,0.13718697757246603,1.0974958205797283,2748.5642437387255,2504.3960917198356,1.8191315743810907,1.9964892999678683,0.9111652010408311,0.0888347989591689,0.08883479895916896
hash_seed_2,Hash seed 2,randomized_hash,request_count,5000.0,60,False,5000,156919808,486,10.2880658436214,0.256,0.15432098765432098,0.15045839072488468,1.2036671257990774,2264.0150366669945,1880.931187818214,2.2084658975414,2.658257799318937,0.8307944767837128,0.16920552321628723,0.1692055232162872
hash_seed_2,Hash seed 2,randomized_hash,request_count,5000.0,61,False,5000,136565248,384,13.020833333333334,0.2364,0.13802083333333334,0.13683122579694496,1.0946498063755596,1635.164154338375,1493.7783250996824,3.0577969720863374,3.3472168634300816,0.9135341678916019,0.08646583210839809,0.08646583210839806
hash_seed_2,Hash seed 2,randomized_hash,request_count,5000.0,62,False,5000,141972992,529,9.45179584120983,0.1796,0.14744801512287334,0.1462984209536466,1.1703873676291727,2377.1811330315427,2031.1062805188549,2.1033315175371854,2.4617126380618193,0.8544179710566063,0.14558202894339367,0.14558202894339384
hash_seed_2,Hash seed 2,randomized_hash,request_count,5000.0,63,False,5000,124154368,311,16.077170418006432,0.189,0.1607717041800643,0.16859565967387075,1.348765277390966,1616.3194325731095,1198.369693872678,3.093447928198339,4.172335152970941,0.7414188493452227,0.25858115065477727,0.2585811506547773
hash_seed_2,Hash seed 2,randomized_hash,request_count,5000.0,64,False,5000,139842560,312,16.025641025641026,0.1804,0.15064102564102563,0.15249308283915322,1.2199446627132258,1484.5459870224115,1216.8961694710788,3.368033084666253,4.1088139854801575,0.8197093118764449,0.1802906881235551,0.180290688123555
hash_seed_2,Hash seed 2,randomized_hash,request_count,5000.0,65,False,5000,204763136,409,12.224938875305623,0.1902,0.1393643031784841,0.1399602483545187,1.1196819868361496,1791.5823738201075,1600.081447128149,2.7908289750243154,3.1248409316751204,0.893110733008815,0.10688926699118495,0.10688926699118502
hash_seed_2,Hash seed 2,randomized_hash,request_count,5000.0,66,False,5000,146511360,439,11.389521640091116,0.2148,0.1548974943052392,0.15635345493950528,1.2508276395160423,2153.891405722146,1721.9729862665235,2.321379799704259,2.903646015284301,0.7994706611911055,0.20052933880889445,0.20052933880889456
hash_seed_2,Hash seed 2,randomized_hash,request_count,5000.0,67,False,5000,138295808,505,9.900990099009901,0.2782,0.1504950495049505,0.15155602246273772,1.2124481797019018,2382.4641572438204,1965.002873631749,2.0986674594023293,2.544525540951969,0.8247775177046038,0.17522248229539616,0.17522248229539622
hash_seed_2,Hash seed 2,randomized_hash,request_count,5000.0,68,False,5000,167005696,463,10.799136069114471,0.2802,0.14038876889848811,0.1392667659496777,1.1141341275974217,2020.4965586629053,1813.512851473289,2.4746392061705995,2.7570799930852568,0.897558000630008,0.10244199936999199,0.10244199936999199
hash_seed_2,Hash seed 2,randomized_hash,request_count,5000.0,69,False,5000,144917504,480,10.416666666666666,0.2092,0.13958333333333334,0.13337761955954508,1.0670209564763606,1974.3684172840458,1850.3558016367665,2.5324554202898124,2.70218300479138,0.937188715863946,0.06281128413605397,0.06281128413605393
hash_seed_2,Hash seed 2,randomized_hash,request_count,5000.0,70,False,5000,125676544,286,17.482517482517483,0.2552,0.15734265734265734,0.15919701836467906,1.2735761469174325,1426.9283075000037,1120.4106726980913,3.5040302821941087,4.462649385478777,0.7851905851255168,0.21480941487448324,0.2148094148744832
hash_seed_2,Hash seed 2,randomized_hash,request_count,5000.0,71,False,5000,125376512,502,9.9601593625498,0.1796,0.1454183266932271,0.1423342451168106,1.1386739609344847,2222.834013658855,1952.1250945570266,2.24938073165879,2.5613112673676235,0.8782145146968339,0.12178548530316613,0.12178548530316616
hash_seed_2,Hash seed 2,randomized_hash,request_count,5000.0,72,False,5000,105510400,366,13.66120218579235,0.2818,0.14207650273224043,0.14290834266670624,1.14326674133365,1608.6905895443674,1407.0999631002899,3.1081178894793933,3.5534078111859273,0.874686513519561,0.12531348648043905,0.125313486480439
hash_seed_2,Hash seed 2,randomized_hash,request_count,5000.0,73,False,5000,106253312,148,33.78378378378378,0.3812,0.18243243243243243,0.17990741859169695,1.4392593487335756,849.3381979293239,590.1217168932537,5.886936454983349,8.472828328235279,0.6948018096112518,0.3051981903887482,0.3051981903887483
hash_seed_2,Hash seed 2,randomized_hash,request_count,5000.0,74,False,5000,121377280,574,8.710801393728223,0.3028,0.1445993031358885,0.15007258879165328,1.2005807103332262,2691.908507209257,2242.17204561125,1.8574182542272124,2.2299805270460076,0.8329302573272611,0.16706974267273889,0.16706974267273889
hash_seed_2,Hash seed 2,randomized_hash,request_count,5000.0,75,False,5000,209009664,743,6.7294751009421265,0.1668,0.13997308209959622,0.14153693746674822,1.1322954997339858,3294.617834847867,2909.6802341984785,1.5176267022881824,1.7184018852770384,0.8831616837079487,0.11683831629205133,0.11683831629205135
hash_seed_2,Hash seed 2,randomized_hash,request_count,5000.0,76,False,5000,152879104,841,5.945303210463734,0.1722,0.13793103448275862,0.13907279081042406,1.1125823264833925,3690.023162296922,3316.6293176345926,1.3550050447075404,1.5075546650374487,0.89880989136396,0.10119010863604005,0.10119010863603996
hash_seed_2,Hash seed 2,randomized_hash,request_count,5000.0,77,False,5000,144356352,761,6.570302233902759,0.1522,0.14586070959264127,0.1454631548873969,1.1637052390991751,3478.7927319114788,2989.410561221168,1.4372802248706176,1.6725705277355782,0.8593241367325118,0.14067586326748815,0.14067586326748818
hash_seed_2,Hash seed 2,randomized_hash,request_count,5000.0,78,False,5000,129148416,574,8.710801393728223,0.1596,0.13240418118466898,0.13219025683352945,1.0575220546682356,2370.152153403067,2241.2318900967302,2.109569207538425,2.230915962820877,0.9456067564602411,0.05439324353975894,0.05439324353975884
hash_seed_2,Hash seed 2,randomized_hash,request_count,5000.0,79,False,5000,163935744,635,7.874015748031496,0.2166,0.14645669291338584,0.1469913176981541,1.1759305415852328,2928.1145986186525,2490.040436122493,1.7075834403335055,2.0079995197933544,0.8503903628967177,0.14960963710328234,0.1496096371032823
hash_seed_2,Hash seed 2,randomized_hash,request_count,5000.0,80,False,5000,149628416,701,7.132667617689016,0.177,0.1369472182596291,0.13660407119700452,1.0928325695760361,2988.6713602850223,2734.793456461932,1.6729842117947562,1.828291635035803,0.9150532550360844,0.08494674496391563,0.08494674496391559
hash_seed_2,Hash seed 2,randomized_hash,request_count,5000.0,81,False,5000,242783744,642,7.788161993769471,0.1974,0.14018691588785046,0.13866527339443221,1.1093221871554577,2782.0103542582465,2507.847031701334,1.7972614632245412,1.9937420172744664,0.9014513651477722,0.09854863485222776,0.09854863485222772
hash_seed_2,Hash seed 2,randomized_hash,request_count,5000.0,82,False,5000,98750464,324,15.432098765432098,0.3138,0.1697530864197531,0.17382082963194784,1.3905666370555827,1775.2496494039683,1276.6375965720867,2.8165052738800576,3.9165382669487045,0.7191313047157687,0.2808686952842313,0.28086869528423125
hash_seed_2,Hash seed 2,randomized_hash,request_count,5000.0,83,False,5000,134159360,943,5.302226935312832,0.1872,0.1378579003181336,0.13762005794714469,1.1009604635771575,4096.301706537935,3720.6619511372296,1.2206132160674859,1.3438468922100644,0.9082978300155081,0.09170216998449188,0.09170216998449185
hash_seed_2,Hash seed 2,randomized_hash,request_count,5000.0,84,False,5000,143817216,643,7.776049766718507,0.2018,0.14930015552099535,0.14700298711349868,1.1760238969079895,2943.640748531871,2503.0450114757978,1.6985768397497996,1.997566954280217,0.8503228570688123,0.14967714293118772,0.1496771429311877
hash_seed_2,Hash seed 2,randomized_hash,request_count,5000.0,85,False,5000,137756672,395,12.658227848101266,0.1666,0.16455696202531644,0.1612498644280217,1.2899989154241736,2018.9406935345758,1565.0716209096297,2.4765462482439045,3.194741974232443,0.7751944501993498,0.22480554980065015,0.22480554980065007
hash_seed_2,Hash seed 2,randomized_hash,request_count,5000.0,86,False,5000,226083328,523,9.560229445506693,0.1532,0.1491395793499044,0.1529895660516142,1.2239165284129137,2490.8831150541655,2035.174014917637,2.007320202935846,2.456792374190346,0.8170491833268463,0.18295081667315372,0.1829508166731537
hash_seed_2,Hash seed 2,randomized_hash,request_count,5000.0,87,False,5000,145024000,470,10.638297872340425,0.1916,0.15319148936170213,0.15299516416372358,1.2239613133097886,2236.638491521841,1827.376786504477,2.235497609002485,2.736162589415574,0.8170192873954806,0.18298071260451942,0.18298071260451948
hash_seed_2,Hash seed 2,randomized_hash,request_count,5000.0,88,False,5000,93749248,253,19.76284584980237,0.3274,0.15810276679841898,0.1621971495809269,1.2975771966474152,1275.667224144337,983.1147059614738,3.91951749278013,5.085876520492147,0.770667057485078,0.22933294251492198,0.22933294251492195
hash_seed_2,Hash seed 2,randomized_hash,request_count,5000.0,89,False,5000,184436224,646,7.739938080495356,0.2,0.15479876160990713,0.15409080291175872,1.2327264232940698,3124.445610561457,2534.581519078961,1.6002838977573077,1.9727122455374586,0.8112099985070635,0.18879000149293645,0.1887900014929365
hash_seed_2,Hash seed 2,randomized_hash,request_count,5000.0,90,False,5000,163142656,772,6.476683937823834,0.1714,0.1411917098445596,0.14004466570889454,1.1203573256711563,3347.7108677181996,2988.074242932035,1.4935578959983487,1.6733185300957487,0.8925723758720857,0.10742762412791429,0.10742762412791435
hash_seed_2,Hash seed 2,randomized_hash,request_count,5000.0,91,False,5000,168001536,774,6.459948320413437,0.1954,0.14857881136950904,0.14813447430186455,1.1850757944149164,3592.7132879704027,3031.6316516650822,1.3917058220987633,1.6492768827155562,0.843827884016237,0.15617211598376302,0.15617211598376304
hash_seed_2,Hash seed 2,randomized_hash,request_count,5000.0,92,False,5000,155715584,798,6.265664160401003,0.1558,0.14411027568922305,0.14567206961646043,1.1653765569316834,3632.726201728705,3117.212355200708,1.3763767821589887,1.603997235433152,0.8580917421514785,0.14190825784852146,0.14190825784852146
hash_seed_2,Hash seed 2,randomized_hash,request_count,5000.0,93,False,5000,244248576,868,5.76036866359447,0.1846,0.15207373271889402,0.1551453476401155,1.241162781120924,4170.28975353993,3359.986149257264,1.1989574575137794,1.4881013724134744,0.8056960901590007,0.19430390984099932,0.1943039098409993
hash_seed_2,Hash seed 2,randomized_hash,request_count,5000.0,94,False,5000,198525952,852,5.868544600938967,0.1672,0.13262910798122066,0.13410045876501742,1.0728036701201393,3534.3799778056004,3294.5263669817596,1.4146752843208337,1.5176688370476419,0.9321370049824809,0.06786299501751913,0.06786299501751915
hash_seed_2,Hash seed 2,randomized_hash,request_count,5000.0,95,False,5000,164614656,655,7.633587786259542,0.1782,0.13435114503816795,0.14040955936359673,1.1232764749087738,2862.0296572253596,2547.9298473314843,1.7470119456579392,1.962377419942168,0.8902527759973025,0.10974722400269754,0.10974722400269758
hash_seed_2,Hash seed 2,randomized_hash,request_count,5000.0,96,False,5000,140496384,739,6.7658998646820026,0.1662,0.14884979702300405,0.15184172401451682,1.2147337921161345,3485.802035210616,2869.6016014654147,1.4343901201199152,1.7424021499871822,0.8232256371644554,0.1767743628355446,0.17677436283554462
hash_seed_2,Hash seed 2,randomized_hash,request_count,5000.0,97,False,5000,120379904,840,5.9523809523809526,0.1704,0.14047619047619048,0.1383708536370133,1.1069668290961063,3624.380140761494,3274.1542433760023,1.3795462412365729,1.527111928253101,0.9033694359356279,0.0966305640643721,0.09663056406437219
hash_seed_2,Hash seed 2,randomized_hash,request_count,5000.0,98,False,5000,96649216,701,7.132667617689016,0.1774,0.1355206847360913,0.13673602422130188,1.093888193770415,3007.928273285539,2749.758421761376,1.662273679996543,1.8183415533635192,0.9141702101685538,0.08582978983144618,0.08582978983144625
hash_seed_2,Hash seed 2,randomized_hash,request_count,5000.0,99,False,5000,165388800,315,15.873015873015873,0.2628,0.1492063492063492,0.15139053533471544,1.2111242826777235,1478.8035843127968,1221.0172031587463,3.3811116317543353,4.094946399661777,0.8256790936344366,0.1743209063655634,0.17432090636556338
hash_seed_2,Hash seed 2,randomized_hash,request_count,5000.0,100,False,5000,115799040,463,10.799136069114471,0.243,0.1468682505399568,0.1462776356627586,1.1702210853020687,2118.5881942222795,1810.4170407042436,2.360062240333341,2.761794596263314,0.8545393794044228,0.14546062059557718,0.14546062059557716
hash_seed_2,Hash seed 2,randomized_hash,request_count,5000.0,101,False,5000,140165120,1049,4.7664442326024785,0.1702,0.14299332697807435,0.14348881574803973,1.1479105259843179,4706.732066684707,4100.260394989189,1.062308185203723,1.2194347476346519,0.8711480358127333,0.12885196418726674,0.1288519641872668
hash_seed_2,Hash seed 2,randomized_hash,request_count,5000.0,102,False,5000,78791168,397,12.594458438287154,0.2476,0.16120906801007556,0.1572769487910831,1.2582155903286647,1938.8183889309082,1540.9270111050364,2.578890332661364,3.244800022302405,0.7947763544551097,0.20522364554489025,0.20522364554489023
hash_seed_2,Hash seed 2,randomized_hash,request_count,5000.0,103,False,5000,183373312,513,9.746588693957115,0.167,0.14814814814814814,0.14945825446563352,1.1956660357250681,2397.0904986496425,2004.8160832769781,2.085862007636616,2.4939943577404042,0.836353940081259,0.16364605991874104,0.16364605991874112
hash_seed_2,Hash seed 2,randomized_hash,request_count,5000.0,104,False,5000,70089216,532,9.398496240601503,0.3572,0.15413533834586465,0.15080756995343444,1.2064605596274756,2449.103160483841,2029.9902395815257,2.0415636550859735,2.4630660298301383,0.8288708586617821,0.17112914133821788,0.17112914133821783
hash_seed_2,Hash seed 2,randomized_hash,request_count,5000.0,105,False,5000,91448320,499,10.02004008016032,0.2072,0.14428857715430862,0.14618537373282284,1.1694829898625827,2261.0088652786635,1933.3405315662933,2.211402209333559,2.5861972675601317,0.8550787045799636,0.1449212954200364,0.1449212954200363
hash_seed_2,Hash seed 2,randomized_hash,request_count,5000.0,106,False,5000,41154048,289,17.301038062283737,0.2644,0.14878892733564014,0.14573764231180544,1.1659011384944435,1337.8491351106327,1147.4807691141204,3.7373421776637974,4.357371499881524,0.8577056552936592,0.14229434470634084,0.14229434470634078
hash_seed_2,Hash seed 2,randomized_hash,request_count,5000.0,107,False,5000,227659776,478,10.460251046025105,0.1954,0.14225941422594143,0.13880910203433797,1.1104728162747037,2106.893011550189,1897.2936398552915,2.373162743712909,2.635332715489077,0.900517315997607,0.09948268400239302,0.09948268400239291
hash_seed_2,Hash seed 2,randomized_hash,request_count,5000.0,108,False,5000,149084160,784,6.377551020408164,0.1676,0.14030612244897958,0.14219390314752145,1.1375512251801716,3523.8127543730375,3097.7178665645733,1.4189176180814431,1.6140914748782764,0.8790812913428268,0.12091870865717325,0.12091870865717314
hash_seed_2,Hash seed 2,randomized_hash,request_count,5000.0,109,False,5000,150497792,685,7.299270072992701,0.19,0.1416058394160584,0.13963835916043493,1.1171068732834795,3027.115978320291,2709.7818934931247,1.6517371768406566,1.8451669531065475,0.8951694989224525,0.10483050107754754,0.10483050107754746
hash_seed_2,Hash seed 2,randomized_hash,request_count,5000.0,110,False,5000,163380224,790,6.329113924050633,0.1646,0.14810126582278482,0.15110480063045406,1.2088384050436325,3730.652910593821,3086.1469118026284,1.3402479726274328,1.6201432215939078,0.8272404283547771,0.17275957164522293,0.17275957164522293
hash_seed_2,Hash seed 2,randomized_hash,request_count,5000.0,111,False,5000,105788928,197,25.380710659898476,0.1708,0.20304568527918782,0.19591556037833247,1.5673244830266597,1187.9136416793867,757.9245105553427,4.209060174552218,6.5969630621081565,0.6380299745390952,0.36197002546090484,0.361970025460905
hash_seed_2,Hash seed 2,randomized_hash,request_count,5000.0,112,False,5000,110579200,257,19.455252918287936,0.234,0.15953307392996108,0.16272750774198938,1.301820061935915,1294.4403227883706,994.3312141490813,3.86267324339019,5.028505520948419,0.7681553151922675,0.23184468480773246,0.2318446848077325
hash_seed_2,Hash seed 2,randomized_hash,request_count,5000.0,113,False,5000,93275136,281,17.793594306049823,0.2,0.1423487544483986,0.13741075275942202,1.0992860220753762,1189.791395889236,1082.3310512426892,4.202417345826459,4.619658647194128,0.9096813567337726,0.0903186432662274,0.09031864326622743
hash_seed_2,Hash seed 2,randomized_hash,request_count,5000.0,114,False,5000,111938048,160,31.25,0.2658,0.18125,0.18308043227768248,1.4646434582214598,908.8617516865368,620.5344697269752,5.501386751859354,8.05757011725701,0.6827600221656103,0.31723997783438973,0.31723997783438973
hash_seed_2,Hash seed 2,randomized_hash,request_count,5000.0,115,False,5000,109698048,283,17.6678445229682,0.3138,0.1413427561837456,0.14070283494652344,1.1256226795721875,1230.2268269530718,1092.9300282228153,4.064291145709774,4.574858289995351,0.8883971673172644,0.11160283268273563,0.11160283268273574
hash_seed_2,Hash seed 2,randomized_hash,request_count,5000.0,116,False,5000,117343744,284,17.6056338028169,0.2282,0.1443661971830986,0.14872260607288987,1.189780848583119,1314.097598244425,1104.4870992917324,3.804892427076782,4.526988140654897,0.8404909199798228,0.15950908002017716,0.1595090800201771
hash_seed_2,Hash seed 2,randomized_hash,request_count,5000.0,117,False,5000,133413376,365,13.698630136986301,0.2562,0.16712328767123288,0.16419675124082891,1.3135740099266313,1844.0045184605067,1403.8070976781141,2.7114901020819193,3.561742926268118,0.7612818101173106,0.23871818988268945,0.23871818988268945
hash_seed_2,Hash seed 2,randomized_hash,request_count,5000.0,118,False,5000,90357248,363,13.774104683195592,0.265,0.14325068870523416,0.13953739522126757,1.1162991617701405,1594.3828559285344,1428.2756007809642,3.1360096362100602,3.500724928204374,0.8958172094425633,0.10418279055743673,0.10418279055743665
hash_seed_2,Hash seed 2,randomized_hash,request_count,5000.0,119,False,5000,115283456,533,9.380863039399625,0.209,0.13320825515947468,0.13623509402053224,1.089880752164258,2260.8837853203477,2074.4322540156263,2.2115245517989077,2.410298041944317,0.9175315721598212,0.08246842784017883,0.08246842784017878
hash_seed_2,Hash seed 2,randomized_hash,request_count,5000.0,120,False,5000,142369792,561,8.9126559714795,0.208,0.13903743315508021,0.14156903262852275,1.132552261028182,2455.658646369394,2168.2519481617883,2.03611361350745,2.3060050766881246,0.8829614618332534,0.11703853816674659,0.1170385381667466
hash_seed_2,Hash seed 2,randomized_hash,request_count,5000.0,121,False,5000,155637248,677,7.385524372230428,0.2082,0.14180206794682423,0.1392912005643984,1.1143296045151871,2919.216644812625,2619.7066226941824,1.712788260811295,1.9086106652881056,0.8974005500240401,0.10259944997595993,0.10259944997595993
hash_seed_2,Hash seed 2,randomized_hash,request_count,5000.0,122,False,5000,178986496,728,6.868131868131868,0.146,0.13186813186813187,0.13225100436754086,1.058008034940327,2987.120991637693,2823.344334815161,1.6738525202016485,1.7709494156784602,0.9451724060454808,0.054827593954519194,0.054827593954519145
hash_seed_2,Hash seed 2,randomized_hash,request_count,5000.0,123,False,5000,158013440,770,6.4935064935064934,0.2374,0.14415584415584415,0.14675668834211794,1.1740535067369435,3530.900003290713,3007.443854159741,1.416069556016914,1.6625414280250845,0.8517499366611563,0.14825006333884372,0.14825006333884377
hash_seed_2,Hash seed 2,randomized_hash,request_count,5000.0,124,False,5000,117901312,593,8.431703204047217,0.1762,0.16020236087689713,0.160942929783193,1.287543438265544,3012.2200598332943,2339.5094645436357,1.6599052860290413,2.137200159168983,0.7766728253821905,0.2233271746178095,0.2233271746178095
hash_seed_2,Hash seed 2,randomized_hash,request_count,5000.0,125,False,5000,63754240,233,21.459227467811157,0.2442,0.15450643776824036,0.15172524616540953,1.2138019693232762,1085.9906060917945,894.7016346474214,4.60409139080285,5.588455197100841,0.823857618683486,0.17614238131651405,0.17614238131651402
hash_seed_2,Hash seed 2,randomized_hash,request_count,5000.0,126,False,5000,116463616,245,20.408163265306122,0.1882,0.15918367346938775,0.16056719067679603,1.2845375254143683,1232.1009151537135,959.1786076909356,4.058109152022027,5.212793487999775,0.7784902972588662,0.2215097027411338,0.2215097027411337
hash_seed_2,Hash seed 2,randomized_hash,request_count,5000.0,127,False,5000,104297472,257,19.455252918287936,0.192,0.1556420233463035,0.1514289382902791,1.2114315063222327,1207.1328172802841,996.4515624535811,4.142046283908666,5.0178053689718825,0.8254696982711679,0.1745303017288321,0.174530301728832
hash_seed_2,Hash seed 2,randomized_hash,request_count,5000.0,128,False,5000,92386304,371,13.477088948787062,0.227,0.15363881401617252,0.15682963588648519,1.2546370870918815,1834.3708856741803,1462.0729010379102,2.7257301339921596,3.4198021155104867,0.7970432328904737,0.20295676710952626,0.20295676710952626
hash_seed_2,Hash seed 2,randomized_hash,request_count,5000.0,129,False,5000,84128768,413,12.106537530266344,0.2444,0.15012106537530268,0.1511770278436522,1.2094162227492176,1948.8608773387887,1611.4062641798225,2.5656012997847273,3.1028798330661274,0.826845201172201,0.17315479882779905,0.17315479882779916
hash_seed_2,Hash seed 2,randomized_hash,request_count,5000.0,130,False,5000,108119040,434,11.52073732718894,0.1902,0.14055299539170507,0.14370775857208284,1.1496620685766628,1935.1935869244953,1683.2716672303181,2.5837208400148977,2.9704058455561597,0.869820817205919,0.13017918279408103,0.130179182794081
hash_seed_2,Hash seed 2,randomized_hash,request_count,5000.0,131,False,5000,88718848,517,9.671179883945841,0.1632,0.14893617021276595,0.15544541404951245,1.2435633123960996,2503.5196711481453,2013.182317452225,1.997188221695473,2.4836300004500984,0.8041408025082362,0.19585919749176384,0.19585919749176384
hash_seed_2,Hash seed 2,randomized_hash,request_count,5000.0,132,False,5000,123553280,809,6.180469715698393,0.18,0.138442521631644,0.13642786446460836,1.091422915716867,3459.5997978478613,3169.8068164305782,1.4452538710143257,1.577383193853544,0.9162351143627778,0.08376488563722218,0.08376488563722218
hash_seed_2,Hash seed 2,randomized_hash,request_count,5000.0,133,False,5000,279956480,614,8.143322475570033,0.162,0.14169381107491857,0.14319516726782477,1.1455613381425982,2734.775058602284,2387.2794651366476,1.8283039346407708,2.0944343018984584,0.8729344878392896,0.12706551216071038,0.12706551216071055
hash_seed_2,Hash seed 2,randomized_hash,request_count,5000.0,134,False,5000,204160512,181,27.624309392265193,0.1692,0.18232044198895028,0.18053803659399406,1.4443042927519525,1017.5767159250449,704.5445485633584,4.913634443231798,7.096783319373536,0.6923748721224232,0.3076251278775768,0.3076251278775768
hash_seed_2,Hash seed 2,randomized_hash,request_count,5000.0,135,False,5000,215689728,124,40.32258064516129,0.2184,0.18548387096774194,0.20028463040846325,1.602277043267706,765.3193782361196,477.64485015357684,6.533220172111438,10.468028700387649,0.6241117940256986,0.3758882059743014,0.3758882059743014
hash_seed_2,Hash seed 2,randomized_hash,request_count,5000.0,136,False,5000,181541376,130,38.46153846153846,0.2186,0.16153846153846155,0.15675105506743048,1.2540084405394438,636.2780015818188,507.395310120965,7.858200326853594,9.854249537324224,0.7974427983673096,0.20255720163269042,0.20255720163269042
hash_seed_2,Hash seed 2,randomized_hash,request_count,5000.0,137,False,5000,155066368,72,69.44444444444444,0.5418,0.18055555555555555,0.18161559436667765,1.4529247549334212,412.32363931542955,283.7887082007381,12.126396653612616,17.618741886175567,0.6882668882916956,0.3117331117083044,0.31173311170830453
hash_seed_2,Hash seed 2,randomized_hash,request_count,5000.0,138,False,5000,146853888,78,64.1025641025641,0.396,0.19230769230769232,0.17579008723916822,1.4063206979133458,417.91857556389067,297.17160259675126,11.96405302935765,16.825295406118528,0.7110753624573459,0.2889246375426541,0.28892463754265413
hash_seed_2,Hash seed 2,randomized_hash,request_count,5000.0,139,False,5000,133518336,130,38.46153846153846,0.275,0.17692307692307693,0.17843080786424714,1.4274464629139771,723.0531610274065,506.53609771912,6.915120864550761,9.870964818725627,0.700551667597122,0.29944833240287805,0.29944833240287805
hash_seed_2,Hash seed 2,randomized_hash,request_count,5000.0,140,False,5000,146286592,131,38.16793893129771,0.2872,0.16793893129770993,0.16962000340867134,1.3569600272693707,688.0823556796828,507.07636323254144,7.26657202982779,9.860447779749965,0.7369413836104765,0.26305861638952355,0.2630586163895235
hash_seed_2,Hash seed 2,randomized_hash,request_count,5000.0,141,False,5000,143192064,284,17.6056338028169,0.185,0.14788732394366197,0.15601635257824384,1.2481308206259507,1382.3841464962866,1107.563505084352,3.6169396275794394,4.514413825525246,0.8011980663200751,0.19880193367992494,0.19880193367992502
hash_seed_2,Hash seed 2,randomized_hash,request_count,5000.0,142,False,5000,97990144,119,42.016806722689076,0.2406,0.15966386554621848,0.1494327173802438,1.1954617390419504,560.1925775922157,468.5993363879275,8.925502050546053,10.670096203168278,0.8364968675629934,0.16350313243700665,0.16350313243700668
hash_seed_2,Hash seed 2,randomized_hash,request_count,5000.0,143,False,5000,105496064,59,84.7457627118644,0.2224,0.22033898305084745,0.23431219409123735,1.8744975527298988,436.21745685099614,232.7116705037661,11.462173100761321,21.48581542634357,0.5334762899762999,0.4665237100237001,0.46652371002370013
hash_seed_2,Hash seed 2,randomized_hash,request_count,5000.0,144,False,5000,123123200,98,51.02040816326531,0.3156,0.19387755102040816,0.2061866902228937,1.6494935217831497,630.0694668314511,381.97753341300063,7.935632915437786,13.089775085263756,0.6062466974219889,0.3937533025780111,0.39375330257801106
hash_seed_2,Hash seed 2,randomized_hash,request_count,5000.0,145,False,5000,150889472,564,8.865248226950355,0.2102,0.14184397163120568,0.14197156094206725,1.135772487536538,2494.0816655781928,2195.9342147720035,2.0047459026731067,2.276935240757717,0.8804580239207721,0.1195419760792279,0.11954197607922791
hash_seed_2,Hash seed 2,randomized_hash,request_count,5000.0,146,False,5000,188863488,421,11.876484560570072,0.1854,0.14726840855106887,0.1482857606164148,1.1862860849313184,1956.8590092741374,1649.5675319224808,2.5551150983813917,3.0310974866077616,0.8429669813229718,0.15703301867702824,0.15703301867702824
hash_seed_2,Hash seed 2,randomized_hash,request_count,5000.0,147,False,5000,174777856,481,10.395010395010395,0.2408,0.14760914760914762,0.14866527191500978,1.1893221753200782,2260.6909158530625,1900.8229752755183,2.2117132266678174,2.6304395859247576,0.8408150631941875,0.15918493680581247,0.15918493680581255
hash_seed_2,Hash seed 2,randomized_hash,request_count,5000.0,148,False,5000,162015744,383,13.054830287206267,0.2008,0.1409921671018277,0.1476151312942244,1.1809210503537952,1755.9459190587363,1486.929137669845,2.8474681057832454,3.362635026330482,0.8467966590149336,0.15320334098506638,0.15320334098506638
hash_seed_2,Hash seed 2,randomized_hash,request_count,5000.0,149,False,5000,159193088,492,10.16260162601626,0.1888,0.15040650406504066,0.148202113394567,1.185616907156536,2265.1215384354437,1910.5003688483853,2.2073870718008277,2.6171154329658197,0.8434427629733277,0.15655723702667235,0.15655723702667232
hash_seed_2,Hash seed 2,randomized_hash,request_count,5000.0,150,False,5000,160138240,416,12.01923076923077,0.2186,0.17548076923076922,0.17625941312582735,1.4100753050066188,2266.742132918478,1607.5326791910863,2.2058089128834406,3.110356675620436,0.709181982302219,0.29081801769778104,0.290818017697781
hash_seed_2,Hash seed 2,randomized_hash,request_count,5000.0,151,False,5000,106305024,247,20.242914979757085,0.2176,0.1659919028340081,0.16534877540086454,1.3227902032069163,1261.8833900747222,953.9558026779046,3.9623312576480827,5.241332969477423,0.7559777790730856,0.2440222209269144,0.24402222092691447
hash_seed_2,Hash seed 2,randomized_hash,request_count,5000.0,152,False,5000,145574912,309,16.181229773462782,0.2036,0.1553398058252427,0.1573001426744133,1.2584011413953065,1517.5531139945563,1205.937490101053,3.294777595519425,4.1461518868453275,0.7946591647963757,0.20534083520362434,0.2053408352036244
hash_seed_2,Hash seed 2,randomized_hash,request_count,5000.0,153,False,5000,159968768,418,11.961722488038278,0.1622,0.13875598086124402,0.1413227229449989,1.1305817835599912,1843.8263337271885,1630.8650648176226,2.7117521365978043,3.0658575671673627,0.884500364804381,0.11549963519561901,0.11549963519561898
hash_seed_2,Hash seed 2,randomized_hash,request_count,5000.0,154,False,5000,40487424,174,28.735632183908045,0.3516,0.16666666666666666,0.1756801982702585,1.405441586162068,943.6422046609622,671.4204374995252,5.298618454434679,7.446898725068279,0.711520144163918,0.28847985583608204,0.28847985583608204
hash_seed_2,Hash seed 2,randomized_hash,request_count,5000.0,155,False,5000,71297024,146,34.24657534246575,0.1976,0.1643835616438356,0.16329068379636058,1.3063254703708846,749.6623397542809,573.8710273645977,6.6696694429639685,8.712759072298223,0.7655060110831993,0.23449398891680073,0.23449398891680065
hash_seed_2,Hash seed 2,randomized_hash,request_count,5000.0,156,False,5000,56515072,205,24.390243902439025,0.2304,0.16097560975609757,0.16372643400242398,1.3098114720193919,1043.8147778816838,796.9198622702474,4.790121874061788,6.274156583017158,0.763468652827004,0.23653134717299595,0.23653134717299606
hash_seed_2,Hash seed 2,randomized_hash,request_count,5000.0,157,False,5000,111941632,300,16.666666666666668,0.1858,0.14666666666666667,0.14779006258815866,1.1823205007052693,1414.64084562286,1196.495235242059,3.5344660204537797,4.178871635028673,0.8457943505195819,0.15420564948041815,0.1542056494804182
hash_seed_2,Hash seed 2,randomized_hash,request_count,5000.0,158,False,5000,130848256,305,16.39344262295082,0.2024,0.14426229508196722,0.14579340850379127,1.1663472680303302,1410.3705963637847,1209.220131106878,3.5451674991601445,4.134896427355352,0.8573775816260545,0.14262241837394551,0.14262241837394551
hash_seed_2,Hash seed 2,randomized_hash,request_count,5000.0,159,False,5000,130554368,253,19.76284584980237,0.2816,0.14624505928853754,0.14455098054619264,1.1564078443695411,1166.8022427856706,1008.9885229218557,4.285216308860359,4.95545775438641,0.864746814775532,0.13525318522446805,0.1352531852244679
hash_seed_2,Hash seed 2,randomized_hash,request_count,5000.0,160,False,5000,122929152,329,15.19756838905775,0.1686,0.13069908814589665,0.13315430881220708,1.0652344704976566,1384.6162914125002,1299.8230246582564,3.611108746163392,3.8466775131288182,0.9387604585615968,0.061239541438403156,0.06123954143840312
hash_seed_2,Hash seed 2,randomized_hash,request_count,5000.0,161,False,5000,111735296,222,22.52252252252252,0.2638,0.15315315315315314,0.1484841261998255,1.187873009598604,1032.4874209240643,869.1900671040195,4.842674011006408,5.752481751959126,0.8418408297179102,0.1581591702820898,0.15815917028208978
hash_seed_2,Hash seed 2,randomized_hash,request_count,5000.0,162,False,5000,101872640,130,38.46153846153846,0.189,0.2230769230769231,0.2296420860130477,1.8371366881043816,941.8148901610757,512.6536834517585,5.308898863496271,9.753172875564655,0.5443253114888436,0.45567468851115644,0.45567468851115644
hash_seed_2,Hash seed 2,randomized_hash,request_count,5000.0,163,False,5000,129278464,196,25.510204081632654,0.1962,0.15306122448979592,0.14441963128409702,1.1553570502727761,887.1317932958325,767.8421082784612,5.636141143610943,6.5117554066033705,0.8655332996530407,0.1344667003469593,0.13446670034695926
hash_seed_2,Hash seed 2,randomized_hash,request_count,5000.0,164,False,5000,76468224,105,47.61904761904762,0.1914,0.1523809523809524,0.15570451702494909,1.2456361361995927,516.3836898129111,414.55419829773564,9.68272255425327,12.061149110372694,0.8028026571635736,0.19719734283642643,0.1971973428364264
hash_seed_2,Hash seed 2,randomized_hash,request_count,5000.0,165,False,5000,111716864,326,15.337423312883436,0.164,0.15030674846625766,0.1525550288505786,1.2204402308046287,1548.1832345476562,1268.544903282112,3.229591878031728,3.941523857029796,0.8193764633116906,0.18062353668830944,0.18062353668830944
hash_seed_2,Hash seed 2,randomized_hash,request_count,5000.0,166,False,5000,118973440,384,13.020833333333334,0.184,0.1484375,0.14949978779815654,1.1959983023852523,1811.75099568065,1514.8441198180337,2.759761143733534,3.300669642894089,0.8361215881374071,0.1638784118625929,0.1638784118625929
hash_seed_2,Hash seed 2,randomized_hash,request_count,5000.0,167,False,5000,77188608,299,16.722408026755854,0.1766,0.15719063545150502,0.1557114932254962,1.2456919458039697,1465.1531050484953,1176.176108373957,3.4126126360251643,4.251064074845401,0.8027666899255738,0.19723331007442624,0.1972333100744262
hash_seed_2,Hash seed 2,randomized_hash,request_count,5000.0,168,False,5000,99889664,199,25.12562814070352,0.1868,0.1658291457286432,0.1704210365295387,1.3633682922363095,1067.2791840155385,782.8252938645792,4.68480981816582,6.387121161244631,0.7334775245210647,0.26652247547893526,0.26652247547893515
hash_seed_2,Hash seed 2,randomized_hash,request_count,5000.0,169,False,5000,157674496,360,13.88888888888889,0.1848,0.16666666666666666,0.1683476789323417,1.3467814314587336,1882.287367965435,1397.6190375053516,2.6563425357332666,3.5775128027195713,0.7425109796152106,0.2574890203847894,0.2574890203847893
hash_seed_2,Hash seed 2,randomized_hash,request_count,5000.0,170,False,5000,172319744,374,13.368983957219251,0.1752,0.15240641711229946,0.14773115939953124,1.18184927519625,1717.86385643704,1453.5388670029715,2.910591535682182,3.4398804968383265,0.8461315846167835,0.1538684153832165,0.15386841538321644
hash_seed_2,Hash seed 2,randomized_hash,request_count,5000.0,171,False,5000,132588544,950,5.2631578947368425,0.2108,0.1463157894736842,0.14476023623848744,1.1580818899078995,4272.757268406279,3689.512206037593,1.1702045508110457,1.3551926977820803,0.8634967947556184,0.13650320524438164,0.13650320524438167
hash_seed_2,Hash seed 2,randomized_hash,request_count,5000.0,172,False,5000,149096960,837,5.973715651135006,0.1702,0.14097968936678615,0.14215238782045145,1.1372191025636116,3683.717489868967,3239.232863363649,1.3573244999789207,1.543575349753631,0.8793380253160704,0.12066197468392958,0.12066197468392958
hash_seed_2,Hash seed 2,randomized_hash,request_count,5000.0,173,False,5000,187214848,520,9.615384615384615,0.2338,0.14423076923076922,0.1422433325158193,1.1379466601265544,2311.036890340844,2030.8833193322318,2.1635310197331266,2.46198289798551,0.8787758117667721,0.12122418823322789,0.12122418823322788
hash_seed_2,Hash seed 2,randomized_hash,request_count,5000.0,174,False,5000,171852800,487,10.26694045174538,0.1438,0.1437371663244353,0.14630225709481565,1.1704180567585252,2191.9087007193157,1872.757078603017,2.281116908911013,2.6698604197666413,0.8543955676568267,0.14560443234317333,0.1456044323431734
hash_seed_2,Hash seed 2,randomized_hash,request_count,5000.0,175,False,5000,132709376,702,7.122507122507122,0.1824,0.14245014245014245,0.14452885545154448,1.1562308436123558,3123.9578019903192,2701.846105601447,1.6005337833995155,1.8505865266100971,0.8648791939123063,0.13512080608769372,0.1351208060876938
hash_seed_2,Hash seed 2,randomized_hash,request_count,5000.0,176,False,5000,163518464,580,8.620689655172415,0.2072,0.1413793103448276,0.14163662520313997,1.1330930016251197,2569.8491409382304,2267.9948929633024,1.9456395009142606,2.2045905021713392,0.8825400903242424,0.11745990967575759,0.1174599096757577
hash_seed_2,Hash seed 2,randomized_hash,request_count,5000.0,177,False,5000,147057152,566,8.8339222614841,0.1902,0.13957597173144876,0.14808601828898915,1.1846881463119132,2605.9596128993676,2199.7009263678847,1.918679006094436,2.2730362750976014,0.8441039974217087,0.15589600257829128,0.15589600257829134
hash_seed_2,Hash seed 2,randomized_hash,request_count,5000.0,178,False,5000,69594624,652,7.668711656441718,0.3774,0.13496932515337423,0.13659853936153826,1.092788314892306,2769.3977564740007,2534.249056961159,1.8054466854071565,1.9729710409739858,0.9150903119773474,0.08490968802265264,0.08490968802265267
hash_seed_2,Hash seed 2,randomized_hash,request_count,5000.0,179,False,5000,67227648,558,8.960573476702509,0.3238,0.14695340501792115,0.14730849554684056,1.1784679643747245,2564.9383344251937,2176.5023844208677,1.9493646037773096,2.297263736437587,0.8485593416453909,0.15144065835460907,0.15144065835460918
hash_seed_2,Hash seed 2,randomized_hash,request_count,5000.0,180,False,5000,38263808,78,64.1025641025641,0.2822,0.15384615384615385,0.1538248440134578,1.2305987521076625,378.70218042438086,307.7381476096678,13.202987092381948,16.2475794399788,0.8126125581447949,0.18738744185520506,0.1873874418552051
hash_seed_2,Hash seed 2,randomized_hash,request_count,5000.0,181,False,5000,62912000,99,50.505050505050505,0.2116,0.18181818181818182,0.17809803311062192,1.4247842648849753,552.6644825761546,387.8934489922738,9.047080385360251,12.890137776210786,0.7018606427975475,0.29813935720245255,0.29813935720245255
hash_seed_2,Hash seed 2,randomized_hash,request_count,5000.0,182,False,5000,33894400,78,64.1025641025641,0.2556,0.15384615384615385,0.1703535290422771,1.3628282323382168,405.9401416465339,297.86596139856795,12.317086897884744,16.786073764600477,0.7337681860936288,0.2662318139063712,0.26623181390637113
hash_seed_2,Hash seed 2,randomized_hash,request_count,5000.0,183,False,5000,113659904,346,14.45086705202312,0.1816,0.1416184971098266,0.14559286696282248,1.1647429357025798,1559.1543535377268,1338.6252929683885,3.206866586784677,3.735175202698097,0.8585585448490349,0.14144145515096507,0.14144145515096504
hash_seed_2,Hash seed 2,randomized_hash,request_count,5000.0,184,False,5000,167241216,541,9.242144177449168,0.1884,0.16266173752310537,0.1576818125304525,1.26145450024362,2612.409144373082,2070.949958059175,1.9139421597760042,2.4143509506554337,0.7927356871031606,0.20726431289683944,0.20726431289683944
hash_seed_2,Hash seed 2,randomized_hash,request_count,5000.0,185,False,5000,107516416,455,10.989010989010989,0.2208,0.13846153846153847,0.14196304474839325,1.135704357987146,1998.9978698787575,1760.1392966578564,2.5012532906316993,2.8406842626001105,0.8805108415471257,0.11948915845287433,0.11948915845287428
hash_seed_2,Hash seed 2,randomized_hash,request_count,5000.0,186,False,5000,187385856,646,7.739938080495356,0.15,0.1393188854489164,0.13773884003275727,1.1019107202620582,2740.084180935196,2486.6662339790514,1.8247614561584347,2.0107242104619827,0.9075145396191249,0.09248546038087513,0.09248546038087506
hash_seed_2,Hash seed 2,randomized_hash,request_count,5000.0,187,False,5000,55057920,112,44.642857142857146,0.317,0.15178571428571427,0.14912395691697783,1.1929916553358226,533.7230372097436,447.3820372695755,9.368154738344355,11.176130428739564,0.8382288304594249,0.16177116954057513,0.161771169540575
hash_seed_2,Hash seed 2,randomized_hash,request_count,5000.0,188,False,5000,40182272,76,65.78947368421052,0.245,0.18421052631578946,0.1850858209762329,1.4806865678098633,453.689535001413,306.4048427699871,11.020752330080587,16.318279942309577,0.6753623769810623,0.3246376230189377,0.3246376230189378
hash_seed_2,Hash seed 2,randomized_hash,request_count,5000.0,189,False,5000,159243264,600,8.333333333333334,0.1698,0.13666666666666666,0.13304218464333276,1.064337477146662,2487.3871914199804,2337.0286632096363,2.0101414115369947,2.139468838663315,0.9395516191733267,0.060448380826673254,0.060448380826673205
hash_seed_2,Hash seed 2,randomized_hash,request_count,5000.0,190,False,5000,137717760,469,10.660980810234541,0.2168,0.14498933901918976,0.14549082920009154,1.1639266336007323,2134.6944838575055,1834.0455680214122,2.3422555488899452,2.7262136160521098,0.8591606817230328,0.14083931827696716,0.1408393182769671
hash_seed_2,Hash seed 2,randomized_hash,request_count,5000.0,191,False,5000,116005376,292,17.123287671232877,0.2116,0.14726027397260275,0.1461201147017484,1.1689609176139872,1321.0496633819187,1130.1059286724194,3.7848690617731062,4.424364011499081,0.855460593191721,0.14453940680827904,0.14453940680827906
hash_seed_2,Hash seed 2,randomized_hash,request_count,5000.0,192,False,5000,106169856,234,21.367521367521366,0.288,0.1581196581196581,0.15508896310134843,1.2407117048107874,1139.6020616185021,918.5067386724583,4.387496450207213,5.44361820058787,0.8059890110833631,0.19401098891663693,0.194010988916637
hash_seed_2,Hash seed 2,randomized_hash,request_count,5000.0,193,False,5000,156773376,371,13.477088948787062,0.1882,0.14555256064690028,0.14175142469782623,1.1340113975826098,1639.3752359561151,1445.6426447307297,3.0499423745924186,3.4586694147579724,0.8818253521364211,0.1181746478635789,0.1181746478635789
hash_seed_2,Hash seed 2,randomized_hash,request_count,5000.0,194,False,5000,111949824,383,13.054830287206267,0.2114,0.1514360313315927,0.15250606060197047,1.2200484848157638,1811.8348923689018,1485.0515491132323,2.7596333534910014,3.366886491573741,0.8196395573172712,0.18036044268272877,0.18036044268272883
hash_seed_2,Hash seed 2,randomized_hash,request_count,5000.0,195,False,5000,103715328,316,15.822784810126583,0.2374,0.1518987341772152,0.1538049718621487,1.2304397748971896,1526.5675387732272,1240.668230918316,3.275321840013758,4.0300862675423765,0.8127175505875986,0.18728244941240135,0.1872824494124014
hash_seed_2,Hash seed 2,randomized_hash,request_count,5000.0,196,False,5000,165867520,363,13.774104683195592,0.2146,0.14325068870523416,0.14803135702875891,1.1842508562300713,1679.3334512657864,1418.055509465076,2.9773717639169774,3.5259550607339185,0.8444156867096443,0.1555843132903557,0.15558431329035566
hash_seed_2,Hash seed 2,randomized_hash,request_count,5000.0,197,False,5000,195588096,383,13.054830287206267,0.2302,0.14360313315926893,0.14684633794068574,1.174770703525486,1781.1260823384914,1516.1478550608501,2.8072128355087345,3.29783139771637,0.851229943851171,0.148770056148829,0.14877005614882904
hash_seed_2,Hash seed 2,randomized_hash,request_count,5000.0,198,False,5000,131293696,579,8.635578583765112,0.1612,0.15716753022452504,0.15981429115962867,1.2785143292770293,2916.425073221804,2281.104721658439,1.714427723828492,2.1919204114245288,0.7821578351534605,0.2178421648465395,0.21784216484653943
hash_seed_2,Hash seed 2,randomized_hash,request_count,5000.0,199,False,5000,108412416,770,6.4935064935064934,0.1938,0.14155844155844155,0.13853480577240634,1.1082784461792508,3329.9765016305296,3004.6388731193874,1.5015120970228288,1.6640934938078091,0.9023003230347602,0.09769967696523985,0.09769967696523983
hash_seed_2,Hash seed 2,randomized_hash,request_count,5000.0,200,False,5000,148313600,577,8.665511265164644,0.1824,0.14558058925476602,0.14743849437168213,1.179507954973457,2653.4562538022715,2249.6298075937802,1.8843348153319834,2.222587904517515,0.8478111536115102,0.15218884638848984,0.1521888463884897
hash_seed_2,Hash seed 2,randomized_hash,request_count,5000.0,201,False,5000,119550464,669,7.473841554559043,0.1694,0.14648729446935724,0.15036962072914506,1.2029569658331605,3106.161889614776,2582.1055763731897,1.6097036077601532,1.9364041678818458,0.8312849323811066,0.16871506761889343,0.16871506761889332
hash_seed_2,Hash seed 2,randomized_hash,request_count,5000.0,202,False,5000,90409984,472,10.59322033898305,0.152,0.1461864406779661,0.14611324864700145,1.1689059891760116,2154.1370727237936,1842.8659726880976,2.321115059626991,2.713165294764625,0.8555007924160973,0.14449920758390267,0.14449920758390272
hash_seed_2,Hash seed 2,randomized_hash,request_count,5000.0,203,False,5000,48309760,317,15.772870662460567,0.1738,0.15141955835962145,0.15728271127341786,1.258261690187343,1594.6831522866148,1267.3700270165439,3.1354190911407724,3.945177725064451,0.7947472356494536,0.2052527643505464,0.20525276435054635
hash_seed_2,Hash seed 2,randomized_hash,request_count,5000.0,204,False,5000,177554432,805,6.211180124223603,0.1734,0.14285714285714285,0.14694920853005308,1.1755936682404247,3709.6748862586446,3155.5757626792238,1.3478270072994725,1.5844968956647005,0.8506340473037377,0.1493659526962623,0.14936595269626227
hash_seed_2,Hash seed 2,randomized_hash,request_count,5000.0,205,False,5000,152609792,730,6.8493150684931505,0.1516,0.15616438356164383,0.15514099674242815,1.2411279739394252,3561.7280858365243,2869.7508722902726,1.4038129468341143,1.7423115184941582,0.8057186857419155,0.19428131425808448,0.19428131425808456
hash_seed_2,Hash seed 2,randomized_hash,request_count,5000.0,206,False,5000,125283328,611,8.183306055646481,0.1708,0.14402618657937807,0.1445497113258212,1.1563976906065696,2780.307522107852,2404.283184489487,1.7983622172159281,2.0796219148626096,0.8647544076946972,0.13524559230530275,0.13524559230530267
hash_seed_2,Hash seed 2,randomized_hash,request_count,5000.0,207,False,5000,216923648,692,7.22543352601156,0.1748,0.14595375722543352,0.14669127052529654,1.1735301642023723,3186.259508118927,2715.106611924689,1.5692381575510312,1.84154831270349,0.8521297794502642,0.14787022054973575,0.1478702205497357
hash_seed_2,Hash seed 2,randomized_hash,request_count,5000.0,208,False,5000,145835520,484,10.330578512396695,0.1924,0.1446280991735537,0.1467943814254364,1.1743550514034913,2193.5776413826584,1867.899864492495,2.2793813657073905,2.6768030208934626,0.8515312288263106,0.1484687711736894,0.14846877117368948
hash_seed_2,Hash seed 2,randomized_hash,request_count,5000.0,209,False,5000,166169600,580,8.620689655172415,0.1502,0.1396551724137931,0.139503407739851,1.116027261918808,2523.678799846085,2261.3056920375525,1.9812346960734233,2.2111119330773645,0.8960354590986245,0.10396454090137552,0.10396454090137548
hash_seed_2,Hash seed 2,randomized_hash,request_count,5000.0,210,False,5000,285022208,560,8.928571428571429,0.2054,0.14285714285714285,0.14314517096464646,1.1451613677171717,2515.3581862893243,2196.5098170431465,1.9877884697511166,2.2763385627526125,0.8732393776027002,0.1267606223972998,0.12676062239729974
hash_seed_2,Hash seed 2,randomized_hash,request_count,5000.0,211,False,5000,290845696,476,10.504201680672269,0.197,0.14915966386554622,0.15002528960179212,1.200202316814337,2224.1352820747366,1853.1336349843048,2.248064692960519,2.6981324528397264,0.8331928592291603,0.1668071407708397,0.16680714077083966
hash_seed_2,Hash seed 2,randomized_hash,request_count,5000.0,212,False,5000,268808192,756,6.613756613756614,0.2292,0.1455026455026455,0.15074034698012312,1.205922775840985,3542.662071590813,2937.7188511264626,1.4113680331228367,1.7020008562367226,0.829240495356447,0.17075950464355305,0.17075950464355297
hash_seed_2,Hash seed 2,randomized_hash,request_count,5000.0,213,False,5000,125152256,605,8.264462809917354,0.2154,0.15206611570247933,0.15241576613701455,1.2193261290961164,2894.4617947703823,2373.820855390051,1.7274368620217528,2.106308902226926,0.8201251298873565,0.17987487011264347,0.1798748701126435
hash_seed_2,Hash seed 2,randomized_hash,request_count,5000.0,214,False,5000,98967040,440,11.363636363636363,0.215,0.13863636363636364,0.14091388292234822,1.1273110633787857,1957.5461819960742,1736.4738496656826,2.554218156376567,2.879398385966269,0.8870666069778399,0.1129333930221601,0.11293339302216013
hash_seed_2,Hash seed 2,randomized_hash,request_count,5000.0,215,False,5000,74075136,328,15.24390243902439,0.3732,0.1524390243902439,0.1529282568900572,1.2234260551204577,1600.1573788306998,1307.931421056052,3.1246926497028085,3.8228304018897967,0.817376739537839,0.18262326046216104,0.1826232604621611
hash_seed_2,Hash seed 2,randomized_hash,request_count,5000.0,216,False,5000,115739136,649,7.704160246533128,0.3274,0.13559322033898305,0.13628039241100517,1.0902431392880414,2763.642677581191,2534.8865569435507,1.8092063929104338,1.972474857426665,0.9172265928249981,0.08277340717500192,0.08277340717500188
hash_seed_2,Hash seed 2,randomized_hash,request_count,5000.0,217,False,5000,68541952,376,13.297872340425531,0.2032,0.14627659574468085,0.15159729389053697,1.2127783511242958,1758.55783080172,1450.0240948162243,2.8432388815558705,3.4482185626258155,0.824552977114869,0.17544702288513103,0.175447022885131
hash_seed_2,Hash seed 2,randomized_hash,request_count,5000.0,218,False,5000,96251392,391,12.787723785166241,0.2198,0.14578005115089515,0.1451443991205865,1.161155192964692,1752.3796153115077,1509.1691669890274,2.8532630466094453,3.3130812034648156,0.8612113230504301,0.13878867694956987,0.1387886769495698
hash_seed_2,Hash seed 2,randomized_hash,request_count,5000.0,219,False,5000,163715072,579,8.635578583765112,0.1852,0.14507772020725387,0.14527775281593183,1.1622220225274547,2633.154784841587,2265.621141058171,1.8988629262448786,2.206900310642724,0.8604207979343959,0.13957920206560415,0.13957920206560412
hash_seed_2,Hash seed 2,randomized_hash,request_count,5000.0,220,False,5000,227633152,763,6.553079947575361,0.18,0.1363040629095675,0.13948417101436977,1.1158733681149582,3332.403253164699,2986.3632813408913,1.5004186528901107,1.6742772157829962,0.8961590343259982,0.1038409656740018,0.10384096567400189
hash_seed_2,Hash seed 2,randomized_hash,request_count,5000.0,221,False,5000,154438656,602,8.305647840531561,0.1988,0.1478405315614618,0.14381103544496407,1.1504882835597126,2740.5752652858005,2382.097501076863,1.8244344767077856,2.0989904895747027,0.869196161568818,0.13080383843118204,0.13080383843118198
hash_seed_2,Hash seed 2,randomized_hash,request_count,5000.0,222,False,5000,143036928,487,10.26694045174538,0.2068,0.15195071868583163,0.15696705979985404,1.2557364783988323,2396.433290663985,1908.3886881423048,2.086434043242088,2.6200113378722563,0.7963454253356426,0.20365457466435744,0.20365457466435746
hash_seed_2,Hash seed 2,randomized_hash,request_count,5000.0,223,False,5000,133972480,247,20.242914979757085,0.1904,0.1862348178137652,0.1911068791433041,1.5288550331464328,1440.8612508011045,942.444652738439,3.4701467592525304,5.305351338640014,0.654084251495034,0.345915748504966,0.3459157485049659
hash_seed_2,Hash seed 2,randomized_hash,request_count,5000.0,224,False,5000,96920576,353,14.164305949008499,0.2178,0.16147308781869688,0.16353742595343793,1.3082994076275034,1819.2368643507016,1390.5355714023767,2.748405168111265,3.5957368533603367,0.7643510301769686,0.2356489698230314,0.23564896982303146
hash_seed_2,Hash seed 2,randomized_hash,request_count,5000.0,225,False,5000,200400384,248,20.161290322580644,0.199,0.14112903225806453,0.14787155043098177,1.1829724034478541,1134.0863968182773,958.6752772194048,4.408835176956263,5.2155303456893956,0.8453282570966418,0.15467174290335817,0.1546717429033582
hash_seed_2,Hash seed 2,randomized_hash,request_count,5000.0,226,False,5000,173995520,281,17.793594306049823,0.202,0.13523131672597866,0.13633758208247862,1.090700656659829,1198.2491242489862,1098.6049352152354,4.1727549795905725,4.551226596320009,0.9168418428044304,0.08315815719556963,0.08315815719556957
hash_seed_2,Hash seed 2,randomized_hash,request_count,5000.0,227,False,5000,218288128,377,13.26259946949602,0.2318,0.14058355437665782,0.13974748408477722,1.1179798726782177,1628.8847268505656,1456.989313187214,3.0695849237087858,3.4317341621829254,0.8944704859528582,0.10552951404714184,0.10552951404714181
hash_seed_2,Hash seed 2,randomized_hash,request_count,5000.0,228,False,5000,175135232,575,8.695652173913043,0.1788,0.14956521739130435,0.14620873227470021,1.1696698581976017,2617.409017725925,2237.7331512664705,1.9102860753280868,2.2344040428458563,0.8549420958328756,0.14505790416712439,0.1450579041671244
hash_seed_2,Hash seed 2,randomized_hash,request_count,5000.0,229,False,5000,230472192,474,10.548523206751055,0.2188,0.14135021097046413,0.14335442449528651,1.1468353959622921,2110.535187988188,1840.3122151782472,2.3690673476835595,2.7169302897420122,0.8719647157043974,0.12803528429560262,0.1280352842956027
hash_seed_2,Hash seed 2,randomized_hash,request_count,5000.0,230,False,5000,157299712,295,16.949152542372882,0.2374,0.16271186440677965,0.15259370348965434,1.2207496279172347,1420.5854890431553,1163.6993012784021,3.5196755412219387,4.296642607336073,0.8191687936093304,0.18083120639066963,0.18083120639066966
hash_seed_2,Hash seed 2,randomized_hash,request_count,5000.0,231,False,5000,102403072,405,12.345679012345679,0.2114,0.1382716049382716,0.14209560931025939,1.136764874482075,1822.0119828843178,1602.8046113884811,2.744219053973948,3.119531828442014,0.8796893908739158,0.12031060912608416,0.12031060912608416
hash_seed_2,Hash seed 2,randomized_hash,request_count,5000.0,232,False,5000,170378752,804,6.218905472636816,0.1766,0.13805970149253732,0.13807685985184665,1.1046148788147732,3462.7413156348684,3134.7951055577955,1.443942687091336,1.5950005763168742,0.9052928936399783,0.09470710636002166,0.09470710636002169
hash_seed_2,Hash seed 2,randomized_hash,request_count,5000.0,233,False,5000,214011904,584,8.561643835616438,0.1558,0.1506849315068493,0.15355421476910383,1.2284337181528306,2756.790419871722,2244.150725541015,1.8137033428288896,2.228014341057511,0.8140447345451234,0.18595526545487662,0.18595526545487662
hash_seed_2,Hash seed 2,randomized_hash,request_count,5000.0,234,False,5000,171980288,515,9.70873786407767,0.1656,0.1436893203883495,0.14195971820359118,1.1356777456287295,2267.5480852178252,1996.6474591456172,2.2050249044750423,2.5041977125694204,0.8805314745745801,0.11946852542541986,0.11946852542541994
hash_seed_2,Hash seed 2,randomized_hash,request_count,5000.0,235,False,5000,171338752,447,11.185682326621924,0.2284,0.14541387024608501,0.14884081169052635,1.1907264935242108,2071.012933442931,1739.2851714530377,2.414277535045524,2.8747442236990315,0.8398234232953744,0.1601765767046256,0.16017657670462565
hash_seed_2,Hash seed 2,randomized_hash,request_count,5000.0,236,False,5000,113431552,368,13.58695652173913,0.1664,0.14945652173913043,0.15013004111651596,1.2010403289321276,1725.8252801632746,1436.9419898645244,2.897164653612541,3.4796115885453403,0.8326115084654341,0.16738849153456592,0.16738849153456592
hash_seed_2,Hash seed 2,randomized_hash,request_count,5000.0,237,False,5000,61525504,101,49.504950495049506,0.2566,0.16831683168316833,0.18140368259524173,1.4512294607619338,582.9795613577692,401.7142547889632,8.576630008014202,12.44665814168507,0.689070906454017,0.31092909354598297,0.310929093545983
hash_seed_2,Hash seed 2,randomized_hash,request_count,5000.0,238,False,5000,87193600,652,7.668711656441718,0.1798,0.16257668711656442,0.16348381175934806,1.3078704940747845,3366.843651825179,2574.2943717122057,1.4850704449223475,1.9422798165364505,0.7646016975919481,0.23539830240805193,0.23539830240805196
hash_seed_2,Hash seed 2,randomized_hash,request_count,5000.0,239,False,5000,121374720,906,5.518763796909492,0.2066,0.13245033112582782,0.13350659300892112,1.068052744071369,3757.158711658005,3517.7651408261777,1.330792863363906,1.421356969506414,0.9362833488803606,0.06371665111963942,0.06371665111963948
hash_seed_2,Hash seed 2,randomized_hash,request_count,5000.0,240,False,5000,73682432,261,19.157088122605366,0.2126,0.16475095785440613,0.17152292979679054,1.3721834383743243,1410.6632352817667,1028.0427498476668,3.544432062129483,4.86361097409703,0.7287655367599659,0.2712344632400341,0.2712344632400341
hash_seed_2,Hash seed 2,randomized_hash,request_count,5000.0,241,False,5000,38372352,411,12.165450121654501,0.256,0.1362530413625304,0.14133560928363903,1.1306848742691122,1831.14528253649,1619.5009982070942,2.7305315682401967,3.0873707429235084,0.8844197200801962,0.1155802799198038,0.11558027991980382
hash_seed_2,Hash seed 2,randomized_hash,request_count,5000.0,242,False,5000,58450432,335,14.925373134328359,0.2948,0.1373134328358209,0.1408497409725082,1.1267979277800655,1482.301472870572,1315.498934037706,3.373132990495637,3.8008392638170587,0.887470570672886,0.11252942932711396,0.11252942932711402
hash_seed_2,Hash seed 2,randomized_hash,request_count,5000.0,243,False,5000,92154880,355,14.084507042253522,0.2264,0.14647887323943662,0.14656412537045582,1.1725130029636466,1623.7182135861,1384.8189397319998,3.0793520440699718,3.6105803123747258,0.8528690065461089,0.14713099345389113,0.14713099345389116
hash_seed_2,Hash seed 2,randomized_hash,request_count,5000.0,244,False,5000,239138304,512,9.765625,0.1992,0.162109375,0.16218998621214703,1.2975198896971762,2587.4162197198816,1994.1245142097591,1.9324297196147704,2.507365996642102,0.770701095174261,0.229298904825739,0.22929890482573898
hash_seed_2,Hash seed 2,randomized_hash,request_count,5000.0,245,False,5000,237914624,681,7.342143906020558,0.1762,0.14243759177679882,0.14366439129801697,1.1493151303841358,3026.21202797942,2633.0568074640837,1.6522305620926583,1.8989335838961776,0.8700833858036566,0.12991661419634337,0.12991661419634337
hash_seed_2,Hash seed 2,randomized_hash,request_count,5000.0,246,False,5000,176497664,644,7.763975155279503,0.1806,0.14751552795031056,0.1487960086226964,1.1903680689815712,2977.2285101176267,2501.099103460342,1.6794142549046247,1.9991211036309424,0.8400762974560951,0.15992370254390487,0.15992370254390492
hash_seed_2,Hash seed 2,randomized_hash,request_count,5000.0,247,False,5000,116477440,525,9.523809523809524,0.1724,0.14285714285714285,0.14721978707646766,1.1777582966117413,2402.409635320104,2039.815505636026,2.0812437339953416,2.451202074984214,0.8490706479223037,0.1509293520776963,0.15092935207769628
hash_seed_2,Hash seed 2,randomized_hash,request_count,5000.0,248,False,5000,152342016,312,16.025641025641026,0.1824,0.16025641025641027,0.16448067309947054,1.3158453847957643,1612.2359949719128,1225.2472924257374,3.1012829483980764,4.080808854595409,0.7599677071141703,0.24003229288582972,0.24003229288582975
hash_seed_2,Hash seed 2,randomized_hash,request_count,5000.0,249,False,5000,80457728,168,29.761904761904763,0.234,0.17261904761904762,0.17972670909173769,1.4378136727339015,965.451323590771,671.4717921377346,5.178925004114828,7.4463291809797765,0.6955004107719817,0.30449958922801834,0.3044995892280184
hash_seed_2,Hash seed 2,randomized_hash,request_count,5000.0,250,False,5000,44312576,218,22.93577981651376,0.2324,0.16055045871559634,0.1594956155409908,1.2759649243279263,1082.437020570312,848.3281945547609,4.619206387975914,5.89394532928876,0.7837206030774851,0.21627939692251485,0.216279396922515
hash_seed_2,Hash seed 2,randomized_hash,request_count,5000.0,251,False,5000,47093760,274,18.248175182481752,0.1696,0.14233576642335766,0.1417189726412982,1.1337517811303857,1215.8759637495834,1072.4357694391601,4.112261570317364,4.662283879821348,0.8820272802596782,0.11797271974032175,0.11797271974032182
hash_seed_2,Hash seed 2,randomized_hash,request_count,5000.0,252,False,5000,78467584,508,9.84251968503937,0.153,0.14960629921259844,0.153340669020803,1.226725352166424,2408.825981241032,1963.6228899867376,2.07569996294377,2.5463137680340293,0.8151783919962019,0.1848216080037981,0.1848216080037981
hash_seed_2,Hash seed 2,randomized_hash,request_count,5000.0,253,False,5000,168335872,403,12.40694789081886,0.1722,0.1488833746898263,0.15224980781973643,1.2179984625578915,1919.1605009109965,1575.6674248016784,2.605305808256566,3.1732584689496424,0.8210190987432958,0.17898090125670418,0.1789809012567042
hash_seed_2,Hash seed 2,randomized_hash,request_count,5000.0,254,False,5000,221413376,583,8.576329331046312,0.2336,0.14408233276157806,0.14746743711083127,1.1797394968866501,2667.570055339063,2261.151773233684,1.8743650199523898,2.211262445620568,0.8476447577105071,0.15235524228949293,0.152355242289493
hash_seed_2,Hash seed 2,randomized_hash,request_count,5000.0,255,False,5000,116378624,355,14.084507042253522,0.1736,0.16338028169014085,0.15811773070379237,1.264941845630339,1756.9286928965444,1388.9402892043952,2.845875316519987,3.5998667753126172,0.790550177033384,0.20944982296661596,0.20944982296661596
hash_seed_2,Hash seed 2,randomized_hash,request_count,5000.0,256,False,5000,134793728,369,13.550135501355014,0.1832,0.14363143631436315,0.14494451459016497,1.1595561167213198,1679.6832835034509,1448.5571325800138,2.976751658545471,3.4517105936267347,0.8623989693810856,0.13760103061891438,0.13760103061891443
hash_seed_2,Hash seed 2,randomized_hash,request_count,5000.0,257,False,5000,143998976,545,9.174311926605505,0.1926,0.14862385321100918,0.1523513255874281,1.2188106046994247,2586.024072371852,2121.7603968990743,1.9334700142269345,2.3565337572081355,0.8204720209557198,0.1795279790442802,0.1795279790442801
hash_seed_2,Hash seed 2,randomized_hash,request_count,5000.0,258,False,5000,167642624,540,9.25925925925926,0.1696,0.14814814814814814,0.14886606086308635,1.1909284869046908,2502.2897923356595,2101.125147186034,1.998169842403807,2.3796773869925505,0.8396809808446788,0.1603190191553212,0.1603190191553212
hash_seed_2,Hash seed 2,randomized_hash,request_count,5000.0,259,False,5000,167585792,241,20.74688796680498,0.198,0.16182572614107885,0.16712418151284175,1.336993452102734,1229.10495776275,919.3051438133043,4.068000839489847,5.4388904855463505,0.7479468193559713,0.2520531806440287,0.2520531806440287
hash_seed_2,Hash seed 2,randomized_hash,request_count,5000.0,260,False,5000,184129024,412,12.135922330097088,0.2006,0.14563106796116504,0.14296453854859578,1.1437163083887663,1855.271045947381,1622.1426872552267,2.6950240025153764,3.082342903176004,0.8743426955315259,0.12565730446847412,0.125657304468474
hash_seed_2,Hash seed 2,randomized_hash,request_count,5000.0,261,False,5000,146408960,347,14.409221902017292,0.2008,0.17579250720461095,0.17426060686139905,1.3940848548911924,1922.59424734561,1379.108481524726,2.6006527414212055,3.6255305996465625,0.7173164506389029,0.2826835493610971,0.28268354936109713
hash_seed_2,Hash seed 2,randomized_hash,request_count,5000.0,262,False,5000,94592512,191,26.17801047120419,0.2666,0.16230366492146597,0.16449280582286963,1.315942446582957,973.1410292102212,739.5012082307464,5.1380014303352155,6.761314172782056,0.759911653124839,0.240088346875161,0.24008834687516098
hash_seed_2,Hash seed 2,randomized_hash,request_count,5000.0,263,False,5000,122634240,669,7.473841554559043,0.1702,0.1375186846038864,0.13909114029531142,1.1127291223624913,2906.095510032136,2611.6828000889004,1.7205215667342981,1.9144744529579942,0.8986913166043947,0.10130868339560528,0.1013086833956053
hash_seed_2,Hash seed 2,randomized_hash,request_count,5000.0,264,False,5000,152812032,857,5.834305717619603,0.177,0.1423570595099183,0.14117065394339834,1.1293652315471867,3792.4690384559217,3358.053650421295,1.3184023255825226,1.488957747703855,0.885453148429263,0.11454685157073696,0.11454685157073713
hash_seed_2,Hash seed 2,randomized_hash,request_count,5000.0,265,False,5000,192248832,627,7.974481658692185,0.1548,0.13875598086124402,0.14301686926708929,1.1441349541367143,2822.9711989949583,2467.3411023658296,1.7711834969411353,2.026472949040451,0.8740227683669811,0.12597723163301888,0.12597723163301883
hash_seed_2,Hash seed 2,randomized_hash,request_count,5000.0,266,False,5000,83193856,669,7.473841554559043,0.1406,0.13901345291479822,0.13766691363362812,1.101335309069025,2880.7199891776427,2615.6611573751848,1.735677198333791,1.9115625836710053,0.9079886858846964,0.09201131411530361,0.09201131411530354
hash_seed_2,Hash seed 2,randomized_hash,request_count,5000.0,267,False,5000,112237056,477,10.482180293501049,0.1554,0.14046121593291405,0.13931012615953542,1.1144810092762834,2115.469252266715,1898.1653654560241,2.3635417979450772,2.634122448440511,0.8972786361334012,0.1027213638665988,0.10272136386659883
hash_seed_2,Hash seed 2,randomized_hash,request_count,5000.0,268,False,5000,169545216,499,10.02004008016032,0.1918,0.15030060120240482,0.1471333696091133,1.1770669568729064,2309.5660526984298,1962.1365116171592,2.164908855565376,2.5482426785275436,0.8495693419656285,0.1504306580343715,0.15043065803437145
hash_seed_2,Hash seed 2,randomized_hash,request_count,5000.0,269,False,5000,211095552,507,9.861932938856016,0.1472,0.1341222879684418,0.13569473916937405,1.0855579133549924,2163.7614427214285,1993.225249525539,2.3107907837156705,2.508497221370331,0.9211853072945967,0.07881469270540331,0.07881469270540326
hash_seed_2,Hash seed 2,randomized_hash,request_count,5000.0,270,False,5000,280745472,453,11.037527593818984,0.2492,0.1368653421633554,0.13303281095698694,1.0642624876558955,1902.6770225956943,1787.7892387116444,2.627876376611116,2.7967502498243073,0.9396178213539804,0.06038217864601958,0.06038217864601961
hash_seed_2,Hash seed 2,randomized_hash,request_count,5000.0,271,False,5000,196746240,513,9.746588693957115,0.204,0.15204678362573099,0.15413610750857745,1.2330888600686196,2504.5451827849697,2031.114921146555,1.9963704525546506,2.4617021656152884,0.8109715628639703,0.18902843713602968,0.18902843713602974
hash_seed_2,Hash seed 2,randomized_hash,request_count,5000.0,272,False,5000,160731136,482,10.37344398340249,0.2332,0.13900414937759337,0.13590711885882314,1.0872569508705852,2062.2493693533766,1896.7451693016064,2.424537048867064,2.636094759023971,0.9197457870462754,0.08025421295372459,0.08025421295372459
hash_seed_2,Hash seed 2,randomized_hash,request_count,5000.0,273,False,5000,159851520,514,9.727626459143968,0.2296,0.14980544747081712,0.15176921912012137,1.214153752960971,2441.077501573841,2010.517609998533,2.0482758113072363,2.4869217633978584,0.8236189177534463,0.1763810822465537,0.17638108224655386
hash_seed_2,Hash seed 2,randomized_hash,request_count,5000.0,274,False,5000,115342336,434,11.52073732718894,0.203,0.14516129032258066,0.14743688754825168,1.1794951003860135,2027.223252388486,1718.7212153107175,2.466427905317765,2.909139629777642,0.8478203933808033,0.15217960661919672,0.15217960661919674
hash_seed_2,Hash seed 2,randomized_hash,request_count,5000.0,275,False,5000,75599360,295,16.949152542372882,0.2174,0.14576271186440679,0.144297512713858,1.154380101710864,1327.105989668487,1149.626529166288,3.7675965890629484,4.34923853368799,0.8662657979966365,0.1337342020033635,0.13373420200336336
hash_seed_2,Hash seed 2,randomized_hash,request_count,5000.0,276,False,5000,114087424,238,21.008403361344538,0.2734,0.14285714285714285,0.14612208414779027,1.1689766731823221,1108.6086212387384,948.3582065164371,4.510157962160798,5.272269450133491,0.8554490632201287,0.1445509367798713,0.14455093677987138
hash_seed_2,Hash seed 2,randomized_hash,request_count,5000.0,277,False,5000,112627712,589,8.488964346349745,0.1572,0.14091680814940577,0.1394475359997118,1.1155802879976944,2551.454578313607,2287.1097721644933,1.9596664751542503,2.1861652907320055,0.8963944691016865,0.10360553089831348,0.10360553089831338
hash_seed_2,Hash seed 2,randomized_hash,request_count,5000.0,278,False,5000,134122496,416,12.01923076923077,0.178,0.15384615384615385,0.158233328163107,1.265866625304856,2075.272423670614,1639.408435443055,2.409322237875791,3.0498806105317713,0.789972640094822,0.21002735990517796,0.21002735990517798
hash_seed_2,Hash seed 2,randomized_hash,request_count,5000.0,279,True,4055,110185472,268,15.130597014925373,0.23205918618988902,0.1455223880597015,0.148614241345949,1.188913930767592,1231.9764923742491,1036.2200832980861,3.2914589077793655,3.9132613480079703,0.8411037789374505,0.15889622106254953,0.15889622106254947
hash_seed_2,Hash seed 2,randomized_hash,time,60.0,0,False,34858,696534016,2317,15.044454035390592,0.15236100751620862,0.1316357358653431,0.13188330811609436,1.0550664649287549,9480.382823015458,8985.578765083426,3.676855739978715,3.8793271876323443,0.9478075867642392,0.05219241323576085,0.05219241323576081
hash_seed_2,Hash seed 2,randomized_hash,time,60.0,1,False,41097,756369408,2239,18.35506922733363,0.14227315862471712,0.13756141134435015,0.13705452566566087,1.096436205325287,9516.628182444805,8679.600451192182,4.3184412811053265,4.734895371175195,0.9120457671345533,0.08795423286544668,0.08795423286544671
hash_seed_2,Hash seed 2,randomized_hash,time,60.0,2,False,44781,951824896,2266,19.762135922330096,0.16560594895156427,0.13503971756398941,0.13533476818790072,1.0826781455032057,9578.27250074289,8846.832773456523,4.675268948187346,5.0618115145522,0.9236355274680651,0.0763644725319349,0.07636447253193492
hash_seed_2,Hash seed 2,randomized_hash,time,60.0,3,False,16257,295019008,1754,9.268529076396808,0.15051977609645076,0.13740022805017105,0.13790708712968117,1.1032566970374493,7523.315803492073,6819.188882962838,2.160882305705423,2.3840078752792326,0.906407368915392,0.09359263108460802,0.0935926310846081
hash_seed_2,Hash seed 2,randomized_hash,time,60.0,4,False,33385,390920192,2266,14.733009708737864,0.16366631720832708,0.13018534863195058,0.1307804449467396,1.0462435595739168,9189.089108752252,8782.934933902498,3.633113098032979,3.8011211800206444,0.9558003878248488,0.044199612175151226,0.044199612175151136
hash_seed_2,Hash seed 2,randomized_hash,time,60.0,5,False,34302,432607744,1621,21.161011721159777,0.22398110897323772,0.1307834669956817,0.13190517591005596,1.0552414072804477,6627.799701149063,6280.837404049685,5.175473240999279,5.46137366617438,0.9476504552424501,0.05234954475754994,0.052349544757549896
hash_seed_2,Hash seed 2,randomized_hash,time,60.0,6,False,17037,410975232,1983,8.591527987897125,0.1886482361918178,0.13716591023701463,0.13926863545559579,1.1141490836447663,8583.602934720944,7704.178068020318,1.984830860603395,2.2113974845311257,0.8975459520449944,0.10245404795500557,0.10245404795500554
hash_seed_2,Hash seed 2,randomized_hash,time,60.0,7,False,28946,614623744,2096,13.810114503816793,0.15352725765217992,0.13358778625954199,0.13330605588117153,1.0664484470493723,8762.322884913014,8216.35861457385,3.303461922162134,3.522971836776542,0.9376918338310489,0.062308166168951074,0.06230816616895118
hash_seed_2,Hash seed 2,randomized_hash,time,60.0,8,False,32808,784760832,2112,15.534090909090908,0.17428675932699342,0.13825757575757575,0.13949885733962358,1.1159908587169887,9221.05867188796,8262.66505667354,3.557942874826405,3.970631724143511,0.8960646874380863,0.10393531256191368,0.10393531256191367
hash_seed_2,Hash seed 2,randomized_hash,time,60.0,9,False,23416,776259584,1576,14.857868020304569,0.13896481038606082,0.13261421319796954,0.13120188431222196,1.0496150744977757,6488.432990888565,6181.726185662089,3.6088836908514135,3.7879387240268145,0.9527302191981991,0.04726978080180089,0.04726978080180089
hash_seed_2,Hash seed 2,randomized_hash,time,60.0,10,False,36846,1098494464,1771,20.805194805194805,0.16867502578298865,0.13721061547148503,0.13510190341850942,1.0808152273480753,7426.508836670022,6871.210405586119,4.961416031455421,5.362373996005877,0.9252275270525506,0.07477247294744938,0.07477247294744936
hash_seed_2,Hash seed 2,randomized_hash,time,60.0,11,False,29419,727262720,1461,20.136208076659823,0.24630340936129713,0.13141683778234087,0.13038490997654148,1.0430792798123318,5921.480062016945,5676.922336221963,4.968183577735369,5.182209348239662,0.9586998988033943,0.041300101196605654,0.04130010119660566
hash_seed_2,Hash seed 2,randomized_hash,time,60.0,12,False,12169,416182272,1494,8.14524765729585,0.21143890212835895,0.13855421686746988,0.14263568060713783,1.1410854448571026,6680.557483563341,5854.563752147363,1.8215545678545948,2.0785494043918473,0.8763585623732406,0.12364143762675939,0.12364143762675946
hash_seed_2,Hash seed 2,randomized_hash,time,60.0,13,False,18947,565995520,1764,10.74092970521542,0.17242835277352614,0.13151927437641722,0.1323527957328413,1.0588223658627305,7304.5679032645285,6898.766156410715,2.5938563719193137,2.7464331404237265,0.9444454823025938,0.05555451769740616,0.05555451769740609
hash_seed_2,Hash seed 2,randomized_hash,time,60.0,14,False,13044,411668992,1378,9.46589259796807,0.1734130634774609,0.14005805515239478,0.13963923635529207,1.1171138908423366,6038.274633104238,5405.245322436374,2.1602197303990733,2.413211468100492,0.8951638755883438,0.10483612441165624,0.10483612441165621
hash_seed_2,Hash seed 2,randomized_hash,time,60.0,15,False,19076,625319424,1500,12.717333333333332,0.15978192493185153,0.136,0.13773927700579844,1.1019142160463875,6476.205598114074,5877.232096478773,2.945551945657052,3.2457455630226013,0.9075116605609732,0.09248833943902679,0.09248833943902689
hash_seed_2,Hash seed 2,randomized_hash,time,60.0,16,False,38032,1286717952,2430,15.651028806584362,0.17206562894404712,0.13497942386831277,0.13564711759082324,1.0851769407265859,10230.106897737975,9427.132584376843,3.717654212235986,4.034312624713553,0.9215087074467735,0.07849129255322651,0.07849129255322651
hash_seed_2,Hash seed 2,randomized_hash,time,60.0,17,False,16695,471530496,1679,9.9434187016081,0.15196166516921233,0.1375818939845146,0.13556147528895238,1.084491802311619,7144.693207202594,6588.056444477974,2.3366993537482763,2.534131293606863,0.9220908796806738,0.07790912031932617,0.07790912031932627
hash_seed_2,Hash seed 2,randomized_hash,time,60.0,18,False,11783,305499136,851,13.846063454759108,0.18518204192480692,0.1410105757931845,0.1408698140288043,1.1269585122304344,3748.3750640248413,3326.0985416456874,3.143495461029967,3.5425889679654547,0.8873441117373853,0.11265588826261475,0.11265588826261475
hash_seed_2,Hash seed 2,randomized_hash,time,60.0,19,False,5545,154679808,954,5.812368972746331,0.23011722272317403,0.14255765199161424,0.14498835273442512,1.159906821875401,4328.248831400073,3731.548732855905,1.2811185807462786,1.4859781814389403,0.8621382176053979,0.13786178239460212,0.13786178239460212
hash_seed_2,Hash seed 2,randomized_hash,time,60.0,20,False,15564,349587456,1070,14.545794392523364,0.23278077615008996,0.13738317757009347,0.13991877333601255,1.1193501866881004,4710.738277326326,4208.458026227088,3.3039407166627095,3.6982666580028205,0.8933754707798547,0.10662452922014531,0.1066245292201453
hash_seed_2,Hash seed 2,randomized_hash,time,60.0,21,False,15694,367356416,1196,13.122073578595318,0.21409455842997324,0.14130434782608695,0.14313676662948938,1.145094133035915,5345.400013195065,4668.087853199586,2.9359823327084076,3.3619761438814972,0.8732906502182173,0.12670934978178272,0.1267093497817827
hash_seed_2,Hash seed 2,randomized_hash,time,60.0,22,False,14877,468156928,1702,8.740893066980023,0.1568192511931169,0.13337250293772032,0.1358255388761703,1.0866043110093624,7251.007390455497,6673.08910611622,2.051714913376395,2.2294022698369913,0.9202982077911007,0.07970179220889928,0.07970179220889931
hash_seed_2,Hash seed 2,randomized_hash,time,60.0,23,False,25311,536254976,755,33.52450331125828,0.16431591007862195,0.13245033112582782,0.13247902352173507,1.0598321881738806,3097.547869803194,2922.6776695095023,8.171302289384203,8.6602091855883,0.9435456019910349,0.05645439800896512,0.05645439800896512
hash_seed_2,Hash seed 2,randomized_hash,time,60.0,24,False,31743,822208000,1748,18.159610983981693,0.15052137479129257,0.13443935926773457,0.1349158623174108,1.0793268985392863,7326.678219255118,6788.1920011172915,4.332522740875499,4.67620833276008,0.9265033618205534,0.07349663817944663,0.07349663817944675
hash_seed_2,Hash seed 2,randomized_hash,time,60.0,25,False,7787,249937408,1096,7.1049270072992705,0.19481186593039682,0.13686131386861314,0.13857575883001855,1.1086060706401484,4728.184866238015,4264.981936737721,1.6469322203545171,1.8257990574178762,0.9020336677595178,0.09796633224048223,0.09796633224048235
hash_seed_2,Hash seed 2,randomized_hash,time,60.0,26,False,31512,618173440,1390,22.670503597122302,0.20081238893120082,0.14172661870503597,0.1433175448237311,1.1465403585898488,6224.728536191293,5429.14036087417,5.0623894386374575,5.804233802296854,0.8721890969716221,0.12781090302837794,0.12781090302837797
hash_seed_2,Hash seed 2,randomized_hash,time,60.0,27,False,11674,239716352,1017,11.478859390363816,0.17054994003769058,0.14257620452310718,0.1448225884395193,1.1585807075161545,4571.2222431125965,3945.536304426041,2.5538027641489256,2.958786613344373,0.8631250231534316,0.13687497684656835,0.13687497684656846
hash_seed_2,Hash seed 2,randomized_hash,time,60.0,28,False,7643,350188544,1016,7.522637795275591,0.15452047625278031,0.13877952755905512,0.1398477732598914,1.1187821860791312,4434.203000539941,3963.419381997839,1.7236468423004838,1.9283853822573265,0.8938290334283803,0.10617096657161973,0.10617096657161973
hash_seed_2,Hash seed 2,randomized_hash,time,60.0,29,False,69287,2140419584,1465,47.294880546075085,0.16461962561519478,0.13378839590443686,0.1326402405268063,1.0611219242144505,6061.481446613626,5712.3326813749,11.430703964079383,12.129370585489662,0.9423987735813685,0.057601226418631524,0.05760122641863157
hash_seed_2,Hash seed 2,randomized_hash,time,60.0,30,False,22217,658015744,1314,16.90791476407915,0.16221812125849575,0.14079147640791476,0.14219791977312646,1.1375833581850117,5795.864970561998,5094.892544673973,3.8332501037969697,4.360641525840402,0.8790564601749072,0.12094353982509276,0.12094353982509276
hash_seed_2,Hash seed 2,randomized_hash,time,60.0,31,False,46057,990004224,1281,35.95394223263076,0.16887769503007144,0.13114754098360656,0.1308362323797979,1.0466898590383833,5276.33898235022,5040.976500142752,8.728969111739103,9.136523449116602,0.9553928428414524,0.04460715715854757,0.04460715715854772
hash_seed_2,Hash seed 2,randomized_hash,time,60.0,32,False,46500,1068391936,1260,36.904761904761905,0.17019354838709677,0.14761904761904762,0.14835623834619246,1.1868499067695397,5828.434921578131,4910.844149992326,7.978128026761851,9.468840504757756,0.8425665236153387,0.15743347638466132,0.15743347638466124
hash_seed_2,Hash seed 2,randomized_hash,time,60.0,33,False,4528,109146624,741,6.110661268556005,0.2151060070671378,0.1484480431848853,0.14509165225565357,1.1607332180452286,3342.869589340458,2879.9637482333183,1.3545248712180142,1.5722420126911845,0.8615244092730312,0.1384755907269688,0.13847559072696883
hash_seed_2,Hash seed 2,randomized_hash,time,60.0,34,False,6272,195976192,1016,6.173228346456693,0.19212372448979592,0.1377952755905512,0.13910908635561298,1.1128726908449038,4367.959930973369,3924.941250608973,1.4359106079533859,1.5979857020858261,0.8985753790406972,0.10142462095930282,0.10142462095930281
hash_seed_2,Hash seed 2,randomized_hash,time,60.0,35,False,12764,452016128,978,13.051124744376278,0.1703227828267001,0.13701431492842536,0.13731070858661198,1.0984856686928959,4157.745524141441,3784.979306183214,3.0699329542626876,3.3722773541056057,0.9103441478575817,0.08965585214241834,0.08965585214241845
hash_seed_2,Hash seed 2,randomized_hash,time,60.0,36,False,3178,54794240,565,5.624778761061947,0.19005663939584644,0.14513274336283186,0.14566425433790342,1.1653140347032274,2568.7471306883713,2204.3389628809873,1.2371789975093272,1.4417020492376884,0.8581377810786186,0.1418622189213814,0.14186221892138137
hash_seed_2,Hash seed 2,randomized_hash,time,60.0,37,False,10240,317254656,1103,9.28377153218495,0.16083984375,0.13508612873980055,0.1388644095030887,1.1109152760247096,4774.330040662159,4297.654504983119,2.144803545793369,2.382695023093817,0.9001586543830704,0.09984134561692959,0.09984134561692955
hash_seed_2,Hash seed 2,randomized_hash,time,60.0,38,False,5991,82896896,721,8.309292649098474,0.3328325822066433,0.14008321775312066,0.13993783369546584,1.1195026695637267,3120.803471185928,2787.669521504682,1.9196979416724937,2.149106970458348,0.8932537877642603,0.10674621223573966,0.10674621223573966
hash_seed_2,Hash seed 2,randomized_hash,time,60.0,39,False,24270,318624256,670,36.223880597014926,0.23156159868149978,0.13880597014925372,0.13988172092226142,1.1190537673780914,2911.703523846062,2601.9335341393776,8.335326657139122,9.327678697998568,0.8936121115457832,0.10638788845421676,0.1063878884542167
hash_seed_2,Hash seed 2,randomized_hash,time,60.0,40,False,8870,239582720,743,11.938088829071333,0.16809470124013529,0.15074024226110364,0.14840640702074392,1.1872512561659514,3389.1342142599797,2854.605709329529,2.617187588109954,3.107259251605479,0.8422816946341662,0.15771830536583376,0.1577183053658338
hash_seed_2,Hash seed 2,randomized_hash,time,60.0,41,False,21640,486224896,1273,16.99921445404556,0.17347504621072088,0.1311861743912019,0.12983136174805418,1.0386508939844334,5111.420349055058,4921.2111390448235,4.2336568942134765,4.3972915179981875,0.9627874060396151,0.0372125939603849,0.03721259396038486
hash_seed_2,Hash seed 2,randomized_hash,time,60.0,42,False,37961,1041811456,1512,25.10648148148148,0.15402650088248465,0.12896825396825398,0.1290762085325326,1.0326096682602608,6095.86409892593,5903.357567042959,6.227336991762758,6.430408385208993,0.9684201404823165,0.031579859517683495,0.03157985951768349
hash_seed_2,Hash seed 2,randomized_hash,time,60.0,43,False,19360,485670912,1598,12.11514392991239,0.17014462809917355,0.13391739674593242,0.13412168373426345,1.0729734698741076,6666.198859503558,6212.827294122851,2.9042037911004903,3.1161336189586315,0.9319894928225301,0.06801050717746993,0.06801050717746977
hash_seed_2,Hash seed 2,randomized_hash,time,60.0,44,False,29128,770878976,1605,18.14828660436137,0.15126338917879703,0.13457943925233645,0.13606152951358602,1.0884922361086882,6848.540027909875,6291.76745659951,4.253169271303749,4.629541730670178,0.9187020052388759,0.08129799476112409,0.08129799476112394
hash_seed_2,Hash seed 2,randomized_hash,time,60.0,45,False,23520,1046495744,1418,16.586741889985895,0.15535714285714286,0.13328631875881522,0.13452116571624465,1.0761693257299572,5925.04973104136,5505.685387401695,3.9695869347355215,4.271947694980773,0.9292218018960055,0.07077819810399455,0.07077819810399456
hash_seed_2,Hash seed 2,randomized_hash,time,60.0,46,False,35615,809182208,1716,20.754662004662006,0.18933033834058682,0.13228438228438227,0.1336677561750086,1.0693420494000687,7183.510675712144,6717.692135778536,4.957882240005062,5.301671955211216,0.9351544723795613,0.06484552762043871,0.06484552762043869
hash_seed_2,Hash seed 2,randomized_hash,time,60.0,47,False,18225,662418432,1431,12.735849056603774,0.18353909465020576,0.13696715583508037,0.13931573052832324,1.114525844226586,6213.398527689365,5574.925480531222,2.933177377691481,3.269101993137921,0.8972425405657058,0.10275745943429415,0.10275745943429421
hash_seed_2,Hash seed 2,randomized_hash,time,60.0,48,False,23095,726973440,814,28.372235872235873,0.19519376488417406,0.14742014742014742,0.1497657825825318,1.1981262606602543,3786.449187226266,3160.3089854149916,6.099381995646972,7.307829742782987,0.834636576155945,0.165363423844055,0.16536342384405495
hash_seed_2,Hash seed 2,randomized_hash,time,60.0,49,False,10201,390664192,1005,10.150248756218906,0.19390255857268895,0.14328358208955225,0.14212526227688116,1.1370020982150493,4448.447333532328,3912.4354656124497,2.2931596656444637,2.607327351379876,0.8795058527771186,0.12049414722288143,0.1204941472228814
hash_seed_2,Hash seed 2,randomized_hash,time,60.0,50,False,28393,994708992,1717,16.53640069889342,0.16046208572535484,0.1322073383808969,0.13374731588491687,1.069978527079335,7144.66336679695,6677.389485842645,3.974015085434175,4.252110807703915,0.9345981949092459,0.0654018050907541,0.06540180509075412
hash_seed_2,Hash seed 2,randomized_hash,time,60.0,51,False,31503,560774144,1540,20.456493506493505,0.1545567088848681,0.1357142857142857,0.1375553836029338,1.1004430688234703,6625.260789023083,6020.539341582137,4.754982634373435,5.232587682372213,0.90872488394074,0.09127511605925998,0.09127511605925989
hash_seed_2,Hash seed 2,randomized_hash,time,60.0,52,False,31538,976122368,1932,16.324016563146998,0.18238315682668527,0.13146997929606624,0.1315135604709317,1.0521084837674537,7899.568499957567,7508.3212632886625,3.992369963013728,4.200406308425098,0.9504723281188073,0.04952767188119267,0.04952767188119275
hash_seed_2,Hash seed 2,randomized_hash,time,60.0,53,False,33830,719635456,1331,25.416979714500375,0.16798699379249188,0.14650638617580766,0.14730448978224966,1.1784359182579973,6086.012908980483,5164.483545254652,5.558647427461197,6.55050978545269,0.8485824171739714,0.15141758282602857,0.1514175828260285
hash_seed_2,Hash seed 2,randomized_hash,time,60.0,54,False,12410,303286272,712,17.429775280898877,0.1572925060435133,0.1404494382022472,0.14035056413305771,1.1228045130644617,3116.8135806209725,2775.9182870705404,3.9816304950543486,4.4705926892021095,0.8906269865897739,0.1093730134102261,0.109373013410226
hash_seed_2,Hash seed 2,randomized_hash,time,60.0,55,False,18724,673357824,1101,17.006357856494095,0.15835291604358043,0.1362397820163488,0.13949264112161372,1.1159411289729098,4799.113411131755,4300.507693939701,3.901553973817092,4.353904546290188,0.8961046188165681,0.10389538118343189,0.1038953811834319
hash_seed_2,Hash seed 2,randomized_hash,time,60.0,56,False,14224,319798784,922,15.427331887201735,0.16915073115860518,0.13882863340563992,0.14119394791070075,1.129551583285606,4077.1062833912692,3609.4910083981326,3.4887488849490365,3.9407218266800763,0.8853070676871877,0.1146929323128123,0.11469293231281232
hash_seed_2,Hash seed 2,randomized_hash,time,60.0,57,False,15552,438783488,1493,10.416610850636303,0.1539994855967078,0.13864701942397856,0.13833881088363303,1.1067104870690643,6455.5818025434355,5833.126077660972,2.409077984864612,2.6661518700168747,0.9035786790530295,0.09642132094697053,0.09642132094697052
hash_seed_2,Hash seed 2,randomized_hash,time,60.0,58,False,27083,1035197440,1351,20.04663212435233,0.14942953144038695,0.13249444855662473,0.13518156750381757,1.0814525400305406,5751.714855574087,5318.508804289882,4.70868265900793,5.092216821781886,0.9246822796049465,0.07531772039505347,0.07531772039505348
hash_seed_2,Hash seed 2,randomized_hash,time,60.0,59,False,36631,912944640,1653,22.160314579552328,0.17070241052660315,0.12885662431941924,0.13068362186068946,1.0454689748855157,6766.567294769947,6472.279385919531,5.413527776234936,5.6596753347346045,0.9565085373379971,0.04349146266200288,0.04349146266200273
hash_seed_2,Hash seed 2,randomized_hash,full_trace,1399055.0,0,False,1399055,36156877824,6204,225.50854287556416,0.1366014917211975,0.12620889748549324,0.12626996327552023,1.0101597062041618,24477.503851379184,24231.32075160408,57.156767638346025,57.73746360513116,0.9899424752920125,0.010057524707987486,0.01005752470798752
hash_seed_3,Hash seed 3,randomized_hash,request_count,5000.0,0,False,5000,58922496,518,9.652509652509652,0.2886,0.13513513513513514,0.13436440466343533,1.0749152373074826,2153.7764942667536,2003.6710054103175,2.321503653378033,2.4954196504810358,0.9303059118455377,0.06969408815446232,0.06969408815446237
hash_seed_3,Hash seed 3,randomized_hash,request_count,5000.0,1,False,5000,131597824,737,6.784260515603799,0.1764,0.13568521031207598,0.13765225963078745,1.1012180770462996,3127.2231926320987,2839.785559114662,1.5988625345898755,1.7606963258024353,0.9080853473475591,0.09191465265244092,0.09191465265244088
hash_seed_3,Hash seed 3,randomized_hash,request_count,5000.0,2,False,5000,127554048,711,7.032348804500703,0.182,0.14345991561181434,0.14671098708730096,1.1736878966984077,3229.6179159615203,2751.683752594244,1.5481707527348176,1.817069274507319,0.8520152613083998,0.14798473869160023,0.14798473869160025
hash_seed_3,Hash seed 3,randomized_hash,request_count,5000.0,3,False,5000,158485504,664,7.530120481927711,0.222,0.15060240963855423,0.15009068889438446,1.2007255111550756,3096.5334000667367,2578.8853249964923,1.614708887006431,1.9388221537174402,0.8328298105684608,0.16717018943153916,0.16717018943153916
hash_seed_3,Hash seed 3,randomized_hash,request_count,5000.0,4,False,5000,88420864,648,7.716049382716049,0.1766,0.14351851851851852,0.14523468357370029,1.1618774685896023,2907.4318076507952,2502.3566479691817,1.719730790191774,1.9981164571636147,0.8606759551107359,0.1393240448892641,0.13932404488926406
hash_seed_3,Hash seed 3,randomized_hash,request_count,5000.0,5,False,5000,68247040,662,7.552870090634441,0.1938,0.15861027190332327,0.15984382252001153,1.2787505801600922,3266.2498543862816,2554.250926695467,1.5308075692021683,1.9575210672307333,0.7820133304454148,0.21798666955458523,0.21798666955458523
hash_seed_3,Hash seed 3,randomized_hash,request_count,5000.0,6,False,5000,64428544,610,8.19672131147541,0.2484,0.14098360655737704,0.13952507011301507,1.1162005609041206,2619.1790412595205,2346.51292339254,1.9089951168804333,2.1308214202251667,0.8958963424906379,0.10410365750936212,0.10410365750936212
hash_seed_3,Hash seed 3,randomized_hash,request_count,5000.0,7,False,5000,173246464,458,10.91703056768559,0.2212,0.15938864628820962,0.16183145323945825,1.294651625915666,2313.335099068126,1786.8398361080167,2.1613816355503945,2.7982362486895798,0.7724085614867487,0.22759143851325125,0.22759143851325123
hash_seed_3,Hash seed 3,randomized_hash,request_count,5000.0,8,False,5000,93361664,646,7.739938080495356,0.2318,0.14551083591331268,0.14411322819360492,1.1529058255488394,2891.9507754283927,2508.40156354634,1.7289367587037632,1.9933012611150966,0.8673735337610522,0.1326264662389478,0.13262646623894778
hash_seed_3,Hash seed 3,randomized_hash,request_count,5000.0,9,False,5000,101086720,564,8.865248226950355,0.1982,0.1453900709219858,0.14761638008597036,1.180931040687763,2550.727198026731,2159.9289968203493,1.9602253051083047,2.314890909544038,0.8467894953608888,0.15321050463911123,0.15321050463911123
hash_seed_3,Hash seed 3,randomized_hash,request_count,5000.0,10,False,5000,49374208,381,13.123359580052494,0.2032,0.1679790026246719,0.16171859330115182,1.2937487464092146,1907.7938125206347,1474.624665581857,2.620828292442069,3.390693317900729,0.7729476088579712,0.2270523911420288,0.22705239114202888
hash_seed_3,Hash seed 3,randomized_hash,request_count,5000.0,11,False,5000,93842432,512,9.765625,0.227,0.177734375,0.17912113806272922,1.4329691045018338,2853.1303419745923,1991.0620075556144,1.7524611218916848,2.5112226445114065,0.6978517519033645,0.30214824809663554,0.3021482480966356
hash_seed_3,Hash seed 3,randomized_hash,request_count,5000.0,12,False,5000,72498176,900,5.555555555555555,0.1766,0.15,0.15158423454298364,1.2126738763438691,4217.468155048049,3477.82552038099,1.185545406908481,1.4376799441773773,0.8246240143433561,0.17537598565664392,0.17537598565664392
hash_seed_3,Hash seed 3,randomized_hash,request_count,5000.0,13,False,5000,78662656,818,6.112469437652812,0.1966,0.1393643031784841,0.1356047191673546,1.0848377533388367,3442.160617336292,3172.972738773383,1.4525760287935774,1.5758093156302737,0.9217968280715444,0.0782031719284556,0.07820317192845568
hash_seed_3,Hash seed 3,randomized_hash,request_count,5000.0,14,False,5000,79249920,711,7.032348804500703,0.1818,0.1420534458509142,0.14360206585933635,1.1488165268746908,3180.946915141075,2768.8902803258875,1.5718589883409766,1.8057775837226455,0.8704610149720425,0.12953898502795747,0.12953898502795755
hash_seed_3,Hash seed 3,randomized_hash,request_count,5000.0,15,False,5000,66673664,707,7.072135785007072,0.2042,0.1485148514851485,0.14984450849432346,1.1987560679545877,3323.1190744335245,2772.139523017133,1.5046105444934514,1.8036610201199812,0.8341980714277251,0.16580192857227494,0.16580192857227494
hash_seed_3,Hash seed 3,randomized_hash,request_count,5000.0,16,False,5000,81592320,696,7.183908045977011,0.1726,0.13936781609195403,0.1392103400209297,1.1136827201674375,3010.2324188226958,2702.9533316006914,1.6610013129668917,1.8498284604266533,0.8979218065353964,0.10207819346460356,0.10207819346460346
hash_seed_3,Hash seed 3,randomized_hash,request_count,5000.0,17,False,5000,111870976,471,10.615711252653927,0.1674,0.13588110403397027,0.1356489732090205,1.085191785672164,1986.1038981144277,1830.186999512019,2.5174916603038304,2.7319612702598945,0.9214961016135996,0.07850389838640037,0.0785038983864004
hash_seed_3,Hash seed 3,randomized_hash,request_count,5000.0,18,False,5000,112221184,337,14.836795252225519,0.1878,0.1513353115727003,0.14814749713038605,1.1851799770430884,1541.269430903326,1300.4517969909068,3.2440791335681904,3.84481763304831,0.8437537077658914,0.15624629223410857,0.15624629223410857
hash_seed_3,Hash seed 3,randomized_hash,request_count,5000.0,19,False,5000,55542784,356,14.044943820224718,0.2196,0.1601123595505618,0.16050931789212572,1.2840745431370058,1763.207407834555,1373.134774190775,2.835741262079112,3.6413031655589916,0.7787709875136929,0.2212290124863071,0.22122901248630708
hash_seed_3,Hash seed 3,randomized_hash,request_count,5000.0,20,False,5000,124009984,367,13.623978201634877,0.2006,0.15803814713896458,0.1605352474727057,1.2842819797816456,1833.5872686692674,1427.7139269531874,2.7268950245432104,3.5021021407770734,0.7786452007759391,0.22135479922406087,0.22135479922406093
hash_seed_3,Hash seed 3,randomized_hash,request_count,5000.0,21,False,5000,174182400,516,9.689922480620154,0.1746,0.15503875968992248,0.15871766418392902,1.2697413134714322,2583.89920119586,2034.9808057607909,1.9350600045411754,2.4570256318121473,0.7875619934473362,0.21243800655266376,0.21243800655266387
hash_seed_3,Hash seed 3,randomized_hash,request_count,5000.0,22,False,5000,112900608,665,7.518796992481203,0.2228,0.14586466165413534,0.1459619453991138,1.1676955631929105,3012.4515431594546,2579.826144857741,1.6597777352979453,1.9381150973937875,0.8563875992348821,0.14361240076511794,0.14361240076511797
hash_seed_3,Hash seed 3,randomized_hash,request_count,5000.0,23,False,5000,116538880,743,6.7294751009421265,0.1618,0.13997308209959622,0.14145193195310354,1.1316154556248283,3272.923951323086,2892.2580856019867,1.527685969598756,1.7287530545391538,0.8836924195665425,0.11630758043345746,0.11630758043345744
hash_seed_3,Hash seed 3,randomized_hash,request_count,5000.0,24,False,5000,94137344,836,5.980861244019139,0.1798,0.1423444976076555,0.14308553176088662,1.144684254087093,3725.2002547122406,3254.347424987651,1.3422097224639629,1.5364063349871053,0.8736033508187974,0.12639664918120264,0.12639664918120264
hash_seed_3,Hash seed 3,randomized_hash,request_count,5000.0,25,False,5000,109406720,743,6.7294751009421265,0.1728,0.14131897711978467,0.14068552658542774,1.125484212683422,3265.475112291594,2901.395750817264,1.5311707571065143,1.7233085140459043,0.8885064656888987,0.11149353431110132,0.11149353431110129
hash_seed_3,Hash seed 3,randomized_hash,request_count,5000.0,26,False,5000,68690432,790,6.329113924050633,0.1928,0.14810126582278482,0.14512257105933873,1.1609805684747099,3576.6124716660875,3080.682458247361,1.3979708563927415,1.6230169995659218,0.8613408588860318,0.13865914111396815,0.13865914111396818
hash_seed_3,Hash seed 3,randomized_hash,request_count,5000.0,27,False,5000,87021568,845,5.9171597633136095,0.1696,0.14201183431952663,0.14355770790133363,1.148461663210669,3755.4917159592706,3270.0192233324715,1.3313835785476744,1.5290429989902345,0.8707299790960146,0.12927002090398543,0.12927002090398546
hash_seed_3,Hash seed 3,randomized_hash,request_count,5000.0,28,False,5000,39401984,796,6.28140703517588,0.1944,0.14195979899497488,0.14123644937007918,1.1298915949606334,3507.4381878831427,3104.2253996104337,1.4255418719203912,1.610707779347298,0.8850406574046964,0.1149593425953036,0.1149593425953036
hash_seed_3,Hash seed 3,randomized_hash,request_count,5000.0,29,False,5000,48270848,835,5.9880239520958085,0.1944,0.1473053892215569,0.14403506799160193,1.1522805439328154,3749.6406433363845,3254.1039272767675,1.333461116836802,1.5365213010219698,0.8678442114339003,0.13215578856609966,0.1321557885660996
hash_seed_3,Hash seed 3,randomized_hash,request_count,5000.0,30,False,5000,35755008,282,17.73049645390071,0.1808,0.13829787234042554,0.1369081767110508,1.0952654136884064,1188.0147789219807,1084.6820908196419,4.20870185178762,4.6096455747893295,0.9130207048466988,0.08697929515330116,0.08697929515330118
hash_seed_3,Hash seed 3,randomized_hash,request_count,5000.0,31,False,5000,47288320,331,15.105740181268882,0.2254,0.1510574018126888,0.1498331695897197,1.1986653567177576,1551.541296883028,1294.3907056190662,3.2226019443019402,3.8628213091260246,0.8342612009228726,0.1657387990771274,0.16573879907712738
hash_seed_3,Hash seed 3,randomized_hash,request_count,5000.0,32,False,5000,118990848,672,7.440476190476191,0.1868,0.14434523809523808,0.14530507952003152,1.1624406361602522,3060.4826881152126,2632.807726185941,1.6337292216736021,1.8991132357558558,0.8602589834636007,0.13974101653639925,0.1397410165363992
hash_seed_3,Hash seed 3,randomized_hash,request_count,5000.0,33,False,5000,44438528,363,13.774104683195592,0.2878,0.14600550964187328,0.14740076449901934,1.1792061159921547,1660.5569164687631,1408.1990365794632,3.011038014061384,3.550634441666056,0.8480281661010762,0.15197183389892377,0.1519718338989238
hash_seed_3,Hash seed 3,randomized_hash,request_count,5000.0,34,False,5000,36884992,181,27.624309392265193,0.231,0.16022099447513813,0.1559725873520796,1.247780698816637,880.5609057067243,705.7016561819121,5.678198938422185,7.085147039404321,0.8014228789949822,0.1985771210050178,0.19857712100501773
hash_seed_3,Hash seed 3,randomized_hash,request_count,5000.0,35,False,5000,30553600,147,34.01360544217687,0.244,0.17006802721088435,0.17471517920156326,1.3977214336125061,822.7005318338076,588.6012134102302,6.077545603203817,8.494715753355424,0.7154501433203553,0.2845498566796447,0.28454985667964466
hash_seed_3,Hash seed 3,randomized_hash,request_count,5000.0,36,False,5000,86471168,313,15.97444089456869,0.254,0.14696485623003194,0.1460097499481637,1.1680779995853097,1451.9769585276476,1243.047946321331,3.443580816234277,4.022370991237282,0.8561072123223101,0.14389278767768987,0.14389278767768984
hash_seed_3,Hash seed 3,randomized_hash,request_count,5000.0,37,False,5000,108463104,624,8.012820512820513,0.1968,0.15064102564102563,0.15197382069195423,1.2157905655356338,2952.765478285343,2428.6793811271764,1.6933278435995116,2.0587320166070855,0.8225100838477356,0.1774899161522644,0.17748991615226442
hash_seed_3,Hash seed 3,randomized_hash,request_count,5000.0,38,False,5000,74446848,476,10.504201680672269,0.2172,0.14705882352941177,0.14944743008124492,1.1955794406499594,2230.345256381228,1865.493149638583,2.241805382236014,2.6802564249398024,0.8364145166768379,0.16358548332316214,0.16358548332316206
hash_seed_3,Hash seed 3,randomized_hash,request_count,5000.0,39,False,5000,33530368,337,14.836795252225519,0.3404,0.142433234421365,0.14578348437604446,1.1662678750083557,1555.7165804400947,1333.9273195953792,3.213953018734014,3.7483301575356087,0.8574359471170682,0.14256405288293184,0.1425640528829318
hash_seed_3,Hash seed 3,randomized_hash,request_count,5000.0,40,False,5000,73317376,712,7.022471910112359,0.2634,0.14606741573033707,0.1404999629655661,1.1239997037245288,3126.7406984261806,2781.798507655555,1.5991092585697013,1.7973983328554954,0.8896799498134753,0.11032005018652469,0.1103200501865247
hash_seed_3,Hash seed 3,randomized_hash,request_count,5000.0,41,False,5000,85826048,837,5.973715651135006,0.2822,0.14336917562724014,0.1392624178596879,1.1140993428775032,3636.040316446507,3263.6589723276543,1.3751222662147178,1.53202281316604,0.8975860244358401,0.10241397556415988,0.10241397556415986
hash_seed_3,Hash seed 3,randomized_hash,request_count,5000.0,42,False,5000,125619712,984,5.08130081300813,0.1896,0.13516260162601626,0.13517778450054127,1.0814222760043302,4155.976709968773,3843.06556484521,1.2030866265459819,1.3010446779097273,0.9247081572009302,0.07529184279906975,0.07529184279906964
hash_seed_3,Hash seed 3,randomized_hash,request_count,5000.0,43,False,5000,163280896,705,7.092198581560283,0.1734,0.14468085106382977,0.14426288189768308,1.1541030551814646,3200.0247830854987,2772.7374680438265,1.5624878989777529,1.803272057894292,0.8664737481721386,0.13352625182786138,0.1335262518278615
hash_seed_3,Hash seed 3,randomized_hash,request_count,5000.0,44,False,5000,138666496,1069,4.677268475210477,0.175,0.13938260056127222,0.1377434678756892,1.1019477430055136,4609.901720544968,4183.412280487699,1.0846218212671388,1.195196567959853,0.9074840493547766,0.09251595064522344,0.09251595064522354
hash_seed_3,Hash seed 3,randomized_hash,request_count,5000.0,45,False,5000,90707456,836,5.980861244019139,0.2204,0.14832535885167464,0.14632882131948505,1.1706305705558804,3856.5163992925714,3294.3923525431965,1.2965068684570318,1.5177305751514731,0.8542404624929146,0.14575953750708537,0.14575953750708523
hash_seed_3,Hash seed 3,randomized_hash,request_count,5000.0,46,False,5000,68132864,518,9.652509652509652,0.182,0.14864864864864866,0.1536021155188105,1.228816924150484,2508.359280379623,2041.2798937593761,1.9933348619992284,2.449443613923821,0.8137908750657291,0.1862091249342709,0.1862091249342709
hash_seed_3,Hash seed 3,randomized_hash,request_count,5000.0,47,False,5000,71943168,514,9.727626459143968,0.2542,0.1303501945525292,0.13043289110462675,1.043463128837014,2069.8962146817385,1983.6793054573284,2.4155800491517816,2.5205687160441856,0.958347230835597,0.04165276916440297,0.04165276916440303
hash_seed_3,Hash seed 3,randomized_hash,request_count,5000.0,48,False,5000,95191552,592,8.445945945945946,0.215,0.14358108108108109,0.14165450137723043,1.1332360110178434,2595.152697906616,2290.0372673259094,1.9266689023860744,2.1833705814921216,0.882428717652403,0.11757128234759695,0.11757128234759695
hash_seed_3,Hash seed 3,randomized_hash,request_count,5000.0,49,False,5000,167976960,428,11.682242990654206,0.2326,0.16121495327102803,0.15699057615500894,1.2559246092400715,2089.215427777909,1663.487929456244,2.3932429052172965,3.005732660551607,0.7962261370171534,0.2037738629828466,0.20377386298284667
hash_seed_3,Hash seed 3,randomized_hash,request_count,5000.0,50,False,5000,65021440,226,22.123893805309734,0.2322,0.14601769911504425,0.1573947083197979,1.2591576665583832,1121.2765891734211,890.4973689579097,4.459203062186363,5.614839722492578,0.7941817189052021,0.20581828109479794,0.20581828109479797
hash_seed_3,Hash seed 3,randomized_hash,request_count,5000.0,51,False,5000,117344768,390,12.820512820512821,0.1858,0.14871794871794872,0.14861372736095127,1.1889098188876102,1800.2267105060757,1514.182725978693,2.77742795994534,3.3021113728319986,0.8411066879198951,0.15889331208010493,0.158893312080105
hash_seed_3,Hash seed 3,randomized_hash,request_count,5000.0,52,False,5000,121467904,744,6.720430107526882,0.1614,0.14112903225806453,0.14875742402050376,1.1900593921640301,3462.2243251269547,2909.287005273888,1.4441583012725951,1.7186341502011029,0.8402941958901547,0.15970580410984525,0.15970580410984525
hash_seed_3,Hash seed 3,randomized_hash,request_count,5000.0,53,False,5000,146289152,624,8.012820512820513,0.2114,0.15384615384615385,0.15344084834126384,1.2275267867301107,2980.155462409538,2427.772244667739,1.677764822361771,2.05950126128256,0.8146461737619614,0.18535382623803864,0.18535382623803856
hash_seed_3,Hash seed 3,randomized_hash,request_count,5000.0,54,False,5000,96331776,685,7.299270072992701,0.3258,0.15182481751824817,0.15201486606225637,1.216118928498051,3277.133198722614,2694.7472997316036,1.5257237642793824,1.8554615493994555,0.8222879987856406,0.17771200121435937,0.17771200121435932
hash_seed_3,Hash seed 3,randomized_hash,request_count,5000.0,55,False,5000,174883328,802,6.234413965087282,0.2024,0.13840399002493767,0.13509039501463743,1.0807231601170995,3356.3077435111054,3105.6128594000334,1.4897322838368192,1.609988181516591,0.9253063475494012,0.07469365245059878,0.07469365245059881
hash_seed_3,Hash seed 3,randomized_hash,request_count,5000.0,56,False,5000,111398912,674,7.4183976261127595,0.2186,0.14391691394658754,0.14024352828314454,1.1219482262651563,2941.83225421859,2622.0748741781335,1.6996210415566677,1.9068868128974412,0.8913067257380415,0.10869327426195852,0.10869327426195842
hash_seed_3,Hash seed 3,randomized_hash,request_count,5000.0,57,False,5000,132835328,510,9.803921568627452,0.239,0.1392156862745098,0.13990761790751519,1.1192609432601215,2234.240004681588,1996.1743667869057,2.2378974458979726,2.504791206215182,0.8934467033998837,0.10655329660011625,0.10655329660011616
hash_seed_3,Hash seed 3,randomized_hash,request_count,5000.0,58,False,5000,229708800,525,9.523809523809524,0.195,0.14095238095238094,0.14098439428895884,1.1278751543116707,2319.717417154443,2056.7147066646216,2.1554349521302525,2.4310615292426774,0.8866229530610491,0.1133770469389509,0.11337704693895094
hash_seed_3,Hash seed 3,randomized_hash,request_count,5000.0,59,False,5000,161638912,643,7.776049766718507,0.199,0.13996889580093314,0.14141967663880367,1.1313574131104294,2865.0489114789275,2532.399468353752,1.7451709044014256,1.9744120398391853,0.8838939740985213,0.11610602590147867,0.11610602590147857
hash_seed_3,Hash seed 3,randomized_hash,request_count,5000.0,60,False,5000,156919808,486,10.2880658436214,0.192,0.1522633744855967,0.151871099651279,1.214968797210232,2286.943392849178,1882.3062765894692,2.186324338256039,2.656315851562397,0.823066404911932,0.17693359508806805,0.17693359508806797
hash_seed_3,Hash seed 3,randomized_hash,request_count,5000.0,61,False,5000,136565248,390,12.820512820512821,0.231,0.15384615384615385,0.15420254304157718,1.2336203443326175,1892.945458636256,1534.4635546362767,2.6413861937692458,3.2584677458730393,0.8106221696116684,0.18937783038833156,0.1893778303883315
hash_seed_3,Hash seed 3,randomized_hash,request_count,5000.0,62,False,5000,141972992,532,9.398496240601503,0.1832,0.14849624060150377,0.14796285129200218,1.1837028103360174,2468.973328393807,2085.8050744113216,2.02513325781966,2.397155928586066,0.8448066451038757,0.1551933548961243,0.15519335489612437
hash_seed_3,Hash seed 3,randomized_hash,request_count,5000.0,63,False,5000,124154368,305,16.39344262295082,0.2332,0.14754098360655737,0.14597411798249754,1.1677929438599803,1394.7660502498063,1194.360744841973,3.584830587971715,4.186339865566793,0.8563161862364371,0.14368381376356287,0.14368381376356287
hash_seed_3,Hash seed 3,randomized_hash,request_count,5000.0,64,False,5000,139842560,303,16.501650165016503,0.19,0.13861386138613863,0.13737178595533656,1.0989742876426924,1313.7082126078317,1195.3948580778401,3.8060202044977247,4.182718342991581,0.9099393964393899,0.09006060356061008,0.09006060356061006
hash_seed_3,Hash seed 3,randomized_hash,request_count,5000.0,65,False,5000,204763136,416,12.01923076923077,0.1842,0.13942307692307693,0.1422190506864919,1.1377524054919352,1861.7763864492747,1636.3633928282402,2.6856071633478247,3.05555601030536,0.8789258499239345,0.12107415007606548,0.12107415007606555
hash_seed_3,Hash seed 3,randomized_hash,request_count,5000.0,66,False,5000,146511360,446,11.210762331838565,0.182,0.14349775784753363,0.1456894411448476,1.1655155291587809,2039.949906921722,1750.2554499587582,2.4510405785135108,2.8567258568558187,0.8579894261226679,0.14201057387733207,0.14201057387733204
hash_seed_3,Hash seed 3,randomized_hash,request_count,5000.0,67,False,5000,138295808,511,9.784735812133073,0.2204,0.1350293542074364,0.13397573376079192,1.0718058700863353,2141.9390980453777,1998.4394169000418,2.334333410582374,2.5019522522008435,0.9330047799789051,0.06699522002109493,0.06699522002109502
hash_seed_3,Hash seed 3,randomized_hash,request_count,5000.0,68,False,5000,167005696,467,10.70663811563169,0.2924,0.14132762312633834,0.14398539196025267,1.1518831356820214,2097.9291619322403,1821.3038258347904,2.383302587488172,2.7452860577549503,0.8681436241428325,0.13185637585716747,0.1318563758571675
hash_seed_3,Hash seed 3,randomized_hash,request_count,5000.0,69,False,5000,144917504,478,10.460251046025105,0.205,0.15481171548117154,0.15689113947829386,1.255129115826351,2324.487310789955,1851.9905892387499,2.1510119572564146,2.699797736043152,0.7967307804357808,0.20326921956421917,0.20326921956421928
hash_seed_3,Hash seed 3,randomized_hash,request_count,5000.0,70,False,5000,125676544,285,17.54385964912281,0.233,0.15789473684210525,0.1536508158824852,1.2292065270598815,1390.9856396403823,1131.6126371110781,3.5945734143543513,4.418473102920292,0.8135329401413799,0.1864670598586201,0.1864670598586201
hash_seed_3,Hash seed 3,randomized_hash,request_count,5000.0,71,False,5000,125376512,496,10.080645161290322,0.227,0.1310483870967742,0.1335034998059209,1.0680279984473673,2098.875733743816,1965.187932146939,2.38222774203091,2.544285927167064,0.9363050420529592,0.06369495794704083,0.06369495794704096
hash_seed_3,Hash seed 3,randomized_hash,request_count,5000.0,72,False,5000,105510400,367,13.623978201634877,0.199,0.14713896457765668,0.14635785352190764,1.170862828175261,1689.4649702757047,1442.9230560753751,2.959516822171251,3.465188236439692,0.8540710115107647,0.1459289884892353,0.14592898848923527
hash_seed_3,Hash seed 3,randomized_hash,request_count,5000.0,73,False,5000,106253312,149,33.557046979865774,0.3524,0.1476510067114094,0.15659303599000124,1.25274428792001,739.5904838599688,590.3762571433837,6.760498017639017,8.469175275091828,0.7982475032157975,0.20175249678420248,0.2017524967842025
hash_seed_3,Hash seed 3,randomized_hash,request_count,5000.0,74,False,5000,121377280,580,8.620689655172415,0.2496,0.14655172413793102,0.14196947926829903,1.1357558341463923,2570.4855460394638,2263.237809358365,1.9451577962396513,2.2092243154145232,0.8804709339235548,0.1195290660764452,0.11952906607644527
hash_seed_3,Hash seed 3,randomized_hash,request_count,5000.0,75,False,5000,209009664,729,6.858710562414266,0.2026,0.14540466392318244,0.14361235721553636,1.148898857724291,3235.318775788767,2816.017053230606,1.5454427666964612,1.775557429335832,0.8703986371618248,0.12960136283817525,0.1296013628381753
hash_seed_3,Hash seed 3,randomized_hash,request_count,5000.0,76,False,5000,152879104,856,5.841121495327103,0.1486,0.13551401869158877,0.13788150488854517,1.1030520391083614,3683.5885273144145,3339.4512649575427,1.35737201995396,1.4972519744388513,0.9065755418106454,0.09342445818935463,0.0934244581893546
hash_seed_3,Hash seed 3,randomized_hash,request_count,5000.0,77,False,5000,144356352,765,6.5359477124183005,0.1406,0.1450980392156863,0.14106063653451353,1.1284850922761083,3385.146175470095,2999.726091766435,1.47704109093772,1.6668188518024567,0.8861437398194077,0.11385626018059225,0.1138562601805923
hash_seed_3,Hash seed 3,randomized_hash,request_count,5000.0,78,False,5000,129148416,574,8.710801393728223,0.1518,0.13414634146341464,0.13875682889010488,1.110054631120839,2511.1804712550497,2262.2134090098543,1.991095445840687,2.2102247206590664,0.9008565632398514,0.09914343676014858,0.09914343676014868
hash_seed_3,Hash seed 3,randomized_hash,request_count,5000.0,79,False,5000,163935744,637,7.849293563579278,0.2136,0.14285714285714285,0.14047941419553944,1.1238353135643155,2812.34861984232,2502.456174759963,1.777873470139109,1.9980369887914633,0.8898100886583071,0.11018991134169287,0.11018991134169281
hash_seed_3,Hash seed 3,randomized_hash,request_count,5000.0,80,False,5000,149628416,714,7.002801120448179,0.1966,0.15126050420168066,0.15289379471239606,1.2231503576991685,3412.57114760241,2789.9849974468348,1.465170917685593,1.7921243320575522,0.8175609758076431,0.1824390241923569,0.18243902419235686
hash_seed_3,Hash seed 3,randomized_hash,request_count,5000.0,81,False,5000,242783744,640,7.8125,0.1614,0.14375,0.1418885613846756,1.1351084910774047,2839.7616485467597,2501.753507148342,1.7607111507258846,1.9985981775236195,0.880973059280735,0.119026940719265,0.11902694071926506
hash_seed_3,Hash seed 3,randomized_hash,request_count,5000.0,82,False,5000,98750464,322,15.527950310559007,0.5094,0.15527950310559005,0.1487548523176039,1.1900388185408313,1491.0681299746013,1252.9575562945736,3.3533008314550785,3.9905581596767887,0.8403087230601034,0.1596912769398966,0.15969127693989657
hash_seed_3,Hash seed 3,randomized_hash,request_count,5000.0,83,False,5000,134159360,934,5.353319057815845,0.1722,0.1423982869379015,0.1430078843250197,1.1440630746001577,4205.523642576174,3675.9543559658864,1.188912588525398,1.360190991459199,0.8740776817305228,0.1259223182694772,0.1259223182694771
hash_seed_3,Hash seed 3,randomized_hash,request_count,5000.0,84,False,5000,143817216,662,7.552870090634441,0.1746,0.14501510574018128,0.1441856938464113,1.1534855507712904,2977.7760035382203,2581.5459947002355,1.679105478067845,1.9368239071721791,0.8669376043170539,0.1330623956829461,0.13306239568294617
hash_seed_3,Hash seed 3,randomized_hash,request_count,5000.0,85,False,5000,137756672,398,12.56281407035176,0.232,0.1407035175879397,0.14230640742773112,1.138451259421849,1788.525659837999,1571.0164533054174,2.795598694654954,3.1826528547680097,0.878386309228416,0.12161369077158402,0.12161369077158399
hash_seed_3,Hash seed 3,randomized_hash,request_count,5000.0,86,False,5000,226083328,525,9.523809523809524,0.1874,0.13904761904761906,0.14251519496624604,1.1401215597299683,2342.1171562240456,2054.269683996471,2.1348206201866455,2.4339550152308966,0.8770994561639941,0.1229005438360059,0.12290054383600582
hash_seed_3,Hash seed 3,randomized_hash,request_count,5000.0,87,False,5000,145024000,478,10.460251046025105,0.1938,0.1506276150627615,0.15194619374566434,1.2155695499653147,2256.261730589782,1856.1354474979753,2.216054960384853,2.6937689308934196,0.8226596331148095,0.1773403668851905,0.17734036688519048
hash_seed_3,Hash seed 3,randomized_hash,request_count,5000.0,88,False,5000,93749248,248,20.161290322580644,0.2506,0.16129032258064516,0.15366689422727373,1.2293351538181898,1187.7898244431772,966.205042419899,4.209498934160297,5.174885019723455,0.8134478192493737,0.1865521807506263,0.18655218075062624
hash_seed_3,Hash seed 3,randomized_hash,request_count,5000.0,89,False,5000,184436224,650,7.6923076923076925,0.1766,0.14153846153846153,0.1411284621797093,1.1290276974376745,2830.263138048738,2506.814619758233,1.7666201890496793,1.9945631242896689,0.885717863493958,0.11428213650604202,0.11428213650604198
hash_seed_3,Hash seed 3,randomized_hash,request_count,5000.0,90,False,5000,163142656,768,6.510416666666667,0.1634,0.14713541666666666,0.14673199398820086,1.1738559519056069,3509.435217027548,2989.664286602136,1.4247306733973404,1.6724285808299515,0.8518932824565282,0.14810671754347182,0.14810671754347182
hash_seed_3,Hash seed 3,randomized_hash,request_count,5000.0,91,False,5000,168001536,773,6.468305304010349,0.1456,0.1448900388098318,0.1428167712275125,1.1425341698201,3430.331644665774,3002.3886683458263,1.457585014491263,1.6653406844739933,0.8752473461318511,0.12475265386814893,0.12475265386814904
hash_seed_3,Hash seed 3,randomized_hash,request_count,5000.0,92,False,5000,155715584,801,6.242197253433209,0.1724,0.1348314606741573,0.13438185239799869,1.0750548191839895,3318.0774015117263,3086.426238273396,1.5068967341515254,1.6199965960622122,0.9301851237307516,0.06981487626924843,0.06981487626924839
hash_seed_3,Hash seed 3,randomized_hash,request_count,5000.0,93,False,5000,244248576,867,5.767012687427912,0.1594,0.14071510957324107,0.1388168351736303,1.1105346813890424,3739.7702234282024,3367.5402363396215,1.3369805365786778,1.4847632542127531,0.9004671504263269,0.09953284957367314,0.09953284957367303
hash_seed_3,Hash seed 3,randomized_hash,request_count,5000.0,94,False,5000,198525952,847,5.903187721369539,0.159,0.13695395513577333,0.13845886748725622,1.1076709398980498,3660.5607651757414,3304.736662598244,1.3659109411778751,1.5129798560315268,0.9027951930309196,0.0972048069690804,0.09720480696908045
hash_seed_3,Hash seed 3,randomized_hash,request_count,5000.0,95,False,5000,164614656,662,7.552870090634441,0.1724,0.1510574018126888,0.14908466628969258,1.1926773303175406,3049.121651408754,2556.5352622213004,1.6398165018079556,1.955771967586961,0.8384497420888835,0.16155025791111655,0.16155025791111652
hash_seed_3,Hash seed 3,randomized_hash,request_count,5000.0,96,False,5000,140496384,732,6.830601092896175,0.1642,0.1407103825136612,0.14457925168668923,1.1566340134935138,3289.566621821063,2844.086014628957,1.5199570566022045,1.7580340307155957,0.8645777215037848,0.13542227849621524,0.1354222784962153
hash_seed_3,Hash seed 3,randomized_hash,request_count,5000.0,97,False,5000,120379904,838,5.966587112171838,0.1704,0.13723150357995226,0.13736546997992613,1.098923759839409,3615.3206637069998,3289.87396198925,1.3830031870183286,1.5198150621480673,0.9099812348639497,0.09001876513605034,0.0900187651360503
hash_seed_3,Hash seed 3,randomized_hash,request_count,5000.0,98,False,5000,96649216,713,7.012622720897616,0.1838,0.14726507713884993,0.1450548441187465,1.160438752949972,3214.611284680001,2770.1688490737492,1.5553980115196808,1.8049441288287646,0.8617430238846144,0.13825697611538557,0.13825697611538557
hash_seed_3,Hash seed 3,randomized_hash,request_count,5000.0,99,False,5000,165388800,316,15.822784810126583,0.3146,0.14556962025316456,0.146326081262756,1.170608650102048,1420.103256883224,1213.1323792622122,3.5208707365221916,4.121561740064046,0.8542564587343727,0.14574354126562727,0.14574354126562725
hash_seed_3,Hash seed 3,randomized_hash,request_count,5000.0,100,False,5000,115799040,471,10.615711252653927,0.257,0.15498938428874734,0.1564810233992032,1.2518481871936256,2302.7862652557583,1839.5092063184672,2.1712827088816584,2.7181163229983687,0.7988189065015823,0.20118109349841773,0.20118109349841778
hash_seed_3,Hash seed 3,randomized_hash,request_count,5000.0,101,False,5000,140165120,1043,4.793863854266539,0.1706,0.1457334611697028,0.14606144414103508,1.1684915531282807,4735.335130010459,4052.5197784554275,1.0558914760461646,1.2338002707800957,0.8558042181159156,0.14419578188408444,0.14419578188408452
hash_seed_3,Hash seed 3,randomized_hash,request_count,5000.0,102,False,5000,78791168,401,12.468827930174564,0.2242,0.16458852867830423,0.1635368580158468,1.3082948641267744,2066.2483931471484,1579.3445726978928,2.419844592055261,3.1658702517708477,0.7643536846469646,0.23564631535303537,0.2356463153530354
hash_seed_3,Hash seed 3,randomized_hash,request_count,5000.0,103,False,5000,183373312,517,9.671179883945841,0.2738,0.1450676982591876,0.14502917731181167,1.1602334184944934,2350.4440511399434,2025.8372269520169,2.1272576122690716,2.4681153715013786,0.861895532450349,0.138104467549651,0.138104467549651
hash_seed_3,Hash seed 3,randomized_hash,request_count,5000.0,104,False,5000,70089216,541,9.242144177449168,0.2558,0.1534195933456562,0.15617238933988226,1.249379114719058,2612.8183584684216,2091.293449431443,1.913642402195495,2.390864850343859,0.800397564053138,0.199602435946862,0.19960243594686208
hash_seed_3,Hash seed 3,randomized_hash,request_count,5000.0,105,False,5000,91448320,501,9.980039920159681,0.2408,0.14770459081836326,0.1489895492491271,1.1919163939930169,2296.998204120727,1927.1470848937622,2.1767539874564075,2.5945087633389616,0.8389850202914978,0.1610149797085022,0.16101497970850226
hash_seed_3,Hash seed 3,randomized_hash,request_count,5000.0,106,False,5000,41154048,289,17.301038062283737,0.2696,0.15570934256055363,0.15145690047414245,1.2116552037931396,1372.3443889975174,1132.6195642962894,3.6434003301842077,4.414544969569339,0.8253172989060388,0.17468270109396122,0.1746827010939611
hash_seed_3,Hash seed 3,randomized_hash,request_count,5000.0,107,False,5000,227659776,481,10.395010395010395,0.2044,0.14345114345114346,0.1407157307276748,1.1257258458213983,2132.83581668245,1894.6316499699826,2.344296715617483,2.6390354030448173,0.8883157508659125,0.11168424913408748,0.11168424913408737
hash_seed_3,Hash seed 3,randomized_hash,request_count,5000.0,108,False,5000,149084160,773,6.468305304010349,0.146,0.1500646830530401,0.15039279764092706,1.2031423811274164,3639.8909727730966,3025.3202196753314,1.373667518450611,1.6527176090260574,0.831156823735974,0.168843176264026,0.16884317626402606
hash_seed_3,Hash seed 3,randomized_hash,request_count,5000.0,109,False,5000,150497792,688,7.267441860465116,0.1874,0.13662790697674418,0.13639956615810347,1.0911965292648278,2931.8002243175315,2686.775613456885,1.705436802456043,1.8609667197205397,0.9164252022261566,0.08357479777384336,0.08357479777384345
hash_seed_3,Hash seed 3,randomized_hash,request_count,5000.0,110,False,5000,163380224,798,6.265664160401003,0.1788,0.14411027568922305,0.14533283890677806,1.1626627112542245,3628.126289666049,3120.532080840712,1.378121818482847,1.6022908499158692,0.8600946691764528,0.13990533082354717,0.13990533082354717
hash_seed_3,Hash seed 3,randomized_hash,request_count,5000.0,111,False,5000,105788928,201,24.875621890547265,0.2354,0.14427860696517414,0.1443425793877052,1.1547406351016416,900.0326837947201,779.4241030718541,5.555353811062713,6.414992788000881,0.8659953322868724,0.13400466771312758,0.13400466771312772
hash_seed_3,Hash seed 3,randomized_hash,request_count,5000.0,112,False,5000,110579200,258,19.37984496124031,0.1722,0.13953488372093023,0.14345953343121,1.14767626744968,1150.1410722858482,1002.1476481705465,4.347292797798055,4.989284771687749,0.8713258506444153,0.12867414935558474,0.12867414935558477
hash_seed_3,Hash seed 3,randomized_hash,request_count,5000.0,113,False,5000,93275136,282,17.73049645390071,0.166,0.1453900709219858,0.1475801179669785,1.180640943735828,1289.1077525960295,1091.8711225760023,3.8786517185478915,4.579295025408975,0.8469975612024453,0.1530024387975547,0.15300243879755462
hash_seed_3,Hash seed 3,randomized_hash,request_count,5000.0,114,False,5000,111938048,161,31.055900621118013,0.2348,0.14285714285714285,0.14157098350631434,1.1325678680505147,728.1374112722712,642.9084135378233,6.86683574088512,7.777157515307337,0.8829492944394552,0.11705070556054475,0.11705070556054467
hash_seed_3,Hash seed 3,randomized_hash,request_count,5000.0,115,False,5000,109698048,282,17.73049645390071,0.2828,0.1453900709219858,0.14266588353398468,1.1413270682718775,1233.8383692822558,1081.055907269818,4.052394644615067,4.62510769921917,0.8761730338299384,0.12382696617006161,0.12382696617006164
hash_seed_3,Hash seed 3,randomized_hash,request_count,5000.0,116,False,5000,117343744,295,16.949152542372882,0.2006,0.14576271186440679,0.14734964144753948,1.1787971315803158,1354.6754082047155,1149.2014799769781,3.690921064719299,4.350847163980475,0.8483223900107244,0.1516776099892756,0.15167760998927546
hash_seed_3,Hash seed 3,randomized_hash,request_count,5000.0,117,False,5000,133413376,367,13.623978201634877,0.2784,0.1553133514986376,0.15192917216273985,1.2154333773019188,1773.179904896745,1458.886960001823,2.819792840079111,3.427270334909123,0.822751800859584,0.177248199140416,0.17724819914041598
hash_seed_3,Hash seed 3,randomized_hash,request_count,5000.0,118,False,5000,90357248,364,13.736263736263735,0.21,0.15384615384615385,0.160343007738998,1.282744061911984,1817.2185668418917,1416.6649613121194,2.751457689918611,3.529416013345163,0.7795787403680965,0.2204212596319035,0.22042125963190357
hash_seed_3,Hash seed 3,randomized_hash,request_count,5000.0,119,False,5000,115283456,537,9.31098696461825,0.2062,0.1452513966480447,0.14386120504910035,1.1508896403928028,2378.1075937951687,2066.321140038685,2.102512103760878,2.4197593990188726,0.8688930414376623,0.13110695856233767,0.13110695856233767
hash_seed_3,Hash seed 3,randomized_hash,request_count,5000.0,120,False,5000,142369792,557,8.976660682226212,0.2128,0.1436265709156194,0.14252090662809974,1.140167253024798,2495.118157318081,2188.3790739461047,2.0039131154311076,2.2847961121214504,0.8770643055631162,0.12293569443688379,0.1229356944368839
hash_seed_3,Hash seed 3,randomized_hash,request_count,5000.0,121,False,5000,155637248,676,7.396449704142012,0.2692,0.14940828402366865,0.14826624110244277,1.1861299288195422,3135.7217448989595,2643.6578900084633,1.594529236573289,1.8913188498773543,0.8430779594232294,0.15692204057677062,0.15692204057677053
hash_seed_3,Hash seed 3,randomized_hash,request_count,5000.0,122,False,5000,178986496,742,6.738544474393531,0.2064,0.16172506738544473,0.1609602063613927,1.2876816508911415,3725.034284357873,2892.822369395385,1.342269525141272,1.7284158380747816,0.7765894616172786,0.2234105383827214,0.22341053838272143
hash_seed_3,Hash seed 3,randomized_hash,request_count,5000.0,123,False,5000,158013440,798,6.265664160401003,0.211,0.14786967418546365,0.14726968550452157,1.1781574840361726,3700.9080565639247,3141.2677054728083,1.3510197831399804,1.5917140685872948,0.8487829628464995,0.15121703715350054,0.15121703715350052
hash_seed_3,Hash seed 3,randomized_hash,request_count,5000.0,124,False,5000,117901312,591,8.460236886632826,0.191,0.155668358714044,0.154737183090726,1.237897464725808,2845.9832045524417,2299.0459918122715,1.7568620896996117,2.1748151267120344,0.8078213490981647,0.19217865090183528,0.1921786509018353
hash_seed_3,Hash seed 3,randomized_hash,request_count,5000.0,125,False,5000,63754240,234,21.367521367521366,0.2188,0.1623931623931624,0.16309204500996577,1.3047363600797262,1175.519367130575,900.9631394489111,4.253439066856827,5.549616605911683,0.7664383630259947,0.23356163697400534,0.2335616369740053
hash_seed_3,Hash seed 3,randomized_hash,request_count,5000.0,126,False,5000,116463616,244,20.491803278688526,0.2036,0.16393442622950818,0.16610250520237582,1.3288200416190066,1252.9774195894504,942.9248358286716,3.9904948978556183,5.302649596248936,0.7525473492871321,0.24745265071286793,0.24745265071286793
hash_seed_3,Hash seed 3,randomized_hash,request_count,5000.0,127,False,5000,104297472,254,19.68503937007874,0.1986,0.15748031496062992,0.15061270081440523,1.2049016065152418,1178.7735154514519,978.3151662156412,4.2416969285953785,5.110827443615338,0.8299432871470326,0.17005671285296742,0.17005671285296758
hash_seed_3,Hash seed 3,randomized_hash,request_count,5000.0,128,False,5000,92386304,371,13.477088948787062,0.1902,0.15633423180592992,0.1526379135153629,1.2211033081229032,1792.8221912647714,1468.1986195096974,2.78889899085457,3.405533783753142,0.8189315296649337,0.18106847033506634,0.18106847033506637
hash_seed_3,Hash seed 3,randomized_hash,request_count,5000.0,129,False,5000,84128768,416,12.01923076923077,0.1976,0.1658653846153846,0.16291602144351947,1.3033281715481557,2111.2196375490716,1619.8680298924742,2.3682993048532515,3.0866712026731564,0.7672664658296705,0.2327335341703295,0.23273353417032946
hash_seed_3,Hash seed 3,randomized_hash,request_count,5000.0,130,False,5000,108119040,429,11.655011655011656,0.2156,0.13986013986013987,0.1402506375995118,1.1220051007960945,1870.1986416013406,1666.836131381561,2.6735127963299106,2.9996949945257896,0.8912615453267295,0.10873845467327048,0.10873845467327056
hash_seed_3,Hash seed 3,randomized_hash,request_count,5000.0,131,False,5000,88718848,517,9.671179883945841,0.1968,0.14893617021276595,0.15204613756816343,1.2163691005453074,2469.736057064258,2030.4166358361592,2.024507835846812,2.4625487753359137,0.8221188778568055,0.17788112214319451,0.17788112214319451
hash_seed_3,Hash seed 3,randomized_hash,request_count,5000.0,132,False,5000,123553280,811,6.165228113440198,0.1884,0.1405672009864365,0.14314339042111016,1.1451471233688812,3628.6922248247665,3168.756355209279,1.3779068849636196,1.5779061055862649,0.873250239723018,0.12674976027698204,0.12674976027698204
hash_seed_3,Hash seed 3,randomized_hash,request_count,5000.0,133,False,5000,279956480,637,7.849293563579278,0.2122,0.14442700156985872,0.1421320846116202,1.1370566768929615,2807.803461264586,2469.3610427028016,1.7807514197407843,2.0248152917028794,0.8794636365291195,0.12053636347088048,0.12053636347088051
hash_seed_3,Hash seed 3,randomized_hash,request_count,5000.0,134,False,5000,204160512,182,27.47252747252747,0.2016,0.17582417582417584,0.17725331499001806,1.4180265199201445,987.3074557123173,696.2545776421142,5.064278580163893,7.181281330935936,0.7052054287788034,0.29479457122119657,0.29479457122119657
hash_seed_3,Hash seed 3,randomized_hash,request_count,5000.0,135,False,5000,215689728,123,40.65040650406504,0.228,0.16260162601626016,0.16346582127587403,1.3077265702069922,617.970761560256,472.5534952329072,8.090997683087743,10.580812649657057,0.7646858470128933,0.23531415298710667,0.23531415298710656
hash_seed_3,Hash seed 3,randomized_hash,request_count,5000.0,136,False,5000,181541376,131,38.16793893129771,0.178,0.16793893129770993,0.16986394597469762,1.358911567797581,694.9071945873811,511.3704313472238,7.19520540144771,9.77764785270693,0.7358830579540381,0.2641169420459619,0.2641169420459619
hash_seed_3,Hash seed 3,randomized_hash,request_count,5000.0,137,False,5000,155066368,72,69.44444444444444,0.4394,0.16666666666666666,0.163195579553824,1.305564636430592,355.55647660926996,272.3392367469142,14.062463571700388,18.35945514030546,0.7659521191796338,0.2340478808203662,0.2340478808203663
hash_seed_3,Hash seed 3,randomized_hash,request_count,5000.0,138,False,5000,146853888,78,64.1025641025641,0.343,0.19230769230769232,0.18646186182490357,1.4916948945992285,455.03868096405427,305.0480916784989,10.98807685844838,16.39085815121138,0.6703783753772707,0.32962162462272926,0.32962162462272926
hash_seed_3,Hash seed 3,randomized_hash,request_count,5000.0,139,False,5000,133518336,129,38.75968992248062,0.1616,0.16279069767441862,0.16911164882252033,1.3528931905801627,672.7185634517124,497.24440047128166,7.432528655586742,10.055417406935234,0.73915665106657,0.26084334893343,0.2608433489334299
hash_seed_3,Hash seed 3,randomized_hash,request_count,5000.0,140,False,5000,146286592,133,37.59398496240601,0.2556,0.16541353383458646,0.16959902399631172,1.3567921919704937,704.0379160022411,518.8988558223896,7.101890233968711,9.63578921768025,0.7370325433165134,0.26296745668348664,0.2629674566834866
hash_seed_3,Hash seed 3,randomized_hash,request_count,5000.0,141,False,5000,143192064,285,17.54385964912281,0.171,0.14385964912280702,0.1434992401816536,1.1479939214532289,1265.808229585416,1102.6262473437557,3.9500454201009783,4.534628131740089,0.8710847516806661,0.12891524831933387,0.12891524831933387
hash_seed_3,Hash seed 3,randomized_hash,request_count,5000.0,142,False,5000,97990144,119,42.016806722689076,0.243,0.19327731092436976,0.19409068291206083,1.5527254632964866,738.9632567609347,475.9136590650685,6.766236283406406,10.50610736792571,0.6440288535469545,0.3559711464530455,0.35597114645304556
hash_seed_3,Hash seed 3,randomized_hash,request_count,5000.0,143,False,5000,105496064,59,84.7457627118644,0.1988,0.2033898305084746,0.2016879515672491,1.613503612537993,364.502809063001,225.9076498066521,13.717315410690828,22.132937969472735,0.6197692972171471,0.38023070278285287,0.38023070278285287
hash_seed_3,Hash seed 3,randomized_hash,request_count,5000.0,144,False,5000,123123200,98,51.02040816326531,0.3014,0.16326530612244897,0.16264082588641424,1.301126607091314,499.2714525151654,383.7224216260503,10.0145922119353,13.030252386118471,0.7685647150322393,0.23143528496776067,0.2314352849677607
hash_seed_3,Hash seed 3,randomized_hash,request_count,5000.0,145,False,5000,150889472,567,8.818342151675486,0.1976,0.14285714285714285,0.14131448927444398,1.1305159141955519,2518.581796945085,2227.8163140562665,1.9852442378741688,2.244350204481768,0.8845519001044545,0.1154480998955455,0.11544809989554543
hash_seed_3,Hash seed 3,randomized_hash,request_count,5000.0,146,False,5000,188863488,420,11.904761904761905,0.2102,0.14523809523809525,0.1468845735360385,1.175076588288308,1921.353876494782,1635.0882109680608,2.6023316480989642,3.0579389946428206,0.8510083597671401,0.14899164023285993,0.14899164023285988
hash_seed_3,Hash seed 3,randomized_hash,request_count,5000.0,147,False,5000,174777856,486,10.2880658436214,0.1822,0.13991769547325103,0.14112769924359703,1.1290215939487762,2121.1682541473933,1878.7667707298351,2.357191604307579,2.6613202223380155,0.8857226516832858,0.11427734831671421,0.1142773483167142
hash_seed_3,Hash seed 3,randomized_hash,request_count,5000.0,148,False,5000,162015744,381,13.123359580052494,0.212,0.14960629921259844,0.15002963739375047,1.2002370991500038,1811.0109252933798,1508.8776430722899,2.760888921302344,3.3137213099793086,0.8331687136718156,0.16683128632818445,0.1668312863281844
hash_seed_3,Hash seed 3,randomized_hash,request_count,5000.0,149,False,5000,159193088,482,10.37344398340249,0.2068,0.16390041493775934,0.16630968417275566,1.3304774733820453,2490.5221412643223,1871.9010213179095,2.007611141919715,2.671081399634985,0.7516098693937457,0.24839013060625426,0.24839013060625417
hash_seed_3,Hash seed 3,randomized_hash,request_count,5000.0,150,False,5000,160138240,421,11.876484560570072,0.2758,0.15914489311163896,0.15576867489930382,1.2461493991944306,2053.811250304442,1648.12602054948,2.43449830127225,3.033748595470276,0.8024719994620605,0.1975280005379395,0.19752800053793956
hash_seed_3,Hash seed 3,randomized_hash,request_count,5000.0,151,False,5000,106305024,250,20.0,0.1986,0.148,0.14871833235866788,1.189746658869343,1175.9898041284139,988.4371562312243,4.251737542661567,5.05849053577095,0.8405150731419865,0.15948492685801352,0.15948492685801338
hash_seed_3,Hash seed 3,randomized_hash,request_count,5000.0,152,False,5000,145574912,308,16.233766233766232,0.262,0.14935064935064934,0.15320334545938633,1.2256267636750906,1486.5091011419402,1212.8562668496104,3.363585191748229,4.122500032907841,0.8159090757788775,0.1840909242211225,0.18409092422112247
hash_seed_3,Hash seed 3,randomized_hash,request_count,5000.0,153,False,5000,159968768,419,11.933174224343675,0.2138,0.15513126491646778,0.15744023121701795,1.2595218497361436,2064.562952098562,1639.1640625615714,2.4218200733078445,3.050335298460819,0.7939520860312899,0.20604791396871014,0.2060479139687101
hash_seed_3,Hash seed 3,randomized_hash,request_count,5000.0,154,False,5000,40487424,176,28.40909090909091,0.3126,0.1590909090909091,0.1526517768787766,1.2212142150302128,836.6053644516836,685.0602901236177,5.9765335156284,7.298627685889895,0.8188571568299834,0.1811428431700166,0.18114284317001658
hash_seed_3,Hash seed 3,randomized_hash,request_count,5000.0,155,False,5000,71297024,146,34.24657534246575,0.2192,0.15753424657534246,0.1541758201088533,1.2334065608708265,709.5796482557637,575.3006922184495,7.046425319963208,8.691107220328933,0.8107626728480887,0.18923732715191133,0.1892373271519114
hash_seed_3,Hash seed 3,randomized_hash,request_count,5000.0,156,False,5000,56515072,207,24.154589371980677,0.2166,0.15458937198067632,0.16083264201896677,1.2866611361517342,1065.0047297219562,827.7274410473541,4.694814830827431,6.040635784254435,0.7772054132223911,0.22279458677760888,0.22279458677760874
hash_seed_3,Hash seed 3,randomized_hash,request_count,5000.0,157,False,5000,111941632,301,16.611295681063122,0.1964,0.132890365448505,0.13213658140366014,1.057092651229281,1239.4153948401363,1172.4756513999357,4.034159992538188,4.26448088199529,0.9459908730205544,0.0540091269794456,0.05400912697944556
hash_seed_3,Hash seed 3,randomized_hash,request_count,5000.0,158,False,5000,130848256,305,16.39344262295082,0.2518,0.1737704918032787,0.1687201924563903,1.3497615396511224,1649.898269070994,1222.3627808341976,3.0304898754850766,4.090438680231875,0.7408716062975639,0.2591283937024361,0.2591283937024362
hash_seed_3,Hash seed 3,randomized_hash,request_count,5000.0,159,False,5000,130554368,250,20.0,0.2794,0.144,0.14113698239658606,1.1290958591726885,1137.738144601035,1007.6541644875739,4.394684333760582,4.962019883620159,0.8856643941044299,0.11433560589557012,0.11433560589557008
hash_seed_3,Hash seed 3,randomized_hash,request_count,5000.0,160,False,5000,122929152,335,14.925373134328359,0.2076,0.14626865671641792,0.14874120524073275,1.189929641925862,1587.2488985375976,1333.9014699799286,3.1501045643230374,3.748402796253936,0.8403858217881964,0.15961417821180357,0.15961417821180354
hash_seed_3,Hash seed 3,randomized_hash,request_count,5000.0,161,False,5000,111735296,221,22.624434389140273,0.2028,0.1493212669683258,0.14607389437166843,1.1685911549733474,1009.2730364615585,863.6665031788449,4.954060813444154,5.789271647790905,0.8557312758565313,0.1442687241434687,0.1442687241434687
hash_seed_3,Hash seed 3,randomized_hash,request_count,5000.0,162,False,5000,101872640,130,38.46153846153846,0.2334,0.14615384615384616,0.1616047562578946,1.2928380500631569,671.4711232271925,519.3775996880586,7.446336598913202,9.626907288652863,0.7734920858425761,0.22650791415742388,0.22650791415742388
hash_seed_3,Hash seed 3,randomized_hash,request_count,5000.0,163,False,5000,129278464,198,25.252525252525253,0.1876,0.16161616161616163,0.157520802511325,1.2601664200906,964.3077394036509,765.2225325400448,5.185066753785581,6.534047009048764,0.7935459825441982,0.20645401745580183,0.2064540174558018
hash_seed_3,Hash seed 3,randomized_hash,request_count,5000.0,164,False,5000,76468224,105,47.61904761904762,0.2014,0.1619047619047619,0.1675447516138101,1.3403580129104808,544.0229596704378,405.87884313768916,9.190788570814982,12.318947105857928,0.7460693265290961,0.2539306734709039,0.25393067347090387
hash_seed_3,Hash seed 3,randomized_hash,request_count,5000.0,165,False,5000,111716864,329,15.19756838905775,0.177,0.14285714285714285,0.14067277298223016,1.1253821838578413,1433.414389383736,1273.7134192670012,3.488174834180112,3.9255298125675777,0.8885870190089311,0.11141298099106889,0.11141298099106894
hash_seed_3,Hash seed 3,randomized_hash,request_count,5000.0,166,False,5000,118973440,383,13.054830287206267,0.1884,0.15926892950391644,0.1603193022497851,1.2825544179982808,1931.6374703959864,1506.0861693578256,2.588477432556223,3.319863167013831,0.7796940121735563,0.22030598782644373,0.22030598782644376
hash_seed_3,Hash seed 3,randomized_hash,request_count,5000.0,167,False,5000,77188608,293,17.064846416382252,0.208,0.16723549488054607,0.1702895551028272,1.3623164408226176,1590.6480918566654,1167.605443340442,3.1433728337509326,4.282268491054076,0.7340438462272119,0.26595615377278814,0.2659561537727882
hash_seed_3,Hash seed 3,randomized_hash,request_count,5000.0,168,False,5000,99889664,198,25.252525252525253,0.204,0.16161616161616163,0.16468238428011528,1.3174590742409222,1027.4288209716922,779.8563470092336,4.86651717174066,6.4114372078590005,0.7590368608422755,0.2409631391577245,0.24096313915772444
hash_seed_3,Hash seed 3,randomized_hash,request_count,5000.0,169,False,5000,157674496,355,14.084507042253522,0.1668,0.16619718309859155,0.16957977135262514,1.3566381708210011,1870.9878535675844,1379.1354937590415,2.6723850667795843,3.625459588725214,0.7371162197174702,0.2628837802825298,0.2628837802825298
hash_seed_3,Hash seed 3,randomized_hash,request_count,5000.0,170,False,5000,172319744,377,13.26259946949602,0.2024,0.15384615384615385,0.14958475208207656,1.1966780166566124,1728.0790053674386,1444.0634667924312,2.8933862308782916,3.4624516961889853,0.8356466702663183,0.16435332973368166,0.16435332973368175
hash_seed_3,Hash seed 3,randomized_hash,request_count,5000.0,171,False,5000,132588544,954,5.241090146750524,0.2154,0.14150943396226415,0.14270304992009222,1.1416243993607378,4241.211039175867,3715.0669182883344,1.1789085602709308,1.3458707770205336,0.8759448383898929,0.1240551616101071,0.12405516161010714
hash_seed_3,Hash seed 3,randomized_hash,request_count,5000.0,172,False,5000,149096960,842,5.938242280285036,0.1648,0.14133016627078385,0.13990496988792356,1.1192397591033885,3656.974225111199,3267.373407142687,1.367250544361702,1.5302811699053682,0.8934636139097576,0.10653638609024241,0.10653638609024244
hash_seed_3,Hash seed 3,randomized_hash,request_count,5000.0,173,False,5000,187214848,508,9.84251968503937,0.2254,0.14173228346456693,0.13943807151577217,1.1155045721261774,2219.792206606717,1989.9445166555813,2.252463084210591,2.5126328689823456,0.8964553126787969,0.10354468732120314,0.10354468732120303
hash_seed_3,Hash seed 3,randomized_hash,request_count,5000.0,174,False,5000,171852800,486,10.2880658436214,0.1802,0.15843621399176955,0.15767295892356292,1.2613836713885034,2367.440152795632,1876.8596791724806,2.1119858063130614,2.6640244102875776,0.7927802005707131,0.20721979942928692,0.207219799429287
hash_seed_3,Hash seed 3,randomized_hash,request_count,5000.0,175,False,5000,132709376,699,7.15307582260372,0.1524,0.1402002861230329,0.13990789330842723,1.1192631464674179,3034.8983754320698,2711.51461120713,1.647501623275331,1.8439878506773255,0.893444944699705,0.10655505530029497,0.10655505530029498
hash_seed_3,Hash seed 3,randomized_hash,request_count,5000.0,176,False,5000,163518464,586,8.532423208191126,0.1962,0.15870307167235495,0.1571049417559205,1.256839534047364,2863.9148533183597,2278.663883284907,1.7458619603186183,2.19426833271787,0.7956465188358046,0.20435348116419538,0.20435348116419533
hash_seed_3,Hash seed 3,randomized_hash,request_count,5000.0,177,False,5000,147057152,574,8.710801393728223,0.198,0.14285714285714285,0.14072465347913996,1.1257972278331196,2522.597195117009,2240.7207379364245,1.9820841827932336,2.231424878320497,0.8882594265441138,0.11174057345588617,0.11174057345588617
hash_seed_3,Hash seed 3,randomized_hash,request_count,5000.0,178,False,5000,69594624,657,7.610350076103501,0.3778,0.1461187214611872,0.14326095181147727,1.1460876144918182,2955.5014522633032,2578.7744452449997,1.6917602920381019,1.9389055173939296,0.8725336417176149,0.12746635828238506,0.12746635828238503
hash_seed_3,Hash seed 3,randomized_hash,request_count,5000.0,179,False,5000,67227648,567,8.818342151675486,0.1834,0.14462081128747795,0.1456126665054184,1.1649013320433472,2576.583318687143,2211.846830123863,1.9405543627239152,2.260554362039618,0.858441803174785,0.14155819682521498,0.14155819682521492
hash_seed_3,Hash seed 3,randomized_hash,request_count,5000.0,180,False,5000,38263808,77,64.93506493506493,0.2784,0.18181818181818182,0.1768494871565897,1.4147958972527177,433.0011703596445,306.05203987405946,11.547312899517275,16.337090914530425,0.7068157335922605,0.29318426640773954,0.2931842664077396
hash_seed_3,Hash seed 3,randomized_hash,request_count,5000.0,181,False,5000,62912000,99,50.505050505050505,0.2156,0.1414141414141414,0.1535718747197107,1.2285749977576856,475.82015057683174,387.2943462509553,10.508172035040031,12.91007743438668,0.8139511237206799,0.1860488762793201,0.18604887627932012
hash_seed_3,Hash seed 3,randomized_hash,request_count,5000.0,182,False,5000,33894400,77,64.93506493506493,0.2488,0.2077922077922078,0.20181571252817512,1.614525700225401,488.6587751341725,302.6639805522772,10.23208884078084,16.519970400430196,0.619376947583053,0.38062305241694705,0.38062305241694705
hash_seed_3,Hash seed 3,randomized_hash,request_count,5000.0,183,False,5000,113659904,346,14.45086705202312,0.1868,0.13872832369942195,0.13857036535228517,1.1085629228182814,1501.6212451622475,1354.565640121447,3.3297344560810065,3.691220160841901,0.9020687769871613,0.09793122301283874,0.09793122301283871
hash_seed_3,Hash seed 3,randomized_hash,request_count,5000.0,184,False,5000,167241216,529,9.45179584120983,0.1892,0.13988657844990549,0.13925305372606128,1.1140244298084903,2298.250888544675,2063.016597346759,2.1755675261225105,2.4236353727984974,0.8976463830078736,0.10235361699212642,0.10235361699212639
hash_seed_3,Hash seed 3,randomized_hash,request_count,5000.0,185,False,5000,107516416,470,10.638297872340425,0.1948,0.15531914893617021,0.15569264000099353,1.2455411200079483,2317.3218839002257,1860.4940829937736,2.157663134646028,2.6874581573268745,0.8028638990205466,0.19713610097945344,0.19713610097945336
hash_seed_3,Hash seed 3,randomized_hash,request_count,5000.0,186,False,5000,187385856,655,7.633587786259542,0.195,0.13282442748091602,0.13068723402772978,1.0454978722218382,2687.3019042418127,2570.3561677566086,1.8606022613639628,1.9452557053071637,0.956482099647751,0.043517900352249006,0.043517900352249
hash_seed_3,Hash seed 3,randomized_hash,request_count,5000.0,187,False,5000,55057920,113,44.24778761061947,0.2508,0.168141592920354,0.1792637546923968,1.4341100375391744,634.5254915986251,442.45244436572204,7.8799040640636635,11.300649513119433,0.697296562902471,0.302703437097529,0.30270343709752895
hash_seed_3,Hash seed 3,randomized_hash,request_count,5000.0,188,False,5000,40182272,76,65.78947368421052,0.2752,0.19736842105263158,0.19564323642717762,1.565145891417421,483.62232110848925,308.9950424177475,10.338646050371956,16.181489388558614,0.638918074975352,0.361081925024648,0.3610819250246479
hash_seed_3,Hash seed 3,randomized_hash,request_count,5000.0,189,False,5000,159243264,590,8.474576271186441,0.2448,0.15254237288135594,0.15325713922057785,1.2260571137646228,2788.489516482891,2274.355317690545,1.7930854573577444,2.1984251805813546,0.8156226890030337,0.1843773109969663,0.18437731099696628
hash_seed_3,Hash seed 3,randomized_hash,request_count,5000.0,190,False,5000,137717760,482,10.37344398340249,0.2232,0.13692946058091288,0.13347932279356023,1.0678345823484818,2009.5980370291545,1881.937586821227,2.4880597551695667,2.6568362495195603,0.9364746343021653,0.06352536569783473,0.06352536569783461
hash_seed_3,Hash seed 3,randomized_hash,request_count,5000.0,191,False,5000,116005376,293,17.064846416382252,0.1946,0.14675767918088736,0.1492046843285501,1.1936374746284009,1358.1094093469578,1137.7905253601054,3.681588512374885,4.394482014532089,0.8377753055309498,0.1622246944690502,0.16222469446905013
hash_seed_3,Hash seed 3,randomized_hash,request_count,5000.0,192,False,5000,106169856,236,21.1864406779661,0.1808,0.16101694915254236,0.16911939472376641,1.3529551577901313,1266.098755976888,935.8024533827777,3.949139019682658,5.3430080055099145,0.7391227966737378,0.2608772033262622,0.26087720332626224
hash_seed_3,Hash seed 3,randomized_hash,request_count,5000.0,193,False,5000,156773376,371,13.477088948787062,0.1732,0.16711590296495957,0.16477506758520402,1.3182005406816322,1948.40572298676,1478.0798997239474,2.5662006331696534,3.382767062141784,0.7586099149093863,0.24139008509061366,0.2413900850906137
hash_seed_3,Hash seed 3,randomized_hash,request_count,5000.0,194,False,5000,111949824,385,12.987012987012987,0.1828,0.14805194805194805,0.1508318697951452,1.2066549583611617,1789.3958449128424,1482.93912233464,2.7942391920796816,3.3716825759700337,0.8287373230191394,0.17126267698086062,0.17126267698086073
hash_seed_3,Hash seed 3,randomized_hash,request_count,5000.0,195,False,5000,103715328,307,16.286644951140065,0.2764,0.1563517915309446,0.15696118964741929,1.2556895171793543,1485.6956364643538,1183.1711710086267,3.3654268595006167,4.2259312283087604,0.7963752076598459,0.20362479234015407,0.20362479234015407
hash_seed_3,Hash seed 3,randomized_hash,request_count,5000.0,196,False,5000,165867520,357,14.005602240896359,0.156,0.14565826330532214,0.15106167836646392,1.2084934269317114,1695.0523684843643,1402.6161257558474,2.9497613719573534,3.5647672290275287,0.8274765734878152,0.17252342651218477,0.1725234265121847
hash_seed_3,Hash seed 3,randomized_hash,request_count,5000.0,197,False,5000,195588096,388,12.88659793814433,0.164,0.14690721649484537,0.14863207273738616,1.1890565818990892,1789.306560877338,1504.8119560631553,2.794378620926973,3.322674291531317,0.8410028717076361,0.1589971282923639,0.15899712829236393
hash_seed_3,Hash seed 3,randomized_hash,request_count,5000.0,198,False,5000,131293696,586,8.532423208191126,0.2042,0.13822525597269625,0.1418079799931569,1.1344638399452551,2618.7071666081674,2308.321406466808,1.9093391058596898,2.1660761737912235,0.8814736660520235,0.11852633394797651,0.1185263339479766
hash_seed_3,Hash seed 3,randomized_hash,request_count,5000.0,199,False,5000,108412416,769,6.501950585175552,0.1836,0.1378413524057217,0.1385479770014886,1.1083838160119088,3334.1874770765203,3008.1524368276205,1.4996157337811418,1.6621498095598406,0.9022145447757564,0.09778545522424364,0.0977854552242436
hash_seed_3,Hash seed 3,randomized_hash,request_count,5000.0,200,False,5000,148313600,567,8.818342151675486,0.1486,0.14462081128747795,0.14499585015998906,1.1599668012799125,2539.2860902443126,2189.1023841737997,1.9690573737278,2.2840411833396614,0.8620936382805057,0.13790636171949433,0.1379063617194944
hash_seed_3,Hash seed 3,randomized_hash,request_count,5000.0,201,False,5000,119550464,653,7.656967840735069,0.1778,0.1362940275650842,0.13618033906489074,1.089442712519126,2760.0303421256885,2533.433204343211,1.8115742873135072,1.9736064055007296,0.9179004903228855,0.08209950967711455,0.08209950967711449
hash_seed_3,Hash seed 3,randomized_hash,request_count,5000.0,202,False,5000,90409984,477,10.482180293501049,0.1666,0.16352201257861634,0.16594477863646523,1.3275582290917218,2521.019925344856,1898.9900933156562,1.9833242687742894,2.6329784539686294,0.7532626276469787,0.2467373723530213,0.24673737235302132
hash_seed_3,Hash seed 3,randomized_hash,request_count,5000.0,203,False,5000,48309760,310,16.129032258064516,0.1858,0.14516129032258066,0.1525886518197987,1.2207092145583895,1480.571670681857,1212.8782620990346,3.377073936378452,4.122425272382149,0.8191959133869285,0.18080408661307146,0.1808040866130715
hash_seed_3,Hash seed 3,randomized_hash,request_count,5000.0,204,False,5000,177554432,809,6.180469715698393,0.1756,0.1433868974042027,0.14665364946492918,1.1732291957194334,3719.8409298519628,3170.600376656095,1.344143498146568,1.5769883952620039,0.85234837630067,0.14765162369933005,0.14765162369933005
hash_seed_3,Hash seed 3,randomized_hash,request_count,5000.0,205,False,5000,152609792,733,6.8212824010914055,0.1592,0.1364256480218281,0.13704385355163914,1.0963508284131132,3134.54021170208,2859.066760809672,1.5951302782250674,1.7488224019588923,0.9121167915268747,0.08788320847312525,0.08788320847312522
hash_seed_3,Hash seed 3,randomized_hash,request_count,5000.0,206,False,5000,125283328,617,8.103727714748784,0.1558,0.15883306320907617,0.1601160908739773,1.2809287269918184,3114.9561674564843,2431.795073229223,1.6051590235000794,2.056094304591387,0.7806835610193846,0.21931643898061537,0.2193164389806153
hash_seed_3,Hash seed 3,randomized_hash,request_count,5000.0,207,False,5000,216923648,688,7.267441860465116,0.1552,0.1438953488372093,0.14469843581758624,1.1575874865406899,3137.4791131342467,2710.360253210946,1.5936361071118499,1.8447732156920957,0.863865592559556,0.13613440744044403,0.13613440744044403
hash_seed_3,Hash seed 3,randomized_hash,request_count,5000.0,208,False,5000,145835520,481,10.395010395010395,0.1958,0.1683991683991684,0.16490182475980672,1.3192145980784538,2455.543732439953,1861.367919985617,2.036208899049721,2.686196504363649,0.7580267846160764,0.24197321538392358,0.2419732153839235
hash_seed_3,Hash seed 3,randomized_hash,request_count,5000.0,209,False,5000,166169600,574,8.710801393728223,0.1706,0.1480836236933798,0.14898973724200512,1.191917897936041,2658.623810698215,2230.5427372992417,1.8806722409842882,2.241606904180656,0.8389839616735587,0.1610160383264413,0.16101603832644135
hash_seed_3,Hash seed 3,randomized_hash,request_count,5000.0,210,False,5000,285022208,575,8.695652173913043,0.1528,0.1565217391304348,0.1582978407368673,1.2663827258949385,2844.617948378214,2246.25454075738,1.7577052844128407,2.2259276093946716,0.789650695285117,0.210349304714883,0.21034930471488295
hash_seed_3,Hash seed 3,randomized_hash,request_count,5000.0,211,False,5000,290845696,483,10.351966873706004,0.1882,0.16149068322981366,0.15850104446383165,1.2680083557106532,2379.090964454731,1876.2423399973366,2.1016430538821202,2.6649009530437833,0.7886383362509876,0.21136166374901244,0.21136166374901239
hash_seed_3,Hash seed 3,randomized_hash,request_count,5000.0,212,False,5000,268808192,757,6.605019815059445,0.2586,0.1453104359313078,0.14605873003025227,1.1684698402420182,3471.5428232560116,2971.016198875079,1.4402818154812291,1.6829258628388355,0.8558201209479879,0.14417987905201213,0.1441798790520121
hash_seed_3,Hash seed 3,randomized_hash,request_count,5000.0,213,False,5000,125152256,599,8.347245409015025,0.229,0.14858096828046743,0.14979292527169416,1.1983434021735533,2802.6980492381545,2338.8104312625455,1.783995247493439,2.137838934342738,0.8344853388320923,0.1655146611679077,0.16551466116790767
hash_seed_3,Hash seed 3,randomized_hash,request_count,5000.0,214,False,5000,98967040,443,11.286681715575622,0.212,0.1399548532731377,0.14132476933955934,1.1305981547164747,1954.88042656494,1729.0674130413508,2.557701193410513,2.8917322495860516,0.8844875571646184,0.11551244283538165,0.1155124428353817
hash_seed_3,Hash seed 3,randomized_hash,request_count,5000.0,215,False,5000,74075136,322,15.527950310559007,0.3534,0.16149068322981366,0.16425191687505167,1.3140153350004133,1642.6703621731983,1250.1150621447516,3.043824321140832,3.999631835026276,0.7610261260761355,0.2389738739238645,0.2389738739238645
hash_seed_3,Hash seed 3,randomized_hash,request_count,5000.0,216,False,5000,115739136,664,7.530120481927711,0.3114,0.14909638554216867,0.14630052743829264,1.170404219506341,2997.7061807665555,2561.257154413663,1.6679419858024345,1.952166338074955,0.8544056688566836,0.14559433114331644,0.14559433114331646
hash_seed_3,Hash seed 3,randomized_hash,request_count,5000.0,217,False,5000,68541952,372,13.440860215053764,0.2984,0.1586021505376344,0.16245707569490236,1.299656605559219,1872.2073583808674,1440.5400244746113,2.6706443480299784,3.470920568016555,0.7694340148948174,0.23056598510518256,0.23056598510518247
hash_seed_3,Hash seed 3,randomized_hash,request_count,5000.0,218,False,5000,96251392,393,12.72264631043257,0.2096,0.15012722646310434,0.15150575207654488,1.212046016612359,1821.8927113364675,1503.1547370029862,2.74439870629495,3.3263375199609055,0.8250511831184242,0.17494881688157582,0.17494881688157585
hash_seed_3,Hash seed 3,randomized_hash,request_count,5000.0,219,False,5000,163715072,584,8.561643835616438,0.1762,0.14383561643835616,0.14481902206650998,1.1585521765320799,2644.7263805241655,2282.7857338636954,1.890554742002852,2.1903063112004486,0.863146278826494,0.13685372117350603,0.13685372117350608
hash_seed_3,Hash seed 3,randomized_hash,request_count,5000.0,220,False,5000,227633152,759,6.587615283267457,0.1692,0.1370223978919631,0.13818592184898676,1.105487374791894,3245.927569369241,2936.1959651328275,1.5403917349183536,1.7028836151860218,0.9045783993582451,0.09542160064175487,0.09542160064175483
hash_seed_3,Hash seed 3,randomized_hash,request_count,5000.0,221,False,5000,154438656,603,8.291873963515755,0.1536,0.15754560530679934,0.158153745740501,1.265229965924008,2948.5218131291067,2330.423632494174,1.6957649686483989,2.1455326534981403,0.7903701516187942,0.2096298483812058,0.20962984838120582
hash_seed_3,Hash seed 3,randomized_hash,request_count,5000.0,222,False,5000,143036928,484,10.330578512396695,0.2244,0.16115702479338842,0.15931758851747715,1.2745407081398172,2409.4910555177553,1890.4779110856252,2.0751270225925746,2.6448338648552108,0.7845963597816288,0.21540364021837122,0.21540364021837122
hash_seed_3,Hash seed 3,randomized_hash,request_count,5000.0,223,False,5000,133972480,252,19.841269841269842,0.2064,0.1388888888888889,0.14076484612318205,1.1261187689854564,1119.237192783571,993.8891204094882,4.467328312745643,5.030742260203,0.888005801467034,0.111994198532966,0.11199419853296591
hash_seed_3,Hash seed 3,randomized_hash,request_count,5000.0,224,False,5000,96920576,350,14.285714285714286,0.2066,0.14285714285714285,0.14538936608016276,1.163114928641302,1563.7591554954945,1344.457986900922,3.197423325982507,3.718970803636178,0.8597602656240984,0.14023973437590165,0.14023973437590173
hash_seed_3,Hash seed 3,randomized_hash,request_count,5000.0,225,False,5000,200400384,249,20.080321285140563,0.3246,0.15261044176706828,0.15299292009308132,1.2239433607446506,1188.3752803479533,970.939766056611,4.207425114510976,5.14965003473601,0.8170312712767992,0.1829687287232008,0.18296872872320075
hash_seed_3,Hash seed 3,randomized_hash,request_count,5000.0,226,False,5000,173995520,281,17.793594306049823,0.2596,0.14590747330960854,0.14176057392155528,1.1340845913724422,1238.1108749160514,1091.7270936709572,4.038410534386929,4.579899160684367,0.8817684391512838,0.11823156084871622,0.11823156084871611
hash_seed_3,Hash seed 3,randomized_hash,request_count,5000.0,227,False,5000,218288128,378,13.227513227513228,0.2122,0.15343915343915343,0.1567731417147827,1.2541851337182617,1835.4766454722244,1463.4814240148241,2.7240880521874575,3.4165107379930455,0.7973304523514138,0.20266954764858625,0.20266954764858625
hash_seed_3,Hash seed 3,randomized_hash,request_count,5000.0,228,False,5000,175135232,569,8.787346221441124,0.1564,0.14235500878734622,0.14486160658210606,1.1588928526568485,2542.604175343138,2193.994181182521,1.966487764193663,2.278948614761182,0.8628925424015043,0.13710745759849574,0.13710745759849557
hash_seed_3,Hash seed 3,randomized_hash,request_count,5000.0,229,False,5000,230472192,481,10.395010395010395,0.2416,0.14345114345114346,0.14119761319193808,1.1295809055355046,2117.2566568481307,1874.3736251848159,2.3615464775268604,2.667557808548972,0.8852840864248908,0.11471591357510924,0.1147159135751092
hash_seed_3,Hash seed 3,randomized_hash,request_count,5000.0,230,False,5000,157299712,291,17.18213058419244,0.2832,0.15807560137457044,0.15563216981184586,1.2450573584947668,1405.1700306731186,1128.5986312887003,3.558288243313053,4.430272960982334,0.8031758482267571,0.19682415177324286,0.19682415177324294
hash_seed_3,Hash seed 3,randomized_hash,request_count,5000.0,231,False,5000,102403072,401,12.468827930174564,0.2458,0.14214463840399003,0.14394478712470155,1.1515582969976124,1783.7220113365945,1548.9637094250322,2.803127375354501,3.227964586630616,0.8683885154639925,0.13161148453600746,0.13161148453600743
hash_seed_3,Hash seed 3,randomized_hash,request_count,5000.0,232,False,5000,170378752,807,6.195786864931846,0.1478,0.1412639405204461,0.140838818270933,1.126710546167464,3534.7091269106813,3137.193611024667,1.4145435509625586,1.5937811368826884,0.8875393981191768,0.11246060188082319,0.11246060188082321
hash_seed_3,Hash seed 3,randomized_hash,request_count,5000.0,233,False,5000,214011904,579,8.635578583765112,0.196,0.14335060449050085,0.1445855360865789,1.1566842886926312,2604.95417971183,2252.0874582433717,1.9194195579106574,2.2201624460446134,0.8645401426955257,0.1354598573044743,0.13545985730447427
hash_seed_3,Hash seed 3,randomized_hash,request_count,5000.0,234,False,5000,171980288,514,9.727626459143968,0.1768,0.15369649805447472,0.15535734461695863,1.242858756935669,2482.800993430533,1997.6533774054938,2.0138545188397905,2.502936723934502,0.8045966562327246,0.19540334376727542,0.1954033437672753
hash_seed_3,Hash seed 3,randomized_hash,request_count,5000.0,235,False,5000,171338752,447,11.185682326621924,0.236,0.15659955257270694,0.1578749876001097,1.2629999008008777,2199.280141552626,1741.3145798016658,2.273471171558049,2.871393864151471,0.7917656995585609,0.2082343004414391,0.2082343004414391
hash_seed_3,Hash seed 3,randomized_hash,request_count,5000.0,236,False,5000,113431552,371,13.477088948787062,0.1612,0.15363881401617252,0.1495769049813634,1.1966152398509071,1745.5727393196614,1458.7585726696511,2.8643893705333383,3.4275719736471393,0.8356905099458666,0.16430949005413342,0.1643094900541334
hash_seed_3,Hash seed 3,randomized_hash,request_count,5000.0,237,False,5000,61525504,100,50.0,0.239,0.19,0.18956172662813672,1.5164938130250938,623.3210698282917,411.02776976379096,8.02154819085029,12.164628202307098,0.6594158125875933,0.3405841874124067,0.3405841874124067
hash_seed_3,Hash seed 3,randomized_hash,request_count,5000.0,238,False,5000,87193600,657,7.610350076103501,0.1698,0.1476407914764079,0.14863297319223504,1.1890637855378803,3065.9599886334745,2578.465533912942,1.6308105841356868,1.9391378066676213,0.8409977767068602,0.15900222329313984,0.15900222329313987
hash_seed_3,Hash seed 3,randomized_hash,request_count,5000.0,239,False,5000,121374720,933,5.359056806002144,0.1748,0.1414790996784566,0.13946583211767935,1.1157266569414348,4044.2329084515463,3624.752427747929,1.23632839976924,1.3794045523562881,0.8962768737114529,0.10372312628854707,0.10372312628854702
hash_seed_3,Hash seed 3,randomized_hash,request_count,5000.0,240,False,5000,73682432,260,19.23076923076923,0.2302,0.1576923076923077,0.15496521451702097,1.2397217161361678,1272.7673443432827,1026.655682301112,3.928447742018302,4.870181976486183,0.8066326393932125,0.1933673606067875,0.19336736060678747
hash_seed_3,Hash seed 3,randomized_hash,request_count,5000.0,241,False,5000,38372352,415,12.048192771084338,0.3034,0.15421686746987953,0.1478375628760728,1.1827005030085824,1936.8072891415602,1637.614327731038,2.581568144663541,3.0532219432445027,0.8455225963430096,0.15447740365699036,0.15447740365699045
hash_seed_3,Hash seed 3,randomized_hash,request_count,5000.0,242,False,5000,58450432,336,14.880952380952381,0.314,0.14285714285714285,0.1443559049655284,1.154847239724227,1533.5818170195048,1327.9520998688258,3.2603412119983473,3.765196049235433,0.8659153917524155,0.1340846082475845,0.1340846082475844
hash_seed_3,Hash seed 3,randomized_hash,request_count,5000.0,243,False,5000,92154880,356,14.044943820224718,0.2168,0.1544943820224719,0.15172755823262385,1.2138204658609908,1717.0353912269154,1414.5711326501507,2.911995888696987,3.5346402062034668,0.8238450645093357,0.1761549354906643,0.17615493549066422
hash_seed_3,Hash seed 3,randomized_hash,request_count,5000.0,244,False,5000,239138304,514,9.727626459143968,0.1988,0.14591439688715954,0.14713634660323133,1.1770907728258506,2343.7339620172215,1991.124232832615,2.1333479315615516,2.5111441654682167,0.849552152719108,0.150447847280892,0.15044784728089186
hash_seed_3,Hash seed 3,randomized_hash,request_count,5000.0,245,False,5000,237914624,673,7.429420505200595,0.1572,0.13075780089153047,0.130266559743324,1.042132477946592,2700.9823726552613,2591.7840867768095,1.851178315941632,1.9291730455132519,0.959570900208763,0.04042909979123699,0.040429099791237044
hash_seed_3,Hash seed 3,randomized_hash,request_count,5000.0,246,False,5000,176497664,651,7.680491551459293,0.262,0.13978494623655913,0.1400023417264907,1.1200187338119256,2833.018156191727,2529.438187653966,1.7649022082940793,1.9767235366354063,0.8928422086267717,0.10715779137322834,0.10715779137322831
hash_seed_3,Hash seed 3,randomized_hash,request_count,5000.0,247,False,5000,116477440,524,9.541984732824428,0.1812,0.14694656488549618,0.1480239280251572,1.1841914242012577,2431.089620566931,2052.953239554755,2.0566909412553858,2.4355157748670404,0.8444580661226325,0.15554193387736748,0.15554193387736753
hash_seed_3,Hash seed 3,randomized_hash,request_count,5000.0,248,False,5000,152342016,315,15.873015873015873,0.1894,0.14603174603174604,0.14301340286846934,1.1441072229477547,1397.1813240529616,1221.1978877759113,3.5786335774199554,4.094340524209533,0.8740439531738405,0.12595604682615946,0.12595604682615943
hash_seed_3,Hash seed 3,randomized_hash,request_count,5000.0,249,False,5000,80457728,168,29.761904761904763,0.2046,0.14285714285714285,0.15027901049261144,1.2022320839408915,784.8781137819826,652.8507467619469,6.370415880125893,7.658718359133902,0.8317861529048709,0.1682138470951291,0.16821384709512907
hash_seed_3,Hash seed 3,randomized_hash,request_count,5000.0,250,False,5000,44312576,220,22.727272727272727,0.2168,0.1590909090909091,0.16351220512064904,1.3080976409651923,1106.1164949331508,845.5916900186381,4.520319534971025,5.913019320104473,0.7644689270000826,0.23553107299991738,0.23553107299991735
hash_seed_3,Hash seed 3,randomized_hash,request_count,5000.0,251,False,5000,47093760,275,18.181818181818183,0.2154,0.13818181818181818,0.142387389376976,1.139099115015808,1213.9345376558863,1065.697024651836,4.118838244486416,4.6917649991877415,0.8778867324342731,0.12211326756572694,0.12211326756572692
hash_seed_3,Hash seed 3,randomized_hash,request_count,5000.0,252,False,5000,78467584,509,9.82318271119843,0.2156,0.15717092337917485,0.16236008542357144,1.2988806833885715,2559.384435441615,1970.4538439701723,1.953594751441576,2.5374864858167605,0.7698936575076013,0.2301063424923987,0.2301063424923987
hash_seed_3,Hash seed 3,randomized_hash,request_count,5000.0,253,False,5000,168335872,400,12.5,0.2516,0.175,0.1733879404953658,1.3871035239629264,2156.98053844492,1555.0249142778262,2.318055221585245,3.215382566601555,0.7209267244473726,0.2790732755526274,0.27907327555262745
hash_seed_3,Hash seed 3,randomized_hash,request_count,5000.0,254,False,5000,221413376,585,8.547008547008547,0.2098,0.15555555555555556,0.1546602185302475,1.23728174824198,2786.9334315007723,2252.4646754554087,1.794086627073645,2.2197906384432367,0.8082233504380655,0.19177664956193452,0.19177664956193463
hash_seed_3,Hash seed 3,randomized_hash,request_count,5000.0,255,False,5000,116378624,354,14.124293785310735,0.1696,0.14689265536723164,0.1471148810110639,1.1769190480885112,1633.4291943839492,1387.885765836552,3.0610448357302436,3.6026019742238913,0.8496761112194984,0.15032388878050162,0.15032388878050157
hash_seed_3,Hash seed 3,randomized_hash,request_count,5000.0,256,False,5000,134793728,357,14.005602240896359,0.197,0.1400560224089636,0.1412606092929982,1.1300848743439855,1584.9590259322276,1402.5132641938037,3.154655683959491,3.565028672205901,0.8848892881435123,0.11511071185648769,0.11511071185648761
hash_seed_3,Hash seed 3,randomized_hash,request_count,5000.0,257,False,5000,143998976,550,9.090909090909092,0.1844,0.14545454545454545,0.1428220906451519,1.1425767251612151,2423.3454182072323,2120.9476482774526,2.0632634383995296,2.3574367825914027,0.8752147474900667,0.12478525250993333,0.12478525250993346
hash_seed_3,Hash seed 3,randomized_hash,request_count,5000.0,258,False,5000,167642624,536,9.328358208955224,0.1618,0.15485074626865672,0.15795650184224663,1.263652014737973,2642.098020727306,2090.843040578037,1.8924354663509495,2.391379889815973,0.7913571049125869,0.20864289508741307,0.20864289508741313
hash_seed_3,Hash seed 3,randomized_hash,request_count,5000.0,259,False,5000,167585792,241,20.74688796680498,0.188,0.14522821576763487,0.1406883590573361,1.1255068724586887,1046.3841013287263,929.7003216363153,4.778360062668066,5.378077089615039,0.8884885774313248,0.11151142256867519,0.11151142256867516
hash_seed_3,Hash seed 3,randomized_hash,request_count,5000.0,260,False,5000,184129024,413,12.106537530266344,0.1952,0.14769975786924938,0.1488875023180413,1.1911000185443303,1945.5536438702507,1633.4091290234003,2.5699625480660613,3.0610824386597204,0.8395600574518687,0.16043994254813132,0.16043994254813124
hash_seed_3,Hash seed 3,randomized_hash,request_count,5000.0,261,False,5000,146408960,349,14.326647564469914,0.226,0.14613180515759314,0.14923470276489478,1.1938776221191583,1647.0029211007288,1379.5408261168875,3.035817323662297,3.62439436756209,0.8376067877250087,0.16239321227499126,0.16239321227499126
hash_seed_3,Hash seed 3,randomized_hash,request_count,5000.0,262,False,5000,94592512,190,26.31578947368421,0.2118,0.1736842105263158,0.16880666298751518,1.3504533039001214,1005.0049330372536,744.1982111745665,4.975099957857281,6.71864017532172,0.7404920978104099,0.2595079021895901,0.2595079021895901
hash_seed_3,Hash seed 3,randomized_hash,request_count,5000.0,263,False,5000,122634240,674,7.4183976261127595,0.1786,0.14688427299703263,0.14647532995253626,1.17180263962029,3068.874181747002,2618.93434780232,1.629261971617773,1.9091734789746646,0.8533860278075829,0.14661397219241712,0.14661397219241706
hash_seed_3,Hash seed 3,randomized_hash,request_count,5000.0,264,False,5000,152812032,867,5.767012687427912,0.1914,0.14302191464821223,0.1416612302857421,1.1332898422859368,3835.35498094555,3384.2666172753566,1.303660293464498,1.4774249683748193,0.882386802287859,0.11761319771214096,0.11761319771214089
hash_seed_3,Hash seed 3,randomized_hash,request_count,5000.0,265,False,5000,192248832,627,7.974481658692185,0.175,0.1467304625199362,0.14579044605934044,1.1663235684747235,2892.1635761518796,2479.726599312529,1.7288095463302484,2.0163513192890634,0.8573950034361085,0.14260499656389147,0.14260499656389145
hash_seed_3,Hash seed 3,randomized_hash,request_count,5000.0,266,False,5000,83193856,673,7.429420505200595,0.1948,0.1411589895988113,0.1407480046795321,1.1259840374362569,2945.28566607382,2615.74371229979,1.6976281987156765,1.9115022532555173,0.8881120573226698,0.11188794267733015,0.11188794267733022
hash_seed_3,Hash seed 3,randomized_hash,request_count,5000.0,267,False,5000,112237056,478,10.460251046025105,0.1962,0.13598326359832635,0.14200142091651874,1.13601136733215,2125.8978874935847,1871.3702596886158,2.3519473956931,2.6718389768746076,0.880272881730432,0.11972711826956794,0.11972711826956788
hash_seed_3,Hash seed 3,randomized_hash,request_count,5000.0,268,False,5000,169545216,499,10.02004008016032,0.2646,0.1623246492985972,0.16532455324587944,1.3225964259670355,2616.8815723652433,1978.594165980656,1.9106711028886179,2.52704677187898,0.756088539456649,0.243911460543351,0.24391146054335097
hash_seed_3,Hash seed 3,randomized_hash,request_count,5000.0,269,False,5000,211095552,513,9.746588693957115,0.1648,0.14619883040935672,0.1484218123346253,1.1873744986770025,2401.1136862263115,2022.2041899179094,2.0823670402121626,2.47254952043343,0.8421942707327982,0.15780572926720182,0.15780572926720177
hash_seed_3,Hash seed 3,randomized_hash,request_count,5000.0,270,False,5000,280745472,453,11.037527593818984,0.1892,0.1479028697571744,0.1466109584391831,1.1728876675134647,2067.3376068433554,1762.6049485422034,2.4185696537657266,2.836710519924131,0.8525965680242947,0.14740343197570527,0.14740343197570535
hash_seed_3,Hash seed 3,randomized_hash,request_count,5000.0,271,False,5000,196746240,519,9.633911368015415,0.1532,0.1464354527938343,0.14805214830663443,1.1844171864530755,2450.377604599426,2068.846714338441,2.0405018355599003,2.416805443026193,0.8442971036199315,0.1557028963800685,0.15570289638006854
hash_seed_3,Hash seed 3,randomized_hash,request_count,5000.0,272,False,5000,160731136,490,10.204081632653061,0.2366,0.1510204081632653,0.15261722765988717,1.2209378212790973,2352.408086234812,1926.7222664708236,2.1254815562221765,2.5950808204228095,0.819042528269265,0.18095747173073495,0.18095747173073498
hash_seed_3,Hash seed 3,randomized_hash,request_count,5000.0,273,False,5000,159851520,508,9.84251968503937,0.2626,0.14566929133858267,0.1471159996149361,1.1769279969194888,2317.9284805611296,1969.4734823439624,2.157098479065061,2.5387495921241174,0.8496696506646261,0.15033034933537393,0.15033034933537398
hash_seed_3,Hash seed 3,randomized_hash,request_count,5000.0,274,False,5000,115342336,434,11.52073732718894,0.2136,0.15207373271889402,0.1475897514594649,1.1807180116757192,2016.2194042062158,1707.6214509040324,2.4798888402566965,2.9280494206446916,0.8469422758959717,0.1530577241040283,0.15305772410402838
hash_seed_3,Hash seed 3,randomized_hash,request_count,5000.0,275,False,5000,75599360,291,17.18213058419244,0.1798,0.15120274914089346,0.15652798301257637,1.252223864100611,1443.4883596227362,1152.739858267673,3.463831188293599,4.337492075197221,0.7985792546113418,0.20142074538865817,0.20142074538865826
hash_seed_3,Hash seed 3,randomized_hash,request_count,5000.0,276,False,5000,114087424,239,20.92050209205021,0.1754,0.13807531380753138,0.13705457653687497,1.0964366122949998,1053.014317224273,960.396894281159,4.748273521275485,5.206180933917343,0.9120454286060877,0.08795457139391227,0.08795457139391226
hash_seed_3,Hash seed 3,randomized_hash,request_count,5000.0,277,False,5000,112627712,589,8.488964346349745,0.1678,0.14261460101867574,0.13997622617663166,1.1198098094130533,2549.748074554797,2276.94743618226,1.960978047163751,2.1959224532576216,0.8930087873798396,0.10699121262016043,0.10699121262016043
hash_seed_3,Hash seed 3,randomized_hash,request_count,5000.0,278,False,5000,134122496,426,11.737089201877934,0.1942,0.15258215962441316,0.15411401440168632,1.2329121152134905,2053.894411911084,1665.8887414334738,2.434399729121254,3.001400919306034,0.8110878201783591,0.18891217982164088,0.18891217982164088
hash_seed_3,Hash seed 3,randomized_hash,request_count,5000.0,279,True,4055,110185472,273,14.853479853479854,0.16498150431565967,0.14285714285714285,0.14569900942592254,1.1655920754073803,1218.8644654383236,1045.7041456912139,3.3268670266318376,3.877769842176184,0.8579330806195598,0.14206691938044025,0.14206691938044025
hash_seed_3,Hash seed 3,randomized_hash,time,60.0,0,False,34858,696534016,2309,15.096578605456907,0.173102300763096,0.1325249025552187,0.1345825328820009,1.0766602630560071,9630.080644752057,8944.400546016164,3.6196996978416767,3.897186828861969,0.9287980938031338,0.07120190619686617,0.07120190619686621
hash_seed_3,Hash seed 3,randomized_hash,time,60.0,1,False,41097,756369408,2279,18.0329091706889,0.15799206754750955,0.13339183852566916,0.13276178921881027,1.0620943137504821,9383.725643219808,8835.115226334154,4.379603748293148,4.651552237542449,0.9415359700672781,0.05846402993272193,0.058464029932722074
hash_seed_3,Hash seed 3,randomized_hash,time,60.0,2,False,44781,951824896,2296,19.503919860627178,0.15761148701458208,0.1332752613240418,0.1340470671344169,1.072376537075335,9556.029361113922,8911.076502266485,4.686151361383008,5.025318769130776,0.9325082799063045,0.06749172009369553,0.06749172009369551
hash_seed_3,Hash seed 3,randomized_hash,time,60.0,3,False,16257,295019008,1769,9.189937817976258,0.1521190871624531,0.13453928773318258,0.13352101166290742,1.0681680933032593,7335.0954760828645,6866.986125188806,2.2163310693103164,2.367414132433975,0.9361822416053892,0.06381775839461079,0.06381775839461074
hash_seed_3,Hash seed 3,randomized_hash,time,60.0,4,False,33385,390920192,2279,14.648968845985081,0.15632769207728023,0.13119789381307592,0.13158060240269734,1.0526448192215787,9336.417298220827,8869.484870618584,3.5757827583779846,3.764029195268432,0.9499880508028252,0.050011949197174776,0.05001194919717474
hash_seed_3,Hash seed 3,randomized_hash,time,60.0,5,False,34302,432607744,1615,21.239628482972137,0.23261034342020873,0.1368421052631579,0.1352008619820725,1.08160689585658,6784.773733739564,6272.864716128083,5.055732342174036,5.468314964900576,0.9245503184482275,0.07544968155177245,0.0754496815517725
hash_seed_3,Hash seed 3,randomized_hash,time,60.0,6,False,17037,410975232,2018,8.442517343904857,0.18870693197159125,0.12983151635282458,0.13039564177129156,1.0431651341703325,8205.853385639213,7866.303346272812,2.076200877512128,2.165820366954501,0.9586209960854727,0.04137900391452731,0.04137900391452723
hash_seed_3,Hash seed 3,randomized_hash,time,60.0,7,False,28946,614623744,2094,13.823304680038204,0.18679610308850964,0.13419293218720152,0.13588825361122253,1.0871060288897803,8902.474329308643,8189.149993400735,3.251455598664772,3.5346769839759036,0.9198734745508326,0.08012652544916743,0.08012652544916733
hash_seed_3,Hash seed 3,randomized_hash,time,60.0,8,False,32808,784760832,2130,15.402816901408451,0.14670202389661058,0.13568075117370892,0.13455706218742125,1.07645649749937,8900.245790010109,8268.096119709026,3.6861903338472564,3.9680235358892504,0.928973908674452,0.07102609132554805,0.07102609132554816
hash_seed_3,Hash seed 3,randomized_hash,time,60.0,9,False,23416,776259584,1572,14.895674300254452,0.15130679877007175,0.13549618320610687,0.13576632615559062,1.086130609244725,6692.8875728799685,6162.138803485225,3.4986393757581125,3.799979316719743,0.9206995839067471,0.07930041609325289,0.07930041609325293
hash_seed_3,Hash seed 3,randomized_hash,time,60.0,10,False,36846,1098494464,1792,20.561383928571427,0.15871465016555392,0.13113839285714285,0.13193151914710965,1.0554521531768772,7381.498127062704,6993.683327893766,4.991669626645562,5.2684684553906775,0.9474612344955969,0.05253876550440306,0.052538765504403145
hash_seed_3,Hash seed 3,randomized_hash,time,60.0,11,False,29419,727262720,1475,19.945084745762713,0.20061864781263808,0.13152542372881357,0.13080632089921185,1.0464505671936948,6063.295274224336,5794.153555178913,4.8519820773141396,5.0773593968190225,0.9556113125168799,0.04438868748312008,0.04438868748312011
hash_seed_3,Hash seed 3,randomized_hash,time,60.0,12,False,12169,416182272,1495,8.13979933110368,0.24225491001725696,0.1411371237458194,0.14142107370456167,1.1313685896364933,6569.232180785379,5806.447377946087,1.852423489550821,2.0957737507826235,0.8838852423163863,0.11611475768361368,0.11611475768361376
hash_seed_3,Hash seed 3,randomized_hash,time,60.0,13,False,18947,565995520,1758,10.777588168373152,0.14767509368237716,0.1296928327645051,0.1308143719610601,1.0465149756884808,7194.545482704564,6874.76591337971,2.6335228605542804,2.7560211123880216,0.9555524987515065,0.044447501248493504,0.04444750124849352
hash_seed_3,Hash seed 3,randomized_hash,time,60.0,14,False,13044,411668992,1367,9.542062911485004,0.26387611162220176,0.13606437454279444,0.13506762836165184,1.0805410268932147,5789.73357091589,5358.180232695657,2.2529534114531877,2.434408592754199,0.9254623148139156,0.07453768518608439,0.07453768518608442
hash_seed_3,Hash seed 3,randomized_hash,time,60.0,15,False,19076,625319424,1522,12.533508541392903,0.1772384147620046,0.13534822601839686,0.13492110297992152,1.0793688238393722,6423.149164034974,5950.838140004352,2.969882765110284,3.20559886711791,0.9264673741853566,0.07353262581464337,0.07353262581464325
hash_seed_3,Hash seed 3,randomized_hash,time,60.0,16,False,38032,1286717952,2450,15.523265306122449,0.1506888935633151,0.13306122448979593,0.13363977039250602,1.0691181631400481,10180.444138054103,9522.281529811149,3.735789861842851,3.994000794970643,0.9353503050242408,0.06464969497575923,0.06464969497575923
hash_seed_3,Hash seed 3,randomized_hash,time,60.0,17,False,16695,471530496,1671,9.991023339317774,0.14189877208745133,0.13584679832435667,0.13774785536160722,1.1019828428928578,7154.859497136108,6492.714059280279,2.3333791539418134,2.5713437936077304,0.9074551445600201,0.09254485543997992,0.09254485543998
hash_seed_3,Hash seed 3,randomized_hash,time,60.0,18,False,11783,305499136,857,13.749124854142357,0.2040227446320971,0.13768961493582263,0.13729015175148326,1.098321214011866,3657.352840062917,3329.9482823459366,3.2217290798219236,3.538493394167347,0.9104804562112339,0.08951954378876614,0.08951954378876611
hash_seed_3,Hash seed 3,randomized_hash,time,60.0,19,False,5545,154679808,961,5.770031217481789,0.20216411181244365,0.14672216441207075,0.1461054989798987,1.1688439918391895,4373.953943559432,3742.1195421272305,1.267731684318467,1.4817805624798162,0.855546169533274,0.144453830466726,0.14445383046672602
hash_seed_3,Hash seed 3,randomized_hash,time,60.0,20,False,15564,349587456,1077,14.45125348189415,0.19133898740683628,0.14763231197771587,0.1493367842947742,1.1946942743581936,5018.906187387085,4200.996267503928,3.101074102383819,3.7048354744784233,0.8370342283068309,0.16296577169316906,0.16296577169316906
hash_seed_3,Hash seed 3,randomized_hash,time,60.0,21,False,15694,367356416,1191,13.177162048698573,0.18446540079011087,0.1385390428211587,0.13915901750434992,1.1132721400347994,5144.544911236545,4621.102717144914,3.050609970518808,3.3961590902909697,0.8982529644267765,0.10174703557322351,0.10174703557322354
hash_seed_3,Hash seed 3,randomized_hash,time,60.0,22,False,14877,468156928,1706,8.72039859320047,0.16024736169926732,0.13481828839390386,0.1346489804908891,1.0771918439271129,7183.715473306158,6668.928579255226,2.070933913694269,2.230793121143522,0.9283397434149752,0.07166025658502484,0.07166025658502471
hash_seed_3,Hash seed 3,randomized_hash,time,60.0,23,False,25311,536254976,768,32.95703125,0.14764331713484255,0.13802083333333334,0.13533808988083515,1.0827047190466812,3231.2576143073434,2984.431080297182,7.833173030812556,8.481013405569948,0.9236128580657684,0.07638714193423157,0.07638714193423159
hash_seed_3,Hash seed 3,randomized_hash,time,60.0,24,False,31743,822208000,1747,18.170005724098456,0.15773556374633776,0.135661133371494,0.13737362984739535,1.0989890387791628,7479.535344623507,6805.832524892441,4.243980212329331,4.664087734145598,0.9099271828141917,0.09007281718580828,0.09007281718580841
hash_seed_3,Hash seed 3,randomized_hash,time,60.0,25,False,7787,249937408,1116,6.977598566308243,0.18415307563888533,0.14695340501792115,0.14585708221260837,1.166856657700867,5078.400118344022,4352.205632824105,1.5333569270904956,1.789207739007288,0.8570032946209215,0.1429967053790785,0.14299670537907844
hash_seed_3,Hash seed 3,randomized_hash,time,60.0,26,False,31512,618173440,1399,22.524660471765547,0.19567149022594568,0.14224446032880628,0.1414459058495538,1.1315672467964304,6155.153844274729,5439.494525579923,5.119612083995459,5.793185350552476,0.8837300680371324,0.11626993196286761,0.11626993196286761
hash_seed_3,Hash seed 3,randomized_hash,time,60.0,27,False,11674,239716352,1025,11.389268292682926,0.16361144423505225,0.1404878048780488,0.13833939568820358,1.1067151655056287,4426.1240083001285,3999.334378216414,2.6375221250259204,2.918985735122819,0.9035748593389219,0.0964251406610781,0.09642514066107809
hash_seed_3,Hash seed 3,randomized_hash,time,60.0,28,False,7643,350188544,1038,7.363198458574181,0.17820227659296087,0.1396917148362235,0.13986308979357653,1.1189047183486123,4512.514136413958,4032.974445825881,1.6937343061874155,1.8951273068220125,0.8937311494010827,0.10626885059891733,0.10626885059891726
hash_seed_3,Hash seed 3,randomized_hash,time,60.0,29,False,69287,2140419584,1459,47.4893762851268,0.1579084099470319,0.13502398903358465,0.1340367387569454,1.0722939100555633,6030.6171437938965,5624.033753471012,11.489205556897804,12.319805150038052,0.9325801355602055,0.06741986443979453,0.06741986443979446
hash_seed_3,Hash seed 3,randomized_hash,time,60.0,30,False,22217,658015744,1332,16.67942942942943,0.16289327992078137,0.13813813813813813,0.13800710702849076,1.104056856227926,5715.064496660397,5176.422268855106,3.8874451920853255,4.2919605175320905,0.9057504551138406,0.09424954488615944,0.09424954488615948
hash_seed_3,Hash seed 3,randomized_hash,time,60.0,31,False,46057,990004224,1286,35.814152410575424,0.15908548103437045,0.13919129082426127,0.13877031810428342,1.1101625448342674,5624.006172992668,5065.930389348759,8.18935800980673,9.09151852872593,0.9007689951828513,0.09923100481714875,0.09923100481714875
hash_seed_3,Hash seed 3,randomized_hash,time,60.0,32,False,46500,1068391936,1248,37.25961538461539,0.16270967741935483,0.13782051282051283,0.1396730391804101,1.1173843134432808,5437.093465758871,4865.911755109727,8.552363554690126,9.556276878874762,0.8949472334352409,0.10505276656475915,0.10505276656475922
hash_seed_3,Hash seed 3,randomized_hash,time,60.0,33,False,4528,109146624,741,6.110661268556005,0.16497349823321555,0.13900134952766532,0.14275212673118443,1.1420170138494754,3290.4838230853547,2881.291419638219,1.3760894274065374,1.5715175386766485,0.8756436969614235,0.12435630303857648,0.12435630303857641
hash_seed_3,Hash seed 3,randomized_hash,time,60.0,34,False,6272,195976192,1023,6.130987292277615,0.15497448979591838,0.13196480938416422,0.13072848158289752,1.0458278526631801,4180.376478201593,3997.1936753800796,1.50034333814313,1.5691008515877372,0.9561803096499291,0.04381969035007094,0.043819690350070876
hash_seed_3,Hash seed 3,randomized_hash,time,60.0,35,False,12764,452016128,966,13.213250517598343,0.18528674396740832,0.14182194616977226,0.13962490851055087,1.116999268084407,4217.360774650472,3775.616417263206,3.0265373730227902,3.3806400304965605,0.8952557343344957,0.10474426566550432,0.1047442656655043
hash_seed_3,Hash seed 3,randomized_hash,time,60.0,36,False,3178,54794240,563,5.644760213143872,0.16236626809314034,0.13676731793960922,0.1363183877821868,1.0905471022574944,2401.5469970444824,2202.148804093967,1.323313682351866,1.443135901666522,0.9169709386508325,0.08302906134916754,0.08302906134916749
hash_seed_3,Hash seed 3,randomized_hash,time,60.0,37,False,10240,317254656,1134,9.029982363315696,0.162109375,0.1402116402116402,0.1390231777778408,1.1121854222227263,4889.720133174981,4396.497234609289,2.0941893853035283,2.3291269057081565,0.8991306485581141,0.10086935144188591,0.10086935144188584
hash_seed_3,Hash seed 3,randomized_hash,time,60.0,38,False,5991,82896896,728,8.229395604395604,0.35186112502086464,0.14423076923076922,0.14617832287859833,1.1694265830287867,3337.926094531841,2854.327191611031,1.7948270364087449,2.098918448315162,0.855119948966804,0.144880051033196,0.14488005103319604
hash_seed_3,Hash seed 3,randomized_hash,time,60.0,39,False,24270,318624256,676,35.90236686390533,0.22245570663370415,0.13609467455621302,0.13654110945165945,1.0923288756132756,2886.082798163118,2642.1372377826774,8.409322149540177,9.185745408277036,0.9154752037828913,0.08452479621710873,0.08452479621710869
hash_seed_3,Hash seed 3,randomized_hash,time,60.0,40,False,8870,239582720,759,11.686429512516469,0.18985343855693348,0.14097496706192358,0.14181599055480185,1.1345279244384148,3367.6223327837174,2968.30272771882,2.633905801624718,2.98823968228359,0.8814238754810683,0.11857612451893174,0.11857612451893178
hash_seed_3,Hash seed 3,randomized_hash,time,60.0,41,False,21640,486224896,1288,16.801242236024844,0.20341959334565618,0.140527950310559,0.13973338754968187,1.117867100397455,5626.367755967807,5033.127599843815,3.846175887995726,4.299513487532388,0.8945607216139133,0.10543927838608669,0.10543927838608681
hash_seed_3,Hash seed 3,randomized_hash,time,60.0,42,False,37961,1041811456,1495,25.391973244147156,0.17017465293327363,0.13979933110367893,0.13712333644625002,1.0969866915700002,6403.703766033285,5837.540067936782,5.927975650802877,6.502910396881767,0.9115880873347757,0.0884119126652243,0.08841191266522436
hash_seed_3,Hash seed 3,randomized_hash,time,60.0,43,False,19360,485670912,1566,12.362707535121329,0.1524793388429752,0.1334610472541507,0.13419787107485093,1.0735829685988074,6555.29478554391,6105.997372610696,2.953337818261616,3.1706531822044313,0.9314603801000637,0.06853961989993629,0.06853961989993619
hash_seed_3,Hash seed 3,randomized_hash,time,60.0,44,False,29128,770878976,1599,18.216385240775484,0.14631969239219994,0.13821138211382114,0.14060516697771042,1.1248413358216833,7046.485780714187,6264.426418475111,4.1336917303830525,4.649747327879118,0.8890142708611538,0.11098572913884619,0.11098572913884622
hash_seed_3,Hash seed 3,randomized_hash,time,60.0,45,False,23520,1046495744,1452,16.198347107438018,0.15697278911564627,0.13980716253443526,0.13987808629387113,1.119024690350969,6320.302893523657,5648.045970765281,3.7213406376616347,4.164272054749788,0.8936353313941283,0.10636466860587168,0.10636466860587178
hash_seed_3,Hash seed 3,randomized_hash,time,60.0,46,False,35615,809182208,1731,20.57481224725592,0.19253123683841078,0.14558058925476602,0.14707072382612602,1.1765657906090081,7927.582622067519,6737.899984295892,4.492542266397923,5.285771543508857,0.8499312218506583,0.15006877814934172,0.1500687781493417
hash_seed_3,Hash seed 3,randomized_hash,time,60.0,47,False,18225,662418432,1440,12.65625,0.14534979423868313,0.13819444444444445,0.1380571280888024,1.1044570247104193,6173.718160586348,5589.821987147986,2.952029802129659,3.260390052116611,0.9054222822858977,0.09457771771410228,0.09457771771410221
hash_seed_3,Hash seed 3,randomized_hash,time,60.0,48,False,23095,726973440,804,28.725124378109452,0.16475427581727647,0.13557213930348258,0.14051185254801668,1.1240948203841334,3508.553282841462,3121.2253799394744,6.582485183550103,7.399337500083973,0.8896046684551692,0.11039533154483083,0.1103953315448308
hash_seed_3,Hash seed 3,randomized_hash,time,60.0,49,False,10201,390664192,1009,10.110009910802775,0.19733359474561318,0.14073339940535184,0.14173279909112088,1.133862392728967,4432.668332244603,3909.352987337474,2.301322642570563,2.6093831979464075,0.8819412359141849,0.11805876408581506,0.11805876408581513
hash_seed_3,Hash seed 3,randomized_hash,time,60.0,50,False,28393,994708992,1692,16.780732860520093,0.18229845384425739,0.13829787234042554,0.14008630408781853,1.1206904327025482,7330.470303796448,6541.030502169094,3.8732849085133427,4.340753340102068,0.8923070732285071,0.10769292677149289,0.10769292677149293
hash_seed_3,Hash seed 3,randomized_hash,time,60.0,51,False,31503,560774144,1555,20.259163987138265,0.18572834333238103,0.13569131832797426,0.13600031515832783,1.0880025212666227,6607.794821397239,6073.326754523165,4.767551180310195,5.187107704445156,0.9191155171550773,0.08088448284492267,0.08088448284492268
hash_seed_3,Hash seed 3,randomized_hash,time,60.0,52,False,31538,976122368,1930,16.340932642487047,0.15295833597564842,0.1310880829015544,0.13118569844030067,1.0494855875224054,7880.448286175738,7508.867563183662,4.002056590527404,4.2001007122075675,0.9528477683631373,0.04715223163686266,0.04715223163686264
hash_seed_3,Hash seed 3,randomized_hash,time,60.0,53,False,33830,719635456,1360,24.875,0.18439255099024535,0.13161764705882353,0.13387958438367567,1.0710366750694054,5658.098036272754,5282.823798639853,5.979040975098649,6.403772166073393,0.9336748435203658,0.06632515647963422,0.06632515647963422
hash_seed_3,Hash seed 3,randomized_hash,time,60.0,54,False,12410,303286272,705,17.602836879432623,0.16253021756647865,0.13617021276595745,0.13609315998787008,1.0887452799029607,2983.0113619644007,2739.86157922106,4.1602255218457,4.529425900241337,0.9184884825302108,0.08151151746978924,0.08151151746978919
hash_seed_3,Hash seed 3,randomized_hash,time,60.0,55,False,18724,673357824,1095,17.099543378995435,0.16705832087160863,0.13607305936073058,0.1367937959289299,1.0943503674314392,4636.385058025099,4236.655093292658,4.038491144645268,4.419524268011163,0.913784131445133,0.08621586855486696,0.08621586855486686
hash_seed_3,Hash seed 3,randomized_hash,time,60.0,56,False,14224,319798784,929,15.311087190527449,0.1984673790776153,0.1442411194833154,0.14226655800627203,1.1381324640501762,4129.7968138378865,3628.5730741231355,3.4442372448782557,3.919998222286679,0.8786323486823179,0.12136765131768212,0.12136765131768207
hash_seed_3,Hash seed 3,randomized_hash,time,60.0,57,False,15552,438783488,1489,10.44459368703828,0.15393518518518517,0.14372061786433848,0.14530879038364064,1.1624703230691251,6748.350393930872,5805.180794735513,2.3045632031772816,2.6789863313307123,0.8602370143607838,0.1397629856392162,0.1397629856392162
hash_seed_3,Hash seed 3,randomized_hash,time,60.0,58,False,27083,1035197440,1368,19.797514619883042,0.1570727024332607,0.14546783625730994,0.14598112333201002,1.1678489866560802,6247.87158312294,5349.896822715552,4.334756186916188,5.062340620291243,0.8562750932920835,0.1437249067079165,0.14372490670791668
hash_seed_3,Hash seed 3,randomized_hash,time,60.0,59,False,36631,912944640,1686,21.726571767497035,0.1675083945292239,0.13404507710557534,0.1326406874022302,1.0611254992178416,6982.673446455143,6580.440722235107,5.245984977085857,5.566648427699527,0.9423955985763254,0.05760440142367462,0.05760440142367459
hash_seed_3,Hash seed 3,randomized_hash,full_trace,1399055.0,0,False,1399055,36156877824,6199,225.69043394095823,0.1354692989196279,0.1256654299080497,0.12609523621620367,1.0087618897296293,24400.284371716636,24188.348727425117,57.337651425968694,57.84003760511896,0.9913142141680454,0.008685785831954562,0.008685785831954599
contiguous_lba,Contiguous LBA,contiguous_lba,request_count,5000.0,0,False,5000,58922496,275,18.181818181818183,0.7742,0.5272727272727272,0.5676214837818088,4.54097187025447,4833.668624059872,1064.4568524466547,1.0344110010173646,4.697231257901621,0.22021717565582744,0.7797828243441726,0.7797828243441725
contiguous_lba,Contiguous LBA,contiguous_lba,request_count,5000.0,1,False,5000,131597824,355,14.084507042253522,0.519,0.4788732394366197,0.5134713681730609,4.1077709453844875,5651.748412008225,1375.867468549715,0.8846819843177272,3.6340709510854547,0.243441032446954,0.756558967553046,0.756558967553046
contiguous_lba,Contiguous LBA,contiguous_lba,request_count,5000.0,2,False,5000,127554048,339,14.749262536873156,0.4958,0.5162241887905604,0.5376746761977304,4.301397409581843,5758.8561548483385,1338.833780394214,0.8682279719368466,3.7345935494156492,0.232482587582442,0.767517412417558,0.767517412417558
contiguous_lba,Contiguous LBA,contiguous_lba,request_count,5000.0,3,False,5000,158485504,292,17.123287671232877,0.5904,0.6232876712328768,0.6579773619432951,5.263818895546361,6106.455594179244,1160.0808681593937,0.8188055939956507,4.310044357453369,0.18997614086724848,0.8100238591327515,0.8100238591327515
contiguous_lba,Contiguous LBA,contiguous_lba,request_count,5000.0,4,False,5000,88420864,335,14.925373134328359,0.341,0.4716417910447761,0.4856807144460958,3.8854457155687663,5031.49261205018,1294.9589263052285,0.9937409006673773,3.8611263248835077,0.25737072995076354,0.7426292700492365,0.7426292700492365
contiguous_lba,Contiguous LBA,contiguous_lba,request_count,5000.0,5,False,5000,68247040,300,16.666666666666668,0.2776,0.37666666666666665,0.36906056307038176,2.952484504563054,3239.06783452233,1097.0651427692042,1.543653994124318,4.557614498058917,0.3386977978900494,0.6613022021099506,0.6613022021099506
contiguous_lba,Contiguous LBA,contiguous_lba,request_count,5000.0,6,False,5000,64428544,336,14.880952380952381,0.3186,0.25297619047619047,0.23977116747227276,1.918169339778182,2515.2783342100074,1311.2910742806864,1.987851575706586,3.813035944550121,0.5213304056437689,0.47866959435623113,0.47866959435623113
contiguous_lba,Contiguous LBA,contiguous_lba,request_count,5000.0,7,False,5000,173246464,228,21.92982456140351,0.4062,0.33771929824561403,0.3827207998345755,3.061766398676604,2822.985029208653,922.0118917069701,1.7711748196559207,5.422923549004592,0.3266088492029414,0.6733911507970586,0.6733911507970586
contiguous_lba,Contiguous LBA,contiguous_lba,request_count,5000.0,8,False,5000,93361664,251,19.9203187250996,0.3332,0.35856573705179284,0.33462978166613777,2.677038253329102,2649.414007695537,989.6810418755831,1.8872097699630588,5.052132746247524,0.3735471462749639,0.6264528537250361,0.6264528537250361
contiguous_lba,Contiguous LBA,contiguous_lba,request_count,5000.0,9,False,5000,101086720,271,18.45018450184502,0.3174,0.3763837638376384,0.360341303139758,2.882730425118064,3135.43941730556,1087.6630676200484,1.5946728144078608,4.5970118402021924,0.34689334503382996,0.65310665496617,0.65310665496617
contiguous_lba,Contiguous LBA,contiguous_lba,request_count,5000.0,10,False,5000,49374208,196,25.510204081632654,0.4098,0.3520408163265306,0.38044211413284645,3.0435369130627716,2416.5182772089365,793.9835613089858,2.069092564768419,6.297359597416407,0.32856509665055456,0.6714349033494454,0.6714349033494454
contiguous_lba,Contiguous LBA,contiguous_lba,request_count,5000.0,11,False,5000,93842432,238,21.008403361344538,0.3024,0.33613445378151263,0.3837770699901675,3.07021655992134,2943.477929546048,958.7199704314868,1.6986707968186177,5.215287210247297,0.32570992321975506,0.6742900767802449,0.674290076780245
contiguous_lba,Contiguous LBA,contiguous_lba,request_count,5000.0,12,False,5000,72498176,425,11.764705882352942,0.3042,0.2847058823529412,0.2810272546508628,2.2482180372069025,3641.0868925929567,1619.5434928173158,1.3732163355319733,3.087289734530148,0.44479671608824944,0.5552032839117506,0.5552032839117506
contiguous_lba,Contiguous LBA,contiguous_lba,request_count,5000.0,13,False,5000,78662656,349,14.326647564469914,0.3548,0.30659025787965616,0.30193835105403893,2.4155068084323115,3340.105091258988,1382.776102968946,1.4969588870376969,3.6159143835828127,0.4139917952245434,0.5860082047754567,0.5860082047754566
contiguous_lba,Contiguous LBA,contiguous_lba,request_count,5000.0,14,False,5000,79249920,374,13.368983957219251,0.4486,0.232620320855615,0.22589924501747544,1.8071939601398035,2610.0395423552304,1444.249814863989,1.9156797890840123,3.46200494439452,0.5533440361446541,0.4466559638553459,0.4466559638553459
contiguous_lba,Contiguous LBA,contiguous_lba,request_count,5000.0,15,False,5000,66673664,334,14.970059880239521,0.5688,0.31137724550898205,0.3114594522094439,2.491675617675551,3314.1298333764094,1330.080773703647,1.5086916479992094,3.7591701939103745,0.40133635089020375,0.5986636491097963,0.5986636491097963
contiguous_lba,Contiguous LBA,contiguous_lba,request_count,5000.0,16,False,5000,81592320,375,13.333333333333334,0.534,0.27466666666666667,0.27068498329374296,2.1654798663499437,3138.520840419632,1449.3419630401884,1.5931071527731138,3.4498414642682613,0.46179140962671,0.53820859037329,0.5382085903732899
contiguous_lba,Contiguous LBA,contiguous_lba,request_count,5000.0,17,False,5000,111870976,274,18.248175182481752,0.306,0.28102189781021897,0.2785401133303986,2.2283209066431886,2270.838503970695,1019.0805539726125,2.20182984886737,4.9063834851021735,0.44876839642743865,0.5512316035725613,0.5512316035725614
contiguous_lba,Contiguous LBA,contiguous_lba,request_count,5000.0,18,False,5000,112221184,224,22.321428571428573,0.5264,0.2857142857142857,0.28075186724810003,2.2460149379848002,1799.6802298148064,801.2770526938435,2.778271337966811,6.240038926848475,0.4452330138539655,0.5547669861460345,0.5547669861460345
contiguous_lba,Contiguous LBA,contiguous_lba,request_count,5000.0,19,False,5000,55542784,223,22.42152466367713,0.35,0.2825112107623318,0.28286951913832414,2.262956153106593,1814.7394309722008,801.9330946739383,2.7552164870972007,6.234934102617343,0.441899856798903,0.558100143201097,0.558100143201097
contiguous_lba,Contiguous LBA,contiguous_lba,request_count,5000.0,20,False,5000,124009984,216,23.14814814814815,0.5384,0.27314814814814814,0.2598704907804757,2.0789639262438055,1652.0087955886606,794.6308133270252,3.026618268226804,6.292230198154023,0.48100882722229954,0.5189911727777005,0.5189911727777005
contiguous_lba,Contiguous LBA,contiguous_lba,request_count,5000.0,21,False,5000,174182400,251,19.9203187250996,0.4016,0.32270916334661354,0.34138382378501475,2.731070590280118,2641.192346368035,967.0904720544538,1.8930843892818394,5.170147100486029,0.3661567751338983,0.6338432248661017,0.6338432248661017
contiguous_lba,Contiguous LBA,contiguous_lba,request_count,5000.0,22,False,5000,112900608,276,18.115942028985508,0.3068,0.30434782608695654,0.34771055618336216,2.7816844494668973,3077.305513511831,1106.2741189431422,1.624798050777215,4.519675471371105,0.3594944064168197,0.6405055935831803,0.6405055935831804
contiguous_lba,Contiguous LBA,contiguous_lba,request_count,5000.0,23,False,5000,116538880,361,13.850415512465373,0.3632,0.29362880886426596,0.33124151552897313,2.649932124231785,3818.843757211755,1441.1100277969713,1.309296823300946,3.469547712219804,0.37736815628434256,0.6226318437156575,0.6226318437156575
contiguous_lba,Contiguous LBA,contiguous_lba,request_count,5000.0,24,False,5000,94137344,361,13.850415512465373,0.2876,0.23822714681440443,0.27550613463273543,2.2040490770618835,3100.6264783635042,1406.7864961050716,1.61257734038283,3.5541995987616835,0.45371040527511936,0.5462895947248807,0.5462895947248807
contiguous_lba,Contiguous LBA,contiguous_lba,request_count,5000.0,25,False,5000,109406720,390,12.820512820512821,0.4804,0.4153846153846154,0.40728486040319967,3.2582788832255973,4644.18922064715,1425.3504341069613,1.0766141865561776,3.5079092694370972,0.3069104996347121,0.6930895003652879,0.6930895003652879
contiguous_lba,Contiguous LBA,contiguous_lba,request_count,5000.0,26,False,5000,68690432,460,10.869565217391305,0.389,0.2782608695652174,0.24109761254889864,1.928780900391189,3061.6515400160242,1587.350610634453,1.633105510097936,3.149902716200509,0.5184622057368896,0.4815377942631104,0.48153779426311033
contiguous_lba,Contiguous LBA,contiguous_lba,request_count,5000.0,27,False,5000,87021568,435,11.494252873563218,0.419,0.3586206896551724,0.34941102930074214,2.795288234405937,4561.761632509763,1631.9467797134853,1.0960677919615738,3.0638254029814815,0.35774486068787215,0.6422551393121279,0.6422551393121279
contiguous_lba,Contiguous LBA,contiguous_lba,request_count,5000.0,28,False,5000,39401984,429,11.655011655011656,0.4218,0.2331002331002331,0.22616162555955693,1.8092930044764555,2770.5321154367202,1531.2788523373597,1.8047074683383872,3.2652445975910585,0.5527020761843735,0.4472979238156265,0.4472979238156265
contiguous_lba,Contiguous LBA,contiguous_lba,request_count,5000.0,29,False,5000,48270848,434,11.52073732718894,0.3264,0.3248847926267281,0.2858291005384803,2.2866328043078425,3387.8678650362767,1481.5968084835445,1.4758544899585275,3.3747372911241884,0.4373242604217328,0.5626757395782672,0.5626757395782672
contiguous_lba,Contiguous LBA,contiguous_lba,request_count,5000.0,30,False,5000,35755008,142,35.2112676056338,0.8,0.3380281690140845,0.33140052773840273,2.651204221907222,1258.0086025643536,474.5046014068913,3.9745356190791425,10.537305613423255,0.3771870879417281,0.6228129120582719,0.6228129120582719
contiguous_lba,Contiguous LBA,contiguous_lba,request_count,5000.0,31,False,5000,47288320,187,26.737967914438503,0.7276,0.5775401069518716,0.5826027028997263,4.66082162319781,3114.8788706921705,668.3111096096912,1.6051988560598276,7.481545537856033,0.2145544457275101,0.7854455542724899,0.7854455542724899
contiguous_lba,Contiguous LBA,contiguous_lba,request_count,5000.0,32,False,5000,118990848,350,14.285714285714286,0.3828,0.26,0.262241862963403,2.097934903707224,2649.3784686656695,1262.8506556538048,1.8872350851851663,3.959296356710836,0.47665921293979024,0.5233407870602098,0.5233407870602097
contiguous_lba,Contiguous LBA,contiguous_lba,request_count,5000.0,33,False,5000,44438528,227,22.026431718061673,0.6442,0.32158590308370044,0.3035834264410136,2.428667411528109,2014.2946860918537,829.3826797900116,2.482258447348153,6.028580198064821,0.4117484325986009,0.5882515674013991,0.5882515674013992
contiguous_lba,Contiguous LBA,contiguous_lba,request_count,5000.0,34,False,5000,36884992,104,48.07692307692308,0.8088,0.38461538461538464,0.39293178819662355,3.1434543055729884,1161.5166846768316,369.50328262052165,4.304716467668434,13.531679514563283,0.31812137311082056,0.6818786268891794,0.6818786268891794
contiguous_lba,Contiguous LBA,contiguous_lba,request_count,5000.0,35,False,5000,30553600,89,56.17977528089887,0.7682,0.2696629213483146,0.2597636002080531,2.078108801664425,678.8829136350298,326.6830461866532,7.365040273628127,15.305355017239574,0.4812067583752437,0.5187932416247563,0.5187932416247564
contiguous_lba,Contiguous LBA,contiguous_lba,request_count,5000.0,36,False,5000,86471168,172,29.069767441860463,0.5468,0.5,0.5032046616202533,4.025637292962027,2519.2194236821706,625.7939402753675,1.984741762863928,7.9898504574842235,0.2484078736423393,0.7515921263576607,0.7515921263576607
contiguous_lba,Contiguous LBA,contiguous_lba,request_count,5000.0,37,False,5000,108463104,271,18.45018450184502,0.4008,0.3985239852398524,0.39584759314101464,3.166780745128117,3055.800935887018,964.9550069382498,1.6362322366226492,5.181588741494519,0.31577809784855926,0.6842219021514407,0.6842219021514407
contiguous_lba,Contiguous LBA,contiguous_lba,request_count,5000.0,38,False,5000,74446848,224,22.321428571428573,0.448,0.4330357142857143,0.43112145987282247,3.4489716789825797,2729.563846864325,791.4138186456566,1.8317944845818177,6.31780729903918,0.2899414936033898,0.7100585063966103,0.7100585063966103
contiguous_lba,Contiguous LBA,contiguous_lba,request_count,5000.0,39,False,5000,33530368,208,24.03846153846154,0.509,0.34615384615384615,0.3641292240761328,2.9130337926090624,2159.8230995368954,741.4342755023267,2.315004409885277,6.7436860760348125,0.34328472348559635,0.6567152765144036,0.6567152765144036
contiguous_lba,Contiguous LBA,contiguous_lba,request_count,5000.0,40,False,5000,73317376,409,12.224938875305623,0.4306,0.25183374083129584,0.2546659211925513,2.0373273695404106,2995.278070067458,1470.1996914433767,1.6692940965869631,3.400898550788854,0.4908391331460807,0.5091608668539194,0.5091608668539193
contiguous_lba,Contiguous LBA,contiguous_lba,request_count,5000.0,41,False,5000,85826048,386,12.953367875647668,0.443,0.29533678756476683,0.2959407603676587,2.3675260829412696,3205.9687936913806,1354.1429666990114,1.559590976006649,3.692372314415574,0.4223818302173301,0.5776181697826699,0.5776181697826699
contiguous_lba,Contiguous LBA,contiguous_lba,request_count,5000.0,42,False,5000,125619712,493,10.141987829614605,0.3272,0.34279918864097364,0.3484087053527672,2.7872696428221375,4853.470119888208,1741.2990997792456,1.0301907452796202,2.8714193906341987,0.3587740434712625,0.6412259565287375,0.6412259565287374
contiguous_lba,Contiguous LBA,contiguous_lba,request_count,5000.0,43,False,5000,163280896,387,12.919896640826874,0.2874,0.3023255813953488,0.2788876634471229,2.231101307576983,3194.216858100713,1431.6771933452412,1.5653289122558225,3.492407382922022,0.4482091407521151,0.5517908592478848,0.551790859247885
contiguous_lba,Contiguous LBA,contiguous_lba,request_count,5000.0,44,False,5000,138666496,549,9.107468123861567,0.5258,0.3697632058287796,0.3585274035886066,2.8682192287088526,5681.176626073592,1980.7330517866344,0.8800993753745743,2.5243179516240044,0.34864838433223827,0.6513516156677617,0.6513516156677618
contiguous_lba,Contiguous LBA,contiguous_lba,request_count,5000.0,45,False,5000,90707456,421,11.876484560570072,0.3438,0.3919239904988123,0.3970990614735545,3.176792491788436,4661.550941207199,1467.376592351139,1.0726043891960888,3.4074415702574563,0.3147829147118863,0.6852170852881136,0.6852170852881136
contiguous_lba,Contiguous LBA,contiguous_lba,request_count,5000.0,46,False,5000,68132864,269,18.587360594795538,0.3024,0.31226765799256506,0.32506361108032045,2.6005088886425636,2433.9620946937675,935.9560758756985,2.0542637089132985,5.342131034644872,0.3845401199616698,0.6154598800383302,0.6154598800383302
contiguous_lba,Contiguous LBA,contiguous_lba,request_count,5000.0,47,False,5000,71943168,290,17.24137931034483,0.3646,0.23448275862068965,0.21667000905624953,1.7333600724499962,1763.2609269755353,1017.2502268863711,2.83565519062249,4.915211486660607,0.5769141772064488,0.4230858227935512,0.4230858227935512
contiguous_lba,Contiguous LBA,contiguous_lba,request_count,5000.0,48,False,5000,95191552,333,15.015015015015015,0.3082,0.32432432432432434,0.32668471738041105,2.6134777390432884,3159.131056072779,1208.7843752704919,1.582713699195394,4.136387020126018,0.3826319180227907,0.6173680819772094,0.6173680819772093
contiguous_lba,Contiguous LBA,contiguous_lba,request_count,5000.0,49,False,5000,167976960,265,18.867924528301888,0.4592,0.2830188679245283,0.2833650772204677,2.2669206177637418,2185.296463464114,963.9933777742301,2.288019078232544,5.186757622282146,0.44112704792745405,0.558872952072546,0.558872952072546
contiguous_lba,Contiguous LBA,contiguous_lba,request_count,5000.0,50,False,5000,65021440,140,35.714285714285715,0.619,0.4642857142857143,0.4957668435079774,3.966134748063819,1887.4950674858835,475.9029098563324,2.6490135450578576,10.50634466914569,0.2521346508683746,0.7478653491316254,0.7478653491316254
contiguous_lba,Contiguous LBA,contiguous_lba,request_count,5000.0,51,False,5000,117344768,215,23.25581395348837,0.3968,0.3813953488372093,0.39240669328564814,3.139253546285185,2378.941438161368,757.8048103111877,2.1017751508269122,6.598005095727463,0.3185470638978312,0.6814529361021688,0.6814529361021687
contiguous_lba,Contiguous LBA,contiguous_lba,request_count,5000.0,52,False,5000,121467904,344,14.534883720930232,0.4234,0.3691860465116279,0.3805692730723355,3.044554184578684,3726.905224272817,1224.121824847259,1.3415956937771567,4.084560783501986,0.32845531377474346,0.6715446862252565,0.6715446862252564
contiguous_lba,Contiguous LBA,contiguous_lba,request_count,5000.0,53,False,5000,146289152,291,17.18213058419244,0.391,0.26804123711340205,0.28772092796400767,2.3017674237120613,2234.8145376728044,970.9124017702527,2.2373221203432325,5.149795172956449,0.43444875867923244,0.5655512413207675,0.5655512413207675
contiguous_lba,Contiguous LBA,contiguous_lba,request_count,5000.0,54,False,5000,96331776,302,16.556291390728475,0.2848,0.23841059602649006,0.2560034698947732,2.0480277591581855,2080.527877904322,1015.8689835139223,2.403236242638772,4.921894536739221,0.48827463179065345,0.5117253682093466,0.5117253682093466
contiguous_lba,Contiguous LBA,contiguous_lba,request_count,5000.0,55,False,5000,174883328,388,12.88659793814433,0.3786,0.18814432989690721,0.18668396343030552,1.4934717074424442,2095.592275613263,1403.168379534919,2.3859603121207242,3.563364221232845,0.6695808129586133,0.33041918704138673,0.3304191870413868
contiguous_lba,Contiguous LBA,contiguous_lba,request_count,5000.0,56,False,5000,111398912,412,12.135922330097088,0.4112,0.21359223300970873,0.19563132270156794,1.5650505816125435,2257.2024214799076,1442.2552523217546,2.2151314177316053,3.466792713669067,0.6389569843612685,0.36104301563873153,0.36104301563873153
contiguous_lba,Contiguous LBA,contiguous_lba,request_count,5000.0,57,False,5000,132835328,262,19.083969465648856,0.63,0.29389312977099236,0.3049855604523943,2.439884483619154,2206.110424631845,904.1864233504429,2.266432334562037,5.52983308627065,0.40985546927068855,0.5901445307293114,0.5901445307293114
contiguous_lba,Contiguous LBA,contiguous_lba,request_count,5000.0,58,False,5000,229708800,270,18.51851851851852,0.544,0.32592592592592595,0.33411910696927716,2.6729528557542173,2448.1640104529542,915.9024279768544,2.042346827521131,5.459096785063173,0.3741180836194859,0.625881916380514,0.625881916380514
contiguous_lba,Contiguous LBA,contiguous_lba,request_count,5000.0,59,False,5000,161638912,355,14.084507042253522,0.3844,0.352112676056338,0.37535047158696655,3.0028037726957324,3707.08519731422,1234.5412747321238,1.3487685698787004,4.050087350125189,0.3330220939153349,0.6669779060846651,0.6669779060846651
contiguous_lba,Contiguous LBA,contiguous_lba,request_count,5000.0,60,False,5000,156919808,288,17.36111111111111,0.5928,0.3055555555555556,0.3103406410464096,2.482725128371277,2628.5093606702876,1058.7194412434405,1.9022188297343428,4.722686488242457,0.4027832113078189,0.5972167886921811,0.5972167886921811
contiguous_lba,Contiguous LBA,contiguous_lba,request_count,5000.0,61,False,5000,136565248,233,21.459227467811157,0.6374,0.30472103004291845,0.32565458168758343,2.6052366535006675,2130.4433188466164,817.7542397094447,2.346929371820561,6.114306422644221,0.3838422888209775,0.6161577111790225,0.6161577111790225
contiguous_lba,Contiguous LBA,contiguous_lba,request_count,5000.0,62,False,5000,141972992,259,19.305019305019304,0.4308,0.305019305019305,0.29473429467035384,2.3578743573628307,2115.431177317283,897.1772268999488,2.3635843385559,5.573034903345344,0.42411080848194643,0.5758891915180535,0.5758891915180535
contiguous_lba,Contiguous LBA,contiguous_lba,request_count,5000.0,63,False,5000,124154368,180,27.77777777777778,0.792,0.39444444444444443,0.3906973734549367,3.1255789876394937,2050.814188572477,656.1389735094481,2.4380560793176396,7.62033685220194,0.31994072264838913,0.6800592773516109,0.6800592773516109
contiguous_lba,Contiguous LBA,contiguous_lba,request_count,5000.0,64,False,5000,139842560,208,24.03846153846154,0.8378,0.46153846153846156,0.477211595174162,3.817692761393296,2880.855875904592,754.6065270200532,1.7355953283952446,6.625969721922545,0.2619383126145129,0.738061687385487,0.738061687385487
contiguous_lba,Contiguous LBA,contiguous_lba,request_count,5000.0,65,False,5000,204763136,230,21.73913043478261,0.888,0.6217391304347826,0.6261873492667754,5.0094987941342035,4155.229496354943,829.4701061152956,1.203302971445045,6.027944784432056,0.1996207686826744,0.8003792313173256,0.8003792313173257
contiguous_lba,Contiguous LBA,contiguous_lba,request_count,5000.0,66,False,5000,146511360,254,19.68503937007874,0.8366,0.531496062992126,0.5522446325732838,4.417957060586271,4185.590041675253,947.403966194234,1.194574707559937,5.277579763662204,0.2263489631715203,0.7736510368284797,0.7736510368284796
contiguous_lba,Contiguous LBA,contiguous_lba,request_count,5000.0,67,False,5000,138295808,268,18.65671641791045,0.7406,0.503731343283582,0.5111419877186294,4.089135901749035,4242.602699158238,1037.5303734325778,1.178521854283465,4.819136025346363,0.24455044391463548,0.7554495560853645,0.7554495560853645
contiguous_lba,Contiguous LBA,contiguous_lba,request_count,5000.0,68,False,5000,167005696,285,17.54385964912281,0.563,0.3157894736842105,0.3412803901775379,2.7302431214203033,2825.781764626892,1034.9927237091208,1.7694218508272475,4.830951837111875,0.3662677481556253,0.6337322518443746,0.6337322518443748
contiguous_lba,Contiguous LBA,contiguous_lba,request_count,5000.0,69,False,5000,144917504,253,19.76284584980237,0.479,0.4031620553359684,0.40865957445975276,3.269276595678022,2959.4314788998795,905.2251751388189,1.6895136906020438,5.523487566762861,0.3058780652949335,0.6941219347050664,0.6941219347050666
contiguous_lba,Contiguous LBA,contiguous_lba,request_count,5000.0,70,False,5000,125676544,210,23.80952380952381,0.661,0.2571428571428571,0.2487360201819424,1.9898881614555393,1461.6833419351408,734.5555243999072,3.4207135407183595,6.806837378406124,0.5025408057448476,0.4974591942551524,0.49745919425515245
contiguous_lba,Contiguous LBA,contiguous_lba,request_count,5000.0,71,False,5000,125376512,303,16.501650165016503,0.655,0.35313531353135313,0.36086069155328415,2.886885532426273,2922.4226532275075,1012.3098475509582,1.7109092671718882,4.9391992106925615,0.34639405988485916,0.6536059401151408,0.6536059401151408
contiguous_lba,Contiguous LBA,contiguous_lba,request_count,5000.0,72,False,5000,105510400,211,23.696682464454977,0.8754,0.46919431279620855,0.49323167202471385,3.945853376197711,2646.576672760304,670.7235217418516,1.8892330048330481,7.454636430544629,0.25343060287851255,0.7465693971214875,0.7465693971214875
contiguous_lba,Contiguous LBA,contiguous_lba,request_count,5000.0,73,False,5000,106253312,108,46.2962962962963,0.9684,0.48148148148148145,0.5343155494574555,4.274524395659644,1444.5924348918675,337.95395725398316,3.4611838462066062,14.794914788473214,0.23394415552181688,0.7660558444781831,0.7660558444781831
contiguous_lba,Contiguous LBA,contiguous_lba,request_count,5000.0,74,False,5000,121377280,376,13.297872340425531,0.4322,0.24202127659574468,0.2319354726347404,1.8554837810779232,2451.317406553478,1321.1203630836437,2.0397195347419075,3.784666514661417,0.5389430024654059,0.46105699753459406,0.461056997534594
contiguous_lba,Contiguous LBA,contiguous_lba,request_count,5000.0,75,False,5000,209009664,316,15.822784810126583,0.3652,0.34810126582278483,0.3847634941335372,3.0781079530682978,3416.1470160815916,1109.8204053163022,1.463637242912083,4.505233437814639,0.3248748956329446,0.6751251043670554,0.6751251043670554
contiguous_lba,Contiguous LBA,contiguous_lba,request_count,5000.0,76,False,5000,152879104,392,12.755102040816327,0.553,0.22193877551020408,0.23733326832745644,1.8986661466196515,2600.1522860187883,1369.4626043910084,1.922964292086033,3.651067202542175,0.5266855375182101,0.4733144624817899,0.4733144624817899
contiguous_lba,Contiguous LBA,contiguous_lba,request_count,5000.0,77,False,5000,144356352,307,16.286644951140065,0.817,0.30618892508143325,0.30514394894407465,2.441151591552597,2842.9415865727706,1164.590350066966,1.7587417285022768,4.293355169663299,0.4096427290547695,0.5903572709452305,0.5903572709452305
contiguous_lba,Contiguous LBA,contiguous_lba,request_count,5000.0,78,False,5000,129148416,251,19.9203187250996,0.5228,0.21115537848605578,0.2364475051297161,1.8915800410377288,1812.8356496971842,958.3711026590527,2.758109926200535,5.217185687388976,0.528658570245537,0.471341429754463,0.4713414297544629
contiguous_lba,Contiguous LBA,contiguous_lba,request_count,5000.0,79,False,5000,163935744,319,15.67398119122257,0.2652,0.25391849529780564,0.28600522168927855,2.2880417735142284,2817.9068889560212,1231.580175491275,1.774366647668902,4.05982501139685,0.43705495746438633,0.5629450425356137,0.5629450425356137
contiguous_lba,Contiguous LBA,contiguous_lba,request_count,5000.0,80,False,5000,149628416,383,13.054830287206267,0.6848,0.27676240208877284,0.26672255079393414,2.133780406351473,3096.1120784583554,1450.9984575930953,1.614928617987772,3.445903042718571,0.4686517867646412,0.5313482132353589,0.5313482132353587
contiguous_lba,Contiguous LBA,contiguous_lba,request_count,5000.0,81,False,5000,242783744,354,14.124293785310735,0.3934,0.1807909604519774,0.21360092765836597,1.7088074212669278,2269.4433421854064,1328.0860756695552,2.2031834446173697,3.7648162205745948,0.5852034509884031,0.4147965490115969,0.4147965490115969
contiguous_lba,Contiguous LBA,contiguous_lba,request_count,5000.0,82,False,5000,98750464,216,23.14814814814815,0.8466,0.2777777777777778,0.32331457913874534,2.5865166331099627,2104.9343023401952,813.8104643886535,2.375371048132556,6.143936725802702,0.38662036315522363,0.6133796368447764,0.6133796368447764
contiguous_lba,Contiguous LBA,contiguous_lba,request_count,5000.0,83,False,5000,134159360,483,10.351966873706004,0.3292,0.2401656314699793,0.2795505247362871,2.236404197890297,4053.404688291995,1812.4651581837302,1.233530916476755,2.75867371983608,0.44714636153131265,0.5528536384686873,0.5528536384686873
contiguous_lba,Contiguous LBA,contiguous_lba,request_count,5000.0,84,False,5000,143817216,356,14.044943820224718,0.2888,0.351123595505618,0.33310135697441523,2.664810855795322,3074.855772870431,1153.8739292446817,1.6260925289944295,4.333229023792025,0.3752611551492448,0.6247388448507551,0.6247388448507553
contiguous_lba,Contiguous LBA,contiguous_lba,request_count,5000.0,85,False,5000,137756672,235,21.27659574468085,0.5968,0.32340425531914896,0.3211266169365688,2.5690129354925504,2087.3437201147767,812.5080614724797,2.3953889107085176,6.153785097145592,0.3892545600624905,0.6107454399375095,0.6107454399375095
contiguous_lba,Contiguous LBA,contiguous_lba,request_count,5000.0,86,False,5000,226083328,352,14.204545454545455,0.6022,0.23863636363636365,0.23920529921334738,1.913642393706779,2443.5860221091857,1276.9292894770642,2.0461731057391797,3.9156436000051578,0.5225636740117217,0.47743632598827834,0.47743632598827834
contiguous_lba,Contiguous LBA,contiguous_lba,request_count,5000.0,87,False,5000,145024000,234,21.367521367521366,0.5698,0.3974358974358974,0.38392877197339603,3.0714301757871683,2414.0235640189553,785.9607498322086,2.0712308175135687,6.361640833931501,0.32558122528170863,0.6744187747182914,0.6744187747182914
contiguous_lba,Contiguous LBA,contiguous_lba,request_count,5000.0,88,False,5000,93749248,126,39.682539682539684,0.5558,0.42857142857142855,0.4741937169831791,3.7935497358654326,1516.8644944413566,399.8535936145596,3.296273344338145,12.504576874754235,0.263605348453898,0.736394651546102,0.736394651546102
contiguous_lba,Contiguous LBA,contiguous_lba,request_count,5000.0,89,False,5000,184436224,300,16.666666666666668,0.3044,0.25666666666666665,0.23389822018192136,1.8711857614553709,1889.4654186996565,1009.7690232690036,2.6462511303546563,4.951627436354813,0.5344204838445437,0.46557951615545634,0.4655795161554564
contiguous_lba,Contiguous LBA,contiguous_lba,request_count,5000.0,90,False,5000,163142656,328,15.24390243902439,0.339,0.3628048780487805,0.38257175323745213,3.060574025899617,3712.1372488949833,1212.8892219177242,1.3469329566110153,4.122388021631849,0.3267360931438548,0.6732639068561452,0.6732639068561452
contiguous_lba,Contiguous LBA,contiguous_lba,request_count,5000.0,91,False,5000,168001536,358,13.966480446927374,0.4616,0.31843575418994413,0.36223958437989767,2.8979166750391814,3967.9070472070116,1369.2274458351578,1.2601101640018189,3.6516942566472284,0.34507548426542645,0.6549245157345736,0.6549245157345737
contiguous_lba,Contiguous LBA,contiguous_lba,request_count,5000.0,92,False,5000,155715584,374,13.368983957219251,0.4198,0.2620320855614973,0.3040780483146562,2.4326243865172494,3350.102481419284,1377.1556759798718,1.4924916559214423,3.6306715988680125,0.41107867106096246,0.5889213289390376,0.5889213289390376
contiguous_lba,Contiguous LBA,contiguous_lba,request_count,5000.0,93,False,5000,244248576,340,14.705882352941176,0.4682,0.27058823529411763,0.2869404973592821,2.295523978874257,2798.3896232095885,1219.0635554074852,1.7867419027466567,4.101508881814366,0.43563038731157483,0.5643696126884252,0.5643696126884251
contiguous_lba,Contiguous LBA,contiguous_lba,request_count,5000.0,94,False,5000,198525952,398,12.56281407035176,0.597,0.2663316582914573,0.27252200244020774,2.180176019521662,3258.0690135526183,1494.4064077300739,1.5346513469179002,3.345810064877025,0.4586785612931397,0.5413214387068603,0.5413214387068603
contiguous_lba,Contiguous LBA,contiguous_lba,request_count,5000.0,95,False,5000,164614656,297,16.835016835016834,0.4466,0.24579124579124578,0.26700994314944204,2.1360795451955363,2272.812640326493,1064.0112375208573,2.1999173672677843,4.699198489341131,0.4681473600780443,0.5318526399219556,0.5318526399219556
contiguous_lba,Contiguous LBA,contiguous_lba,request_count,5000.0,96,False,5000,140496384,349,14.326647564469914,0.3912,0.25501432664756446,0.218158736762346,1.745269894098768,2117.9210921011468,1213.5206705062717,2.3608056119973764,4.120242960438438,0.5729772818412051,0.4270227181587949,0.4270227181587949
contiguous_lba,Contiguous LBA,contiguous_lba,request_count,5000.0,97,False,5000,120379904,321,15.576323987538942,0.3972,0.24610591900311526,0.20266757867527416,1.6213406294021933,1783.3104771530075,1099.8987164162625,2.803774252469107,4.545873111199926,0.6167735402823473,0.3832264597176527,0.3832264597176527
contiguous_lba,Contiguous LBA,contiguous_lba,request_count,5000.0,98,False,5000,96649216,395,12.658227848101266,0.6756,0.25063291139240507,0.1979340683180097,1.5834725465440775,2379.137984559303,1502.4813595611506,2.1016015180498955,3.3278283076073674,0.631523421219077,0.368476578780923,0.36847657878092294
contiguous_lba,Contiguous LBA,contiguous_lba,request_count,5000.0,99,False,5000,165388800,205,24.390243902439025,0.5156,0.3073170731707317,0.2852286997429864,2.2818295979438914,1811.7657598580754,793.9969581824249,2.759738654290318,6.2972533439494915,0.4382448193769942,0.5617551806230058,0.5617551806230058
contiguous_lba,Contiguous LBA,contiguous_lba,request_count,5000.0,100,False,5000,115799040,322,15.527950310559007,0.4458,0.21739130434782608,0.19612653246237371,1.5690122596989897,1931.0702999673044,1230.755392783084,2.5892376885940696,4.06254567667877,0.6373436496868718,0.36265635031312815,0.3626563503131282
contiguous_lba,Contiguous LBA,contiguous_lba,request_count,5000.0,101,False,5000,140165120,620,8.064516129032258,0.2204,0.21129032258064517,0.18717894553575348,1.4974315642860279,3455.0845524774036,2307.3405388811743,1.4471425877016073,2.1669969888469485,0.6678101516290648,0.33218984837093524,0.33218984837093524
contiguous_lba,Contiguous LBA,contiguous_lba,request_count,5000.0,102,False,5000,78791168,163,30.67484662576687,0.747,0.4662576687116564,0.44820589669955224,3.585647173596418,2257.977724183973,629.7266894553968,2.2143708268012197,7.939952496414156,0.27888968199762837,0.7211103180023717,0.7211103180023717
contiguous_lba,Contiguous LBA,contiguous_lba,request_count,5000.0,103,False,5000,183373312,194,25.77319587628866,0.8152,0.3402061855670103,0.35071126413097453,2.8056901130477963,1992.94375283255,710.3221213078422,2.5088515382802714,7.039059956057712,0.35641854934353706,0.643581450656463,0.643581450656463
contiguous_lba,Contiguous LBA,contiguous_lba,request_count,5000.0,104,False,5000,70089216,311,16.077170418006432,0.7444,0.3022508038585209,0.29665444711145345,2.3732355768916276,2840.9256892066246,1197.0685577398765,1.759989717082791,4.17687021154431,0.42136567045306195,0.578634329546938,0.578634329546938
contiguous_lba,Contiguous LBA,contiguous_lba,request_count,5000.0,105,False,5000,91448320,229,21.83406113537118,0.727,0.3318777292576419,0.3133980216289867,2.507184173031894,2197.78377904958,876.5944690819576,2.2750190658710854,5.70389179529779,0.39885382603971903,0.601146173960281,0.6011461739602809
contiguous_lba,Contiguous LBA,contiguous_lba,request_count,5000.0,106,False,5000,41154048,137,36.496350364963504,0.9168,0.3357664233576642,0.33910884634309474,2.712870770744758,1404.325796458305,517.6530381035359,3.560427368499495,9.658979339361954,0.36861320885014826,0.6313867911498517,0.6313867911498517
contiguous_lba,Contiguous LBA,contiguous_lba,request_count,5000.0,107,False,5000,227659776,241,20.74688796680498,0.555,0.29045643153526973,0.25012185396511405,2.0009748317209124,1787.1630470694915,893.1461899160747,2.7977301837114257,5.598187683552487,0.49975641079901195,0.500243589200988,0.5002435892009881
contiguous_lba,Contiguous LBA,contiguous_lba,request_count,5000.0,108,False,5000,149084160,329,15.19756838905775,0.3842,0.2735562310030395,0.24145944343380057,1.9316755474704046,2315.407987177602,1198.6526361581314,2.159446640803385,4.171350272107005,0.5176852817283598,0.4823147182716402,0.48231471827164024
contiguous_lba,Contiguous LBA,contiguous_lba,request_count,5000.0,109,False,5000,150497792,318,15.723270440251572,0.441,0.3270440251572327,0.2879967248674104,2.3039737989392832,2459.2167661588046,1067.3805263284648,2.033167660860492,4.684365019473243,0.4340327135926571,0.5659672864073428,0.5659672864073428
contiguous_lba,Contiguous LBA,contiguous_lba,request_count,5000.0,110,False,5000,163380224,387,12.919896640826874,0.5688,0.3462532299741602,0.31973011490411335,2.557840919232907,3445.1594982420324,1346.9013934123907,1.4513116163566182,3.712224238875008,0.3909547276692636,0.6090452723307365,0.6090452723307364
contiguous_lba,Contiguous LBA,contiguous_lba,request_count,5000.0,111,False,5000,105788928,146,34.24657534246575,0.679,0.4315068493150685,0.38492782227522526,3.079422578201802,1519.1957424941731,493.3378592623336,3.291215121358318,10.13504215442999,0.3247362044685468,0.6752637955314532,0.6752637955314531
contiguous_lba,Contiguous LBA,contiguous_lba,request_count,5000.0,112,False,5000,110579200,173,28.90173410404624,0.5146,0.3179190751445087,0.25868521136967076,2.069481690957366,1279.8135554022228,618.4222653403453,3.9068190666480227,8.085090528311229,0.48321277949426483,0.5167872205057351,0.5167872205057352
contiguous_lba,Contiguous LBA,contiguous_lba,request_count,5000.0,113,False,5000,93275136,154,32.467532467532465,0.5224,0.2987012987012987,0.3206233032891622,2.5649864263132978,1300.5637060519064,507.0450637515578,3.844486799634286,9.861056457202594,0.3898656108825178,0.6101343891174822,0.6101343891174822
contiguous_lba,Contiguous LBA,contiguous_lba,request_count,5000.0,114,False,5000,111938048,107,46.728971962616825,0.5556,0.34579439252336447,0.39698396824710513,3.175871745976841,1211.024276362178,381.3202714801975,4.128736390834054,13.112337250236267,0.31487417628460246,0.6851258237153975,0.6851258237153975
contiguous_lba,Contiguous LBA,contiguous_lba,request_count,5000.0,115,False,5000,109698048,199,25.12562814070352,0.5042,0.20603015075376885,0.20878568908044443,1.6702855126435554,1243.1746868286548,744.288732326419,4.02196091424209,6.717823047477192,0.5987000380655301,0.40129996193446993,0.40129996193447
contiguous_lba,Contiguous LBA,contiguous_lba,request_count,5000.0,116,False,5000,117343744,197,25.380710659898476,0.7062,0.39086294416243655,0.3270215021493815,2.616172017195052,1905.55988713868,728.3771382822678,2.623900741061368,6.864575694662113,0.3822378625822002,0.6177621374177997,0.6177621374177997
contiguous_lba,Contiguous LBA,contiguous_lba,request_count,5000.0,117,False,5000,133413376,206,24.271844660194176,0.4328,0.2961165048543689,0.24521884588699638,1.961750767095971,1438.191361809364,733.1162479616893,3.4765888134035134,6.820200771571614,0.5097487493175931,0.49025125068240694,0.49025125068240694
contiguous_lba,Contiguous LBA,contiguous_lba,request_count,5000.0,118,False,5000,90357248,190,26.31578947368421,0.6376,0.5210526315789473,0.5043763132778335,4.035010506222668,2753.8864272908836,682.4979570793993,1.8156159057433296,7.3260292549393204,0.24783082930213715,0.7521691706978628,0.7521691706978628
contiguous_lba,Contiguous LBA,contiguous_lba,request_count,5000.0,119,False,5000,115283456,252,19.841269841269842,0.5032,0.49206349206349204,0.493957575963216,3.951660607705728,3427.9547921080825,867.4719649312949,1.4585956651211143,5.763875032429443,0.2530581695325764,0.7469418304674236,0.7469418304674235
contiguous_lba,Contiguous LBA,contiguous_lba,request_count,5000.0,120,False,5000,142369792,268,18.65671641791045,0.4196,0.5111940298507462,0.5083894431518037,4.067115545214429,3826.1260807972276,940.7468359976243,1.3068048188726125,5.3149261933979295,0.24587449972417175,0.7541255002758283,0.7541255002758283
contiguous_lba,Contiguous LBA,contiguous_lba,request_count,5000.0,121,False,5000,155637248,293,17.064846416382252,0.5086,0.310580204778157,0.2846977455384682,2.2775819643077457,2323.7214308329485,1020.2580926826167,2.1517209135553426,4.900720744937435,0.43906213504985425,0.5609378649501457,0.5609378649501456
contiguous_lba,Contiguous LBA,contiguous_lba,request_count,5000.0,122,False,5000,178986496,357,14.005602240896359,0.716,0.226890756302521,0.20224965553126767,1.6179972442501414,2204.5940787824684,1362.5450145956117,2.2679912134942097,3.6696035334171655,0.6180480242186375,0.38195197578136253,0.38195197578136253
contiguous_lba,Contiguous LBA,contiguous_lba,request_count,5000.0,123,False,5000,158013440,449,11.135857461024498,0.2944,0.21603563474387527,0.20337851812128924,1.627028144970314,2745.538223837785,1687.4558884092808,1.8211365467754694,2.9630404174377354,0.6146175178907219,0.38538248210927806,0.3853824821092781
contiguous_lba,Contiguous LBA,contiguous_lba,request_count,5000.0,124,False,5000,117901312,270,18.51851851851852,0.4208,0.3037037037037037,0.2793118434283386,2.2344947474267087,2212.8395627192276,990.308688470886,2.2595402234474675,5.0489307608927385,0.44752846304589483,0.5524715369541051,0.5524715369541051
contiguous_lba,Contiguous LBA,contiguous_lba,request_count,5000.0,125,False,5000,63754240,124,40.32258064516129,0.8096,0.4596774193548387,0.4604642652041578,3.6837141216332623,1782.0343937633615,483.760230821944,2.80578198574542,10.33569872311462,0.27146514821205137,0.7285348517879486,0.7285348517879487
contiguous_lba,Contiguous LBA,contiguous_lba,request_count,5000.0,126,False,5000,116463616,115,43.47826086956522,0.6514,0.41739130434782606,0.42096168222375757,3.3676934577900606,1586.1153169015042,470.9797185466936,3.152355914302348,10.616168389221823,0.296939140255425,0.703060859744575,0.703060859744575
contiguous_lba,Contiguous LBA,contiguous_lba,request_count,5000.0,127,False,5000,104297472,136,36.76470588235294,0.6872,0.29411764705882354,0.2827748392238259,2.262198713790607,1140.0136466652966,503.94054232090684,4.3859124095801105,9.92180541175039,0.44204781565115925,0.5579521843488408,0.5579521843488408
contiguous_lba,Contiguous LBA,contiguous_lba,request_count,5000.0,128,False,5000,92386304,159,31.446540880503143,0.6354,0.3333333333333333,0.31698950247092544,2.5359160197674036,1518.8871763989016,598.9501089780628,3.2918837407360284,8.347940713344341,0.3943348250513914,0.6056651749486086,0.6056651749486086
contiguous_lba,Contiguous LBA,contiguous_lba,request_count,5000.0,129,False,5000,84128768,217,23.04147465437788,0.7114,0.2672811059907834,0.23257649559335214,1.8606119647468171,1529.8323805504158,822.2200058562925,3.268331918952492,6.081097473166932,0.5374575779082851,0.4625424220917149,0.4625424220917148
contiguous_lba,Contiguous LBA,contiguous_lba,request_count,5000.0,130,False,5000,108119040,199,25.12562814070352,0.525,0.3065326633165829,0.28803577814787995,2.3042862251830396,1742.6233701602607,756.2529997860124,2.8692373151980477,6.611544022192029,0.43397386534329757,0.5660261346567024,0.5660261346567024
contiguous_lba,Contiguous LBA,contiguous_lba,request_count,5000.0,131,False,5000,88718848,230,21.73913043478261,0.6628,0.3739130434782609,0.4063005276348896,3.250404221079117,3071.1392551822587,944.8484084735335,1.6280603334944745,5.291854180161915,0.30765404300022886,0.6923459569997712,0.6923459569997712
contiguous_lba,Contiguous LBA,contiguous_lba,request_count,5000.0,132,False,5000,123553280,484,10.330578512396695,0.3158,0.2231404958677686,0.24624175771468737,1.969934061717499,3790.9059609193214,1924.3821580577155,1.318945933121344,2.598236519219506,0.5076312042282999,0.4923687957717001,0.4923687957717001
contiguous_lba,Contiguous LBA,contiguous_lba,request_count,5000.0,133,False,5000,279956480,352,14.204545454545455,0.2916,0.20738636363636365,0.20269928022772363,1.621594241821789,2121.04292687029,1307.998556092178,2.3573308850367125,3.822634189244195,0.6166770787719031,0.38332292122809686,0.3833229212280968
contiguous_lba,Contiguous LBA,contiguous_lba,request_count,5000.0,134,False,5000,204160512,114,43.85964912280702,0.73,0.2807017543859649,0.3237499043368898,2.5899992346951186,1064.6121524186815,411.0472845541216,4.696546050728945,12.164050677098349,0.3861005001871033,0.6138994998128967,0.6138994998128967
contiguous_lba,Contiguous LBA,contiguous_lba,request_count,5000.0,135,False,5000,215689728,77,64.93506493506493,0.7176,0.3116883116883117,0.25436979497654266,2.0349583598123413,551.4179018464919,270.9725725775255,9.067532960494887,18.452052000833017,0.49141054664736117,0.5085894533526388,0.5085894533526388
contiguous_lba,Contiguous LBA,contiguous_lba,request_count,5000.0,136,False,5000,181541376,80,62.5,0.7456,0.3125,0.34102788917807103,2.7282231134245682,774.505438458389,283.88640014349875,6.455732589757186,17.6126788654638,0.3665389370390468,0.6334610629609532,0.6334610629609533
contiguous_lba,Contiguous LBA,contiguous_lba,request_count,5000.0,137,False,5000,155066368,49,102.04081632653062,0.4254,0.3673469387755102,0.39780283338768074,3.182422667101446,550.9187157405626,173.11299389478643,9.07574903001587,28.88286943404647,0.31422601728475025,0.6857739827152498,0.6857739827152497
contiguous_lba,Contiguous LBA,contiguous_lba,request_count,5000.0,138,False,5000,146853888,58,86.20689655172414,0.3708,0.3275862068965517,0.3261640051516215,2.609312041212972,518.5292687690367,198.72259836274378,9.642657225251252,25.160701607137362,0.3832427797846428,0.6167572202153573,0.6167572202153572
contiguous_lba,Contiguous LBA,contiguous_lba,request_count,5000.0,139,False,5000,133518336,95,52.63157894736842,0.4458,0.30526315789473685,0.3454860255422374,2.763888204337899,961.41961776048,347.85040011804386,5.200642786598159,14.373995252853636,0.36180913483783766,0.6381908651621624,0.6381908651621623
contiguous_lba,Contiguous LBA,contiguous_lba,request_count,5000.0,140,False,5000,146286592,92,54.34782608695652,0.5162,0.21739130434782608,0.2424300614747228,1.9394404917977823,633.2391268990837,326.50608749129333,7.89591133524007,15.313650163209685,0.5156126234494779,0.4843873765505221,0.48438737655052216
contiguous_lba,Contiguous LBA,contiguous_lba,request_count,5000.0,141,False,5000,143192064,149,33.557046979865774,0.4234,0.35570469798657717,0.3444502099111894,2.7556016792895153,1455.0091688882756,528.0186827522274,3.436404461849773,9.469361905791217,0.3628971514699588,0.6371028485300412,0.6371028485300412
contiguous_lba,Contiguous LBA,contiguous_lba,request_count,5000.0,142,False,5000,97990144,76,65.78947368421052,0.4488,0.3157894736842105,0.3401283990284813,2.7210271922278504,762.306972412879,280.1541177501933,6.559037475642964,17.84731932606602,0.36750827145584186,0.6324917285441581,0.6324917285441581
contiguous_lba,Contiguous LBA,contiguous_lba,request_count,5000.0,143,False,5000,105496064,27,185.1851851851852,0.5312,0.4074074074074074,0.2817323425936298,2.2538587407490382,204.7548912254241,90.84637272226594,24.419441069641014,55.03797069901645,0.44368352901640323,0.5563164709835968,0.5563164709835968
contiguous_lba,Contiguous LBA,contiguous_lba,request_count,5000.0,144,False,5000,123123200,57,87.71929824561404,0.4402,0.2631578947368421,0.29612253016122314,2.368980241289785,502.3959285494225,212.0726546355213,9.95230995290228,23.576825633617172,0.42212255829350126,0.5778774417064987,0.5778774417064987
contiguous_lba,Contiguous LBA,contiguous_lba,request_count,5000.0,145,False,5000,150889472,287,17.421602787456447,0.2932,0.21254355400696864,0.21651992144505955,1.7321593715604764,1835.1352945713002,1059.4494506114956,2.7245947559239947,4.719432340178276,0.5773140834605277,0.4226859165394723,0.4226859165394723
contiguous_lba,Contiguous LBA,contiguous_lba,request_count,5000.0,146,False,5000,188863488,260,19.23076923076923,0.2872,0.2230769230769231,0.22580704648385208,1.8064563718708166,1821.0722011297664,1008.0908841677772,2.7456352345052952,4.959870264205114,0.553569970230929,0.446430029769071,0.446430029769071
contiguous_lba,Contiguous LBA,contiguous_lba,request_count,5000.0,147,False,5000,174777856,299,16.722408026755854,0.4296,0.20735785953177258,0.19178191971799205,1.5342553577439364,1776.2061527471153,1157.6991690346504,2.8149885598959905,4.318911280008312,0.651781983326727,0.348218016673273,0.3482180166732729
contiguous_lba,Contiguous LBA,contiguous_lba,request_count,5000.0,148,False,5000,162015744,230,21.73913043478261,0.3658,0.23043478260869565,0.23138597106504974,1.851087768520398,1603.2366770663002,866.1051649365018,3.118691127469279,5.772970999851471,0.5402228986685569,0.4597771013314431,0.4597771013314431
contiguous_lba,Contiguous LBA,contiguous_lba,request_count,5000.0,149,False,5000,159193088,228,21.92982456140351,0.4602,0.34649122807017546,0.32153488517267415,2.572279081381393,2179.8138160268286,847.4250837728702,2.2937738825389946,5.900226575474036,0.3887603049133258,0.6112396950866742,0.6112396950866743
contiguous_lba,Contiguous LBA,contiguous_lba,request_count,5000.0,150,False,5000,160138240,211,23.696682464454977,0.3346,0.36018957345971564,0.33211138609229923,2.656891088738394,2121.1230981677286,798.3477784085343,2.3572417858817842,6.26293469491109,0.37637974858609763,0.6236202514139024,0.6236202514139023
contiguous_lba,Contiguous LBA,contiguous_lba,request_count,5000.0,151,False,5000,106305024,166,30.120481927710845,0.3832,0.3072289156626506,0.31797968391275566,2.5438374713020453,1690.516518433857,664.553666460687,2.957675920630544,7.523846834867752,0.3931068754515032,0.6068931245484968,0.6068931245484968
contiguous_lba,Contiguous LBA,contiguous_lba,request_count,5000.0,152,False,5000,145574912,234,21.367521367521366,0.8248,0.23504273504273504,0.2353184507404697,1.8825476059237576,1790.9679086850979,951.3533166701928,2.791786483584134,5.255670960921617,0.5311950661185562,0.46880493388144384,0.46880493388144384
contiguous_lba,Contiguous LBA,contiguous_lba,request_count,5000.0,153,False,5000,159968768,218,22.93577981651376,0.6142,0.47706422018348627,0.4130220406604459,3.304176325283567,2662.6353923917345,805.8393772805769,1.8778387811891541,6.204710443504552,0.3026472868133571,0.6973527131866428,0.6973527131866429
contiguous_lba,Contiguous LBA,contiguous_lba,request_count,5000.0,154,False,5000,40487424,91,54.94505494505494,0.3646,0.4065934065934066,0.3103095947041819,2.482476757633455,820.0940435291857,330.3531608130669,6.096861743420355,15.135317572545619,0.402823509595836,0.597176490404164,0.597176490404164
contiguous_lba,Contiguous LBA,contiguous_lba,request_count,5000.0,155,False,5000,71297024,70,71.42857142857143,0.6212,0.5428571428571428,0.44608799643674985,3.5687039714939988,837.6857014619768,234.7310699215236,5.968825767556632,21.30097222183507,0.2802137717187455,0.7197862282812545,0.7197862282812545
contiguous_lba,Contiguous LBA,contiguous_lba,request_count,5000.0,156,False,5000,56515072,110,45.45454545454545,0.6,0.36363636363636365,0.33091610241529573,2.647328819322366,979.0412570359455,369.8223091480376,5.107037077413404,13.520006436384373,0.3777392489747341,0.6222607510252659,0.622260751025266
contiguous_lba,Contiguous LBA,contiguous_lba,request_count,5000.0,157,False,5000,111941632,142,35.2112676056338,0.49,0.3732394366197183,0.35674328618823803,2.8539462895059042,1402.906807455527,491.56734750548105,3.5640286107589527,10.171546229368396,0.35039201812488463,0.6496079818751154,0.6496079818751154
contiguous_lba,Contiguous LBA,contiguous_lba,request_count,5000.0,158,False,5000,130848256,146,34.24657534246575,0.4158,0.4452054794520548,0.4827736448289222,3.8621891586313777,2119.4565372305256,548.7707748580563,2.3590953209795256,9.111272372865134,0.25892051345158984,0.7410794865484102,0.7410794865484102
contiguous_lba,Contiguous LBA,contiguous_lba,request_count,5000.0,159,False,5000,130554368,102,49.01960784313726,0.6766,0.4215686274509804,0.5100187197038961,4.080149757631169,1491.4345194778903,365.5342592973301,3.3524770512555664,13.678608428144456,0.24508904314840016,0.7549109568515998,0.7549109568515998
contiguous_lba,Contiguous LBA,contiguous_lba,request_count,5000.0,160,False,5000,122929152,196,25.510204081632654,0.7012,0.2602040816326531,0.2959192972827964,2.3673543782623714,1783.6915740278957,753.4535557524422,2.803175208541857,6.636109102978101,0.4224124656545912,0.5775875343454089,0.5775875343454089
contiguous_lba,Contiguous LBA,contiguous_lba,request_count,5000.0,161,False,5000,111735296,99,50.505050505050505,0.6908,0.37373737373737376,0.447328981505703,3.578631852045624,1293.2309576501104,361.3758025740679,3.8662854228956474,13.836012163474049,0.2794363995358668,0.7205636004641331,0.7205636004641333
contiguous_lba,Contiguous LBA,contiguous_lba,request_count,5000.0,162,False,5000,101872640,70,71.42857142857143,0.9244,0.34285714285714286,0.2871628767400384,2.297303013920307,557.711792945376,242.76805870447654,8.96520400544895,20.59579018212828,0.43529303445848777,0.5647069655415122,0.5647069655415123
contiguous_lba,Contiguous LBA,contiguous_lba,request_count,5000.0,163,False,5000,129278464,116,43.10344827586207,0.841,0.3879310344827586,0.36964812149428994,2.9571849719543195,1069.9568891716751,361.8160173675477,4.673085477182948,13.819178145783393,0.3381594352344921,0.6618405647655079,0.6618405647655079
contiguous_lba,Contiguous LBA,contiguous_lba,request_count,5000.0,164,False,5000,76468224,47,106.38297872340425,0.954,0.5319148936170213,0.5110517182117525,4.08841374569402,614.9722284028223,150.41829586120545,8.130448448031174,33.24063719358727,0.24459364002804637,0.7554063599719536,0.7554063599719536
contiguous_lba,Contiguous LBA,contiguous_lba,request_count,5000.0,165,False,5000,111716864,136,36.76470588235294,0.818,0.5220588235294118,0.4677742155005912,3.7421937240047294,1458.4690706507074,389.73638945926047,3.4282523370682183,12.829184380081232,0.2672229376008478,0.7327770623991522,0.7327770623991522
contiguous_lba,Contiguous LBA,contiguous_lba,request_count,5000.0,166,False,5000,118973440,158,31.645569620253166,0.7252,0.3924050632911392,0.342791087739208,2.742328701913664,1357.0267395585036,494.8446692810884,3.6845257755397696,10.104180787203413,0.3646535877709246,0.6353464122290754,0.6353464122290754
contiguous_lba,Contiguous LBA,contiguous_lba,request_count,5000.0,167,False,5000,77188608,128,39.0625,0.9292,0.515625,0.46221869642215846,3.6977495713772677,1474.0665515268965,398.6388269603299,3.391977109053049,12.542681901122416,0.2704347551658397,0.7295652448341603,0.7295652448341603
contiguous_lba,Contiguous LBA,contiguous_lba,request_count,5000.0,168,False,5000,99889664,85,58.8235294117647,0.8414,0.7529411764705882,0.6728410602583863,5.38272848206709,1411.09961030396,262.1532211786513,3.5433359654340544,19.072815422674577,0.18577938741134073,0.8142206125886593,0.8142206125886592
contiguous_lba,Contiguous LBA,contiguous_lba,request_count,5000.0,169,False,5000,157674496,171,29.239766081871345,0.694,0.4444444444444444,0.3645399879367655,2.916319903494124,1598.8055052160357,548.2270663449721,3.1273347406471332,9.120308549037869,0.3428979100687384,0.6571020899312616,0.6571020899312615
contiguous_lba,Contiguous LBA,contiguous_lba,request_count,5000.0,170,False,5000,172319744,196,25.510204081632654,0.7694,0.4897959183673469,0.4033121494674948,3.226497195739958,2149.099756360245,666.0782966734843,2.3265555659771198,7.506625009358369,0.3099336337004508,0.6900663662995492,0.6900663662995492
contiguous_lba,Contiguous LBA,contiguous_lba,request_count,5000.0,171,False,5000,132588544,601,8.319467554076539,0.3388,0.33111480865224624,0.3302154214767235,2.641723371813788,5888.159115203712,2228.908286926706,0.8491618351633176,2.2432506664032235,0.37854077026748156,0.6214592297325184,0.6214592297325184
contiguous_lba,Contiguous LBA,contiguous_lba,request_count,5000.0,172,False,5000,149096960,387,12.919896640826874,0.6932,0.4883720930232558,0.46308574519819623,3.70468596158557,5328.627465832299,1438.3479520492738,0.9383279337991834,3.4762103237094286,0.2699284123861364,0.7300715876138636,0.7300715876138636
contiguous_lba,Contiguous LBA,contiguous_lba,request_count,5000.0,173,False,5000,187214848,242,20.66115702479339,0.5976,0.39669421487603307,0.3554573665658201,2.843658932526561,2518.8144317702745,885.7653085464558,1.9850608829829108,5.644836111503417,0.3516596130997716,0.6483403869002284,0.6483403869002284
contiguous_lba,Contiguous LBA,contiguous_lba,request_count,5000.0,174,False,5000,171852800,176,28.40909090909091,0.7022,0.30113636363636365,0.3024272230015208,2.4194177840121665,1632.4848169937165,674.7428359754123,3.0628156218982125,7.410230584770819,0.41332257975787917,0.5866774202421208,0.5866774202421208
contiguous_lba,Contiguous LBA,contiguous_lba,request_count,5000.0,175,False,5000,132709376,366,13.66120218579235,0.517,0.16120218579234974,0.16523331545785336,1.3218665236628269,1882.6460106953489,1424.2330651347686,2.6558365043640184,3.510661367440499,0.756506033021435,0.24349396697856496,0.24349396697856493
contiguous_lba,Contiguous LBA,contiguous_lba,request_count,5000.0,176,False,5000,163518464,309,16.181229773462782,0.5302,0.3074433656957929,0.2846774429614214,2.277419543691371,2655.3882225952684,1165.9635704588993,1.8829638383773517,4.288298645584701,0.43909344800789013,0.5609065519921099,0.5609065519921098
contiguous_lba,Contiguous LBA,contiguous_lba,request_count,5000.0,177,False,5000,147057152,206,24.271844660194176,0.7028,0.2815533980582524,0.2684484402615099,2.147587522092079,1622.7341690873602,755.6079332713615,3.081219398253038,6.617188332516289,0.46563876429392126,0.5343612357060787,0.5343612357060787
contiguous_lba,Contiguous LBA,contiguous_lba,request_count,5000.0,178,False,5000,69594624,363,13.774104683195592,0.4694,0.21763085399449036,0.2409846508671852,1.9278772069374817,2758.625168919715,1430.9133169855322,1.812497056987997,3.4942717638084253,0.518705235168242,0.48129476483175804,0.481294764831758
contiguous_lba,Contiguous LBA,contiguous_lba,request_count,5000.0,179,False,5000,67227648,346,14.45086705202312,0.4894,0.2138728323699422,0.24359904285206205,1.9487923428164964,2582.8687101195387,1325.3688724918952,1.9358320383882746,3.7725346533899193,0.5131383052104709,0.4868616947895291,0.48686169478952906
contiguous_lba,Contiguous LBA,contiguous_lba,request_count,5000.0,180,False,5000,38263808,39,128.2051282051282,0.9828,0.5384615384615384,0.4827466095962037,3.8619728767696295,597.7734193388374,154.78446856386225,8.364373252879345,32.30298263379739,0.2589350137633426,0.7410649862366574,0.7410649862366574
contiguous_lba,Contiguous LBA,contiguous_lba,request_count,5000.0,181,False,5000,62912000,56,89.28571428571429,0.942,0.42857142857142855,0.3794312558765725,3.03545004701258,620.500170528692,204.41784938591692,8.05801551309775,24.459703568060664,0.3294404403011596,0.6705595596988404,0.6705595596988403
contiguous_lba,Contiguous LBA,contiguous_lba,request_count,5000.0,182,False,5000,33894400,45,111.11111111111111,0.9678,0.26666666666666666,0.29342995089235513,2.347439607138841,446.0589448160992,190.01934851042867,11.209280876681882,26.313109897467044,0.4259960498914996,0.5740039501085004,0.5740039501085005
contiguous_lba,Contiguous LBA,contiguous_lba,request_count,5000.0,183,False,5000,113659904,170,29.41176470588235,0.5768,0.4294117647058823,0.419942492830584,3.359539942644672,2206.189712588585,656.6939968726327,2.266350881553771,7.613896310627857,0.2976598037446721,0.702340196255328,0.7023401962553278
contiguous_lba,Contiguous LBA,contiguous_lba,request_count,5000.0,184,False,5000,167241216,333,15.015015015015015,0.3572,0.2852852852852853,0.26344272916125344,2.1075418332900275,2670.65677162124,1267.1903966205732,1.8721986490853773,3.945736973176509,0.4744864297374001,0.5255135702625999,0.5255135702625999
contiguous_lba,Contiguous LBA,contiguous_lba,request_count,5000.0,185,False,5000,107516416,327,15.290519877675841,0.5942,0.25076452599388377,0.25220679093645804,2.0176543274916643,2607.3260545883077,1292.2560713507946,1.917673469032047,3.8692021735084614,0.49562503664500057,0.5043749633549994,0.5043749633549994
contiguous_lba,Contiguous LBA,contiguous_lba,request_count,5000.0,186,False,5000,187385856,361,13.850415512465373,0.6586,0.40166204986149584,0.40091635478100474,3.207330838248038,4328.08785360443,1349.4360488139075,1.1552445719963844,3.7052515414826592,0.31178573412970295,0.688214265870297,0.6882142658702971
contiguous_lba,Contiguous LBA,contiguous_lba,request_count,5000.0,187,False,5000,55057920,60,83.33333333333333,0.9076,0.6333333333333333,0.6179199221214324,4.943359376971459,1095.6982604327898,221.65053698848564,4.563300116972943,22.558032423173156,0.20229158427333443,0.7977084157266656,0.7977084157266655
contiguous_lba,Contiguous LBA,contiguous_lba,request_count,5000.0,188,False,5000,40182272,26,192.30769230769232,0.935,0.38461538461538464,0.4221435855569874,3.377148684455899,357.7957298411005,105.94609929019039,13.974454089266334,47.19380924355516,0.2961077800935237,0.7038922199064763,0.7038922199064764
contiguous_lba,Contiguous LBA,contiguous_lba,request_count,5000.0,189,False,5000,159243264,336,14.880952380952381,0.4166,0.20833333333333334,0.2335494977653188,1.8683959821225504,2510.226061826475,1343.5192998942266,1.9918524773668915,3.7215691656931487,0.5352184491769094,0.4647815508230906,0.4647815508230906
contiguous_lba,Contiguous LBA,contiguous_lba,request_count,5000.0,190,False,5000,137717760,306,16.33986928104575,0.3972,0.2647058823529412,0.24043159334596537,1.923452746767723,2364.2598462300894,1229.1749044540466,2.114826764060096,4.067769348269287,0.5198983971300857,0.4801016028699143,0.4801016028699142
contiguous_lba,Contiguous LBA,contiguous_lba,request_count,5000.0,191,False,5000,116005376,170,29.41176470588235,0.4198,0.38823529411764707,0.3455877201784287,2.7647017614274296,1902.1646294398947,688.0180191507519,2.6285842574374247,7.2672515265976605,0.3617026667945894,0.6382973332054106,0.6382973332054105
contiguous_lba,Contiguous LBA,contiguous_lba,request_count,5000.0,192,False,5000,106169856,162,30.864197530864196,0.347,0.3148148148148148,0.3202669040113606,2.562135232090885,1841.914261918062,718.898143567125,2.7145671779495815,6.9550882065021495,0.3902994609632407,0.6097005390367594,0.6097005390367594
contiguous_lba,Contiguous LBA,contiguous_lba,request_count,5000.0,193,False,5000,156773376,193,25.906735751295336,0.408,0.3160621761658031,0.3283005665587602,2.6264045324700818,2162.1991045780555,823.2544064887635,2.312460489606821,6.073456711061339,0.38074865757999576,0.6192513424200042,0.6192513424200043
contiguous_lba,Contiguous LBA,contiguous_lba,request_count,5000.0,194,False,5000,111949824,237,21.09704641350211,0.3678,0.3080168776371308,0.2886434457631085,2.309147566104868,2221.433986360125,962.0147360730605,2.2507983719978215,5.19742558249157,0.4330602403582317,0.5669397596417682,0.5669397596417683
contiguous_lba,Contiguous LBA,contiguous_lba,request_count,5000.0,195,False,5000,103715328,204,24.50980392156863,0.3538,0.35294117647058826,0.3800394792038678,3.0403158336309426,2557.646950824401,841.2438347794587,1.9549218856763482,5.943579962533461,0.32891319676013236,0.6710868032398676,0.6710868032398677
contiguous_lba,Contiguous LBA,contiguous_lba,request_count,5000.0,196,False,5000,165867520,210,23.80952380952381,0.4258,0.2714285714285714,0.2790001726106908,2.2320013808855266,2011.6970405950608,901.2973996445011,2.4854637150139656,5.547558444052042,0.4480283966505697,0.5519716033494303,0.5519716033494304
contiguous_lba,Contiguous LBA,contiguous_lba,request_count,5000.0,197,False,5000,195588096,266,18.796992481203006,0.3696,0.31954887218045114,0.3233973233351638,2.5871785866813104,2965.3076611723545,1146.1549954215134,1.6861656769952889,4.362411733119206,0.3865214427592897,0.6134785572407103,0.6134785572407103
contiguous_lba,Contiguous LBA,contiguous_lba,request_count,5000.0,198,False,5000,131293696,275,18.181818181818183,0.429,0.28363636363636363,0.3003415392689745,2.402732314151796,2745.3718377125533,1142.6041184624075,1.8212469186563833,4.3759688235050795,0.41619284599875056,0.5838071540012495,0.5838071540012494
contiguous_lba,Contiguous LBA,contiguous_lba,request_count,5000.0,199,False,5000,108412416,329,15.19756838905775,0.6472,0.3495440729483283,0.36839271756816644,2.9471417405453315,3650.99596702594,1238.8260519666655,1.3694893243261903,4.036079150952938,0.33931181057310217,0.6606881894268979,0.6606881894268979
contiguous_lba,Contiguous LBA,contiguous_lba,request_count,5000.0,200,False,5000,148313600,234,21.367521367521366,0.533,0.34615384615384615,0.2961207158733247,2.368965726986598,2056.5712156314235,868.1304217294227,2.431231149204266,5.759503266847146,0.4221251445760817,0.5778748554239184,0.5778748554239183
contiguous_lba,Contiguous LBA,contiguous_lba,request_count,5000.0,201,False,5000,119550464,347,14.409221902017292,0.5958,0.3112391930835735,0.2823609489817009,2.258887591853607,3006.6615549047815,1331.0363763774376,1.6629740024591315,3.7564713397300618,0.4426957780486173,0.5573042219513826,0.5573042219513827
contiguous_lba,Contiguous LBA,contiguous_lba,request_count,5000.0,202,False,5000,90409984,208,24.03846153846154,0.6798,0.34134615384615385,0.27707699923180634,2.2166159938544507,1689.3174006629724,762.115497382763,2.9597753495214993,6.560685377965503,0.45113813252836377,0.5488618674716362,0.5488618674716362
contiguous_lba,Contiguous LBA,contiguous_lba,request_count,5000.0,203,False,5000,48309760,150,33.333333333333336,0.8216,0.5333333333333333,0.5346990246550357,4.277592197240286,2690.748634247166,629.0334632607378,1.8582189121500494,7.948702719377383,0.23377637556126926,0.7662236244387307,0.7662236244387307
contiguous_lba,Contiguous LBA,contiguous_lba,request_count,5000.0,204,False,5000,177554432,286,17.482517482517483,0.454,0.36013986013986016,0.4010259300126928,3.2082074401015426,3492.6173769258994,1088.6507316420148,1.4315911135965471,4.592841261823695,0.31170054264581754,0.6882994573541825,0.6882994573541824
contiguous_lba,Contiguous LBA,contiguous_lba,request_count,5000.0,205,False,5000,152609792,270,18.51851851851852,0.4208,0.362962962962963,0.4065702465853277,3.2525619726826216,3335.2810804151813,1025.4319851327339,1.4991240256661043,4.875993798216457,0.30744994511979373,0.6925500548802063,0.6925500548802064
contiguous_lba,Contiguous LBA,contiguous_lba,request_count,5000.0,206,False,5000,125283328,275,18.181818181818183,0.649,0.31636363636363635,0.343920367137953,2.751362937103624,2957.2012078431517,1074.8132018366923,1.6907878932075688,4.651971143874825,0.36345622982502845,0.6365437701749715,0.6365437701749715
contiguous_lba,Contiguous LBA,contiguous_lba,request_count,5000.0,207,False,5000,216923648,372,13.440860215053764,0.638,0.3010752688172043,0.31186358885998916,2.4949087108799133,3783.918311561491,1516.656018338629,1.3213815913316254,3.2967264426096334,0.4008162686029969,0.5991837313970031,0.5991837313970031
contiguous_lba,Contiguous LBA,contiguous_lba,request_count,5000.0,208,False,5000,145835520,266,18.796992481203006,0.4096,0.3157894736842105,0.32597841791662685,2.607827343333015,2836.700316090308,1087.763851906229,1.762611288770633,4.596585914523501,0.3834609689773093,0.6165390310226907,0.6165390310226907
contiguous_lba,Contiguous LBA,contiguous_lba,request_count,5000.0,209,False,5000,166169600,328,15.24390243902439,0.372,0.31402439024390244,0.3113393988413556,2.4907151907308447,3275.967634579231,1315.271873223679,1.5262666050857385,3.801495418392244,0.40149110734197285,0.5985088926580271,0.5985088926580271
contiguous_lba,Contiguous LBA,contiguous_lba,request_count,5000.0,210,False,5000,285022208,252,19.841269841269842,0.3834,0.21825396825396826,0.22725611037374446,1.8180488829899557,1841.5044610655248,1012.9015112272417,2.7151712665995484,4.936314088367732,0.5500402158358934,0.44995978416410665,0.44995978416410665
contiguous_lba,Contiguous LBA,contiguous_lba,request_count,5000.0,211,False,5000,290845696,216,23.14814814814815,0.3632,0.25462962962962965,0.2634487461137763,2.10758996891021,1911.5403178384472,906.9792255781441,2.6156916248849806,5.512805430370033,0.47447559285788343,0.5255244071421166,0.5255244071421166
contiguous_lba,Contiguous LBA,contiguous_lba,request_count,5000.0,212,False,5000,268808192,489,10.224948875255624,0.4532,0.17791411042944785,0.19464967768476885,1.5571974214781508,3001.147892965137,1927.2751492975976,1.66602919227016,2.5943363623104196,0.6421793320533257,0.35782066794667433,0.3578206679466743
contiguous_lba,Contiguous LBA,contiguous_lba,request_count,5000.0,213,False,5000,125152256,245,20.408163265306122,0.4318,0.3224489795918367,0.3271990340060627,2.6175922720485016,2459.6920991643406,939.6773230994489,2.0327747532704223,5.320975484975958,0.3820304677234586,0.6179695322765414,0.6179695322765413
contiguous_lba,Contiguous LBA,contiguous_lba,request_count,5000.0,214,False,5000,98967040,236,21.1864406779661,0.6626,0.2584745762711864,0.2589812672980743,2.0718501383845944,1955.1976489191068,943.696463704445,2.557286217464589,5.298313803543024,0.4826603920202898,0.5173396079797101,0.5173396079797102
contiguous_lba,Contiguous LBA,contiguous_lba,request_count,5000.0,215,False,5000,74075136,173,28.90173410404624,0.7472,0.3468208092485549,0.3120028683148456,2.4960229465187647,1668.1811193274084,668.3356503809558,2.997276460014092,7.481270821255706,0.4006373424550094,0.5993626575449906,0.5993626575449906
contiguous_lba,Contiguous LBA,contiguous_lba,request_count,5000.0,216,False,5000,115739136,323,15.479876160990711,0.4836,0.23219814241486067,0.22147027765085417,1.7717622212068334,2238.3812731784424,1263.3643760920538,2.2337570725384652,3.9576863924772243,0.5644098220577541,0.43559017794224586,0.43559017794224586
contiguous_lba,Contiguous LBA,contiguous_lba,request_count,5000.0,217,False,5000,68541952,183,27.3224043715847,0.7098,0.30601092896174864,0.3058136358720428,2.4465090869763424,1850.8765429712792,756.5377757328465,2.7014227496628807,6.609055304814855,0.4087456716688132,0.5912543283311869,0.5912543283311867
contiguous_lba,Contiguous LBA,contiguous_lba,request_count,5000.0,218,False,5000,96251392,255,19.607843137254903,0.5972,0.2235294117647059,0.23610349416490922,1.8888279533192738,1976.6876703101336,1046.5154684080476,2.52948408344932,4.7777602442952585,0.5294288440843332,0.4705711559156668,0.4705711559156668
contiguous_lba,Contiguous LBA,contiguous_lba,request_count,5000.0,219,False,5000,163715072,258,19.37984496124031,0.5652,0.29069767441860467,0.28501597736009193,2.2801278188807355,2376.4825884797783,1042.258494809445,2.103949771918367,4.797274404478848,0.43857190448686245,0.5614280955131375,0.5614280955131375
contiguous_lba,Contiguous LBA,contiguous_lba,request_count,5000.0,220,False,5000,227633152,342,14.619883040935672,0.4018,0.2222222222222222,0.21579047417186498,1.7263237933749198,2356.6841673476215,1365.1460846405662,2.1216249802481393,3.662611684020957,0.5792656069722733,0.42073439302772675,0.4207343930277268
contiguous_lba,Contiguous LBA,contiguous_lba,request_count,5000.0,221,False,5000,154438656,329,15.19756838905775,0.4616,0.1945288753799392,0.22007748759446244,1.7606199007556995,2249.387224058185,1277.6109273175289,2.2228275978999092,3.913554504811568,0.5679817657239796,0.4320182342760204,0.4320182342760204
contiguous_lba,Contiguous LBA,contiguous_lba,request_count,5000.0,222,False,5000,143036928,309,16.181229773462782,0.5784,0.20711974110032363,0.2182227642086617,1.7457821136692937,2157.212887322005,1235.6713191361343,2.317805548717573,4.0463834699145815,0.5728091679769791,0.4271908320230209,0.42719083202302094
contiguous_lba,Contiguous LBA,contiguous_lba,request_count,5000.0,223,False,5000,133972480,162,30.864197530864196,0.6568,0.3148148148148148,0.28584195257371425,2.286735620589714,1501.9090493187966,656.7917321948557,3.329096393864723,7.612763308227225,0.43730459743401184,0.5626954025659882,0.5626954025659882
contiguous_lba,Contiguous LBA,contiguous_lba,request_count,5000.0,224,False,5000,96920576,218,22.93577981651376,0.5156,0.37155963302752293,0.3655383413764971,2.924306731011977,2499.2739446121077,854.6551967711049,2.0005810130493757,5.85031252239505,0.34196139187285013,0.6580386081271499,0.6580386081271499
contiguous_lba,Contiguous LBA,contiguous_lba,request_count,5000.0,225,False,5000,200400384,161,31.055900621118013,0.5598,0.2732919254658385,0.26018257126367517,2.0814605701094013,1380.8265473459192,663.3930842482127,3.6210196056923145,7.537009532841645,0.4804318728686944,0.5195681271313056,0.5195681271313057
contiguous_lba,Contiguous LBA,contiguous_lba,request_count,5000.0,226,False,5000,173995520,178,28.089887640449437,0.4172,0.21910112359550563,0.21323290303943657,1.7058632243154925,1186.0918330165084,695.3030091216419,4.215525190223958,7.191109393178621,0.58621346995816,0.41378653004183996,0.41378653004183996
contiguous_lba,Contiguous LBA,contiguous_lba,request_count,5000.0,227,False,5000,218288128,269,18.587360594795538,0.579,0.21189591078066913,0.22534086843786166,1.8027269475028933,1937.9382739989353,1075.0037750771598,2.5800615360583703,4.6511464572681325,0.5547151782388248,0.44528482176117523,0.44528482176117523
contiguous_lba,Contiguous LBA,contiguous_lba,request_count,5000.0,228,False,5000,175135232,251,19.9203187250996,0.4706,0.2908366533864542,0.320407264088384,2.563258112707072,2479.980258196466,967.5109369213483,2.016145081588749,5.167900236776822,0.3901284833714597,0.6098715166285402,0.6098715166285403
contiguous_lba,Contiguous LBA,contiguous_lba,request_count,5000.0,229,False,5000,230472192,255,19.607843137254903,0.3644,0.2823529411764706,0.2908920790135343,2.3271366321082745,2428.946246708949,1043.7488771376693,2.058505826044791,4.790424315197137,0.42971262890312023,0.5702873710968798,0.5702873710968798
contiguous_lba,Contiguous LBA,contiguous_lba,request_count,5000.0,230,False,5000,157299712,145,34.48275862068966,0.4928,0.593103448275862,0.5867301594448924,4.693841275559139,2636.8375007551867,561.7653742330863,1.896210896032845,8.900512970963947,0.2130451247269494,0.7869548752730506,0.7869548752730506
contiguous_lba,Contiguous LBA,contiguous_lba,request_count,5000.0,231,False,5000,102403072,185,27.027027027027028,0.6448,0.5405405405405406,0.5566703037407991,4.4533624299263925,3220.2009266082823,723.0942860093037,1.552698143362847,6.914727576668567,0.22454943107258585,0.7754505689274142,0.7754505689274142
contiguous_lba,Contiguous LBA,contiguous_lba,request_count,5000.0,232,False,5000,170378752,369,13.550135501355014,0.45,0.32791327913279134,0.310172820762312,2.481382566098496,3506.619777534955,1413.1717637754061,1.4258745792835414,3.538140322477208,0.40300113882572747,0.5969988611742725,0.5969988611742726
contiguous_lba,Contiguous LBA,contiguous_lba,request_count,5000.0,233,False,5000,214011904,281,17.793594306049823,0.4932,0.4555160142348754,0.4584803317213902,3.6678426537711215,4037.74433599894,1100.8499320022634,1.238315154186947,4.541945141338047,0.2726398306568146,0.7273601693431855,0.7273601693431854
contiguous_lba,Contiguous LBA,contiguous_lba,request_count,5000.0,234,False,5000,171980288,226,22.123893805309734,0.4576,0.4026548672566372,0.4311439747825859,3.4491517982606874,3012.9429539034595,873.5315608384658,1.6595070256880176,5.723891641878071,0.2899263524743308,0.7100736475256693,0.7100736475256693
contiguous_lba,Contiguous LBA,contiguous_lba,request_count,5000.0,235,False,5000,171338752,262,19.083969465648856,0.6794,0.4312977099236641,0.4311001982029119,3.448801585623295,3686.7311906782056,1068.9890674043836,1.356214961547063,4.677316309829546,0.2899557933888134,0.7100442066111866,0.7100442066111866
contiguous_lba,Contiguous LBA,contiguous_lba,request_count,5000.0,236,False,5000,113431552,200,25.0,0.5562,0.41,0.41136246754701333,3.2908997403761067,2723.2625345688616,827.5130661554667,1.8360330436490893,6.042200666666741,0.30386826670256234,0.6961317332974377,0.6961317332974377
contiguous_lba,Contiguous LBA,contiguous_lba,request_count,5000.0,237,False,5000,61525504,50,100.0,0.6388,0.66,0.6658728543577365,5.326982834861892,1160.0541981885135,217.76946428223084,4.31014344658014,22.960060155724875,0.18772352586826505,0.812276474131735,0.812276474131735
contiguous_lba,Contiguous LBA,contiguous_lba,request_count,5000.0,238,False,5000,87193600,216,23.14814814814815,0.5764,0.5648148148148148,0.5717349555608574,4.573879644486859,4094.109888673398,895.1066068404854,1.2212666821261446,5.585926817866776,0.2186327751770542,0.7813672248229457,0.7813672248229458
contiguous_lba,Contiguous LBA,contiguous_lba,request_count,5000.0,239,False,5000,121374720,339,14.749262536873156,0.4726,0.40117994100294985,0.39343626826122474,3.147490146089798,4558.302145887616,1448.2339687545973,1.0968996437655791,3.4524808200015698,0.3177134648832257,0.6822865351167743,0.6822865351167743
contiguous_lba,Contiguous LBA,contiguous_lba,request_count,5000.0,240,False,5000,73682432,168,29.761904761904763,0.5218,0.27976190476190477,0.29449285891568433,2.3559428713254746,1622.2338920763189,688.5709801458961,3.0821696084776242,7.261415517308888,0.4244585096570661,0.5755414903429339,0.5755414903429339
contiguous_lba,Contiguous LBA,contiguous_lba,request_count,5000.0,241,False,5000,38372352,108,46.2962962962963,0.4168,0.46296296296296297,0.4701431970400379,3.761145576320303,1743.3771914881504,463.522923032874,2.867996681619994,10.78695303197635,0.2658764410226165,0.7341235589773836,0.7341235589773835
contiguous_lba,Contiguous LBA,contiguous_lba,request_count,5000.0,242,False,5000,58450432,104,48.07692307692308,0.6344,0.4807692307692308,0.4824844601081971,3.859875680865577,1704.6696911072158,441.63849617170666,2.9331195515961825,11.321476826277452,0.2590757015717537,0.7409242984282463,0.7409242984282463
contiguous_lba,Contiguous LBA,contiguous_lba,request_count,5000.0,243,False,5000,92154880,170,29.41176470588235,0.3976,0.3176470588235294,0.33271644411232154,2.6617315528985723,1967.21067702542,739.0717801286786,2.5416698162498794,6.765242746962221,0.37569528711902594,0.624304712880974,0.624304712880974
contiguous_lba,Contiguous LBA,contiguous_lba,request_count,5000.0,244,False,5000,239138304,225,22.22222222222222,0.7392,0.5688888888888889,0.5625208233716245,4.500166586972996,4288.415626625444,952.9459729423074,1.1659317648589258,5.246887170908593,0.22221399600956612,0.7777860039904338,0.7777860039904338
contiguous_lba,Contiguous LBA,contiguous_lba,request_count,5000.0,245,False,5000,237914624,313,15.97444089456869,0.5484,0.4057507987220447,0.42503015113621967,3.4002412090897574,4203.460850802294,1236.224312429752,1.1894960313584637,4.0445734238737705,0.29409678270080714,0.7059032172991928,0.7059032172991929
contiguous_lba,Contiguous LBA,contiguous_lba,request_count,5000.0,246,False,5000,176497664,311,16.077170418006432,0.7156,0.5627009646302251,0.5732434179074767,4.5859473432598135,5619.675850139953,1225.4122059206502,0.8897310331298699,4.080259667597735,0.2180574535967466,0.7819425464032534,0.7819425464032534
contiguous_lba,Contiguous LBA,contiguous_lba,request_count,5000.0,247,False,5000,116477440,340,14.705882352941176,0.4076,0.31470588235294117,0.3229741561134661,2.5837932489077287,3443.686574859851,1332.8026831541702,1.451932367045769,3.751493047843476,0.38702787091139723,0.6129721290886028,0.6129721290886028
contiguous_lba,Contiguous LBA,contiguous_lba,request_count,5000.0,248,False,5000,152342016,204,24.50980392156863,0.2484,0.30392156862745096,0.31141316770197375,2.49130534161579,2049.502148772876,822.6619654111233,2.4396168615845135,6.077830518761448,0.4013960004402465,0.5986039995597535,0.5986039995597536
contiguous_lba,Contiguous LBA,contiguous_lba,request_count,5000.0,249,False,5000,80457728,109,45.87155963302752,0.358,0.3669724770642202,0.3840891976609777,3.0727135812878217,1337.659007447933,435.334752836709,3.7378733833963436,11.485414310296207,0.3254452370991521,0.6745547629008479,0.6745547629008479
contiguous_lba,Contiguous LBA,contiguous_lba,request_count,5000.0,250,False,5000,44312576,126,39.682539682539684,0.4672,0.25396825396825395,0.2606590526345523,2.0852724210764184,1086.528404936292,521.0486620138704,4.601812504196034,9.5960327019646,0.47955364963000835,0.5204463503699917,0.5204463503699917
contiguous_lba,Contiguous LBA,contiguous_lba,request_count,5000.0,251,False,5000,47093760,189,26.455026455026456,0.5444,0.2857142857142857,0.31679426808807987,2.534354144704639,1843.5220017687304,727.412940934338,2.7121997975629526,6.873674798220752,0.39457784622935677,0.6054221537706432,0.6054221537706433
contiguous_lba,Contiguous LBA,contiguous_lba,request_count,5000.0,252,False,5000,78467584,247,20.242914979757085,0.6542,0.3481781376518219,0.37798192152101295,3.0238553721681036,3059.2273155311395,1011.697630676587,1.6343996324221843,4.942188108769396,0.3307036471400417,0.6692963528599583,0.6692963528599584
contiguous_lba,Contiguous LBA,contiguous_lba,request_count,5000.0,253,False,5000,168335872,213,23.474178403755868,0.6756,0.41784037558685444,0.4192226098536316,3.3537808788290526,2839.0799390562233,846.5311365384929,1.7611339262472887,5.906457286905292,0.2981709408365231,0.7018290591634768,0.7018290591634769
contiguous_lba,Contiguous LBA,contiguous_lba,request_count,5000.0,254,False,5000,221413376,375,13.333333333333334,0.6938,0.44266666666666665,0.4492686098812093,3.5941488790496745,5345.275216270457,1487.2158600407772,0.9354055306227309,3.3619867393445544,0.27822998814239686,0.7217700118576031,0.721770011857603
contiguous_lba,Contiguous LBA,contiguous_lba,request_count,5000.0,255,False,5000,116378624,175,28.571428571428573,0.6632,0.42857142857142855,0.4265643968220862,3.4125151745766895,2464.3389205726426,722.1473882173535,2.0289417004533377,6.923794341128447,0.29303898996553074,0.7069610100344692,0.7069610100344692
contiguous_lba,Contiguous LBA,contiguous_lba,request_count,5000.0,256,False,5000,134793728,221,22.624434389140273,0.5946,0.24434389140271492,0.26003931495549254,2.0803145196439403,1839.2557348021985,884.1238752287319,2.7184909120523804,5.655316115862665,0.48069654398756806,0.5193034560124319,0.5193034560124319
contiguous_lba,Contiguous LBA,contiguous_lba,request_count,5000.0,257,False,5000,143998976,379,13.192612137203167,0.8152,0.44327176781002636,0.43969220850099244,3.5175376680079395,5217.95008193958,1483.4098663382963,0.9582307077459498,3.3706126091382855,0.2842897772197341,0.7157102227802659,0.7157102227802659
contiguous_lba,Contiguous LBA,contiguous_lba,request_count,5000.0,258,False,5000,167642624,224,22.321428571428573,0.8434,0.6383928571428571,0.6361677233189584,5.0893417865516675,4522.361023548308,888.5944810188269,1.1056171707576166,5.626863667065769,0.1964890632109736,0.8035109367890264,0.8035109367890264
contiguous_lba,Contiguous LBA,contiguous_lba,request_count,5000.0,259,False,5000,167585792,147,34.01360544217687,0.7106,0.7278911564625851,0.7145746506969645,5.716597205575716,3362.4251249383,588.1864689817116,1.4870219601073642,8.500705581779481,0.17492923920276285,0.8250707607972372,0.8250707607972372
contiguous_lba,Contiguous LBA,contiguous_lba,request_count,5000.0,260,False,5000,184129024,232,21.551724137931036,0.902,0.4482758620689655,0.442574381392212,3.540595051137696,3302.305174871272,932.6977886980171,1.5140938632950258,5.360793239340324,0.2824383996353017,0.7175616003646983,0.7175616003646983
contiguous_lba,Contiguous LBA,contiguous_lba,request_count,5000.0,261,False,5000,146408960,177,28.24858757062147,0.7706,0.4576271186440678,0.4538485381981271,3.6307883055850168,2674.8876103703283,736.7236493121106,1.8692374141685035,6.786805343724979,0.2754222818393906,0.7245777181606095,0.7245777181606093
contiguous_lba,Contiguous LBA,contiguous_lba,request_count,5000.0,262,False,5000,94592512,125,40.0,0.848,0.6,0.6017023670183983,4.813618936147186,2375.8824700782475,493.5751046342485,2.10448120349797,10.13017057192365,0.20774390604346393,0.7922560939565361,0.7922560939565361
contiguous_lba,Contiguous LBA,contiguous_lba,request_count,5000.0,263,False,5000,122634240,398,12.56281407035176,0.7558,0.39949748743718594,0.4128294767929101,3.302635814343281,5230.0419499543195,1583.5963284962734,0.9560152763294129,3.157370290664807,0.3027884563163217,0.6972115436836783,0.6972115436836783
contiguous_lba,Contiguous LBA,contiguous_lba,request_count,5000.0,264,False,5000,152812032,413,12.106537530266344,0.6786,0.38498789346246975,0.38689778085901166,3.0951822468720933,5152.674136334001,1664.7401430210298,0.970369922045444,3.0034717556137154,0.3230827525618476,0.6769172474381524,0.6769172474381524
contiguous_lba,Contiguous LBA,contiguous_lba,request_count,5000.0,265,False,5000,192248832,252,19.841269841269842,0.6018,0.3531746031746032,0.3546777035971549,2.837421628777239,2966.960399285357,1045.6536910814843,1.6852264024839478,4.781697843794411,0.3524326416130622,0.6475673583869378,0.6475673583869378
contiguous_lba,Contiguous LBA,contiguous_lba,request_count,5000.0,266,False,5000,83193856,350,14.285714285714286,0.455,0.26285714285714284,0.26779641291071093,2.1423713032856875,2936.8801826438867,1370.854892492112,1.7024868871221084,3.6473590511905845,0.4667724957230016,0.5332275042769984,0.5332275042769983
contiguous_lba,Contiguous LBA,contiguous_lba,request_count,5000.0,267,False,5000,112237056,227,22.026431718061673,0.7554,0.3832599118942731,0.3951204192884077,3.1609633543072615,2963.3101684850494,937.4705861259412,1.687302278774341,5.333500670844827,0.3163592512508435,0.6836407487491565,0.6836407487491565
contiguous_lba,Contiguous LBA,contiguous_lba,request_count,5000.0,268,False,5000,169545216,188,26.595744680851062,0.738,0.324468085106383,0.306050276508604,2.448402212068832,1802.4889113357908,736.1898720932529,2.7739421688284303,6.791726142310542,0.40842962609277655,0.5915703739072234,0.5915703739072234
contiguous_lba,Contiguous LBA,contiguous_lba,request_count,5000.0,269,False,5000,211095552,229,21.83406113537118,0.7452,0.36681222707423583,0.3717280370260609,2.973824296208487,2712.5471240685797,912.1410190665852,1.843285949075216,5.4816085402195975,0.336267344804117,0.663732655195883,0.663732655195883
contiguous_lba,Contiguous LBA,contiguous_lba,request_count,5000.0,270,False,5000,280745472,214,23.364485981308412,0.513,0.2850467289719626,0.30924918563674675,2.473993485093974,2107.958886756815,852.0470645769485,2.371962769963087,5.8682204397741335,0.40420478308657115,0.5957952169134288,0.5957952169134288
contiguous_lba,Contiguous LBA,contiguous_lba,request_count,5000.0,271,False,5000,196746240,264,18.939393939393938,0.6918,0.22727272727272727,0.23728523683855682,1.8982818947084545,2020.8228749899433,1064.5536264255995,2.4742396089636913,4.696804252866301,0.526792149673631,0.47320785032636903,0.47320785032636903
contiguous_lba,Contiguous LBA,contiguous_lba,request_count,5000.0,272,False,5000,160731136,280,17.857142857142858,0.6572,0.18928571428571428,0.19575363073200563,1.566029045856045,1689.0843182678454,1078.577899137582,2.9601837788225374,4.635733778708,0.6385577602447122,0.3614422397552878,0.3614422397552877
contiguous_lba,Contiguous LBA,contiguous_lba,request_count,5000.0,273,False,5000,159851520,306,16.33986928104575,0.4756,0.23202614379084968,0.2560745711668005,2.048596569334404,2494.5385445270786,1217.6816957853066,2.0043787300740683,4.106163390076586,0.48813905820651815,0.5118609417934818,0.5118609417934818
contiguous_lba,Contiguous LBA,contiguous_lba,request_count,5000.0,274,False,5000,115342336,248,20.161290322580644,0.4084,0.24193548387096775,0.2750192106430679,2.200153685144543,2112.8543702966367,960.3212650837294,2.366466932265672,5.20659094179702,0.45451370363443644,0.5454862963655636,0.5454862963655635
contiguous_lba,Contiguous LBA,contiguous_lba,request_count,5000.0,275,False,5000,75599360,152,32.89473684210526,0.5784,0.3026315789473684,0.3480202685803357,2.7841621486426855,1631.6482337507123,586.0464106036933,3.0643859972847025,8.531747502470736,0.3591744828825838,0.6408255171174162,0.6408255171174161
contiguous_lba,Contiguous LBA,contiguous_lba,request_count,5000.0,276,False,5000,114087424,137,36.496350364963504,0.3336,0.29927007299270075,0.3277083127721145,2.621666502176916,1445.0480954757606,551.1944765956526,3.460092446510456,9.071208461451835,0.3814367690053804,0.6185632309946196,0.6185632309946195
contiguous_lba,Contiguous LBA,contiguous_lba,request_count,5000.0,277,False,5000,112627712,304,16.44736842105263,0.3264,0.2993421052631579,0.27093773255507997,2.1675018604406397,2546.562766351561,1174.88377418687,1.9634308904796631,4.255740107961292,0.46136061899236674,0.5386393810076333,0.5386393810076333
contiguous_lba,Contiguous LBA,contiguous_lba,request_count,5000.0,278,False,5000,134122496,234,21.367521367521366,0.2552,0.33760683760683763,0.3298495309883398,2.6387962479067184,2237.3841162723356,847.8805887522344,2.234752612944445,5.897056810037537,0.378960672235786,0.621039327764214,0.621039327764214
contiguous_lba,Contiguous LBA,contiguous_lba,request_count,5000.0,279,True,4055,110185472,211,19.218009478672986,0.4850801479654747,0.20853080568720378,0.18788826636387415,1.5031061309109932,1146.9917781757622,763.0810323956304,3.535334844726866,5.313983479932216,0.6652890168134211,0.3347109831865789,0.33471098318657894
contiguous_lba,Contiguous LBA,contiguous_lba,time,60.0,0,False,34858,696534016,872,39.97477064220183,0.4526937862183717,0.36811926605504586,0.38091153167212155,3.0472922533769724,10329.39270556375,3389.6954563897975,3.374641761971576,10.2835196991784,0.32816018840720385,0.6718398115927962,0.6718398115927962
contiguous_lba,Contiguous LBA,contiguous_lba,time,60.0,1,False,41097,756369408,761,54.00394218134034,0.2849599727474025,0.24178712220762155,0.23462051225323122,1.8769640980258497,5375.237756454894,2863.7935920609525,7.645615294067386,14.350545414281832,0.5327752411736476,0.4672247588263524,0.46722475882635245
contiguous_lba,Contiguous LBA,contiguous_lba,time,60.0,2,False,44781,951824896,924,48.464285714285715,0.3948996226078024,0.21645021645021645,0.2122814377549068,1.6982515020392543,6078.9784076149,3579.551321058915,7.366533814942422,12.510227116048927,0.588840933630386,0.41115906636961397,0.41115906636961397
contiguous_lba,Contiguous LBA,contiguous_lba,time,60.0,3,False,16257,295019008,873,18.621993127147768,0.3843882635172541,0.24627720504009165,0.24593797654834224,1.9675038123867379,6259.224795062199,3181.3024989614955,2.5972864903054584,5.110171071536559,0.5082582273560735,0.4917417726439265,0.4917417726439265
contiguous_lba,Contiguous LBA,contiguous_lba,time,60.0,4,False,33385,390920192,1037,32.193828351012534,0.5266437022614947,0.2343297974927676,0.21274389804982063,1.701951184398565,6366.169543272622,3740.512419880184,5.244126750485184,8.925247734124456,0.5875609178258422,0.4124390821741578,0.41243908217415787
contiguous_lba,Contiguous LBA,contiguous_lba,time,60.0,5,False,34302,432607744,745,46.04295302013423,0.48656055040522417,0.2523489932885906,0.2538918755890776,2.031135004712621,5469.408582870572,2692.7843644959594,6.271610445675808,12.738487512133455,0.492335564932813,0.5076644350671871,0.507664435067187
contiguous_lba,Contiguous LBA,contiguous_lba,time,60.0,6,False,17037,410975232,920,18.518478260869564,0.3338028995715208,0.25869565217391305,0.2594322778937562,2.07545822315005,7037.085518609631,3390.6177634011906,2.421030688762487,5.024748051490733,0.4818213100344842,0.5181786899655159,0.5181786899655157
contiguous_lba,Contiguous LBA,contiguous_lba,time,60.0,7,False,28946,614623744,909,31.843784378437842,0.31752228287155393,0.25412541254125415,0.2523504079925779,2.0188032639406233,6703.725449337424,3320.6432588443613,4.317897595710894,8.716985759582522,0.4953429677184294,0.5046570322815707,0.5046570322815706
contiguous_lba,Contiguous LBA,contiguous_lba,time,60.0,8,False,32808,784760832,937,35.013874066168626,0.3335771762984638,0.24439701173959444,0.2521217924640967,2.0169743397127737,6801.105232834103,3371.9344361131593,4.82392182988301,9.729726547654318,0.4957921279962365,0.5042078720037635,0.5042078720037635
contiguous_lba,Contiguous LBA,contiguous_lba,time,60.0,9,False,23416,776259584,741,31.600539811066128,0.5364707892039631,0.2658569500674764,0.27221766413808157,2.1777413131046526,5770.161366609686,2649.608257825432,4.058118744391077,8.837532843144826,0.45919136216154643,0.5408086378384536,0.5408086378384537
contiguous_lba,Contiguous LBA,contiguous_lba,time,60.0,10,False,36846,1098494464,870,42.351724137931036,0.7184226238940454,0.2896551724137931,0.2973974302519744,2.3791794420157952,7676.325746211852,3226.459345877657,4.7999526359577604,11.41994863412023,0.4203129794836892,0.5796870205163108,0.5796870205163108
contiguous_lba,Contiguous LBA,contiguous_lba,time,60.0,11,False,29419,727262720,758,38.81134564643799,0.7119208674666032,0.24670184696569922,0.2501694593687927,2.0013556749503416,5369.250797874676,2682.8068918873705,5.479162942368979,10.965753848687767,0.49966131083862064,0.5003386891613794,0.5003386891613794
contiguous_lba,Contiguous LBA,contiguous_lba,time,60.0,12,False,12169,416182272,634,19.194006309148264,0.3429205357876572,0.23501577287066247,0.2537207774243169,2.0297662193945354,4567.758187886638,2250.386347078516,2.664107752523175,5.4075159208986365,0.49266757444524467,0.5073324255547553,0.5073324255547553
contiguous_lba,Contiguous LBA,contiguous_lba,time,60.0,13,False,18947,565995520,789,24.013941698352344,0.5645220879294875,0.21292775665399238,0.19726089855835244,1.5780871884668195,4618.180125814107,2926.441681781138,4.1026983538585915,6.474415710368153,0.6336785491374172,0.36632145086258283,0.36632145086258283
contiguous_lba,Contiguous LBA,contiguous_lba,time,60.0,14,False,13044,411668992,717,18.192468619246863,0.38002146580803436,0.19665271966527198,0.2250235861975947,1.8001886895807575,4818.665583131929,2676.755837330663,2.7069734919271884,4.8730630631622525,0.5554973241348873,0.4445026758651127,0.4445026758651128
contiguous_lba,Contiguous LBA,contiguous_lba,time,60.0,15,False,19076,625319424,745,25.605369127516777,0.44972740616481444,0.20268456375838925,0.2236261193438255,1.789008954750604,4753.510648922802,2657.0636420237834,4.013034030821585,7.179353816858727,0.5589686945638594,0.44103130543614055,0.4410313054361405
contiguous_lba,Contiguous LBA,contiguous_lba,time,60.0,16,False,38032,1286717952,936,40.63247863247863,0.30519036600757254,0.2467948717948718,0.2559007549002984,2.047206039202387,7011.949294383381,3425.131208149088,5.423884058954033,11.103808201424252,0.4884706184188527,0.5115293815811472,0.5115293815811474
contiguous_lba,Contiguous LBA,contiguous_lba,time,60.0,17,False,16695,471530496,711,23.481012658227847,0.38915843066786465,0.19549929676511954,0.17743663612662072,1.4194930890129658,3695.579518356409,2603.450166091406,4.5175594022734,6.412644350732637,0.7044768359494744,0.2955231640505256,0.2955231640505255
contiguous_lba,Contiguous LBA,contiguous_lba,time,60.0,18,False,11783,305499136,496,23.756048387096776,0.5945005516421964,0.2661290322580645,0.22566960511396508,1.8053568409117207,3386.4618191356117,1875.7852976176275,3.4794427426934904,6.2816357580823325,0.553907115390546,0.44609288460945395,0.446092884609454
contiguous_lba,Contiguous LBA,contiguous_lba,time,60.0,19,False,5545,154679808,605,9.165289256198347,0.2939585211902615,0.20826446280991737,0.18421853818330836,1.4737483054664668,3313.6712587157667,2248.464847372247,1.6733705811689352,2.466127058415155,0.6785419167511665,0.3214580832488335,0.3214580832488335
contiguous_lba,Contiguous LBA,contiguous_lba,time,60.0,20,False,15564,349587456,505,30.81980198019802,0.7065664353636597,0.22178217821782178,0.21940336309966615,1.7552269047973292,3324.89069963182,1894.2797028374716,4.6810561326793305,8.216315666945297,0.5697269095333671,0.43027309046663287,0.43027309046663287
contiguous_lba,Contiguous LBA,contiguous_lba,time,60.0,21,False,15694,367356416,565,27.776991150442477,0.6929399770612973,0.2991150442477876,0.2812189641160397,2.2497517129283175,4727.298813133676,2101.2535676572675,3.319866295821612,7.468874885717661,0.444493494216916,0.555506505783084,0.555506505783084
contiguous_lba,Contiguous LBA,contiguous_lba,time,60.0,22,False,14877,468156928,719,20.69123783031989,0.32849364791288566,0.2211404728789986,0.2039251953212675,1.63140156257014,4082.9724402072166,2502.7390765611544,3.6436689734905414,5.944287256840807,0.6129698677158195,0.3870301322841805,0.3870301322841805
contiguous_lba,Contiguous LBA,contiguous_lba,time,60.0,23,False,25311,536254976,432,58.59027777777778,0.5570700485954724,0.2361111111111111,0.2101496896133539,1.6811975169068312,2657.464303252798,1580.697256882797,9.524492942019485,16.012553883919797,0.5948141071727613,0.4051858928272387,0.4051858928272387
contiguous_lba,Contiguous LBA,contiguous_lba,time,60.0,24,False,31743,822208000,741,42.83805668016194,0.38755001102605297,0.27800269905533065,0.26488743765387396,2.1190995012309917,5865.2295142413595,2767.7933531833824,5.412064425258184,11.46870302419461,0.4718985585240792,0.5281014414759209,0.5281014414759209
contiguous_lba,Contiguous LBA,contiguous_lba,time,60.0,25,False,7787,249937408,583,13.356775300171526,0.3744702709644279,0.18867924528301888,0.18205482367922637,1.456438589433811,3158.52365468158,2168.6624328660864,2.465392332413933,3.590692531021882,0.6866063610610241,0.31339363893897587,0.31339363893897587
contiguous_lba,Contiguous LBA,contiguous_lba,time,60.0,26,False,31512,618173440,605,52.08595041322314,0.6385503935008886,0.24297520661157024,0.237966351626461,1.903730813011688,4291.903725472224,2254.4698526376555,7.342196380822321,13.977565485354349,0.5252843485881323,0.47471565141186767,0.4747156514118677
contiguous_lba,Contiguous LBA,contiguous_lba,time,60.0,27,False,11674,239716352,454,25.7136563876652,0.6160698989206784,0.2621145374449339,0.2901151175870448,2.3209209406963582,4147.919695613331,1787.1869837879133,2.814422856919323,6.532052944598528,0.43086344841197594,0.569136551588024,0.5691365515880241
contiguous_lba,Contiguous LBA,contiguous_lba,time,60.0,28,False,7643,350188544,598,12.780936454849499,0.30328405076540627,0.16555183946488294,0.18379326529573228,1.4703461223658583,3353.2657812157518,2280.596201267348,2.2792705674612446,3.3513166406892703,0.6801119714526478,0.3198880285473522,0.3198880285473522
contiguous_lba,Contiguous LBA,contiguous_lba,time,60.0,29,False,69287,2140419584,640,108.2609375,0.3653210558979318,0.2015625,0.20256597304490945,1.6205277843592756,3915.147733025315,2415.9707539808005,17.697161058711956,28.67874119992374,0.6170829094395195,0.3829170905604805,0.3829170905604805
contiguous_lba,Contiguous LBA,contiguous_lba,time,60.0,30,False,22217,658015744,641,34.65990639625585,0.24805329252374309,0.1981279251170047,0.18554685827245115,1.4843748661796092,3609.207974628197,2431.466644215925,6.155644162425604,9.137283479849799,0.6736842712607612,0.32631572873923875,0.32631572873923875
contiguous_lba,Contiguous LBA,contiguous_lba,time,60.0,31,False,46057,990004224,606,76.0016501650165,0.5286709946370801,0.21782178217821782,0.21664689854090477,1.7331751883272382,4011.677810395484,2314.6406880353084,11.480732545533002,19.898120791738812,0.5769757187472451,0.42302428125275493,0.423024281252755
contiguous_lba,Contiguous LBA,contiguous_lba,time,60.0,32,False,46500,1068391936,536,86.75373134328358,0.8296559139784946,0.2667910447761194,0.2274492174623705,1.819593739698964,3340.089226751726,1835.623608654707,13.92178377378911,25.331990600229286,0.5495732251559852,0.45042677484401483,0.4504267748440148
contiguous_lba,Contiguous LBA,contiguous_lba,time,60.0,33,False,4528,109146624,481,9.413721413721413,0.4531802120141343,0.32224532224532226,0.3331425151932196,2.6651401215457566,4729.589708495264,1774.6120251839313,0.9573769140834416,2.551543625165445,0.3752147933670404,0.6247852066329596,0.6247852066329597
contiguous_lba,Contiguous LBA,contiguous_lba,time,60.0,34,False,6272,195976192,475,13.204210526315789,0.6401466836734694,0.4105263157894737,0.38295202165154735,3.063616173212379,5478.606449445883,1788.2809528653347,1.1448166715158674,3.5072788702191744,0.3264116467146869,0.6735883532853131,0.6735883532853131
contiguous_lba,Contiguous LBA,contiguous_lba,time,60.0,35,False,12764,452016128,455,28.052747252747253,0.6922594797869006,0.2857142857142857,0.2576145933106093,2.0609167464848746,3588.2542835456,1741.096184339213,3.557161502887618,7.331013711252396,0.4852209589279201,0.5147790410720798,0.5147790410720798
contiguous_lba,Contiguous LBA,contiguous_lba,time,60.0,36,False,3178,54794240,368,8.63586956521739,0.4657016991818754,0.22010869565217392,0.22018085515652197,1.7614468412521758,2464.415015991604,1399.0856597407746,1.2895555250953832,2.2714835062985537,0.5677151172436864,0.4322848827563136,0.4322848827563136
contiguous_lba,Contiguous LBA,contiguous_lba,time,60.0,37,False,10240,317254656,482,21.244813278008298,0.37578125,0.29045643153526973,0.2668628766235859,2.134903012988687,3928.2410417131823,1840.0091328804538,2.60676467947449,5.565189768362578,0.46840535327180177,0.5315946467281982,0.5315946467281982
contiguous_lba,Contiguous LBA,contiguous_lba,time,60.0,38,False,5991,82896896,396,15.128787878787879,0.39359038557836756,0.20454545454545456,0.23404885884043414,1.872390870723473,2849.130014584806,1521.6534427365214,2.102747143630456,3.9371645551735255,0.5340765198313587,0.46592348016864127,0.4659234801686413
contiguous_lba,Contiguous LBA,contiguous_lba,time,60.0,39,False,24270,318624256,401,60.52369077306733,0.807828594973218,0.3516209476309227,0.33486916075391815,2.678953286031345,4153.153856371557,1550.289763553183,5.843751722023542,15.6551378784663,0.3732801184754587,0.6267198815245413,0.6267198815245413
contiguous_lba,Contiguous LBA,contiguous_lba,time,60.0,40,False,8870,239582720,459,19.324618736383442,0.392108229988726,0.22875816993464052,0.21118446238350755,1.6894756990680604,2981.897312039546,1764.9838430256227,2.974616182853438,5.025541754985477,0.5918996056300867,0.4081003943699133,0.4081003943699133
contiguous_lba,Contiguous LBA,contiguous_lba,time,60.0,41,False,21640,486224896,719,30.097357440890125,0.541543438077634,0.2517385257301808,0.24830156220496225,1.986412497639698,5504.361587660761,2771.0063212958903,3.9314277696637565,7.80943725522785,0.5034201109730347,0.49657988902696526,0.4965798890269652
contiguous_lba,Contiguous LBA,contiguous_lba,time,60.0,42,False,37961,1041811456,693,54.77777777777778,0.28921788150997074,0.215007215007215,0.2294061352920365,1.835249082336292,5061.291011363506,2757.8223904737924,7.500260292239815,13.764845818616449,0.544885165520415,0.455114834479585,0.45511483447958506
contiguous_lba,Contiguous LBA,contiguous_lba,time,60.0,43,False,19360,485670912,688,28.13953488372093,0.36849173553719006,0.2194767441860465,0.23579353999904643,1.8863483199923714,5014.3089946883265,2658.2094841893277,3.8609507352873766,7.2830979330826535,0.5301247862876376,0.4698752137123624,0.46987521371236246
contiguous_lba,Contiguous LBA,contiguous_lba,time,60.0,44,False,29128,770878976,654,44.53822629969419,0.4227547377094205,0.25076452599388377,0.2645850624728146,2.116680499782517,5442.875893624989,2571.4206249758663,5.35158261354377,11.327590561063255,0.47243785734443494,0.527562142655565,0.527562142655565
contiguous_lba,Contiguous LBA,contiguous_lba,time,60.0,45,False,23520,1046495744,734,32.043596730245234,0.3318027210884354,0.25204359673024523,0.25881352896283677,2.070508231702694,6022.53262033939,2908.721891623066,3.9053337661580936,8.086025710376816,0.4829732066206974,0.5170267933793026,0.5170267933793027
contiguous_lba,Contiguous LBA,contiguous_lba,time,60.0,46,False,35615,809182208,759,46.923583662714094,0.6128878281622911,0.20816864295125165,0.20644017631242964,1.6515214104994371,4885.724622717029,2958.3174590752265,7.2896044599816054,12.038937839731808,0.6055022923969177,0.39449770760308234,0.3944977076030824
contiguous_lba,Contiguous LBA,contiguous_lba,time,60.0,47,False,18225,662418432,677,26.92023633677991,0.39001371742112484,0.23042836041358936,0.21650317055557755,1.7320253644446204,4596.033642221442,2653.560240265405,3.965375673619122,6.868131246259992,0.5773587503556297,0.42264124964437033,0.4226412496443704
contiguous_lba,Contiguous LBA,contiguous_lba,time,60.0,48,False,23095,726973440,451,51.208425720620845,0.564148084000866,0.2394678492239468,0.23696020775797683,1.8956816620638146,3386.8622710764257,1786.619736242621,6.8189959176166495,12.926645514713895,0.5275147299316635,0.4724852700683365,0.47248527006833657
contiguous_lba,Contiguous LBA,contiguous_lba,time,60.0,49,False,10201,390664192,474,21.5210970464135,0.4354475051465543,0.22151898734177214,0.24548726194705486,1.963898095576439,3604.6833324672652,1835.4737145407878,2.829929583028813,5.557693318725711,0.5091913894373844,0.4908086105626156,0.4908086105626156
contiguous_lba,Contiguous LBA,contiguous_lba,time,60.0,50,False,28393,994708992,669,42.440956651718984,0.4359173035607368,0.32286995515695066,0.32478398381008566,2.5982718704806853,6692.418375799813,2575.719058437754,4.2425620165455875,11.023329546360213,0.38487119510515194,0.615128804894848,0.615128804894848
contiguous_lba,Contiguous LBA,contiguous_lba,time,60.0,51,False,31503,560774144,657,47.949771689497716,0.41097673237469445,0.2831050228310502,0.2845316095270576,2.2762528762164607,6176.630541846307,2713.5080668686387,5.100353629146026,11.609694618064706,0.4393185003514103,0.5606814996485897,0.5606814996485897
contiguous_lba,Contiguous LBA,contiguous_lba,time,60.0,52,False,31538,976122368,822,38.367396593673966,0.48814128987253474,0.29318734793187345,0.2937562415110504,2.350049932088403,7627.230439641023,3245.5610136176906,4.134921614022238,9.717272258223831,0.425522873512452,0.574477126487548,0.574477126487548
contiguous_lba,Contiguous LBA,contiguous_lba,time,60.0,53,False,33830,719635456,704,48.05397727272727,0.42660360626662724,0.2556818181818182,0.2594184510252479,2.0753476082019833,5780.673648275373,2785.400202563449,5.852259106530424,12.14547193931619,0.4818469908596994,0.5181530091403006,0.5181530091403006
contiguous_lba,Contiguous LBA,contiguous_lba,time,60.0,54,False,12410,303286272,445,27.8876404494382,0.6485092667203868,0.2808988764044944,0.2835646153709912,2.2685169229679296,4050.6460643582936,1785.592174052985,3.063708801713339,6.950075263732507,0.44081663657667897,0.559183363423321,0.559183363423321
contiguous_lba,Contiguous LBA,contiguous_lba,time,60.0,55,False,18724,673357824,491,38.134419551934826,0.8301110873744927,0.49287169042769857,0.49165853577974455,3.9332682862379564,7528.1367946268,1913.964735374616,2.4872024128685117,9.78283437199024,0.2542414926281237,0.7457585073718763,0.7457585073718763
contiguous_lba,Contiguous LBA,contiguous_lba,time,60.0,56,False,14224,319798784,527,26.990512333965846,0.7909870641169854,0.38140417457305503,0.38686825312365275,3.094946024989222,6514.763612940946,2104.968409897757,2.1833485979054412,6.757346064253237,0.32310741186624814,0.6768925881337519,0.6768925881337519
contiguous_lba,Contiguous LBA,contiguous_lba,time,60.0,57,False,15552,438783488,703,22.122332859174964,0.5785751028806584,0.2972972972972973,0.29760649680999635,2.3808519744799708,6587.944742826888,2767.053480620456,2.3606755379867734,5.620419015722377,0.4200177124486798,0.5799822875513202,0.5799822875513201
contiguous_lba,Contiguous LBA,contiguous_lba,time,60.0,58,False,27083,1035197440,657,41.22222222222222,0.6978916663589706,0.228310502283105,0.23670980976984873,1.8936784781587899,4818.605915780932,2544.574473099588,5.620505281683897,10.643429888302602,0.5280727491671622,0.4719272508328378,0.4719272508328378
contiguous_lba,Contiguous LBA,contiguous_lba,time,60.0,59,False,36631,912944640,835,43.86946107784431,0.30545166662116785,0.19760479041916168,0.19708709977994127,1.5766967982395301,5085.6299011348,3225.4964345796793,7.2028442321031285,11.356701438975069,0.6342373505905231,0.3657626494094769,0.36576264940947695
contiguous_lba,Contiguous LBA,contiguous_lba,full_trace,1399055.0,0,False,1399055,36156877824,3787,369.4362292051756,0.28330122832912213,0.18088196461579087,0.1811646589124543,1.4493172712996345,20359.561059833548,14047.69091144321,68.71734591371579,99.59323627061966,0.6899800477112082,0.31001995228879176,0.31001995228879176
