seed,pattern,load_fraction,arrival_rate_req_s,mode,group_size,buffer_slots,requests,returned,latency_mean_s,latency_p99_s,read_completion_span_s,system_span_s,movement_s,traffic_wait_s,delivery_wait_s,output_block_s,cross_zone_fetch_fraction,cross_zone_reader_fraction,max_input_depth,max_docked_shuttles,excluded_ready_work_idle_shuttle_s,idle_reader_with_demand_s,input_slot_occupancy_s,observed_read_throughput_req_s,dispatch_queue_mean_s,fetch_delivery_mean_s,delivery_wait_mean_s,handoff_mean_s,input_wait_mean_s,reader_service_mean_s,trace_sha256,cpu_wall_s
11,uniform,0.65,0.24380262672254768,fixed,1,0,480,480,33.21391266056287,96.64192112758553,2116.050821721126,2130.450821721126,8026.930147796507,0.0,125.5709159185143,0.0,0,0,0,1,5127.041458574344,4224.176094872659,0.0,0.2268376520416385,11.099801923809785,10.852504661922843,0.2616060748302381,1.0,0.0,10.0,c7de4c1768d5999044acd4c62102016bb8483aa7ee6d8adb89eb5d21d8fe4b5c,0.17568791599478573
11,uniform,0.65,0.24380262672254768,fixed,1,1,480,480,33.20500913345021,96.64192112758553,2113.6762250518846,2128.0762250518846,8121.209106708362,0.0,0.0,73.21079072435369,0,0,1,1,5102.321493041591,4655.612709823468,597.7337415911113,0.22709249141893403,11.025928772215575,10.93380173291982,0.0,1.0,0.2452786283148152,10.0,c7de4c1768d5999044acd4c62102016bb8483aa7ee6d8adb89eb5d21d8fe4b5c,0.17666100000496954
11,uniform,0.65,0.24380262672254768,fixed,1,4,480,480,33.20500913345021,96.64192112758553,2113.6762250518846,2128.0762250518846,8121.209106708362,0.0,0.0,73.21079072435369,0,0,1,1,5102.321493041591,4655.612709823468,597.7337415911113,0.22709249141893403,11.025928772215575,10.93380173291982,0.0,1.0,0.2452786283148152,10.0,c7de4c1768d5999044acd4c62102016bb8483aa7ee6d8adb89eb5d21d8fe4b5c,0.17391412501456216
11,uniform,0.65,0.24380262672254768,transport,2,0,480,480,861.8717682013458,1823.7696715125894,3854.463284990537,3869.063284990537,10965.908916361472,15667.464260867528,1150.4393221133068,1510.5463596001398,0.4375,0,0,2,853.1167900946475,22202.588341323088,0.0,0.12453095658457633,815.0286272095819,33.4463924040279,2.396748587736056,1.0,0.0,10.0,c7de4c1768d5999044acd4c62102016bb8483aa7ee6d8adb89eb5d21d8fe4b5c,0.4086684579961002
11,uniform,0.65,0.24380262672254768,transport,2,1,480,480,788.7441106957574,1823.38662717634,3852.767946916946,3865.6925435861876,11093.57328732868,15179.63791965819,39.068826610772135,2902.256663041363,0.47708333333333336,0,1,2,2225.063890376354,19765.066831727432,1397.6825416969805,0.1245857540898887,742.2705554619062,33.48032321654341,0.08139338877244194,0.9999999999999996,1.9118386285353763,9.999999999999998,c7de4c1768d5999044acd4c62102016bb8483aa7ee6d8adb89eb5d21d8fe4b5c,0.39576904199202545
11,uniform,0.65,0.24380262672254768,transport,2,4,480,480,749.3706543389509,1784.9112180718448,3816.507299025841,3829.4318956950824,11129.06057303375,14929.716706715166,0.0,2832.5312297122537,0.4583333333333333,0,3,2,2168.506864426996,19522.795404080465,1731.5931626236593,0.12576944373262944,703.2087191057685,32.55444947771644,0.0,0.9999999999999996,2.6074857554659574,9.999999999999996,c7de4c1768d5999044acd4c62102016bb8483aa7ee6d8adb89eb5d21d8fe4b5c,0.39094266601023264
11,uniform,0.65,0.24380262672254768,transport,4,0,480,480,2759.998261604818,5499.461545887858,7556.964358878957,7561.238955548199,13592.257102129088,41614.74801075002,1542.3688022589815,2042.0833568213643,0.7541666666666667,0,0,4,1361.7779769416186,50294.5692620346,0.0,0.06351756832570346,2681.013065829253,64.77192743752552,3.213268338039545,1.0,0.0,9.999999999999996,c7de4c1768d5999044acd4c62102016bb8483aa7ee6d8adb89eb5d21d8fe4b5c,0.5738399169931654
11,uniform,0.65,0.24380262672254768,transport,4,1,480,480,2652.2950083908017,5258.532173282522,7293.127004371987,7302.92619771047,13744.803701476447,41772.25820206247,464.3736452088899,6535.829074254032,0.79375,0,1,4,122.65741357995034,45394.49093216956,2311.266008126241,0.0658153902588363,2572.7310591171727,63.78136666251403,0.9674450941851873,1.0,3.8151375169296693,9.999999999999996,c7de4c1768d5999044acd4c62102016bb8483aa7ee6d8adb89eb5d21d8fe4b5c,0.576153375004651
11,uniform,0.65,0.24380262672254768,transport,4,4,480,480,2534.7786468446325,5024.648107819195,7088.501436510935,7092.7760331801765,13712.807867153191,40587.45257534455,0.0,7638.642565516117,0.7354166666666667,0,3,4,23.858220241465695,42893.989382876694,3368.3589022472815,0.06771529981325124,2453.8973624357473,63.86387002920363,0.0,0.9999999999999999,6.017414379681836,9.999999999999996,c7de4c1768d5999044acd4c62102016bb8483aa7ee6d8adb89eb5d21d8fe4b5c,0.5694001670053694
11,uniform,0.65,0.24380262672254768,transport,8,0,480,480,4703.232125769732,9251.242104077995,11351.518787324412,11379.992577332137,17244.21944726255,69572.14462025148,1892.786676358028,3000.196642158036,0.8729166666666667,0,0,6,0.0,80818.73705727853,0.0,0.04228509056743917,4589.348720629662,98.94009956432433,3.9433055757458915,0.9999999999999983,0.0,9.999999999999998,c7de4c1768d5999044acd4c62102016bb8483aa7ee6d8adb89eb5d21d8fe4b5c,0.6304445829882752
11,uniform,0.65,0.24380262672254768,transport,8,1,480,480,4972.934831141726,9423.134544051116,11558.837610505461,11567.687610505462,17474.917340058088,72358.48963478864,269.99046585682095,9812.473446456548,0.8625,0,1,5,0.0,75977.59728103316,2442.098668643359,0.041526666968981656,4855.272868338391,102.01177710646023,0.5624801372017103,1.0,4.087705559673664,10.0,c7de4c1768d5999044acd4c62102016bb8483aa7ee6d8adb89eb5d21d8fe4b5c,0.6423875000036787
11,uniform,0.65,0.24380262672254768,transport,8,4,480,480,4818.092774149664,9629.754378668831,11735.32935867012,11744.17935867012,17699.166799531016,73905.01139984373,0.0,10567.60229778636,0.8666666666666667,0,3,5,0.0,76719.58754348615,4688.820762591889,0.04090213281022007,4693.896434767293,104.42796279363903,0.0,0.9999999999999981,8.768376588733103,10.0,c7de4c1768d5999044acd4c62102016bb8483aa7ee6d8adb89eb5d21d8fe4b5c,0.6414874999900348
11,uniform,0.65,0.24380262672254768,joint,2,0,480,480,822.12787971876,1889.404443629443,3940.275554645889,3955.9001513151306,10912.443459087877,14978.8172751079,1031.2813597990119,1368.6767587178265,0.4666666666666667,0.016666666666666666,0,2,2301.81044958566,21851.706480245284,0.0,0.12181889143109369,777.1955817312569,31.783795154588468,2.148502832914608,0.999999999999999,0.0,10.0,c7de4c1768d5999044acd4c62102016bb8483aa7ee6d8adb89eb5d21d8fe4b5c,0.42065758298849687
11,uniform,0.65,0.24380262672254768,joint,2,1,480,480,793.4592770026915,1865.845339057866,3898.0914200118623,3913.716016681104,11176.053487285633,15425.811454490084,56.57801186523818,3103.7689901593076,0.48125,0.004166666666666667,1,2,2229.11415842313,20382.632677668207,1435.19989131898,0.1231371838884526,746.6680303453503,33.683376025707375,0.11787085805257955,0.9999999999999996,1.9899997735812087,9.999999999999996,c7de4c1768d5999044acd4c62102016bb8483aa7ee6d8adb89eb5d21d8fe4b5c,0.42223625001497567
11,uniform,0.65,0.24380262672254768,joint,2,4,480,480,782.520048707046,1791.710724989518,3831.415499281997,3843.0654992819973,11097.9360479046,14942.214457208243,0.0,2929.6304318044367,0.4625,0.00625,2,2,2339.3270644276276,19977.843352599164,1744.082074689452,0.12528006949127585,736.9663277436799,31.920216641096374,0.0,1.0,2.6335043222696917,10.0,c7de4c1768d5999044acd4c62102016bb8483aa7ee6d8adb89eb5d21d8fe4b5c,0.42366091601434164
11,uniform,0.65,0.24380262672254768,joint,4,0,480,480,2760.014721618696,5507.122788749258,7571.489762209716,7575.764358878958,13605.257102129088,41674.37341408079,1513.5188022589812,2062.184163482881,0.7541666666666667,0.0020833333333333333,0,4,1346.8795902646555,51237.57766601378,0.0,0.06339571406353108,2681.0604599820413,64.80109746528184,3.1531641713728775,1.0,0.0,9.999999999999996,c7de4c1768d5999044acd4c62102016bb8483aa7ee6d8adb89eb5d21d8fe4b5c,0.6104039170022588
11,uniform,0.65,0.24380262672254768,joint,4,1,480,480,2652.2950083908017,5258.532173282522,7293.127004371987,7302.92619771047,13744.803701476447,41772.25820206247,464.3736452088899,6535.829074254032,0.79375,0,1,4,122.65741357995034,46311.82746589407,2311.266008126241,0.0658153902588363,2572.7310591171727,63.78136666251403,0.9674450941851873,1.0,3.8151375169296693,9.999999999999996,c7de4c1768d5999044acd4c62102016bb8483aa7ee6d8adb89eb5d21d8fe4b5c,0.6118487500061747
11,uniform,0.65,0.24380262672254768,joint,4,4,480,480,2534.7786468446325,5024.648107819195,7088.501436510935,7092.7760331801765,13712.807867153191,40587.45257534455,0.0,7638.642565516117,0.7354166666666667,0,3,4,23.858220241465695,43591.9110450669,3368.3589022472815,0.06771529981325124,2453.8973624357473,63.86387002920363,0.0,0.9999999999999999,6.017414379681836,9.999999999999996,c7de4c1768d5999044acd4c62102016bb8483aa7ee6d8adb89eb5d21d8fe4b5c,0.6060275420022663
11,uniform,0.65,0.24380262672254768,joint,8,0,480,480,4703.232125769732,9251.242104077995,11351.518787324412,11379.992577332137,17244.21944726255,69572.14462025148,1892.786676358028,3000.196642158036,0.8729166666666667,0,0,6,0.0,82066.37825310617,0.0,0.04228509056743917,4589.348720629662,98.94009956432433,3.9433055757458915,0.9999999999999983,0.0,9.999999999999998,c7de4c1768d5999044acd4c62102016bb8483aa7ee6d8adb89eb5d21d8fe4b5c,0.6703303749964107
11,uniform,0.65,0.24380262672254768,joint,8,1,480,480,4972.934831141726,9423.134544051116,11558.837610505461,11567.687610505462,17474.917340058088,72358.48963478864,269.99046585682095,9812.473446456548,0.8625,0,1,5,0.0,77379.22743758894,2442.098668643359,0.041526666968981656,4855.272868338391,102.01177710646023,0.5624801372017103,1.0,4.087705559673664,10.0,c7de4c1768d5999044acd4c62102016bb8483aa7ee6d8adb89eb5d21d8fe4b5c,0.6821405419905204
11,uniform,0.65,0.24380262672254768,joint,8,4,480,480,4818.092774149664,9629.754378668831,11735.32935867012,11744.17935867012,17699.166799531016,73905.01139984373,0.0,10567.60229778636,0.8666666666666667,0,3,5,0.0,78036.03257157603,4688.820762591889,0.04090213281022007,4693.896434767293,104.42796279363903,0.0,0.9999999999999981,8.768376588733103,10.0,c7de4c1768d5999044acd4c62102016bb8483aa7ee6d8adb89eb5d21d8fe4b5c,0.686463707999792
11,uniform,0.9,0.3375728677696814,fixed,1,0,480,480,51.105369879562645,147.9235158851986,1603.1374027406875,1617.5374027406876,7915.33357458271,0.0,118.1013317274339,0.0,0,0,0,1,2559.7328854096604,4046.4598915807605,0.0,0.29941288823989937,29.07380856872407,10.785516869739759,0.24604444109882062,1.0,0.0,10.0,656fe0e1866438e00b9f711cdd77067f3b0c2154789cae47f5ee5f084b2d23cf,0.19455429198569618
11,uniform,0.9,0.3375728677696814,fixed,1,1,480,480,53.03453622307898,152.04730628197905,1596.1128060714464,1610.5128060714464,8057.096046580154,0.0,0.0,112.49401049908899,0,0,1,1,2497.524904625626,4515.438650631617,618.7236836397224,0.30073062390961974,30.834843546103592,10.910685002725964,0.0,1.0000000000000002,0.2890076742494215,10.0,656fe0e1866438e00b9f711cdd77067f3b0c2154789cae47f5ee5f084b2d23cf,0.20278333299211226
11,uniform,0.9,0.3375728677696814,fixed,1,4,480,480,53.03453622307898,152.04730628197905,1596.1128060714464,1610.5128060714464,8057.096046580154,0.0,0.0,112.49401049908899,0,0,1,1,2497.524904625626,4515.438650631617,618.7236836397224,0.30073062390961974,30.834843546103592,10.910685002725964,0.0,1.0000000000000002,0.2890076742494215,10.0,656fe0e1866438e00b9f711cdd77067f3b0c2154789cae47f5ee5f084b2d23cf,0.20197316698613577
11,uniform,0.9,0.3375728677696814,transport,2,0,480,480,1242.4870071983867,2534.500685114321,4025.3860759892186,4038.31067265846,11014.894831306832,15860.365479049447,1447.2201213164988,1849.0246228364003,0.47708333333333336,0,0,2,1614.604944859038,22499.94685823911,0.0,0.11924322063494056,1195.4750042780067,32.99696100097053,3.0150419194093727,1.0,0.0,10.0,656fe0e1866438e00b9f711cdd77067f3b0c2154789cae47f5ee5f084b2d23cf,0.5268370000121649
11,uniform,0.9,0.3375728677696814,transport,2,1,480,480,1121.8563649739485,2416.054487414068,3905.7593782889653,3918.683974958207,11228.591957063709,16374.292548776168,117.57930066918743,3095.8036954541662,0.47291666666666665,0,1,2,1330.4325850899702,21116.81422803343,1619.0005829693578,0.12289543556323185,1073.5044804098889,34.734009806479534,0.2449568763941405,0.9999999999999989,2.3729178811861633,9.999999999999998,656fe0e1866438e00b9f711cdd77067f3b0c2154789cae47f5ee5f084b2d23cf,0.4976030839898158
11,uniform,0.9,0.3375728677696814,transport,2,4,480,480,1012.3277276458527,2203.692958121631,3697.3229456657696,3708.9729456657697,11171.847140084788,14125.82061925163,0.0,2546.2663153150816,0.42916666666666664,0,4,2,2091.114994592359,19297.544416342836,2083.864965610223,0.12982366080914995,966.7278479315341,31.258494369297335,0.0,0.9999999999999979,3.3413853450213002,9.999999999999998,656fe0e1866438e00b9f711cdd77067f3b0c2154789cae47f5ee5f084b2d23cf,0.5044525000266731
11,uniform,0.9,0.3375728677696814,transport,4,0,480,480,2779.611633694426,5632.333743675426,7139.0848125468165,7143.359409216058,13311.880102868703,39733.70879291788,1287.1630355494715,2191.5590685932452,0.7416666666666667,0,0,4,505.37429023916957,47949.783073365135,0.0,0.06723550883670809,2703.5699049449495,62.36013909208184,2.681589657394732,1.0000000000000002,0.0,9.999999999999998,656fe0e1866438e00b9f711cdd77067f3b0c2154789cae47f5ee5f084b2d23cf,0.6082327910116874
11,uniform,0.9,0.3375728677696814,transport,4,1,480,480,2869.285791197591,5774.0439200550645,7290.130392257212,7294.404988926454,13801.048468532359,41525.97351807767,344.07940626396095,7363.362694790282,0.75,0,1,4,355.84027304592473,44553.88094886892,2485.988668234364,0.06584244371126806,2789.401784127039,63.988031915347754,0.716832096383252,0.999999999999999,4.179143058821593,10.0,656fe0e1866438e00b9f711cdd77067f3b0c2154789cae47f5ee5f084b2d23cf,0.6195395000104327
11,uniform,0.9,0.3375728677696814,transport,4,4,480,480,2820.1730670117367,5722.819148599838,7235.931983539388,7240.20658020863,13806.865372580356,41403.665233589236,0.0,7469.214266544009,0.7479166666666667,0,3,4,367.8475800154565,43843.55574358723,4065.759000355705,0.06633561524513011,2737.0231086272597,64.67962713373619,0.0,1.0,7.470331250741053,10.0,656fe0e1866438e00b9f711cdd77067f3b0c2154789cae47f5ee5f084b2d23cf,0.6288653749797959
11,uniform,0.9,0.3375728677696814,transport,8,0,480,480,4835.407384507378,9324.72284190601,10880.927604877672,10889.777604877672,16715.032929327335,65911.03176760224,2152.6784599617235,2653.1450954089833,0.8625,0,0,6,0.0,77537.30061102558,0.0,0.04411388600589778,4724.348611428987,95.57402628680437,4.484746791586924,1.0,0.0,10.0,656fe0e1866438e00b9f711cdd77067f3b0c2154789cae47f5ee5f084b2d23cf,0.652320499997586
11,uniform,0.9,0.3375728677696814,transport,8,1,480,480,5032.569168549647,9799.598471379511,11330.683276873408,11334.95787354265,17355.920336034716,70664.95431290555,361.3148843798065,8997.604601060051,0.8395833333333333,0,1,5,0.0,75393.82045907182,2643.734685759024,0.04236284681787093,4917.668516761944,98.64013184991254,0.7527393424579302,0.9999999999999981,4.507780595331302,9.999999999999991,656fe0e1866438e00b9f711cdd77067f3b0c2154789cae47f5ee5f084b2d23cf,0.670120875001885
11,uniform,0.9,0.3375728677696814,transport,8,4,480,480,5166.477061965012,10344.716400005034,11889.973204511216,11898.823204511216,17807.63604993455,75094.3448873713,0.0,11145.002336832382,0.8645833333333334,0,3,5,0.0,77514.15459595091,4406.979801154403,0.040370149851799625,5044.506766423641,102.78908762229854,0.0,0.9999999999999996,8.181207919071673,10.0,656fe0e1866438e00b9f711cdd77067f3b0c2154789cae47f5ee5f084b2d23cf,0.66543987498153
11,uniform,0.9,0.3375728677696814,joint,2,0,480,480,1241.240327734185,2471.6555728165663,3987.6918019180894,4000.616398587331,10993.773934467277,15851.743417735226,1438.4234533473416,1812.3661034631214,0.46875,0.010416666666666666,0,2,1400.0403784129403,22709.184684674197,0.0,0.12037038563740529,1194.3645258876538,32.87908631872427,2.9967155278069617,1.0,0.0,10.0,656fe0e1866438e00b9f711cdd77067f3b0c2154789cae47f5ee5f084b2d23cf,0.5539325829886366
11,uniform,0.9,0.3375728677696814,joint,2,1,480,480,1057.1926020825451,2282.085625678866,3766.0210165537633,3781.645613223005,11177.102056741336,14743.090621037492,228.75946500470627,3016.884776466305,0.45,0.00625,1,2,1771.6627582646413,19989.727519347198,1691.6380577868556,0.12745547565723406,1011.1492171623097,32.042556747752975,0.4765822187598047,0.9999999999999989,2.524245953722617,10.0,656fe0e1866438e00b9f711cdd77067f3b0c2154789cae47f5ee5f084b2d23cf,0.5283757500001229
11,uniform,0.9,0.3375728677696814,joint,2,4,480,480,1064.800585518927,2266.026176633641,3766.316388981924,3784.0163889819237,11224.287564170494,14889.78763395428,0.0,2839.9039802688358,0.47708333333333336,0.00625,3,2,1830.3559089947587,20146.406774217055,1799.6361663426183,0.12744547999318484,1019.7573726334325,31.293970872280585,0.0,0.9999999999999998,2.7492420132137885,10.0,656fe0e1866438e00b9f711cdd77067f3b0c2154789cae47f5ee5f084b2d23cf,0.5225540829997044
11,uniform,0.9,0.3375728677696814,joint,4,0,480,480,2779.741471562519,5642.046856326102,7149.659409216057,7153.934005885299,13317.554699537945,39794.458792917874,1271.7876322187128,2174.734471924003,0.74375,0.0020833333333333333,0,4,465.27267691613633,48629.52373033131,0.0,0.06713606516434478,2703.6175057505266,62.47440824487033,2.649557567122318,1.0000000000000002,0.0,9.999999999999998,656fe0e1866438e00b9f711cdd77067f3b0c2154789cae47f5ee5f084b2d23cf,0.6405739169858862
11,uniform,0.9,0.3375728677696814,joint,4,1,480,480,2904.4853098147864,5935.762943772872,7444.402496662827,7448.677093332069,13962.628909478068,42252.944255993614,384.89825590912943,7701.381905446123,0.7541666666666667,0.004166666666666667,1,4,677.8970797840147,45709.63364173535,2739.994864816038,0.06447797525928699,2825.2700331993547,62.70508261392123,0.801871366477353,0.9999999999999962,4.708322635033416,10.000000000000002,656fe0e1866438e00b9f711cdd77067f3b0c2154789cae47f5ee5f084b2d23cf,0.6532340410049073
11,uniform,0.9,0.3375728677696814,joint,4,4,480,480,2819.999889088131,5716.587483299298,7233.206580208631,7237.481176877873,13806.865372580356,41393.21442692772,0.0,7483.264266544011,0.7458333333333333,0.0020833333333333333,3,4,327.8475800154565,44516.47291697592,4008.084403686462,0.06636060987299428,2736.9853473703206,64.66436587679712,0.0,1.0,7.3501758410134626,10.0,656fe0e1866438e00b9f711cdd77067f3b0c2154789cae47f5ee5f084b2d23cf,0.6567003339878283
11,uniform,0.9,0.3375728677696814,joint,8,0,480,480,4783.014653677285,9448.392633590893,11018.770896562555,11027.620896562556,16806.011013243646,67108.54341788664,1997.0104625708352,2632.117442005222,0.85,0.0020833333333333333,0,6,0.0,79759.04973049626,0.0,0.043562027426284185,4672.97671091068,94.87750430291626,4.16043846368924,1.0,0.0,9.999999999999998,656fe0e1866438e00b9f711cdd77067f3b0c2154789cae47f5ee5f084b2d23cf,0.694744709006045
11,uniform,0.9,0.3375728677696814,joint,8,1,480,480,5032.569168549647,9799.598471379511,11330.683276873408,11334.95787354265,17355.920336034716,70664.95431290555,361.3148843798065,8997.604601060051,0.8395833333333333,0,1,5,0.0,76368.86161392905,2643.734685759024,0.04236284681787093,4917.668516761944,98.64013184991254,0.7527393424579302,0.9999999999999981,4.507780595331302,9.999999999999991,656fe0e1866438e00b9f711cdd77067f3b0c2154789cae47f5ee5f084b2d23cf,0.7113079589908011
11,uniform,0.9,0.3375728677696814,joint,8,4,480,480,5166.477061965012,10344.716400005034,11889.973204511216,11898.823204511216,17807.63604993455,75094.3448873713,0.0,11145.002336832382,0.8645833333333334,0,3,5,0.0,78695.78329925863,4406.979801154403,0.040370149851799625,5044.506766423641,102.78908762229854,0.0,0.9999999999999996,8.181207919071673,10.0,656fe0e1866438e00b9f711cdd77067f3b0c2154789cae47f5ee5f084b2d23cf,0.7058855420036707
11,hotspot,0.65,0.24380262672254768,fixed,1,0,480,480,77.72223584420317,408.433133188005,2163.868729441212,2175.1687294412122,7812.042265479934,0.0,113.14316456006146,0.0,0,0,0,1,6634.0757111079565,4112.206821769988,0.0,0.22182491639590035,55.77358639568653,10.71293452234985,0.2357149261667947,1.0000000000000002,0.0,10.0,f8286d03ef0ba52222bdebc3adac81eeb950cdb6373cd476d5c36608d33ea236,0.22291941699222662
11,hotspot,0.65,0.24380262672254768,fixed,1,1,480,480,82.69558799349537,452.6918637645064,2220.966308753811,2232.2663087538112,7990.310342383557,0.0,0.0,120.2759758651891,0,0,1,1,7013.756580387797,4581.2823262558295,601.4023009038542,0.21612214382006048,60.57285726528145,10.86980926799755,0.0,1.0000000000000002,0.2529214602163627,10.0,f8286d03ef0ba52222bdebc3adac81eeb950cdb6373cd476d5c36608d33ea236,0.22933441700297408
11,hotspot,0.65,0.24380262672254768,fixed,1,4,480,480,82.69558799349537,452.6918637645064,2220.966308753811,2232.2663087538112,7990.310342383557,0.0,0.0,120.2759758651891,0,0,1,1,7013.756580387797,4581.2823262558295,601.4023009038542,0.21612214382006048,60.57285726528145,10.86980926799755,0.0,1.0000000000000002,0.2529214602163627,10.0,f8286d03ef0ba52222bdebc3adac81eeb950cdb6373cd476d5c36608d33ea236,0.22867370801395737
11,hotspot,0.65,0.24380262672254768,transport,2,0,480,480,723.9435378889315,1559.3128427964157,3590.4116190628697,3603.336215732111,10705.185709553598,11602.995614458745,957.5830730226646,1117.5501391298287,0.4708333333333333,0,0,2,3101.226661881284,18075.201331020766,0.0,0.133689406933594,683.0634754382712,27.885097715196366,1.9949647354638844,1.0,0.0,9.999999999999998,f8286d03ef0ba52222bdebc3adac81eeb950cdb6373cd476d5c36608d33ea236,0.423680499981856
11,hotspot,0.65,0.24380262672254768,transport,2,1,480,480,726.4728715696285,1749.5529036665089,3781.148984620505,3794.0735812897465,11028.67137300532,12685.774390483812,16.64713842927074,2348.406763575389,0.4875,0,1,2,4213.324727014833,17742.28418549411,1377.1880594570887,0.12694554008645476,684.1332880991852,29.435760141513384,0.034681538394314045,0.9999999999999991,1.8691417905356023,9.999999999999996,f8286d03ef0ba52222bdebc3adac81eeb950cdb6373cd476d5c36608d33ea236,0.4176335000083782
11,hotspot,0.65,0.24380262672254768,transport,2,4,480,480,655.9393433513893,1576.1034516535274,3600.5434358378243,3613.468032507066,10908.13916714972,11463.894714196145,0.0,1998.9105031510478,0.47291666666666665,0,3,2,4156.439357325909,16687.120140469604,1973.372735846339,0.13331320911791944,614.2855765088277,27.542573642881766,0.0,1.0,3.1111931996798727,10.0,f8286d03ef0ba52222bdebc3adac81eeb950cdb6373cd476d5c36608d33ea236,0.4049029170128051
11,hotspot,0.65,0.24380262672254768,transport,4,0,480,480,2576.787193498187,4905.87307309324,6981.573554422987,6985.848151092229,13199.884007527593,38816.11594743202,1483.318087892391,1469.8580588081918,0.7416666666666667,0,0,4,0.45822024146605855,47685.55052645034,0.0,0.0687524089316382,2500.287320553932,62.409626927812624,3.090246016442481,1.0,0.0,9.999999999999998,f8286d03ef0ba52222bdebc3adac81eeb950cdb6373cd476d5c36608d33ea236,0.5747616669978015
11,hotspot,0.65,0.24380262672254768,transport,4,1,480,480,2470.547483633074,4954.437318772113,7000.5354694128,7011.360066082042,13459.942794669558,38943.802441881075,581.6882758235272,6279.440916787412,0.7479166666666667,0,1,4,612.7049935954103,42831.7157148053,2393.4247733176435,0.06856618355799318,2393.8265570924123,60.522774354950975,1.2118505746323482,1.0,3.9863016110784244,10.0,f8286d03ef0ba52222bdebc3adac81eeb950cdb6373cd476d5c36608d33ea236,0.5795637080154847
11,hotspot,0.65,0.24380262672254768,transport,4,4,480,480,2424.844727020659,4848.489137899392,6926.776039320808,6931.05063599005,13525.86202788796,38825.79443406724,81.62297970620375,7726.727317296164,0.8,0,4,4,598.2582202414744,40913.28608180962,9341.116297062621,0.06929630715288226,2333.1918907907334,62.0221294033238,0.17004787438792449,0.9999999999999999,18.46065895221384,10.0,f8286d03ef0ba52222bdebc3adac81eeb950cdb6373cd476d5c36608d33ea236,0.5711954160069581
11,hotspot,0.65,0.24380262672254768,transport,8,0,480,480,4478.4354145601055,8808.751603000137,10956.458994416407,10965.308994416408,16627.01662735828,66224.65605591919,2419.7521373151076,2873.7804060113635,0.8458333333333333,0,0,6,0.0,77341.37787037935,0.0,0.04380977469496449,4366.630376572774,95.76388770125749,5.041150286073141,1.0000000000000002,0.0,9.999999999999998,f8286d03ef0ba52222bdebc3adac81eeb950cdb6373cd476d5c36608d33ea236,0.6326649579859804
11,hotspot,0.65,0.24380262672254768,transport,8,1,480,480,4739.964022331746,9180.225366698185,11286.981278068175,11306.731278068175,17146.4742483506,70546.03368321262,337.28723631900425,9373.936616442259,0.8604166666666667,0,1,6,0.0,74094.70854844924,2695.6265862194314,0.04252687128423717,4624.439778781371,99.20567308675311,0.7026817423312589,1.0,4.6158887212904816,10.0,f8286d03ef0ba52222bdebc3adac81eeb950cdb6373cd476d5c36608d33ea236,0.6479545420152135
11,hotspot,0.65,0.24380262672254768,transport,8,4,480,480,4434.317228062999,8784.984644497436,10864.13936294656,10905.363959615801,16897.8393317312,67612.90215975848,293.96674209658977,10963.949513861588,0.8708333333333333,0,4,5,0.0,69535.21955496138,12204.358656358225,0.0441820547366225,4306.00436919368,92.27468095587135,0.6124307127012287,0.9999999999999981,24.425747200746322,9.999999999999996,f8286d03ef0ba52222bdebc3adac81eeb950cdb6373cd476d5c36608d33ea236,0.6401380409952253
11,hotspot,0.65,0.24380262672254768,joint,2,0,480,480,735.9262136358739,1629.4849951398392,3680.356106156285,3695.980702825527,10762.913450611479,12029.893529255382,867.471650365401,970.8818340062501,0.5145833333333333,0.01875,0,2,3484.718325431353,19076.48794119449,0.0,0.13042216191989792,694.7138357675077,28.405145263438154,1.8072326049279188,1.0000000000000002,0.0,9.999999999999998,f8286d03ef0ba52222bdebc3adac81eeb950cdb6373cd476d5c36608d33ea236,0.44324658301775344
11,hotspot,0.65,0.24380262672254768,joint,2,1,480,480,754.4640297828043,1735.4388220937142,3788.56143311016,3804.186029779402,11063.889409753108,13128.411714171425,58.36190414405917,2155.5063503166525,0.5041666666666667,0.022916666666666665,1,2,3760.654188781875,18788.45374705042,1394.4204216432674,0.12669716684677104,711.8796982289925,29.557701708421526,0.12158730030012327,0.9999999999999991,1.9050425450901414,9.999999999999998,f8286d03ef0ba52222bdebc3adac81eeb950cdb6373cd476d5c36608d33ea236,0.4401809580158442
11,hotspot,0.65,0.24380262672254768,joint,2,4,480,480,717.5258872831638,1824.3517872448629,3858.066368098401,3869.7163680984013,10990.506091024134,13235.850618148526,0.0,2453.4285635566507,0.4666666666666667,0.027083333333333334,2,2,4366.327810899033,18667.335246479357,1525.953449460223,0.12441465599685543,674.7621135348454,29.584704061942972,0.0,0.9999999999999991,2.179069686375466,10.0,f8286d03ef0ba52222bdebc3adac81eeb950cdb6373cd476d5c36608d33ea236,0.4299765419855248
11,hotspot,0.65,0.24380262672254768,joint,4,0,480,480,2610.6164684318774,5078.378269689114,7132.123967997561,7139.07396799756,13251.5187201924,40134.68366658517,1489.6157380249495,1702.1954542766912,0.7270833333333333,0.004166666666666667,0,4,0.30822024146642235,49572.233568229974,0.0,0.0673011296710209,2532.5722207237964,63.94088158719551,3.1033661208853114,1.0,0.0,9.999999999999996,f8286d03ef0ba52222bdebc3adac81eeb950cdb6373cd476d5c36608d33ea236,0.6062419159861747
11,hotspot,0.65,0.24380262672254768,joint,4,1,480,480,2558.6210772796276,4981.842646391044,7073.684189753021,7080.984189753021,13597.744032563334,40077.786134692185,494.47012449421186,6517.257792563509,0.7770833333333333,0.020833333333333332,1,4,122.65741357995125,44625.059457278796,2599.8925007419084,0.06785714305641899,2480.252035043988,61.92245343306399,1.0301460926962747,0.999999999999999,4.416442709878976,10.0,f8286d03ef0ba52222bdebc3adac81eeb950cdb6373cd476d5c36608d33ea236,0.6125354160030838
11,hotspot,0.65,0.24380262672254768,joint,4,4,480,480,2475.7610289750587,5045.055255413665,7100.426269467481,7110.225462805964,13676.190435373042,40534.63923413871,0.0,8499.018936391396,0.7666666666666667,0.029166666666666667,4,4,351.657413579954,42563.03172452114,7791.740795632046,0.06760157514261451,2386.867930435862,62.660305214963536,0.0,0.9999999999999999,15.23279332423343,10.0,f8286d03ef0ba52222bdebc3adac81eeb950cdb6373cd476d5c36608d33ea236,0.6052696669939905
11,hotspot,0.65,0.24380262672254768,joint,8,0,480,480,4468.003287572989,8746.273111084374,10866.795736205244,10875.645736205244,16595.701051969274,65650.42139861874,2367.370900984485,2871.224186964569,0.8416666666666667,0.0020833333333333333,0,6,0.0,78304.14170267829,0.0,0.044171254494162336,4358.08974717298,93.98151768962403,4.932022710384344,0.9999999999999964,0.0,9.999999999999996,f8286d03ef0ba52222bdebc3adac81eeb950cdb6373cd476d5c36608d33ea236,0.669201708980836
11,hotspot,0.65,0.24380262672254768,joint,8,1,480,480,4764.3026831208535,9300.026221538219,11370.247221024154,11395.946414362637,17226.683001604037,70914.49036039833,692.5723328739084,9745.96893107947,0.8583333333333333,0.014583333333333334,1,6,0.0,75937.00883711391,3218.7914807603183,0.04221544093715535,4647.234958334572,98.91905017454292,1.4428590268206425,1.0,5.705815584917329,10.0,f8286d03ef0ba52222bdebc3adac81eeb950cdb6373cd476d5c36608d33ea236,0.6861290000088047
11,hotspot,0.65,0.24380262672254768,joint,8,4,480,480,4420.372324905238,8663.30471774414,10742.695321367835,10755.619918037077,16750.2972586347,66782.514640196,4.682050807568885,11090.07691391897,0.86875,0.010416666666666666,4,6,0.0,69572.4856570249,9836.966605696312,0.04468152410924776,4295.286040913881,94.58284929030697,0.00975427251576851,1.0,19.49368042853399,10.0,f8286d03ef0ba52222bdebc3adac81eeb950cdb6373cd476d5c36608d33ea236,0.687721333000809
11,hotspot,0.9,0.3375728677696814,fixed,1,0,480,480,127.28168887819157,653.3671702540574,1988.0652014017464,1999.3652014017464,7795.290986725902,0.0,104.67541355623082,0.0,0,0,0,1,5809.830576413129,3992.6865265918186,0.0,0.24144077350257992,105.37693040202508,10.68668469792434,0.21807377824214755,1.0,0.0,10.0,b84f6abd71f780e697394a123680e0d2c8962e19e208a2a6826e882826523618,0.26763595899683423
11,hotspot,0.9,0.3375728677696814,fixed,1,1,480,480,134.9089020951454,704.1498812159012,2054.793363267065,2066.0933632670653,8026.946905492022,0.0,0.0,154.5816918806819,0,0,1,1,6239.5283610214665,4506.446414318344,605.1427830235433,0.2336001315659367,112.7205040482053,10.927683915641065,0.0,1.0000000000000002,0.2607141312990484,10.0,b84f6abd71f780e697394a123680e0d2c8962e19e208a2a6826e882826523618,0.2804716670070775
11,hotspot,0.9,0.3375728677696814,fixed,1,4,480,480,134.9089020951454,704.1498812159012,2054.793363267065,2066.0933632670653,8026.946905492022,0.0,0.0,154.5816918806819,0,0,1,1,6239.5283610214665,4506.446414318344,605.1427830235433,0.2336001315659367,112.7205040482053,10.927683915641065,0.0,1.0000000000000002,0.2607141312990484,10.0,b84f6abd71f780e697394a123680e0d2c8962e19e208a2a6826e882826523618,0.28273104201070964
11,hotspot,0.9,0.3375728677696814,transport,2,0,480,480,1060.3118606853961,2281.3359512350626,3772.22134210996,3785.1459387792015,10925.649583005868,12555.914588992104,1030.6169375521506,1069.7270227163729,0.5083333333333333,0,0,2,3399.5863959476223,19414.193829343134,0.0,0.12724597961463102,1018.1992850429542,28.96545702254168,2.147118619900314,1.0,0.0,9.999999999999998,b84f6abd71f780e697394a123680e0d2c8962e19e208a2a6826e882826523618,0.5358648749825079
11,hotspot,0.9,0.3375728677696814,transport,2,1,480,480,954.9113497541052,2086.686779781808,3580.316767325947,3591.966767325947,11044.667696964707,12565.145031700005,28.54775678308488,2174.585083881774,0.46875,0,1,2,2814.372841762401,17910.266760564347,1369.7195623867083,0.1340663497656104,912.4859795709023,29.512313268265906,0.0594744932980935,0.9999999999999979,1.8535824216389776,10.0,b84f6abd71f780e697394a123680e0d2c8962e19e208a2a6826e882826523618,0.511915749986656
11,hotspot,0.9,0.3375728677696814,transport,2,4,480,480,942.3144035868424,2069.303344008698,3552.588734883595,3565.5133315528365,10935.551307625712,12429.505564584651,0.0,2004.0994916430082,0.49375,0,3,2,2840.499775476467,17887.638207769265,1422.1591697637662,0.13511274054516412,900.2766970022417,29.07487498092632,0.0,0.9999999999999983,1.9628316036745144,10.0,b84f6abd71f780e697394a123680e0d2c8962e19e208a2a6826e882826523618,0.5090777919976972
11,hotspot,0.9,0.3375728677696814,transport,4,0,480,480,2625.959879037895,5318.938534369457,6791.642043346402,6800.566640015643,13029.229615640003,37703.64698440955,1255.4352912376637,1669.6637294165234,0.7583333333333333,0,0,4,200.64596669241928,45970.025614514,0.0,0.07067510285973386,2552.0143165460136,60.33007230180301,2.615490190078466,1.0000000000000002,0.0,10.0,b84f6abd71f780e697394a123680e0d2c8962e19e208a2a6826e882826523618,0.6065921670233365
11,hotspot,0.9,0.3375728677696814,transport,4,1,480,480,2620.963500664367,5322.907972870235,6832.291376441085,6836.565973110327,13435.909221302541,37189.147507576985,521.2728105113496,6280.410750054543,0.7270833333333333,0,1,4,1205.4991933384918,41059.05899995913,2511.283324196086,0.07025461496784556,2544.4722832317625,60.17339215196424,1.0859850218986449,1.0,4.231840258741847,9.999999999999998,b84f6abd71f780e697394a123680e0d2c8962e19e208a2a6826e882826523618,0.6208090829895809
11,hotspot,0.9,0.3375728677696814,transport,4,4,480,480,2739.4673133925653,5383.908545264772,6890.339586098219,6894.614182767461,13466.003758045359,38043.11673004799,287.333083666475,7608.257865442625,0.7375,0,4,4,1032.611644888142,40473.12004494281,9843.412711732435,0.06966274941926466,2647.904833313911,60.45675967157372,0.5986105909718229,1.0,19.50710981610928,10.000000000000002,b84f6abd71f780e697394a123680e0d2c8962e19e208a2a6826e882826523618,0.6261945830192417
11,hotspot,0.9,0.3375728677696814,transport,8,0,480,480,4599.615926411055,9081.818889145337,10652.197152117,10661.047152117,16421.29893364388,64419.66644282182,2138.0095616709737,2933.0418640449548,0.85,0,0,6,0.0,75176.88723695792,0.0,0.04506112618321241,4492.841048750809,91.32069107343166,4.4541865868145285,1.0,0.0,9.999999999999998,b84f6abd71f780e697394a123680e0d2c8962e19e208a2a6826e882826523618,0.6537289999832865
11,hotspot,0.9,0.3375728677696814,transport,8,1,480,480,4574.124161525255,8739.064416365345,10270.149221859241,10274.423818528483,16405.79345631579,62635.21035430833,856.9132825826257,8256.889728669827,0.8645833333333334,0,1,6,0.0,67650.26289134826,3094.2009004584884,0.04673739296585448,4468.341301190527,87.55137245339209,1.7852360053804701,1.0,5.446251875955184,9.999999999999996,b84f6abd71f780e697394a123680e0d2c8962e19e208a2a6826e882826523618,0.6643272920046002
11,hotspot,0.9,0.3375728677696814,transport,8,4,480,480,4821.114999130741,9397.488415172302,10911.970588027107,10920.820588027107,16923.00685362119,68099.67824871247,9.649999999998727,10836.672406928956,0.84375,0,4,6,0.0,69931.06570753607,6750.138206832109,0.04398838836008853,4702.92373990928,94.10836712389455,0.020104166666664015,0.9999999999999977,13.06278793090023,9.999999999999998,b84f6abd71f780e697394a123680e0d2c8962e19e208a2a6826e882826523618,0.6683151669858489
11,hotspot,0.9,0.3375728677696814,joint,2,0,480,480,1065.8603853655911,2184.2570556781548,3689.6070432222937,3705.2316398915355,10820.01497082088,12715.553857398212,985.7123070480696,1009.9498449494627,0.4875,0.01875,0,2,2788.021979129256,19749.38915935053,0.0,0.13009515495200139,1023.9746968233613,28.83212123587954,2.053567306350145,1.0000000000000004,0.0,9.999999999999998,b84f6abd71f780e697394a123680e0d2c8962e19e208a2a6826e882826523618,0.5626564590202179
11,hotspot,0.9,0.3375728677696814,joint,2,1,480,480,1007.3327761233129,2225.5129645793004,3709.7483554541973,3722.672952123439,11038.389509920818,13392.537048661012,16.762451549659545,2051.1197206297893,0.45625,0.01875,1,2,3026.844602120159,19261.15895713374,1230.7094317368858,0.12938883018690145,963.8822154430321,30.851660923433798,0.03492177406179072,0.9999999999999998,1.5639779827851787,10.0,b84f6abd71f780e697394a123680e0d2c8962e19e208a2a6826e882826523618,0.5345375420001801
11,hotspot,0.9,0.3375728677696814,joint,2,4,480,480,968.865473253765,2101.112082236014,3590.4404523434173,3603.365049012659,11037.217477010756,12429.640956317557,0.0,2093.5313999562645,0.45625,0.035416666666666666,2,2,3066.21848850187,18159.182652863346,1279.8444092052428,0.13368833333155894,928.3114163998755,27.887714334711934,0.0,0.9999999999999998,1.6663425191775891,9.999999999999998,b84f6abd71f780e697394a123680e0d2c8962e19e208a2a6826e882826523618,0.5382130409998354
11,hotspot,0.9,0.3375728677696814,joint,4,0,480,480,2625.456397666646,5308.946087357129,6816.042543577841,6820.3171402470825,13059.362513260852,37531.87318155852,1250.228584996324,1934.8328696087387,0.7604166666666666,0.004166666666666667,0,4,397.59919333848393,46273.78879421797,0.0,0.07042209565611675,2552.6181936054018,59.23356117583478,2.604642885409008,0.9999999999999983,0.0,9.999999999999998,b84f6abd71f780e697394a123680e0d2c8962e19e208a2a6826e882826523618,0.6368222080054693
11,hotspot,0.9,0.3375728677696814,joint,4,1,480,480,2708.6530461291864,5514.675775496767,7042.217020413304,7046.491617082546,13588.745843935445,39478.696313282686,748.6671306197603,7905.900555489944,0.7625,0.00625,1,4,180.90000000000418,42750.01530969685,2796.803709942975,0.06816035328201644,2631.444921168814,59.82172737586674,1.5597231887911671,0.9999999999999981,4.826674395714532,9.999999999999998,b84f6abd71f780e697394a123680e0d2c8962e19e208a2a6826e882826523618,0.6457084589928854
11,hotspot,0.9,0.3375728677696814,joint,4,4,480,480,2873.583011171195,5806.374738744212,7317.943882893131,7322.2184795623725,13727.717409904182,40333.73049045258,72.05000000000018,8176.484686295008,0.7375,0.025,4,4,2090.4033039735223,42803.9456949734,7754.960567137692,0.06559219470404482,2785.5519635375717,61.724775618752766,0.15010416666666704,0.999999999999999,15.156167848203527,10.0,b84f6abd71f780e697394a123680e0d2c8962e19e208a2a6826e882826523618,0.6545703340088949
11,hotspot,0.9,0.3375728677696814,joint,8,0,480,480,4570.708531371812,9018.05018082633,10571.23942425392,10580.08942425392,16393.538799403697,64143.42640481857,1748.3100561293465,2941.667578078713,0.8458333333333333,0.0020833333333333333,0,6,0.0,75869.24781595466,0.0,0.04540621782709048,4465.679796574423,90.3864221804524,3.6423126169361386,1.0,0.0,10.0,b84f6abd71f780e697394a123680e0d2c8962e19e208a2a6826e882826523618,0.696849125000881
11,hotspot,0.9,0.3375728677696814,joint,8,1,480,480,4660.173285180262,9238.475493621885,10777.920183302636,10792.344779971878,16796.22663114451,66295.18148778297,897.3486487097364,9643.303091934637,0.8541666666666666,0.008333333333333333,1,6,0.0,71301.80837448794,3394.17068713853,0.04453549403192142,4550.58959055056,90.64302934668382,1.8694763514786175,1.0,6.071188931538604,9.999999999999998,b84f6abd71f780e697394a123680e0d2c8962e19e208a2a6826e882826523618,0.7379798330075573
11,hotspot,0.9,0.3375728677696814,joint,8,4,480,480,4851.309861209897,9476.976286285695,10995.702638834679,11012.102638834678,16944.600908918095,68900.59171296774,9.649999999998727,11133.273827208477,0.8541666666666666,0.004166666666666667,4,6,0.0,71553.34728347007,6500.832363371535,0.043653417681989104,4732.954623093466,94.79173319274017,0.020104166666664015,0.9999999999999977,12.543400757024035,9.999999999999998,b84f6abd71f780e697394a123680e0d2c8962e19e208a2a6826e882826523618,0.7418467499956023
23,uniform,0.65,0.24380262672254768,fixed,1,0,480,480,36.857707061961484,147.8653566443612,2090.821963152945,2106.1219631529448,7903.882832090493,0.0,145.11240191470108,0.0,0,0,0,1,5523.632813814966,4135.451003761267,0.0,0.2295747837258048,14.879952991225373,10.675436566747148,0.30231750398896057,1.0,0.0,10.0,4e414fdee7101ddec881eb47f95c0cc2822da91b6cce7a93fb32560cd4b812c9,0.2148472090193536
23,uniform,0.65,0.24380262672254768,fixed,1,1,480,480,37.16286264697076,145.81911358182984,2089.821963152945,2105.1219631529448,8034.407236017968,0.0,0.0,83.98439571428642,0,0,1,1,5570.830561432947,4530.6551970236815,656.4626210681727,0.2296846374778342,15.035562066149431,10.759670120262633,0.0,1.0,0.3676304605586929,10.0,4e414fdee7101ddec881eb47f95c0cc2822da91b6cce7a93fb32560cd4b812c9,0.187844917003531
23,uniform,0.65,0.24380262672254768,fixed,1,4,480,480,37.16286264697076,145.81911358182984,2089.821963152945,2105.1219631529448,8034.407236017968,0.0,0.0,83.98439571428642,0,0,1,1,5570.830561432947,4530.6551970236815,656.4626210681727,0.2296846374778342,15.035562066149431,10.759670120262633,0.0,1.0,0.3676304605586929,10.0,4e414fdee7101ddec881eb47f95c0cc2822da91b6cce7a93fb32560cd4b812c9,0.18963016700581647
23,uniform,0.65,0.24380262672254768,transport,2,0,480,480,962.547457620325,2090.5139581542576,4111.3281189815325,4128.178118981532,10801.359559282726,15400.659910794322,1317.7249187731236,2069.776218170138,0.49375,0,0,2,3118.073147145322,21223.26880109105,0.0,0.11675059399513622,916.5425034159239,32.25969395695717,2.7452602474440075,0.9999999999999998,0.0,10.0,4e414fdee7101ddec881eb47f95c0cc2822da91b6cce7a93fb32560cd4b812c9,0.4838514160073828
23,uniform,0.65,0.24380262672254768,transport,2,1,480,480,925.4989009210101,1897.1454062812652,3917.257187549324,3932.057187549324,10928.26362582918,15888.389986436481,28.738419030703767,3374.894387253164,0.47291666666666665,0,1,2,2235.8580532414726,19788.918308351356,1383.4239883437422,0.12253471677214355,879.259293332985,33.297602572661695,0.05987170631396618,0.9999999999999998,1.882133309049463,10.0,4e414fdee7101ddec881eb47f95c0cc2822da91b6cce7a93fb32560cd4b812c9,0.47295283299172297
23,uniform,0.65,0.24380262672254768,transport,2,4,480,480,919.4886433161181,1796.3985126726825,3828.921049183676,3843.7210491836763,10946.075421295543,15522.035508756424,0.0,3322.670301078088,0.4666666666666667,0,2,2,1757.4825030927202,19363.486370922816,1552.7814204565739,0.12536168644750084,873.5122289966781,32.74145302682213,0.0,0.9999999999999979,2.2349612926178644,10.0,4e414fdee7101ddec881eb47f95c0cc2822da91b6cce7a93fb32560cd4b812c9,0.4667608339805156
23,uniform,0.65,0.24380262672254768,transport,4,0,480,480,2628.499662061098,5083.080901874502,7178.173292054166,7187.923292054166,13140.85496322976,39301.08814450701,1114.4867017309912,1968.526754952524,0.7520833333333333,0,0,4,1430.8538376703762,47188.379540844566,0.0,0.06686938033821682,2554.143475853247,61.0343389125783,2.321847295272898,1.0,0.0,9.999999999999998,4e414fdee7101ddec881eb47f95c0cc2822da91b6cce7a93fb32560cd4b812c9,0.6031222919991706
23,uniform,0.65,0.24380262672254768,transport,4,1,480,480,2533.5316195217706,4986.227922220902,7079.237312400566,7088.987312400566,13287.649323557178,38382.14787125935,237.64458362105717,7045.1837977043715,0.7520833333333333,0,1,4,2386.454031471745,40936.60937016214,2137.3162406597758,0.06780391429443862,2459.228251659642,59.35553281154382,0.4950928825438691,1.0,3.4527421680412,10.0,4e414fdee7101ddec881eb47f95c0cc2822da91b6cce7a93fb32560cd4b812c9,0.614814208005555
23,uniform,0.65,0.24380262672254768,transport,4,4,480,480,2620.982239348709,5138.865412799731,7206.962526567527,7216.712526567527,13429.79678627969,39453.94670549359,0.0,6844.03305646905,0.7125,0,4,4,2378.054031471742,42167.71182473417,2548.3016791445193,0.06660226110938453,2543.825251639283,61.84802587787467,0.0,1.0,4.308961831551082,9.999999999999996,4e414fdee7101ddec881eb47f95c0cc2822da91b6cce7a93fb32560cd4b812c9,0.609505625005113
23,uniform,0.65,0.24380262672254768,transport,8,0,480,480,4455.119115898185,8809.559783151493,10990.626155778675,10996.976155778675,16688.987517339145,67374.81575212079,1446.2788518480754,2334.0624994559957,0.875,0,0,5,0.0,78184.18413355474,0.0,0.04367358084940635,4343.838766973127,97.26726798370719,3.013080941350157,1.0,0.0,10.0,4e414fdee7101ddec881eb47f95c0cc2822da91b6cce7a93fb32560cd4b812c9,0.6240993329847697
23,uniform,0.65,0.24380262672254768,transport,8,1,480,480,4849.965387139258,9247.200428500473,11449.193144767542,11477.093144767541,17338.61912702884,71733.45451527677,212.7943909133171,10269.239847345161,0.825,0,1,5,0.0,74675.3426975749,2411.128311649103,0.04192435169279745,4734.877118562142,99.62176294677833,0.4433216477360773,1.0,4.023183982602298,9.999999999999998,4e414fdee7101ddec881eb47f95c0cc2822da91b6cce7a93fb32560cd4b812c9,0.649666499986779
23,uniform,0.65,0.24380262672254768,transport,8,4,480,480,4843.4245328153975,9584.384357178922,11687.307094741147,11751.407094741147,17584.73985291145,73891.23978009632,0.0,13500.450068469247,0.8354166666666667,0,4,5,0.0,73792.34407623966,5973.927542822406,0.04107019659096509,4719.074546406669,101.90430402784932,0.0,0.9999999999999962,11.445682380880017,10.0,4e414fdee7101ddec881eb47f95c0cc2822da91b6cce7a93fb32560cd4b812c9,0.6638945000013337
23,uniform,0.65,0.24380262672254768,joint,2,0,480,480,1058.6631888101833,2142.7024491616658,4169.681413505976,4184.481413505976,10874.107870858685,16791.98414407471,908.3908888943679,1333.262339156177,0.45416666666666666,0.00625,0,2,2524.460988363283,23574.12850137422,0.0,0.11511670854402366,1010.7948977088059,34.975810082847595,1.8924810185299332,1.0000000000000002,0.0,10.0,4e414fdee7101ddec881eb47f95c0cc2822da91b6cce7a93fb32560cd4b812c9,0.49202008300926536
23,uniform,0.65,0.24380262672254768,joint,2,1,480,480,945.1466903262149,1983.2793014477586,3993.756221038493,4018.8062210384933,10968.691327943456,15825.333089081149,109.08309676487944,3217.8026686772814,0.5,0.014583333333333334,1,2,2738.320120035944,20554.25618096753,1464.947574206933,0.12018760621177474,898.9126928187002,32.954766942990034,0.22725645159349883,0.9999999999999999,2.05197411293111,9.999999999999996,4e414fdee7101ddec881eb47f95c0cc2822da91b6cce7a93fb32560cd4b812c9,0.5058912920067087
23,uniform,0.65,0.24380262672254768,joint,2,4,480,480,905.5685627308529,1676.4372940070248,3700.870780892037,3717.170780892037,10890.764006164334,15280.38390594558,0.0,3688.9591655441304,0.4895833333333333,0.016666666666666666,2,2,1151.6302076821626,19319.669912694117,1810.9528165049492,0.12969920551624975,859.8036787905013,31.992065572632963,0.0,0.9999999999999997,2.7728183677186444,9.999999999999996,4e414fdee7101ddec881eb47f95c0cc2822da91b6cce7a93fb32560cd4b812c9,0.48841579200234264
23,uniform,0.65,0.24380262672254768,joint,4,0,480,480,2617.894442270817,5057.3083551119225,7152.400745291587,7162.150745291587,13100.111101558545,38901.03714203051,1009.0387402284117,1922.4964841638505,0.74375,0.0020833333333333333,0,4,1770.9162892200372,47455.641205674685,0.0,0.06711033359197374,2543.073459861212,61.71881836746254,2.1021640421425243,0.9999999999999981,0.0,9.999999999999998,4e414fdee7101ddec881eb47f95c0cc2822da91b6cce7a93fb32560cd4b812c9,0.6468027500086464
23,uniform,0.65,0.24380262672254768,joint,4,1,480,480,2532.484123299699,4956.021107524228,7064.381221292025,7074.131221292025,13266.616868025145,38310.60596235722,227.59458362105698,7076.42770659583,0.7583333333333333,0.0020833333333333333,1,4,2225.029667037579,41598.46531652678,2118.366240659775,0.06794650302184732,2458.2092056273796,59.38749928840102,0.47415538254386874,1.0,3.4132630013745318,10.0,4e414fdee7101ddec881eb47f95c0cc2822da91b6cce7a93fb32560cd4b812c9,0.6330886250070762
23,uniform,0.65,0.24380262672254768,joint,4,4,480,480,2699.0019591673013,5371.446206265635,7479.806320033432,7489.556320033432,13498.871304684493,40318.88299143642,0.0,7014.962435582709,0.7104166666666667,0.00625,2,4,3535.4935748513553,43787.781571273386,2256.859419807891,0.06417278462336637,2621.272981325084,63.02718738428421,0.0,1.0,3.701790457933106,9.999999999999998,4e414fdee7101ddec881eb47f95c0cc2822da91b6cce7a93fb32560cd4b812c9,0.6386404169898015
23,uniform,0.65,0.24380262672254768,joint,8,0,480,480,4455.119115898185,8809.559783151493,10990.626155778675,10996.976155778675,16688.987517339145,67374.81575212079,1446.2788518480754,2334.0624994559957,0.875,0,0,5,0.0,79831.94674677575,0.0,0.04367358084940635,4343.838766973127,97.26726798370719,3.013080941350157,1.0,0.0,10.0,4e414fdee7101ddec881eb47f95c0cc2822da91b6cce7a93fb32560cd4b812c9,0.6685744999849703
23,uniform,0.65,0.24380262672254768,joint,8,1,480,480,4849.965387139258,9247.200428500473,11449.193144767542,11477.093144767541,17338.61912702884,71733.45451527677,212.7943909133171,10269.239847345161,0.825,0,1,5,0.0,76056.8053107959,2411.128311649103,0.04192435169279745,4734.877118562142,99.62176294677833,0.4433216477360773,1.0,4.023183982602298,9.999999999999998,4e414fdee7101ddec881eb47f95c0cc2822da91b6cce7a93fb32560cd4b812c9,0.6942868340120185
23,uniform,0.65,0.24380262672254768,joint,8,4,480,480,4842.161524142352,9466.511449723905,11626.34354949429,11672.49354949429,17522.39460974481,73399.87666128812,0.0,12777.159817753127,0.8604166666666667,0.0020833333333333333,4,5,0.0,74954.58857820155,6341.170426961133,0.041285551038174724,4718.208547151515,100.74220526800188,0.0,1.0,12.210771722835693,10.0,4e414fdee7101ddec881eb47f95c0cc2822da91b6cce7a93fb32560cd4b812c9,0.6965043330274057
23,uniform,0.9,0.3375728677696814,fixed,1,0,480,480,55.545486639467526,203.94194292287904,1588.6080347139239,1608.9080347139238,7773.986925486991,0.0,122.11262842506918,0.0,0,0,0,1,2584.0211425877396,3984.830306249369,0.0,0.30215131077719765,33.62971849681451,10.661366833434116,0.25440130921889414,1.0000000000000002,0.0,10.0,8263b640a91a0c1bb92b64070443e2e2df18d892eb3cb05a83c7f43797ab0b40,0.20548958299332298
23,uniform,0.9,0.3375728677696814,fixed,1,1,480,480,56.82548481388189,198.899858836764,1594.236395226816,1614.536395226816,7904.744771572718,0.0,0.0,92.00821233953249,0,0,1,1,2620.4028090302036,4423.045461783891,658.2071332663253,0.3010845828367312,34.69279185968052,10.76142809322986,0.0,1.0,0.371264860971511,10.0,8263b640a91a0c1bb92b64070443e2e2df18d892eb3cb05a83c7f43797ab0b40,0.2079288329987321
23,uniform,0.9,0.3375728677696814,fixed,1,4,480,480,56.82548481388189,198.899858836764,1594.236395226816,1614.536395226816,7904.744771572718,0.0,0.0,92.00821233953249,0,0,1,1,2620.4028090302036,4423.045461783891,658.2071332663253,0.3010845828367312,34.69279185968052,10.76142809322986,0.0,1.0,0.371264860971511,10.0,8263b640a91a0c1bb92b64070443e2e2df18d892eb3cb05a83c7f43797ab0b40,0.20923312500235625
23,uniform,0.9,0.3375728677696814,transport,2,0,480,480,1289.9253272213293,2602.4348385848693,4083.3001433055006,4100.150143305502,10846.466018166004,16513.75581888736,1100.725974365728,1489.997373374716,0.45208333333333334,0,0,2,2008.609753813309,22908.41056237812,0.0,0.11755197589061672,1242.4138271193842,34.218320988683246,2.2931791132619335,1.0,0.0,10.0,8263b640a91a0c1bb92b64070443e2e2df18d892eb3cb05a83c7f43797ab0b40,0.5309965419874061
23,uniform,0.9,0.3375728677696814,transport,2,1,480,480,1038.6235551864365,2210.5671969275086,3744.2535461161074,3754.1035461161073,10838.400704363805,13650.817704458137,73.78287482189825,2985.937723596363,0.5416666666666666,0,1,2,3068.7835040734103,17956.610801014376,1337.6178957491427,0.12819644665834695,995.5836755200535,30.099461394360134,0.15371432254562134,0.9999999999999996,1.786703949477381,10.0,8263b640a91a0c1bb92b64070443e2e2df18d892eb3cb05a83c7f43797ab0b40,0.5224419170117471
23,uniform,0.9,0.3375728677696814,transport,2,4,480,480,1073.8887113060034,2246.423436335385,3741.6662855239824,3757.966285523982,10938.548372599467,13671.938421932082,0.0,3061.256975388774,0.5020833333333333,0,2,2,3098.899908448706,17999.03201390221,1335.0101850601923,0.1282850910186879,1030.8321407998799,30.275299287248206,0.0,1.0,1.7812712188754003,9.999999999999998,8263b640a91a0c1bb92b64070443e2e2df18d892eb3cb05a83c7f43797ab0b40,0.5236124169896357
23,uniform,0.9,0.3375728677696814,transport,4,0,480,480,2777.202927808423,5473.258307324897,6991.243485686158,7000.993485686158,13059.817191815011,38102.34710362838,1226.4488423091204,1733.9531491528473,0.76875,0,0,4,1195.6753310563674,46414.32999056128,0.0,0.06865731410767625,2702.9820060046777,60.66582004893454,2.5551017548106674,0.9999999999999991,0.0,9.999999999999996,8263b640a91a0c1bb92b64070443e2e2df18d892eb3cb05a83c7f43797ab0b40,0.6249691669945605
23,uniform,0.9,0.3375728677696814,transport,4,1,480,480,2827.9058138546734,5499.0087357174225,7005.208817883054,7014.958817883054,13274.463447328502,39136.06968296927,211.32830059574258,7195.415690833693,0.7291666666666666,0,1,4,1109.0996954905333,41547.638115551614,2240.257748889555,0.06852044135710063,2752.275275640583,60.523067277662975,0.44026729290779704,1.0000000000000009,3.667203643519905,10.000000000000002,8263b640a91a0c1bb92b64070443e2e2df18d892eb3cb05a83c7f43797ab0b40,0.6363690409925766
23,uniform,0.9,0.3375728677696814,transport,4,4,480,480,2876.367535375106,5653.140625083156,7137.507594212172,7152.307594212172,13420.393340100838,39563.77152967465,12.411136185141913,7276.477816048433,0.71875,0,4,4,1815.3253310563616,41915.55328628598,3902.108187943287,0.06725036627480908,2797.00668982275,61.20559696042146,0.025856533719045654,1.0,7.12939205821518,9.999999999999996,8263b640a91a0c1bb92b64070443e2e2df18d892eb3cb05a83c7f43797ab0b40,0.6357153750141151
23,uniform,0.9,0.3375728677696814,transport,8,0,480,480,4962.808276080292,9631.506988411269,11243.879924197568,11250.229924197569,16947.111026116592,69255.00040843787,1388.8895712010317,2492.6764964308572,0.8729166666666667,0,0,5,0.0,80153.25888135411,0.0,0.0426898902546094,4850.070665040081,98.84409110020871,2.8935199400021494,1.0,0.0,10.000000000000004,8263b640a91a0c1bb92b64070443e2e2df18d892eb3cb05a83c7f43797ab0b40,0.6703958750003949
23,uniform,0.9,0.3375728677696814,transport,8,1,480,480,4822.08373688976,9338.912075359282,10962.4495557603,10971.399555760301,17001.57688942218,67813.89164354593,504.2395252892434,9352.562525810346,0.85,0,1,5,0.0,71749.87990447518,2596.813568853462,0.043785834320923325,4708.874476338007,96.74873327228889,1.0504990110192571,1.0,4.410028268444712,10.0,8263b640a91a0c1bb92b64070443e2e2df18d892eb3cb05a83c7f43797ab0b40,0.6717572910129093
23,uniform,0.9,0.3375728677696814,transport,8,4,480,480,4965.4359913244725,9980.068000074467,11523.555949424966,11587.655949424967,17536.792364673514,72684.06684290116,0.0,12296.685483769717,0.8604166666666667,0,4,5,0.0,73787.75809583343,6412.764448568316,0.041653809128592144,4841.712175504545,100.36388988540995,0.0,0.9999999999999962,12.359925934517328,10.0,8263b640a91a0c1bb92b64070443e2e2df18d892eb3cb05a83c7f43797ab0b40,0.6795960410090629
23,uniform,0.9,0.3375728677696814,joint,2,0,480,480,1325.7419110149613,2639.08229356598,4119.7601292357585,4129.5101292357585,10954.307047956117,17234.992696598434,1103.81343984064,1461.1033846495477,0.45208333333333334,0.00625,0,2,1498.7242682792757,24045.816482307622,0.0,0.11651163779990342,1276.7442602005588,35.698039481401075,2.2996113330013337,1.0,0.0,9.999999999999998,8263b640a91a0c1bb92b64070443e2e2df18d892eb3cb05a83c7f43797ab0b40,0.5605031659943052
23,uniform,0.9,0.3375728677696814,joint,2,1,480,480,1075.5530207783231,2287.126618239049,3787.9091055968606,3800.7591055968605,10880.28355292887,14688.501434448897,30.06740059247585,3120.064065190905,0.5354166666666667,0.016666666666666666,1,2,2501.976875593036,19273.396351134143,1166.6182818553593,0.12671898575675206,1032.0150531355341,31.044872471022646,0.06264041790099135,0.9999999999999981,1.4304547538653338,9.999999999999998,8263b640a91a0c1bb92b64070443e2e2df18d892eb3cb05a83c7f43797ab0b40,0.5462699169875123
23,uniform,0.9,0.3375728677696814,joint,2,4,480,480,1092.8071797096104,2212.839376219118,3714.700609973763,3731.550609973764,10900.89848553743,14304.422971102884,0.0,3138.9771890244074,0.50625,0.008333333333333333,2,2,2315.439841938193,18737.210655183873,1574.2614564340506,0.12921633541912553,1049.1587923143204,30.368676027719015,0.0,0.9999999999999991,2.2797113675709397,9.999999999999998,8263b640a91a0c1bb92b64070443e2e2df18d892eb3cb05a83c7f43797ab0b40,0.5489650420204271
23,uniform,0.9,0.3375728677696814,joint,4,0,480,480,2777.202927808423,5473.258307324897,6991.243485686158,7000.993485686158,13059.817191815011,38102.34710362838,1226.4488423091204,1733.9531491528473,0.76875,0,0,4,1195.6753310563674,47030.827964875,0.0,0.06865731410767625,2702.9820060046777,60.66582004893454,2.5551017548106674,0.9999999999999991,0.0,9.999999999999996,8263b640a91a0c1bb92b64070443e2e2df18d892eb3cb05a83c7f43797ab0b40,0.65740012502647
23,uniform,0.9,0.3375728677696814,joint,4,1,480,480,2827.9058138546734,5499.0087357174225,7005.208817883054,7014.958817883054,13274.463447328502,39136.06968296927,211.32830059574258,7195.415690833693,0.7291666666666666,0,1,4,1109.0996954905333,42279.263716335874,2240.257748889555,0.06852044135710063,2752.275275640583,60.523067277662975,0.44026729290779704,1.0000000000000009,3.667203643519905,10.000000000000002,8263b640a91a0c1bb92b64070443e2e2df18d892eb3cb05a83c7f43797ab0b40,0.6633422089798842
23,uniform,0.9,0.3375728677696814,joint,4,4,480,480,2833.343342655267,5570.746109431109,7094.714106913308,7104.464106913308,13435.32537378533,38857.17767962263,0.0,7015.362339119962,0.7145833333333333,0.010416666666666666,3,4,2137.850385218113,42147.058690564336,3365.9657384881702,0.06765600315483794,2756.207229502053,60.12368453136382,0.0,1.0,6.012428621850354,10.0,8263b640a91a0c1bb92b64070443e2e2df18d892eb3cb05a83c7f43797ab0b40,0.6670998329936992
23,uniform,0.9,0.3375728677696814,joint,8,0,480,480,4962.808276080292,9631.506988411269,11243.879924197568,11250.229924197569,16947.111026116592,69255.00040843787,1388.8895712010317,2492.6764964308572,0.8729166666666667,0,0,5,0.0,81699.3628971518,0.0,0.0426898902546094,4850.070665040081,98.84409110020871,2.8935199400021494,1.0,0.0,10.000000000000004,8263b640a91a0c1bb92b64070443e2e2df18d892eb3cb05a83c7f43797ab0b40,0.7095473330118693
23,uniform,0.9,0.3375728677696814,joint,8,1,480,480,4822.08373688976,9338.912075359282,10962.4495557603,10971.399555760301,17001.57688942218,67813.89164354593,504.2395252892434,9352.562525810346,0.85,0,1,5,0.0,73068.0339202726,2596.813568853462,0.043785834320923325,4708.874476338007,96.74873327228889,1.0504990110192571,1.0,4.410028268444712,10.0,8263b640a91a0c1bb92b64070443e2e2df18d892eb3cb05a83c7f43797ab0b40,0.7178511249949224
23,uniform,0.9,0.3375728677696814,joint,8,4,480,480,4964.1729826514265,9866.546859899494,11462.592404178109,11508.742404178109,17474.447121506873,72192.70372409295,0.0,11573.395233053598,0.8520833333333333,0.0020833333333333333,4,5,0.0,74848.34400037206,6780.007332707042,0.04187534399504952,4840.846176249391,99.20179112556251,0.0,1.0,13.125015276473004,10.0,8263b640a91a0c1bb92b64070443e2e2df18d892eb3cb05a83c7f43797ab0b40,0.7143792920105625
23,hotspot,0.65,0.24380262672254768,fixed,1,0,480,480,94.95742826441482,494.68987974032024,2095.5238730082815,2115.8238730082817,7728.424242783596,0.0,116.30890060403736,0.0,0,0,0,1,6366.97256598079,4022.1133429488864,0.0,0.2290596667414359,73.10663022197504,10.608487832848041,0.2423102095917445,1.0,0.0,10.0,3d4a1942f4322f8ceb4d96f772cc032b6918bbc163bdeeb14aca82a2420cabb2,0.24287441599881276
23,hotspot,0.65,0.24380262672254768,fixed,1,1,480,480,96.78163721060413,494.10968992133274,2118.6731204088146,2138.973120408815,7840.680969654316,0.0,0.0,73.98502969625318,0,0,1,1,6523.808745835442,4430.356545670105,624.6313655171116,0.22655689326316664,74.78686621645669,10.693455649320127,0.0,1.0,0.3013153448273159,10.0,3d4a1942f4322f8ceb4d96f772cc032b6918bbc163bdeeb14aca82a2420cabb2,0.24664554200717248
23,hotspot,0.65,0.24380262672254768,fixed,1,4,480,480,96.78163721060413,494.10968992133274,2118.6731204088146,2138.973120408815,7840.680969654316,0.0,0.0,73.98502969625318,0,0,1,1,6523.808745835442,4430.356545670105,624.6313655171116,0.22655689326316664,74.78686621645669,10.693455649320127,0.0,1.0,0.3013153448273159,10.0,3d4a1942f4322f8ceb4d96f772cc032b6918bbc163bdeeb14aca82a2420cabb2,0.24563900000066496
23,hotspot,0.65,0.24380262672254768,transport,2,0,480,480,839.4823549930364,1802.4449473645254,3829.8311081917986,3846.6811081917995,10695.090402463637,12567.477510329054,973.1927782090593,1047.1927945678544,0.5041666666666667,0,0,2,4150.080758675884,18988.106834710576,0.0,0.1253318975276237,797.6073666434872,28.84750339494702,2.027484954602207,0.9999999999999998,0.0,10.0,3d4a1942f4322f8ceb4d96f772cc032b6918bbc163bdeeb14aca82a2420cabb2,0.44626458402490243
23,hotspot,0.65,0.24380262672254768,transport,2,1,480,480,758.0702015578183,1675.2485197454857,3709.934772468157,3726.2347724681567,10722.892630469441,12633.975035305888,73.86625352265366,2131.6237497607126,0.4583333333333333,0,1,2,3968.836844590523,17614.15033759696,1389.9849513447828,0.12938232864958543,715.7468456447532,29.273665902924606,0.15388802817219513,0.9999999999999969,1.8958019819683003,9.999999999999998,3d4a1942f4322f8ceb4d96f772cc032b6918bbc163bdeeb14aca82a2420cabb2,0.4398302089830395
23,hotspot,0.65,0.24380262672254768,transport,2,4,480,480,766.5445499356618,1628.4799335325818,3668.9351417872876,3685.2351417872874,10841.756518795912,12740.327095160343,0.0,2303.0239754281747,0.5229166666666667,0,2,2,3489.490104485295,17542.377205925408,1803.0290021043388,0.13082815079859178,724.0187746945547,28.769464820056413,0.0,0.9999999999999998,2.7563104210507063,9.999999999999998,3d4a1942f4322f8ceb4d96f772cc032b6918bbc163bdeeb14aca82a2420cabb2,0.43524108300334774
23,hotspot,0.65,0.24380262672254768,transport,4,0,480,480,2386.7941186772614,4662.648715907077,6756.658106086741,6766.408106086741,12849.82251461147,35054.33046854147,1393.15387364238,1728.8833288366434,0.70625,0,0,4,2413.2053026034228,43164.32491738895,0.0,0.07104103722039622,2316.0538446755027,56.837870098337206,2.9024039034216247,0.9999999999999962,0.0,10.0,3d4a1942f4322f8ceb4d96f772cc032b6918bbc163bdeeb14aca82a2420cabb2,0.5856142909906339
23,hotspot,0.65,0.24380262672254768,transport,4,1,480,480,2413.3167589634645,4736.650197178328,6813.507360443581,6823.257360443581,13150.067512237023,37173.81706953384,520.1430227753256,6782.213909937166,0.7604166666666666,0,1,4,1281.5285897072679,40180.95236315597,2643.470238770985,0.07044829844709384,2337.624543189535,59.101354812374964,1.083631297448595,0.9999999999999981,4.507229664106221,9.999999999999995,3d4a1942f4322f8ceb4d96f772cc032b6918bbc163bdeeb14aca82a2420cabb2,0.5945765420037787
23,hotspot,0.65,0.24380262672254768,transport,4,4,480,480,2439.261856647152,4775.123276104623,6843.220389872419,6852.970389872419,13233.850966091311,37050.56846032255,163.71172383543944,7030.488393779675,0.7291666666666666,0,4,4,1903.7292794348557,39580.29414589972,6697.934377214827,0.07014241433906951,2356.159116790094,58.8076438132034,0.3410660913238322,1.0,12.95402995253089,9.999999999999998,3d4a1942f4322f8ceb4d96f772cc032b6918bbc163bdeeb14aca82a2420cabb2,0.6038893329969142
23,hotspot,0.65,0.24380262672254768,transport,8,0,480,480,3980.646410951329,7824.554848700878,10028.97122132806,10035.32122132806,15771.92349118989,59835.668284876396,2153.650869636799,2523.335528722789,0.88125,0,0,6,0.0,70114.92162868155,0.0,0.047861339853006106,3877.0372022070073,88.12243609924509,4.486772645076665,1.0,0.0,9.999999999999996,3d4a1942f4322f8ceb4d96f772cc032b6918bbc163bdeeb14aca82a2420cabb2,0.6316093339992221
23,hotspot,0.65,0.24380262672254768,transport,8,1,480,480,4451.776793747528,8738.863278449635,10888.994875048491,10897.944875048492,16616.562656362396,67046.77395622985,934.3952628742798,9652.389849803181,0.8479166666666667,0,1,6,0.0,70942.95653736482,3357.5364293271377,0.04408120359206822,4338.480196505737,94.35507288303916,1.9466567976547495,1.0,5.9948675610982045,10.0,3d4a1942f4322f8ceb4d96f772cc032b6918bbc163bdeeb14aca82a2420cabb2,0.6729047499829903
23,hotspot,0.65,0.24380262672254768,transport,8,4,480,480,4370.393942202148,8335.220009544291,10509.92472581136,10537.27472581136,16376.105913821137,65425.76476774833,0.0,11628.986426277392,0.8458333333333333,0,4,6,0.0,66025.09876699364,10065.558969820444,0.04567111682742755,4247.882941651654,91.54108603003438,0.0,1.0,19.969914520459263,10.0,3d4a1942f4322f8ceb4d96f772cc032b6918bbc163bdeeb14aca82a2420cabb2,0.6601069169992115
23,hotspot,0.65,0.24380262672254768,joint,2,0,480,480,844.82047871194,1824.7676174180106,3852.153778245284,3869.0037782452846,10652.849431289917,12601.52501861074,952.404995797348,904.2872303100701,0.5104166666666666,0.016666666666666666,0,2,4357.64336440751,19653.573230958522,0.0,0.12460561743686346,803.0161553354,28.82014630196224,1.9841770745778082,1.0000000000000002,0.0,9.999999999999998,3d4a1942f4322f8ceb4d96f772cc032b6918bbc163bdeeb14aca82a2420cabb2,0.4824169999919832
23,hotspot,0.65,0.24380262672254768,joint,2,1,480,480,776.542459705369,1801.3247533730444,3851.144208531234,3867.994208531235,10687.087367969953,12841.331768748138,71.9060527548129,2631.9892528666287,0.4479166666666667,0.035416666666666666,1,2,4956.021062920217,17784.937272461757,1491.01243921086,0.12463828254903611,734.347402181456,28.938977332317805,0.14980427657252687,0.9999999999999976,2.106275915022628,9.999999999999998,3d4a1942f4322f8ceb4d96f772cc032b6918bbc163bdeeb14aca82a2420cabb2,0.4745419999817386
23,hotspot,0.65,0.24380262672254768,joint,2,4,480,480,801.5998232698317,1729.7221855970715,3775.4958017570807,3792.3458017570815,10696.87344222155,13947.782112822264,0.0,2765.8090027985068,0.49166666666666664,0.035416666666666666,2,2,3306.5034431560766,18747.62771837339,1568.5568522151443,0.12713562011553886,758.6747603672997,29.657236127083785,0.0,0.9999999999999997,2.2678267754482175,9.999999999999998,3d4a1942f4322f8ceb4d96f772cc032b6918bbc163bdeeb14aca82a2420cabb2,0.46893404101138003
23,hotspot,0.65,0.24380262672254768,joint,4,0,480,480,2444.5502944278496,4888.320643612926,6941.012281512966,6961.662281512966,12912.9404175122,37305.5506512603,1341.0225444348944,1576.30449124252,0.71875,0.010416666666666666,0,4,1634.1819496011346,46382.388090978755,0.0,0.06915417817058984,2369.836945920869,60.91955153940776,2.7937969675726966,1.0,0.0,10.000000000000002,3d4a1942f4322f8ceb4d96f772cc032b6918bbc163bdeeb14aca82a2420cabb2,0.6239361670159269
23,hotspot,0.65,0.24380262672254768,joint,4,1,480,480,2456.163869843746,4742.720680039532,6837.4085996302665,6847.1585996302665,13025.105198135048,37210.1775202032,372.5910770200897,6366.865218214494,0.7416666666666667,0.020833333333333332,1,4,1631.9423123885988,41218.39663781298,2460.028498930089,0.07020203531875455,2381.5825010222684,58.680078038247835,0.7762314104585202,1.0,4.125059372771019,10.0,3d4a1942f4322f8ceb4d96f772cc032b6918bbc163bdeeb14aca82a2420cabb2,0.6413373340037651
23,hotspot,0.65,0.24380262672254768,joint,4,4,480,480,2557.370531743624,5029.029096588363,7102.26171035616,7112.01171035616,13434.744087207086,40148.42023603778,27.03589838486141,8536.292478690562,0.74375,0.027083333333333334,4,4,852.5907719243612,41984.52116984218,6121.075887800665,0.06758410483523696,2472.768760827982,61.79320469442204,0.05632478830179461,0.999999999999999,11.752241432918055,10.0,3d4a1942f4322f8ceb4d96f772cc032b6918bbc163bdeeb14aca82a2420cabb2,0.6346498749917373
23,hotspot,0.65,0.24380262672254768,joint,8,0,480,480,4147.560207160919,8354.627581543544,10497.793954170727,10506.743954170728,16032.218871838475,63145.78362621415,2336.2720103917945,2566.6232313388327,0.8875,0.00625,0,6,0.0,75656.72840202812,0.0,0.045723892285892895,4039.831401989485,91.86157181645146,4.867233354982905,1.0,0.0,9.999999999999998,3d4a1942f4322f8ceb4d96f772cc032b6918bbc163bdeeb14aca82a2420cabb2,0.6630195839970838
23,hotspot,0.65,0.24380262672254768,joint,8,1,480,480,4555.454683224422,8951.353791866082,11147.164388464938,11156.11438846494,16771.186985806726,69164.98851653922,839.2124804521543,10382.954493483769,0.8354166666666667,0.00625,1,6,0.0,73515.36061423676,3347.6605873917906,0.04306027822615615,4440.910173274311,95.82185772543623,1.7483593342753214,1.0,5.974292890399564,9.999999999999998,3d4a1942f4322f8ceb4d96f772cc032b6918bbc163bdeeb14aca82a2420cabb2,0.6842468329996336
23,hotspot,0.65,0.24380262672254768,joint,8,4,480,480,4546.584936038296,8782.355233641483,10965.480830240338,10974.430830240339,16680.138526985145,68605.98099001616,0.0,12420.578021093717,0.8458333333333333,0.010416666666666666,4,6,0.0,70024.26862082939,9792.477378612468,0.04377373025688647,4420.592767409509,95.59117409001158,0.0,1.0,19.400994538775976,9.999999999999998,3d4a1942f4322f8ceb4d96f772cc032b6918bbc163bdeeb14aca82a2420cabb2,0.6904243330063764
23,hotspot,0.9,0.3375728677696814,fixed,1,0,480,480,147.74921890652524,673.457886426667,1915.1560317177498,1935.4560317177497,7689.646001499337,0.0,111.67019194333577,0.0,0,0,0,1,5303.398106299239,3926.674466310068,0.0,0.250632320317774,125.95414392916047,10.562428744149502,0.23264623321528285,1.0,0.0,10.0,d64298458fa4fbd2cdd3dd0e03bf9e7ef1d6f9a50f457d8e4d686ec88d6fadcd,0.29577383399009705
23,hotspot,0.9,0.3375728677696814,fixed,1,1,480,480,150.2125204906678,672.8776966076795,1938.305279118282,1958.605279118282,7808.791678304806,0.0,0.0,92.45011993189084,0,0,1,1,5468.906973429883,4347.347276425172,640.0380557308497,0.24763900979434353,128.21813895076806,10.660968923793806,0.0,1.0,0.33341261610593687,10.0,d64298458fa4fbd2cdd3dd0e03bf9e7ef1d6f9a50f457d8e4d686ec88d6fadcd,0.3024655419867486
23,hotspot,0.9,0.3375728677696814,fixed,1,4,480,480,150.2125204906678,672.8776966076795,1938.305279118282,1958.605279118282,7808.791678304806,0.0,0.0,92.45011993189084,0,0,1,1,5468.906973429883,4347.347276425172,640.0380557308497,0.24763900979434353,128.21813895076806,10.660968923793806,0.0,1.0,0.33341261610593687,10.0,d64298458fa4fbd2cdd3dd0e03bf9e7ef1d6f9a50f457d8e4d686ec88d6fadcd,0.3042187910177745
23,hotspot,0.9,0.3375728677696814,transport,2,0,480,480,1083.554101301624,2391.4640101193067,3878.4011373474245,3895.2511373474254,10630.433900307049,12794.573749557785,680.1825338630232,762.502995821562,0.50625,0,0,2,4725.175333839936,19209.07050369821,0.0,0.12376233994410618,1042.1166528761023,29.020401479973824,1.4170469455479648,0.9999999999999991,0.0,9.999999999999998,d64298458fa4fbd2cdd3dd0e03bf9e7ef1d6f9a50f457d8e4d686ec88d6fadcd,0.5349510000087321
23,hotspot,0.9,0.3375728677696814,transport,2,1,480,480,925.6240277209426,2153.6608266658836,3654.672631386516,3670.972631386516,10694.215782020252,11177.514899392852,37.30859229289507,1921.7307423416396,0.5,0,1,2,5104.3981961745285,16385.21905172856,1464.4933993098894,0.13133871304306038,885.6037149373749,26.89155863439532,0.0777262339435314,1.0,2.051027915228936,9.999999999999998,d64298458fa4fbd2cdd3dd0e03bf9e7ef1d6f9a50f457d8e4d686ec88d6fadcd,0.5183115830004681
23,hotspot,0.9,0.3375728677696814,transport,2,4,480,480,978.1989095241781,2183.7154511572608,3678.9583003458583,3695.258300345858,10945.962968876887,12279.570411935874,0.0,2716.367513717113,0.49166666666666664,0,3,2,3982.1894407425,16875.271832574694,2686.732279506541,0.13047171530997653,934.6158216625784,27.985728945961156,0.0,0.9999999999999953,4.597358915638632,9.999999999999996,d64298458fa4fbd2cdd3dd0e03bf9e7ef1d6f9a50f457d8e4d686ec88d6fadcd,0.515630665991921
23,hotspot,0.9,0.3375728677696814,transport,4,0,480,480,2612.726432367938,5257.990979596614,6803.685066948595,6813.435066948595,12865.075996759759,35503.685935283305,1879.0837047465177,1805.337232099375,0.7145833333333333,0,0,4,1798.6754821187862,44085.01595510284,0.0,0.0705500027230503,2540.324959845556,57.48671480415975,3.914757718221912,0.9999999999999971,0.0,9.999999999999998,d64298458fa4fbd2cdd3dd0e03bf9e7ef1d6f9a50f457d8e4d686ec88d6fadcd,0.6225494999962393
23,hotspot,0.9,0.3375728677696814,transport,4,1,480,480,2486.562840896208,4899.630002225001,6383.996971354016,6398.796971354016,12927.91466963117,34081.84480364179,412.15610805794176,5655.8186992384635,0.7291666666666666,0,1,4,1361.9007728208337,37953.677075366344,2246.6432014944103,0.0751880055949015,2415.25610676914,55.767568898833986,0.8586585584540454,1.0,3.6805066697800215,10.0,d64298458fa4fbd2cdd3dd0e03bf9e7ef1d6f9a50f457d8e4d686ec88d6fadcd,0.6349780420132447
23,hotspot,0.9,0.3375728677696814,transport,4,4,480,480,2656.5369235568605,5343.027065048963,6827.394034177979,6842.194034177979,13139.969700415253,37778.22554456925,130.11009848549156,7083.440809794827,0.7666666666666667,0,4,4,1282.6875132734497,40328.250818057815,8559.63730091968,0.070305009143623,2568.4953468959566,59.93793624547636,0.27106270517810743,1.0,16.832577710249307,10.0,d64298458fa4fbd2cdd3dd0e03bf9e7ef1d6f9a50f457d8e4d686ec88d6fadcd,0.6438951670133974
23,hotspot,0.9,0.3375728677696814,transport,8,0,480,480,4488.335571133439,8646.50205396066,10282.22498974696,10288.57498974696,16030.04699996734,61715.85294119353,2096.2615889897543,2681.949525697651,0.8895833333333333,0,0,6,0.0,72083.99637648089,0.0,0.046682503104010814,4383.269100273964,89.6992592157467,4.367211643728655,1.0,0.0,9.999999999999996,d64298458fa4fbd2cdd3dd0e03bf9e7ef1d6f9a50f457d8e4d686ec88d6fadcd,0.6670668750011828
23,hotspot,0.9,0.3375728677696814,transport,8,1,480,480,4614.809742107154,9006.765023661492,10600.206260094,10615.056260094001,16485.926774860654,65130.310695408836,797.9242226574602,9366.966981926205,0.8645833333333334,0,1,6,0.0,68910.07908302831,3494.9143780841955,0.045282137745472836,4500.957540467306,94.90878788830368,1.6623421305363755,1.0,6.28107162100874,10.0,d64298458fa4fbd2cdd3dd0e03bf9e7ef1d6f9a50f457d8e4d686ec88d6fadcd,0.6710369159991387
23,hotspot,0.9,0.3375728677696814,transport,8,4,480,480,4602.005376614604,9192.83331802655,10839.27455445906,10848.22455445906,16646.797280819934,67737.01076702749,0.0,11510.49163756813,0.8708333333333333,0,4,6,0.0,68593.9507823072,7438.79116285275,0.04428340638373605,4480.7754627996555,95.73243222567174,0.0,1.0,14.497481589276562,9.999999999999998,d64298458fa4fbd2cdd3dd0e03bf9e7ef1d6f9a50f457d8e4d686ec88d6fadcd,0.6706810409959871
23,hotspot,0.9,0.3375728677696814,joint,2,0,480,480,1088.9355565027101,2391.3053947232665,3878.2425219513843,3895.092521951385,10598.334090490514,12727.847893966844,709.0349997414086,792.2505785772606,0.5229166666666667,0.004166666666666667,0,2,4793.879610200704,19523.76221967976,0.0,0.12376740167308625,1047.2339802201138,29.224420033134898,1.4771562494612678,1.0,0.0,10.0,d64298458fa4fbd2cdd3dd0e03bf9e7ef1d6f9a50f457d8e4d686ec88d6fadcd,0.5605559170071501
23,hotspot,0.9,0.3375728677696814,joint,2,1,480,480,983.7957253644981,2261.311682290604,3756.5545314792016,3772.8545314792013,10759.530674162901,12574.623898645223,91.75219316320039,2118.6865948069785,0.48125,0.027083333333333334,1,2,4402.585904650679,17975.615747969103,1316.5959211617396,0.12777666235847043,942.5273454638437,28.33432132914406,0.19115040242333414,0.9999999999999981,1.7429081690869594,9.999999999999998,d64298458fa4fbd2cdd3dd0e03bf9e7ef1d6f9a50f457d8e4d686ec88d6fadcd,0.538582375011174
23,hotspot,0.9,0.3375728677696814,joint,2,4,480,480,957.3990442303995,2020.0058419105728,3532.177691099171,3549.027691099172,10837.132484263844,11839.494364671746,0.0,1913.3991105947562,0.4875,0.020833333333333332,2,2,3383.9510986461746,17472.585766695018,1376.2058915179987,0.1358935030957148,917.8730704768042,26.658878146266115,0.0,1.0,1.8670956073291636,9.999999999999996,d64298458fa4fbd2cdd3dd0e03bf9e7ef1d6f9a50f457d8e4d686ec88d6fadcd,0.5492891669855453
23,hotspot,0.9,0.3375728677696814,joint,4,0,480,480,2627.4614106177264,5291.454468847108,6797.058544517813,6806.808544517813,12938.612010127648,34983.25292060428,1442.667794144889,1803.2107263190642,0.7479166666666667,0.010416666666666666,0,4,2695.8262145853005,43864.53997483278,0.0,0.07061878264784778,2557.5339934167914,55.92185929646683,3.005557904468519,1.0,0.0,9.999999999999995,d64298458fa4fbd2cdd3dd0e03bf9e7ef1d6f9a50f457d8e4d686ec88d6fadcd,0.6552656250132713
23,hotspot,0.9,0.3375728677696814,joint,4,1,480,480,2659.0437132129127,5335.014386481552,6858.98238396375,6868.73238396375,13189.39685932188,37295.310830496586,220.96555682447433,6094.802108656162,0.7270833333333333,0.022916666666666665,1,4,1838.8264083866736,41396.38911426215,1987.0000059990298,0.06998122653328814,2586.9111026058326,57.5326823511978,0.4603449100509882,1.0,3.139583345831312,9.999999999999998,d64298458fa4fbd2cdd3dd0e03bf9e7ef1d6f9a50f457d8e4d686ec88d6fadcd,0.658787416992709
23,hotspot,0.9,0.3375728677696814,joint,4,4,480,480,2960.835016236332,5866.918854209718,7441.1444415617,7450.8944415617,13612.285610054712,42151.48517470213,1.6500000000005457,8766.589140832973,0.74375,0.052083333333333336,4,4,1431.4753310563658,43940.59962019972,7782.6538705157855,0.06450620650756521,2873.6547522241844,60.96296428190655,0.0034375000000011367,1.0,15.213862230241215,9.999999999999998,d64298458fa4fbd2cdd3dd0e03bf9e7ef1d6f9a50f457d8e4d686ec88d6fadcd,0.6568463749717921
23,hotspot,0.9,0.3375728677696814,joint,8,0,480,480,4655.249367343029,9176.574786803325,10751.047722589627,10759.997722589627,16290.342380615932,65025.96828253128,2278.8827297447497,2725.2372283136947,0.8833333333333333,0.00625,0,6,0.0,77524.14455240447,0.0,0.044646811397873826,4546.063300056441,93.43839493295305,4.747672353634895,1.0,0.0,10.000000000000004,d64298458fa4fbd2cdd3dd0e03bf9e7ef1d6f9a50f457d8e4d686ec88d6fadcd,0.702458833984565
23,hotspot,0.9,0.3375728677696814,joint,8,1,480,480,4625.925794418479,9199.33095247755,10832.73068891006,10841.68068891006,16541.27339478501,66844.3528009734,929.1809276970175,9157.88613985854,0.8541666666666666,0.016666666666666666,1,6,0.0,72224.95937142262,3114.323775095648,0.044310157224844236,4512.7581420975785,94.74368419008235,1.9357935993687865,1.0,5.488174531449267,10.0,d64298458fa4fbd2cdd3dd0e03bf9e7ef1d6f9a50f457d8e4d686ec88d6fadcd,0.704634708003141
23,hotspot,0.9,0.3375728677696814,joint,8,4,480,480,4596.971081208405,9090.708585716422,10668.15950292746,10726.709502927459,16550.59566225943,66775.74197333519,19.150000000000546,10102.243484777637,0.8645833333333334,0.0020833333333333333,4,6,0.0,69976.28253864263,6939.291112732358,0.04499370297831437,4475.68481420524,96.78951468497165,0.03989583333333447,1.0,13.45685648485908,9.999999999999996,d64298458fa4fbd2cdd3dd0e03bf9e7ef1d6f9a50f457d8e4d686ec88d6fadcd,0.7083287499845028
37,uniform,0.65,0.24380262672254768,fixed,1,0,480,480,32.676768731061436,82.4206638054438,1984.0693653783242,2001.3693653783241,8032.490316622367,0.0,142.49124026105645,0.0,0,0,0,1,4868.801741112044,4195.5241256467925,0.0,0.2419270255243688,10.470806336275219,10.909105644242349,0.2968567505438676,1.0000000000000002,0.0,10.0,ed63ff4c11aab7d17a4c0a6ee2719a8a49b5000d070c1dc9a2c22f913a7b7273,0.1851691670017317
37,uniform,0.65,0.24380262672254768,fixed,1,1,480,480,33.237077241450194,96.54199874877813,1984.0693653783242,2001.3693653783241,8156.996198048801,0.0,0.0,102.39995858571291,0,0,1,1,4808.739915886483,4597.758582197335,637.8823570424936,0.2419270255243688,10.917784655525933,10.990371008752401,0.0,1.0000000000000002,0.3289215771718615,10.0,ed63ff4c11aab7d17a4c0a6ee2719a8a49b5000d070c1dc9a2c22f913a7b7273,0.1829684159893077
37,uniform,0.65,0.24380262672254768,fixed,1,4,480,480,33.237077241450194,96.54199874877813,1984.0693653783242,2001.3693653783241,8156.996198048801,0.0,0.0,102.39995858571291,0,0,1,1,4808.739915886483,4597.758582197335,637.8823570424936,0.2419270255243688,10.917784655525933,10.990371008752401,0.0,1.0000000000000002,0.3289215771718615,10.0,ed63ff4c11aab7d17a4c0a6ee2719a8a49b5000d070c1dc9a2c22f913a7b7273,0.1821235420065932
37,uniform,0.65,0.24380262672254768,transport,2,0,480,480,903.7482653233034,2184.0670032401504,4083.595614336728,4088.2788302933477,10830.004903322193,16805.27463920396,1065.9119973031834,1311.6080226476818,0.50625,0,0,2,1725.0186584814192,23024.14103308015,0.0,0.11754347034628287,856.7481695656223,33.779445763299485,2.220649994381632,1.0,0.0,9.999999999999998,ed63ff4c11aab7d17a4c0a6ee2719a8a49b5000d070c1dc9a2c22f913a7b7273,0.41875516599975526
37,uniform,0.65,0.24380262672254768,transport,2,1,480,480,967.5279037031571,2141.7426129376777,4046.6611063636806,4054.5943223203003,11015.71804646597,16802.75687238119,194.6772172373403,3389.092180852587,0.48541666666666666,0,1,2,2053.981998441876,20841.09258845283,1621.953328904198,0.11861630795945914,918.9780192927935,34.76523743923537,0.4055775359111256,1.0,2.379069435217079,9.999999999999998,ed63ff4c11aab7d17a4c0a6ee2719a8a49b5000d070c1dc9a2c22f913a7b7273,0.46407137499772944
37,uniform,0.65,0.24380262672254768,transport,2,4,480,480,931.836270526589,2027.6165936633386,3932.647783197736,3940.5809991543556,11002.386224841657,16271.484124812485,0.0,3620.6256879320217,0.5020833333333333,0,3,2,1881.1571995446807,19889.90229229278,1892.7645682837165,0.12205517159477217,883.9807732976417,33.91223771168959,0.0,0.9999999999999971,2.9432595172577454,10.0,ed63ff4c11aab7d17a4c0a6ee2719a8a49b5000d070c1dc9a2c22f913a7b7273,0.4621745829936117
37,uniform,0.65,0.24380262672254768,transport,4,0,480,480,2563.8285448051674,5295.83080435591,7265.3190470767195,7276.36904707672,13241.592205080233,40100.281973604186,1094.1312496127907,1832.2100736691307,0.7333333333333333,0,0,4,1444.0953993258468,47852.74640033466,0.0,0.06606729819981316,2486.68025123891,63.86885346289778,2.2794401033599807,1.0,0.0,9.999999999999998,ed63ff4c11aab7d17a4c0a6ee2719a8a49b5000d070c1dc9a2c22f913a7b7273,0.5801982500124723
37,uniform,0.65,0.24380262672254768,transport,4,1,480,480,2722.076578784955,5420.204873289601,7387.183741060291,7398.233741060291,13613.355205443639,41782.371631917296,175.64235624262494,6637.709878102309,0.75,0,1,3,1280.8048957566289,44930.86646949706,1699.4734087373242,0.06497740097244488,2643.0504581213686,65.11962948654494,0.3659215755054686,1.0,2.540569601536092,9.999999999999996,ed63ff4c11aab7d17a4c0a6ee2719a8a49b5000d070c1dc9a2c22f913a7b7273,0.5960486670082901
37,uniform,0.65,0.24380262672254768,transport,4,4,480,480,2548.536149790779,5169.816242285766,7149.078431830437,7160.128431830437,13449.426573993445,41006.71270929351,0.0,7481.277540237615,0.7479166666666667,0,2,3,392.95876414763563,42582.612565778596,2894.0066725308156,0.0671415210473641,2468.8367234558445,63.670245767161504,0.0,0.9999999999999996,5.029180567772533,10.0,ed63ff4c11aab7d17a4c0a6ee2719a8a49b5000d070c1dc9a2c22f913a7b7273,0.5910222090024035
37,uniform,0.65,0.24380262672254768,transport,8,0,480,480,4604.574887956382,9259.520259721254,11295.417670536997,11321.800886493616,16943.157822643458,70016.32418479171,1269.7446120449624,2951.1761171047892,0.8729166666666667,0,0,5,0.0,79501.01120626598,0.0,0.04249510854760453,4492.9413974986355,97.98818918265236,2.6453012750936717,0.9999999999999996,0.0,10.0,ed63ff4c11aab7d17a4c0a6ee2719a8a49b5000d070c1dc9a2c22f913a7b7273,0.6373767089971807
37,uniform,0.65,0.24380262672254768,transport,8,1,480,480,5149.336113888015,10063.150347609117,12147.204758424861,12156.85475842486,17823.470234119424,76850.19361787658,154.0828212760352,11132.211313060294,0.8729166666666667,0,1,5,0.0,78732.57308404476,2468.765133227954,0.03951526376198519,5029.276163136208,104.59568417992354,0.32100587765840666,0.9999999999999962,4.143260694224908,9.999999999999998,ed63ff4c11aab7d17a4c0a6ee2719a8a49b5000d070c1dc9a2c22f913a7b7273,0.6559080829902086
37,uniform,0.65,0.24380262672254768,transport,8,4,480,480,4872.227664094942,9663.049878660811,11747.973301083062,11759.564941869563,17566.746570344563,74204.31538351745,0.0,10744.683968083584,0.8625,0,2,4,0.0,75869.11428386658,3414.4952837281407,0.040858111241685244,4753.388884854473,101.72524739936868,0.0,1.0,6.113531841100293,9.999999999999998,ed63ff4c11aab7d17a4c0a6ee2719a8a49b5000d070c1dc9a2c22f913a7b7273,0.6438810839899816
37,uniform,0.65,0.24380262672254768,joint,2,0,480,480,903.671285387443,2185.6119079398536,4096.143855721907,4100.827071678527,10843.209235815913,16839.016789480596,1037.311997303184,1298.7080226476821,0.5104166666666666,0.004166666666666667,0,2,1760.007402532212,23681.27219489643,0.0,0.11718338439932659,856.625959019481,33.88425970691373,2.1610666610482996,1.0,0.0,9.999999999999998,ed63ff4c11aab7d17a4c0a6ee2719a8a49b5000d070c1dc9a2c22f913a7b7273,0.4458710000035353
37,uniform,0.65,0.24380262672254768,joint,2,1,480,480,948.5659292080453,2041.942518778789,3942.6987226713263,3962.1987226713263,10976.601865691033,16228.572454960447,59.20244642816215,2903.059099762708,0.5,0.008333333333333333,1,2,2052.4250819512818,21039.107676600306,1330.1899336505842,0.12174402199181529,901.6885045007372,33.982857248810774,0.12333843005867114,1.0,1.7712290284387169,9.999999999999998,ed63ff4c11aab7d17a4c0a6ee2719a8a49b5000d070c1dc9a2c22f913a7b7273,0.48601487500127405
37,uniform,0.65,0.24380262672254768,joint,2,4,480,480,901.3368247022602,1971.9633514212683,3864.855132040417,3884.355132040417,10913.136913771958,16186.65379287161,0.0,3773.582069745997,0.48125,0.00625,3,2,1594.262417340081,20022.165459399497,1798.382532533991,0.12419611695680509,854.6182702787929,32.97192414735477,0.0,1.0,2.746630276112481,10.0,ed63ff4c11aab7d17a4c0a6ee2719a8a49b5000d070c1dc9a2c22f913a7b7273,0.4862858749984298
37,uniform,0.65,0.24380262672254768,joint,4,0,480,480,2563.8285448051674,5295.83080435591,7265.3190470767195,7276.36904707672,13241.592205080233,40100.281973604186,1094.1312496127907,1832.2100736691307,0.7333333333333333,0,0,4,1444.0953993258468,49093.1517542698,0.0,0.06606729819981316,2486.68025123891,63.86885346289778,2.2794401033599807,1.0,0.0,9.999999999999998,ed63ff4c11aab7d17a4c0a6ee2719a8a49b5000d070c1dc9a2c22f913a7b7273,0.611879416013835
37,uniform,0.65,0.24380262672254768,joint,4,1,480,480,2721.980395281419,5422.7078379294835,7349.747891699772,7381.931107656392,13623.85257203974,41740.53086787912,168.44235624262421,6636.94309405893,0.7541666666666667,0.004166666666666667,1,3,1107.0614983145506,45722.443655134775,1694.6234087373239,0.06530836255513939,2643.092236490168,65.00677178087611,0.3509215755054671,1.0,2.5304654348694244,9.999999999999996,ed63ff4c11aab7d17a4c0a6ee2719a8a49b5000d070c1dc9a2c22f913a7b7273,0.6306783749896567
37,uniform,0.65,0.24380262672254768,joint,4,4,480,480,2548.536149790779,5169.816242285766,7149.078431830437,7160.128431830437,13449.426573993445,41006.71270929351,0.0,7481.277540237615,0.7479166666666667,0,2,3,392.95876414763563,43766.68486111709,2894.0066725308156,0.0671415210473641,2468.8367234558445,63.670245767161504,0.0,0.9999999999999996,5.029180567772533,10.0,ed63ff4c11aab7d17a4c0a6ee2719a8a49b5000d070c1dc9a2c22f913a7b7273,0.630239416990662
37,uniform,0.65,0.24380262672254768,joint,8,0,480,480,4604.574887956382,9259.520259721254,11295.417670536997,11321.800886493616,16943.157822643458,70016.32418479171,1269.7446120449624,2951.1761171047892,0.8729166666666667,0,0,5,0.0,81653.16524719255,0.0,0.04249510854760453,4492.9413974986355,97.98818918265236,2.6453012750936717,0.9999999999999996,0.0,10.0,ed63ff4c11aab7d17a4c0a6ee2719a8a49b5000d070c1dc9a2c22f913a7b7273,0.6785015830246266
37,uniform,0.65,0.24380262672254768,joint,8,1,480,480,5149.336113888015,10063.150347609117,12147.204758424861,12156.85475842486,17823.470234119424,76850.19361787658,154.0828212760352,11132.211313060294,0.8729166666666667,0,1,5,0.0,80766.42675434015,2468.765133227954,0.03951526376198519,5029.276163136208,104.59568417992354,0.32100587765840666,0.9999999999999962,4.143260694224908,9.999999999999998,ed63ff4c11aab7d17a4c0a6ee2719a8a49b5000d070c1dc9a2c22f913a7b7273,0.6919942089880351
37,uniform,0.65,0.24380262672254768,joint,8,4,480,480,4872.227664094942,9663.049878660811,11747.973301083062,11759.564941869563,17566.746570344563,74204.31538351745,0.0,10744.683968083584,0.8625,0,2,4,0.0,77960.10244058234,3414.4952837281407,0.040858111241685244,4753.388884854473,101.72524739936868,0.0,1.0,6.113531841100293,9.999999999999998,ed63ff4c11aab7d17a4c0a6ee2719a8a49b5000d070c1dc9a2c22f913a7b7273,0.6890737089852337
37,uniform,0.9,0.3375728677696814,fixed,1,0,480,480,54.982864799267126,152.140859491686,1477.5757036648274,1494.8757036648274,7788.926341872451,0.0,107.93957922540352,0.0,0,0,0,1,1827.0157594768855,3982.817435033741,0.0,0.32485645155741066,32.98224916643782,10.775741509443051,0.22487412338625734,0.9999999999999999,0.0,10.0,d3ba4016cd8b8afe641b6bdcae64fabe73951b44b6cac0774d6a5de0d2adfcfd,0.19987229199614376
37,uniform,0.9,0.3375728677696814,fixed,1,1,480,480,57.915745556513485,181.81853165364194,1507.2533758267834,1524.5533758267834,7900.087770798968,0.0,0.0,80.40016755700339,0,0,1,1,2061.000902283401,4463.255573064138,617.5603099628365,0.3184600596676073,35.769647323954295,10.85951425346995,0.0,0.9999999999999999,0.286583979089243,10.0,d3ba4016cd8b8afe641b6bdcae64fabe73951b44b6cac0774d6a5de0d2adfcfd,0.21036095800809562
37,uniform,0.9,0.3375728677696814,fixed,1,4,480,480,57.915745556513485,181.81853165364194,1507.2533758267834,1524.5533758267834,7900.087770798968,0.0,0.0,80.40016755700339,0,0,1,1,2061.000902283401,4463.255573064138,617.5603099628365,0.3184600596676073,35.769647323954295,10.85951425346995,0.0,0.9999999999999999,0.286583979089243,10.0,d3ba4016cd8b8afe641b6bdcae64fabe73951b44b6cac0774d6a5de0d2adfcfd,0.20766795898089185
37,uniform,0.9,0.3375728677696814,transport,2,0,480,480,1342.8151775015147,2780.162994826451,4188.75062823012,4199.80062823012,10877.073024848454,17646.2964864978,1313.0921362304439,1588.6675479068836,0.5104166666666666,0,0,2,1489.876909798079,24062.339205698627,0.0,0.11459264172114615,1293.447113667411,35.632455216956934,2.735608617146758,1.0,0.0,9.999999999999998,d3ba4016cd8b8afe641b6bdcae64fabe73951b44b6cac0774d6a5de0d2adfcfd,0.5564601660007611
37,uniform,0.9,0.3375728677696814,transport,2,1,480,480,1137.3234981117014,2509.193536744329,3894.3431981129256,3902.2764140695454,10988.647035172984,16453.89455643831,71.08814665161478,3595.4876162975143,0.4375,0,1,2,1394.4819675699803,20297.653983391265,1549.2180888500234,0.12325570078995418,1090.1713284763384,33.776531644734405,0.14810030552419745,1.0,2.2275376851042155,9.999999999999998,d3ba4016cd8b8afe641b6bdcae64fabe73951b44b6cac0774d6a5de0d2adfcfd,0.530248416995164
37,uniform,0.9,0.3375728677696814,transport,2,4,480,480,1223.4878261415988,2599.499716438056,3984.6493778066524,3992.582593763272,11026.536640698461,16777.382166912572,0.0,3421.163584763518,0.45416666666666666,0,2,2,1826.642335771675,20698.86937163832,1771.511993954638,0.12046229278627664,1175.7827106776856,34.0144654765077,0.0,0.9999999999999998,2.6906499874054965,9.999999999999998,d3ba4016cd8b8afe641b6bdcae64fabe73951b44b6cac0774d6a5de0d2adfcfd,0.5450231250142679
37,uniform,0.9,0.3375728677696814,transport,4,0,480,480,2991.3612542142246,6181.151974080511,7638.679962639749,7649.729962639749,13515.427331242223,42378.27216928641,895.262545631399,1972.5508255795996,0.7395833333333334,0,0,4,2061.8172184333234,50166.536872316465,0.0,0.06283808227961461,2913.506864243407,64.9892596674184,1.8651303033987479,1.0,0.0,9.999999999999998,d3ba4016cd8b8afe641b6bdcae64fabe73951b44b6cac0774d6a5de0d2adfcfd,0.6249108749907464
37,uniform,0.9,0.3375728677696814,transport,4,1,480,480,2917.197615293995,5890.889577241358,7294.1828464572745,7307.332846457274,13479.576789537636,41195.54280371281,153.9981324844822,7734.293806371782,0.7479166666666667,0,1,4,1381.2677537695758,42711.922523694986,2131.5712124559527,0.06580586339882227,2838.611821413817,63.824191078219094,0.3208294426760046,1.0,3.440773359283235,10.0,d3ba4016cd8b8afe641b6bdcae64fabe73951b44b6cac0774d6a5de0d2adfcfd,0.6421873749932274
37,uniform,0.9,0.3375728677696814,transport,4,4,480,480,2841.1301018672616,5771.466949149807,7198.081041185623,7218.981041185623,13498.856737589966,39958.230408948846,0.0,6154.930401527858,0.74375,0,3,4,1911.2496184454362,43253.00563793587,2487.58670648557,0.06668443954069979,2761.2249738286782,64.72265573340546,0.0,0.999999999999999,4.182472305178273,9.999999999999996,d3ba4016cd8b8afe641b6bdcae64fabe73951b44b6cac0774d6a5de0d2adfcfd,0.643623000010848
37,uniform,0.9,0.3375728677696814,transport,8,0,480,480,4758.740786034811,9585.708608028393,10997.141020139787,11035.024236096406,16766.89232818542,67872.66753876614,1378.9995062541773,2299.2904453596416,0.8729166666666667,0,0,5,0.0,78329.23741092348,0.0,0.04364770799255411,4646.174446289578,98.69342410720392,2.8729156380295358,1.0,0.0,9.999999999999996,d3ba4016cd8b8afe641b6bdcae64fabe73951b44b6cac0774d6a5de0d2adfcfd,0.6576469159917906
37,uniform,0.9,0.3375728677696814,transport,8,1,480,480,5360.13498998463,10518.481760341127,12068.965946979906,12078.615946979906,17734.196042176925,76273.4318311381,249.37242141457182,10301.214608673768,0.89375,0,1,4,0.0,79060.78409052076,2580.26911733171,0.039771427155291084,5242.39585600107,101.84404744450629,0.5195258779470247,0.9999999999999962,4.375560661107732,10.0,d3ba4016cd8b8afe641b6bdcae64fabe73951b44b6cac0774d6a5de0d2adfcfd,0.6759362079901621
37,uniform,0.9,0.3375728677696814,transport,8,4,480,480,5178.659642376079,10216.42250448718,11772.261990948933,11783.853631735434,17620.213503638275,74400.32208216791,0.0,11470.621120941147,0.8770833333333333,0,3,5,0.0,75460.61144358503,4153.393830956102,0.04077381223498479,5058.911304840712,101.09543372087593,0.0,1.0,7.6529038144918795,10.0,d3ba4016cd8b8afe641b6bdcae64fabe73951b44b6cac0774d6a5de0d2adfcfd,0.6732902090006974
37,uniform,0.9,0.3375728677696814,joint,2,0,480,480,1442.9059901598932,2915.4572386706723,4390.809025618011,4401.859025618011,10979.134724465237,19133.456469389268,1191.6443804097978,1391.1533518481192,0.5208333333333334,0.0020833333333333333,0,2,1526.4098214089017,26089.84508946962,0.0,0.10931926148449134,1391.4652922173939,37.958105483312416,2.482592459187079,1.0,0.0,9.999999999999996,d3ba4016cd8b8afe641b6bdcae64fabe73951b44b6cac0774d6a5de0d2adfcfd,0.5891824999998789
37,uniform,0.9,0.3375728677696814,joint,2,1,480,480,1202.7704558277655,2607.771958310558,4063.502381756825,4090.8023817568246,11056.903768159462,17517.327598646523,78.28991116066342,3465.8708972210543,0.47708333333333336,0.010416666666666666,1,2,1714.3974651041947,21803.45164220853,1382.9088620543655,0.1181247000506188,1154.7603933584944,34.96589835840646,0.16310398158471545,0.9999999999999983,1.8810601292799296,9.999999999999998,d3ba4016cd8b8afe641b6bdcae64fabe73951b44b6cac0774d6a5de0d2adfcfd,0.5623364170023706
37,uniform,0.9,0.3375728677696814,joint,2,4,480,480,1147.2104323904673,2458.462162579229,3905.1317632788064,3916.1817632788066,10963.378945733277,15901.692766923074,0.0,3474.419400451215,0.49166666666666664,0.008333333333333333,2,2,2083.9820825903444,20119.71171198447,1645.4546988990146,0.12291518675850899,1101.5352736758407,32.247128091920416,0.0,0.9999999999999988,2.428030622706282,9.999999999999998,d3ba4016cd8b8afe641b6bdcae64fabe73951b44b6cac0774d6a5de0d2adfcfd,0.5680562920169905
37,uniform,0.9,0.3375728677696814,joint,4,0,480,480,2991.5324572912623,6185.5722078674235,7619.196746683129,7630.2467466831295,13468.427331242223,42351.722521416545,900.1625456313986,1971.1508255796,0.7458333333333333,0.004166666666666667,0,4,2031.751490780367,51087.786766287114,0.0,0.06299876692499885,2913.6946298204452,64.96248883408506,1.8753386367320803,1.0,0.0,9.999999999999998,d3ba4016cd8b8afe641b6bdcae64fabe73951b44b6cac0774d6a5de0d2adfcfd,0.6649735420069192
37,uniform,0.9,0.3375728677696814,joint,4,1,480,480,2917.178170360481,5889.589832290679,7294.666062413895,7310.232846457274,13498.076789537636,41227.4428037128,150.61456439772257,7734.293806371782,0.7479166666666667,0.0020833333333333333,1,4,1381.2677537695758,43767.14886088967,2121.5712124559527,0.0658015042625765,2838.611821413817,63.832628578219094,0.3137803424952554,1.0,3.4199400259499013,10.0,d3ba4016cd8b8afe641b6bdcae64fabe73951b44b6cac0774d6a5de0d2adfcfd,0.6699732919805683
37,uniform,0.9,0.3375728677696814,joint,4,4,480,480,2841.1117335671715,5770.006027019026,7210.681041185623,7221.731041185623,13492.856737589966,40022.08040894885,0.0,6129.830401527857,0.7416666666666667,0.0020833333333333333,3,4,1944.1838907924762,44164.95718192479,2448.60313839881,0.06656791463363293,2761.2421270955256,64.76834993331508,0.0,0.999999999999999,4.101256538330857,9.999999999999996,d3ba4016cd8b8afe641b6bdcae64fabe73951b44b6cac0774d6a5de0d2adfcfd,0.6764312080049422
37,uniform,0.9,0.3375728677696814,joint,8,0,480,480,4758.740786034811,9585.708608028393,10997.141020139787,11035.024236096406,16766.89232818542,67872.66753876614,1378.9995062541773,2299.2904453596416,0.8729166666666667,0,0,5,0.0,79968.0457884596,0.0,0.04364770799255411,4646.174446289578,98.69342410720392,2.8729156380295358,1.0,0.0,9.999999999999996,d3ba4016cd8b8afe641b6bdcae64fabe73951b44b6cac0774d6a5de0d2adfcfd,0.6953527079895139
37,uniform,0.9,0.3375728677696814,joint,8,1,480,480,5360.13498998463,10518.481760341127,12068.965946979906,12078.615946979906,17734.196042176925,76273.4318311381,249.37242141457182,10301.214608673768,0.89375,0,1,4,0.0,80971.51296716716,2580.26911733171,0.039771427155291084,5242.39585600107,101.84404744450629,0.5195258779470247,0.9999999999999962,4.375560661107732,10.0,d3ba4016cd8b8afe641b6bdcae64fabe73951b44b6cac0774d6a5de0d2adfcfd,0.7102227919967845
37,uniform,0.9,0.3375728677696814,joint,8,4,480,480,5178.659642376079,10216.42250448718,11772.261990948933,11783.853631735434,17620.213503638275,74400.32208216791,0.0,11470.621120941147,0.8770833333333333,0,3,5,0.0,77428.4748066519,4153.393830956102,0.04077381223498479,5058.911304840712,101.09543372087593,0.0,1.0,7.6529038144918795,10.0,d3ba4016cd8b8afe641b6bdcae64fabe73951b44b6cac0774d6a5de0d2adfcfd,0.7194990419957321
37,hotspot,0.65,0.24380262672254768,fixed,1,0,480,480,114.61103987802089,505.2290277073412,2139.3933203361858,2152.093320336186,7866.441986120494,0.0,113.08955984575007,0.0,0,0,0,1,6854.307754200538,4031.26060144049,0.0,0.22436267115416275,92.57775839462795,10.797678233714294,0.23560324967864602,1.0000000000000002,0.0,10.0,a84c4b75ea268b4ee58e2e70816fb8eea986df980cdf742c04287db3de6e48e1,0.260376999998698
37,hotspot,0.65,0.24380262672254768,fixed,1,1,480,480,119.36859514783922,531.9563762063725,2195.631335453248,2208.6813354532487,8035.469932038738,0.0,0.0,107.2985046943167,0,0,1,1,7272.133443951755,4504.447786499102,618.446597332737,0.21861593622269593,97.14006911669689,10.940095620032453,0.0,1.0000000000000002,0.28843041110986867,10.0,a84c4b75ea268b4ee58e2e70816fb8eea986df980cdf742c04287db3de6e48e1,0.268204166990472
37,hotspot,0.65,0.24380262672254768,fixed,1,4,480,480,119.36859514783922,531.9563762063725,2195.631335453248,2208.6813354532487,8035.469932038738,0.0,0.0,107.2985046943167,0,0,1,1,7272.133443951755,4504.447786499102,618.446597332737,0.21861593622269593,97.14006911669689,10.940095620032453,0.0,1.0000000000000002,0.28843041110986867,10.0,a84c4b75ea268b4ee58e2e70816fb8eea986df980cdf742c04287db3de6e48e1,0.26816829200834036
37,hotspot,0.65,0.24380262672254768,transport,2,0,480,480,711.8501373084719,1742.526314619025,3630.6802090964447,3635.3634250530645,10399.6513827806,11799.033134723626,933.2878847736662,898.0264793061871,0.46041666666666664,0,0,2,3670.914554110601,17879.918590983125,0.0,0.1322066313627374,671.196964526888,27.70882302163876,1.9443497599451378,0.9999999999999967,0.0,9.999999999999998,a84c4b75ea268b4ee58e2e70816fb8eea986df980cdf742c04287db3de6e48e1,0.41518041599192657
37,hotspot,0.65,0.24380262672254768,transport,2,1,480,480,885.2500268200254,1940.0118946818648,3846.637631095499,3851.3208470521186,10852.458047778917,13709.211317569596,158.41745438585917,3111.417810413696,0.48333333333333334,0,1,2,3801.4095126465495,17886.969191141317,1713.398246487148,0.12478430412050509,840.5719826316584,30.77842814488157,0.33003636330387326,0.999999999999999,2.569579680181559,10.0,a84c4b75ea268b4ee58e2e70816fb8eea986df980cdf742c04287db3de6e48e1,0.46600091698928736
37,hotspot,0.65,0.24380262672254768,transport,2,4,480,480,798.5614534864517,1678.868992935059,3589.5475652106516,3594.2307811672713,10863.956028829558,12734.170722932897,0.0,2639.355344871203,0.5166666666666667,0,3,2,2866.649053539688,17240.835397902916,1905.8420712517213,0.1337215878268579,755.2615428402202,29.329406331123774,0.0,0.999999999999999,2.9705043151077537,10.0,a84c4b75ea268b4ee58e2e70816fb8eea986df980cdf742c04287db3de6e48e1,0.4637818339979276
37,hotspot,0.65,0.24380262672254768,transport,4,0,480,480,2399.970833906903,4976.264170069777,6925.664423707604,6947.397639664225,12936.047291960977,37159.12449436709,1404.2053324787983,2143.05455144877,0.73125,0,0,4,1679.9028016463685,44574.80716514466,0.0,0.06930742967517844,2326.15844798573,59.8869581451751,2.9254277759974965,0.9999999999999981,0.0,10.0,a84c4b75ea268b4ee58e2e70816fb8eea986df980cdf742c04287db3de6e48e1,0.5789892920001876
37,hotspot,0.65,0.24380262672254768,transport,4,1,480,480,2376.812457229002,4872.524605942368,6835.541257756438,6874.991257756438,13137.317747814746,37872.1432539908,393.0198438244512,6835.335385991395,0.7291666666666666,0,1,4,1070.6526730390915,40059.94823478414,2571.769799340178,0.07022121320024709,2302.522698871971,58.113113267104545,0.81879134130094,0.999999999999999,4.357853748625372,10.000000000000002,a84c4b75ea268b4ee58e2e70816fb8eea986df980cdf742c04287db3de6e48e1,0.5948809999972582
37,hotspot,0.65,0.24380262672254768,transport,4,4,480,480,2221.450381336597,4516.799959599823,6489.510734608474,6528.960734608474,13041.98167472157,35829.33968574017,133.81756808949717,7820.847099439963,0.775,0,4,4,682.8004049341345,36939.39896592567,10671.982506808366,0.07396551444782523,2132.2991395698127,56.63915827741397,0.27878660018645246,0.9999999999999986,21.2332968891841,10.0,a84c4b75ea268b4ee58e2e70816fb8eea986df980cdf742c04287db3de6e48e1,0.5909459159884136
37,hotspot,0.65,0.24380262672254768,transport,8,0,480,480,4221.49219225523,8377.656548124052,10414.206110725789,10423.956110725789,15935.952465163264,62734.9968947141,2318.7357718871394,2928.403954549735,0.85625,0,0,6,0.0,72733.59586146759,0.0,0.04609088728382655,4113.660531557402,92.00096117306462,4.830699524764873,0.9999999999999996,0.0,9.999999999999998,a84c4b75ea268b4ee58e2e70816fb8eea986df980cdf742c04287db3de6e48e1,0.6341133340029046
37,hotspot,0.65,0.24380262672254768,transport,8,1,480,480,4478.0066925836745,8798.30451129621,10811.274638068575,10859.424638068573,16623.399835242155,67428.93628563243,468.06958954714895,9833.284021993917,0.8729166666666667,0,1,7,0.0,69416.97052086152,3247.0793003682793,0.04439809514317838,4365.388138662841,94.8786604001765,0.975144978223227,1.0,5.764748542433915,10.0,a84c4b75ea268b4ee58e2e70816fb8eea986df980cdf742c04287db3de6e48e1,0.6497954580117948
37,hotspot,0.65,0.24380262672254768,transport,8,4,480,480,4529.803572266245,8908.423157074876,10981.541708677121,10991.291708677121,16711.950281226775,68569.08123964757,276.51926891025687,11757.21146660814,0.8604166666666667,0,4,6,0.0,68700.77960162706,11444.585707777776,0.04370970968682162,4400.948479287276,94.43612427753594,0.5760818102297018,1.0,22.84288689120368,10.0,a84c4b75ea268b4ee58e2e70816fb8eea986df980cdf742c04287db3de6e48e1,0.6454663329932373
37,hotspot,0.65,0.24380262672254768,joint,2,0,480,480,725.8207679811438,1857.0908719494676,3757.0999425156397,3761.7831584722594,10447.45470199251,12235.694220729121,885.5677717052578,906.31922502494,0.49375,0.00625,0,2,4198.4774250548835,18975.0064212941,0.0,0.12775811326397846,684.5569393125538,28.418895810870705,1.844932857719287,0.9999999999999986,0.0,9.999999999999998,a84c4b75ea268b4ee58e2e70816fb8eea986df980cdf742c04287db3de6e48e1,0.44023779101553373
37,hotspot,0.65,0.24380262672254768,joint,2,1,480,480,911.7866448366444,2098.793483701899,3979.590745442417,3987.5239613990366,10872.026216668377,14153.70478162932,28.325250937047258,2995.3869494724795,0.5208333333333334,0.022916666666666665,1,2,4468.796805357573,18796.769260704663,1353.623546282336,0.12061541769080522,867.8208878708134,31.08669697162396,0.05901093945218179,1.0,1.8200490547548667,10.0,a84c4b75ea268b4ee58e2e70816fb8eea986df980cdf742c04287db3de6e48e1,0.49400620901724324
37,hotspot,0.65,0.24380262672254768,joint,2,4,480,480,833.8132855712654,1894.1194428803199,3776.0386297013006,3783.9718456579203,10809.138589400745,13180.607631105479,0.0,2772.9071603400457,0.5104166666666666,0.01875,2,2,3904.6899081571723,17969.44837100109,1540.9706840014421,0.12711734361625687,791.0837096051553,29.519220374440486,0.0,0.999999999999999,2.2103555916696718,9.999999999999998,a84c4b75ea268b4ee58e2e70816fb8eea986df980cdf742c04287db3de6e48e1,0.48136233299737796
37,hotspot,0.65,0.24380262672254768,joint,4,0,480,480,2432.5168425395677,5011.5859448929195,6967.2362651454405,6978.286265145441,13042.955702639796,38349.00959759661,1253.8278726105575,2141.9720936253902,0.74375,0.00625,0,4,811.145399325857,46886.127478863345,0.0,0.06889388872905977,2357.612023963006,61.29267717528989,2.612141401271995,1.0,0.0,10.000000000000002,a84c4b75ea268b4ee58e2e70816fb8eea986df980cdf742c04287db3de6e48e1,0.6135099590173922
37,hotspot,0.65,0.24380262672254768,joint,4,1,480,480,2448.1483429525883,4990.978785843173,6974.333642131878,6985.383642131878,13216.910053004345,38222.262162468316,565.5245585973604,6553.860025685442,0.7625,0.0125,1,4,1422.7097398194846,42532.67636398261,2468.598419615045,0.06882377939310573,2370.5640667526586,61.263186661987,1.1781761637445007,0.999999999999999,4.14291337419801,9.999999999999998,a84c4b75ea268b4ee58e2e70816fb8eea986df980cdf742c04287db3de6e48e1,0.6263027919922024
37,hotspot,0.65,0.24380262672254768,joint,4,4,480,480,2528.5200449525587,5187.73371535744,7129.775588117939,7151.908804074559,13302.631472352046,38507.5101053084,56.75801050659561,8166.733033720579,0.7583333333333333,0.035416666666666666,4,4,2969.2424936109483,40536.24838385881,8343.238829090433,0.06732329707542822,2441.1835407410063,59.83651079572559,0.11824585522207419,0.9999999999999996,16.38174756060507,9.999999999999998,a84c4b75ea268b4ee58e2e70816fb8eea986df980cdf742c04287db3de6e48e1,0.6231305410037749
37,hotspot,0.65,0.24380262672254768,joint,8,0,480,480,4236.89031780208,8431.495926257434,10460.508244294007,10476.258244294007,15990.896816606442,64010.24010991546,1531.2653394047322,2421.378395807074,0.8625,0.004166666666666667,0,6,0.0,75503.68755854564,0.0,0.04588687172650814,4130.407880270621,92.29230140769957,3.190136123759859,0.9999999999999996,0.0,10.0,a84c4b75ea268b4ee58e2e70816fb8eea986df980cdf742c04287db3de6e48e1,0.6766150420007762
37,hotspot,0.65,0.24380262672254768,joint,8,1,480,480,4571.9685489323465,9027.551429804636,11037.509776449753,11054.142992406372,16683.484873309764,68897.16370297689,481.8132532086219,9526.151238121982,0.875,0.01875,1,6,0.0,73498.22697347621,2912.5161238358287,0.043488070200776156,4460.389574279657,94.50745511718057,1.0037776108512957,1.0,5.067741924657976,9.999999999999998,a84c4b75ea268b4ee58e2e70816fb8eea986df980cdf742c04287db3de6e48e1,0.6909829160140362
37,hotspot,0.65,0.24380262672254768,joint,8,4,480,480,4554.597872374525,8985.63746607195,11066.924017674195,11076.674017674195,16681.74446424058,69469.63965426374,27.450000000000728,10799.697622200487,0.8479166666666667,0.01875,4,6,0.0,72456.69451919355,7250.791734889884,0.04337248536571013,4435.216034305412,94.21883445475846,0.057187500000001515,1.0,14.105816114353923,10.0,a84c4b75ea268b4ee58e2e70816fb8eea986df980cdf742c04287db3de6e48e1,0.6871279169863556
37,hotspot,0.9,0.3375728677696814,fixed,1,0,480,480,170.26116273098708,691.7371052937289,1979.9071915039926,1992.6071915039927,7809.190275721829,0.0,114.56599380052245,0.0,0,0,0,1,5810.627313765708,4040.8715241783707,0.0,0.24243560610302073,148.23803088350826,10.784452693727747,0.23867915375108845,1.0,0.0,10.0,8ebda03614a09441aa976828e2af433ef087e274527f752367bb0b5f62bd84c5,0.3097692079900298
37,hotspot,0.9,0.3375728677696814,fixed,1,1,480,480,178.2499687949269,727.8121749889118,2036.145206621054,2049.1952066210542,8017.152300475419,0.0,0.0,135.80115256917344,0,0,1,1,6157.821018961106,4512.937622051242,652.9713471931411,0.23573957222655612,155.94980586220316,10.939805959404714,0.0,1.0,0.36035697331904404,10.0,8ebda03614a09441aa976828e2af433ef087e274527f752367bb0b5f62bd84c5,0.31895333298598416
37,hotspot,0.9,0.3375728677696814,fixed,1,4,480,480,178.2499687949269,727.8121749889118,2036.145206621054,2049.1952066210542,8017.152300475419,0.0,0.0,135.80115256917344,0,0,1,1,6157.821018961106,4512.937622051242,652.9713471931411,0.23573957222655612,155.94980586220316,10.939805959404714,0.0,1.0,0.36035697331904404,10.0,8ebda03614a09441aa976828e2af433ef087e274527f752367bb0b5f62bd84c5,0.31939241697546095
37,hotspot,0.9,0.3375728677696814,transport,2,0,480,480,1136.120933159859,2463.4786978652623,3845.8097679297653,3850.492983886385,10546.533562288327,14035.47058493794,1125.8413613495768,1068.430254034514,0.5395833333333333,0,0,2,2881.7897458083035,20407.78622510239,0.0,0.12481116564909772,1092.0539729396007,30.721457384113418,2.3455028361449517,0.999999999999999,0.0,9.999999999999998,8ebda03614a09441aa976828e2af433ef087e274527f752367bb0b5f62bd84c5,0.5493103750050068
37,hotspot,0.9,0.3375728677696814,transport,2,1,480,480,974.8130503464669,2161.683206325946,3558.2704876320354,3566.203703588655,10642.751921443536,11279.733327233533,66.51984192730126,2424.9937292224718,0.4583333333333333,0,1,2,4238.243123945342,15901.237120706735,1453.7314544459123,0.13489699607390762,934.2926056696557,27.353254476033637,0.13858300401521095,1.0,2.028607196762317,9.999999999999998,8ebda03614a09441aa976828e2af433ef087e274527f752367bb0b5f62bd84c5,0.5460851670068223
37,hotspot,0.9,0.3375728677696814,transport,2,4,480,480,1132.6357191913532,2450.9690031743244,3861.8672467144643,3866.550462671084,10989.834897863657,12929.509757856045,0.0,2856.7352506800526,0.45625,0,2,2,4791.227631489435,17352.834533278947,1977.0213309271296,0.12429220616228237,1089.592156049349,28.924768702572784,0.0,0.9999999999999998,3.1187944394315203,10.0,8ebda03614a09441aa976828e2af433ef087e274527f752367bb0b5f62bd84c5,0.5560536670091096
37,hotspot,0.9,0.3375728677696814,transport,4,0,480,480,2613.374615701524,5498.942609776077,6927.657550321014,6938.707550321014,12935.941172254315,37138.522496713136,1749.6204726305575,2166.781331623632,0.725,0,0,4,1361.616528705743,44987.124685063216,0.0,0.06928748953212298,2538.934283781368,59.79528926884215,3.6450426513136613,1.0,0.0,10.0,8ebda03614a09441aa976828e2af433ef087e274527f752367bb0b5f62bd84c5,0.620405000023311
37,hotspot,0.9,0.3375728677696814,transport,4,1,480,480,2719.4993872324535,5630.0739546719515,7077.924869871003,7092.174869871003,13257.84307973823,38817.11470453977,680.0462298557201,6853.542252323506,0.7166666666666667,0,1,4,1686.5340845938485,41792.13813171319,2596.566810892915,0.06781648701065517,2640.3574248963546,62.315685167872815,1.4167629788660834,0.999999999999999,4.40951418936024,9.999999999999998,8ebda03614a09441aa976828e2af433ef087e274527f752367bb0b5f62bd84c5,0.6369951250089798
37,hotspot,0.9,0.3375728677696814,transport,4,4,480,480,2670.14867933817,5333.105429091939,6750.871181808787,6784.354397765407,13181.465049000843,36666.06454448291,289.08484204003753,7375.1361546958115,0.7479166666666667,0,4,4,1613.5616470097061,38619.901982060386,9760.842818951398,0.07110193441306219,2580.8937032196036,58.317626824834406,0.6022600875834115,1.0,19.33508920614872,10.0,8ebda03614a09441aa976828e2af433ef087e274527f752367bb0b5f62bd84c5,0.6371680420124903
37,hotspot,0.9,0.3375728677696814,transport,8,0,480,480,4320.657521919125,8604.244321532693,10062.83622412809,10072.48622412809,15716.177282936953,60585.24120770996,2046.1870077096644,1934.6122359618616,0.86875,0,0,6,0.0,71015.8030997441,0.0,0.04770026951736366,4216.4805983241595,88.91403399557127,4.262889599395134,1.0,0.0,10.0,8ebda03614a09441aa976828e2af433ef087e274527f752367bb0b5f62bd84c5,0.6531481249839999
37,hotspot,0.9,0.3375728677696814,transport,8,1,480,480,4717.34944174193,9109.053325150224,10579.817115679238,10589.567115679238,16336.407778177814,65510.06287617822,504.80656793647404,8678.597191959769,0.8875,0,1,6,0.0,69020.85186579486,3041.8104601148643,0.04536940428664332,4608.52552549136,91.43513077546227,1.0516803498676544,1.0,5.337105125239301,10.0,8ebda03614a09441aa976828e2af433ef087e274527f752367bb0b5f62bd84c5,0.673876457993174
37,hotspot,0.9,0.3375728677696814,transport,8,4,480,480,4671.499613207157,9162.35714727691,10674.63519065881,10684.38519065881,16531.59179251546,66535.43508517728,40.33658522285532,11139.458189252877,0.8916666666666667,0,4,5,0.0,67128.56005574852,9148.761229519981,0.04496640788436871,4548.878991295997,93.47666813044556,0.08403455254761524,1.0,18.059919228166628,9.999999999999998,8ebda03614a09441aa976828e2af433ef087e274527f752367bb0b5f62bd84c5,0.6673082500055898
37,hotspot,0.9,0.3375728677696814,joint,2,0,480,480,1215.2481749950284,2481.151316304676,3891.846152656735,3896.5293686133546,10576.860475264397,13774.40343154169,1005.9930547345463,834.6242080546896,0.5145833333333333,0.014583333333333334,0,2,3547.4193706592723,20737.854154293884,0.0,0.12333478281826021,1171.5783026399733,30.57405349102479,2.0958188640303046,0.9999999999999996,0.0,9.999999999999995,8ebda03614a09441aa976828e2af433ef087e274527f752367bb0b5f62bd84c5,0.5972074579913169
37,hotspot,0.9,0.3375728677696814,joint,2,1,480,480,1073.7728729598039,2451.5909348526843,3836.7405962212806,3844.6738121779003,10728.826470703427,13402.827120723812,139.42858105322566,2786.659605666297,0.4708333333333333,0.020833333333333332,1,2,4176.208718219268,18231.857109850316,1503.7408666946683,0.12510619051825947,1031.415486769457,28.93411650753892,0.29047621052755346,0.9999999999999996,2.132793472280559,9.999999999999996,8ebda03614a09441aa976828e2af433ef087e274527f752367bb0b5f62bd84c5,0.559574375016382
37,hotspot,0.9,0.3375728677696814,joint,2,4,480,480,1107.848711360044,2603.4885623017667,3988.6382236703635,3996.571439626983,10833.926907563822,13904.018489914008,0.0,2815.846257828588,0.475,0.0375,2,2,4924.526512814542,18585.501207773832,1679.8225376436096,0.12034182422247906,1064.8617969487634,29.487284124523153,0.0,0.9999999999999979,2.4996302867575224,9.999999999999998,8ebda03614a09441aa976828e2af433ef087e274527f752367bb0b5f62bd84c5,0.5626347500074189
37,hotspot,0.9,0.3375728677696814,joint,4,0,480,480,2689.920169969256,5670.153499880981,7115.237996763169,7126.287996763169,13167.781947357571,38640.10888212829,1502.6690432155908,1981.8503940867206,0.7541666666666667,0.008333333333333333,0,4,1307.3165287057418,47691.11788814754,0.0,0.06746084954830174,2614.696427301416,61.093182161141065,3.1305605066991475,1.0,0.0,10.0,8ebda03614a09441aa976828e2af433ef087e274527f752367bb0b5f62bd84c5,0.6514132500160486
37,hotspot,0.9,0.3375728677696814,joint,4,1,480,480,2692.6834733851515,5477.354515318278,6918.029529484875,6929.079529484875,13093.572994218765,37244.68622178643,384.9409145681294,6986.695668542961,0.73125,0.0125,1,4,2394.7088131519736,40333.76325815671,2533.746618593418,0.06938391892579004,2618.124069595003,58.478804762728664,0.801960238683603,1.0,4.278638788736287,9.999999999999998,8ebda03614a09441aa976828e2af433ef087e274527f752367bb0b5f62bd84c5,0.6673130829876754
37,hotspot,0.9,0.3375728677696814,joint,4,4,480,480,2828.4322470638604,5805.8473730537125,7227.35164226963,7249.48485822625,13424.234372738543,39554.17998823526,0.0,8079.237713298464,0.7729166666666667,0.027083333333333334,4,4,2698.771132899407,41564.22336364267,5223.458083102178,0.06641436915739497,2746.3098635294477,61.24017919461621,0.0,0.9999999999999981,9.882204339796205,10.0,8ebda03614a09441aa976828e2af433ef087e274527f752367bb0b5f62bd84c5,0.675237332994584
37,hotspot,0.9,0.3375728677696814,joint,8,0,480,480,4373.288961904208,8769.335405299189,10288.294339085081,10293.944339085081,15935.10323464071,62457.681014832386,1746.7271050656343,2460.918461323566,0.8583333333333333,0.010416666666666666,0,6,0.0,74086.43625135678,0.0,0.046654963804494486,4269.1390580184025,89.5108890835857,3.6390148022200712,1.0,0.0,10.000000000000002,8ebda03614a09441aa976828e2af433ef087e274527f752367bb0b5f62bd84c5,0.694698708015494
37,hotspot,0.9,0.3375728677696814,joint,8,1,480,480,4779.154902582031,9354.547196435038,10866.570687257286,10879.353903213907,16589.321172205528,67809.10661843904,421.3103606876889,9071.56766937683,0.8770833333333333,0.00625,1,7,0.0,72581.99782868104,3032.9404305303806,0.04417216929006621,4668.999725449474,92.95882131751961,0.8777299180993519,1.0,5.3186258969382925,10.0,8ebda03614a09441aa976828e2af433ef087e274527f752367bb0b5f62bd84c5,0.7152170840126928
37,hotspot,0.9,0.3375728677696814,joint,8,4,480,480,4776.140005217078,9398.241789193025,10937.790116618304,10947.540116618304,16702.214933854604,68518.45082538879,42.036407087862244,12372.068212051923,0.8520833333333333,0.01875,4,5,0.0,69851.25272089514,10501.028981424879,0.04388455025030268,4650.807353238671,93.36793241900632,0.08757584809971301,1.0,20.877143711301834,10.0,8ebda03614a09441aa976828e2af433ef087e274527f752367bb0b5f62bd84c5,0.7144089170033112
